Velocity,Peclet,Time_s,x_m,NumericalConcentration,AnalyticalConcentration,Error
0.005,0.5,5000,0,7.47328964379412e-05,8.7268269504576e-05,-1.25353730666348e-05
0.005,0.5,5000,1,0.000106721387568299,0.000123221916847302,-1.65005292790027e-05
0.005,0.5,5000,2,0.000150858592752617,0.000172256893905368,-2.13983011527508e-05
0.005,0.5,5000,3,0.000211081411193393,0.000238408820146484,-2.7327408953091e-05
0.005,0.5,5000,4,0.000292330872563414,0.000326681905619992,-3.43510330565783e-05
0.005,0.5,5000,5,0.000400708516741921,0.000443184841193801,-4.24763244518801e-05
0.005,0.5,5000,6,0.00054362216505138,0.000595253241977585,-5.16310769262049e-05
0.005,0.5,5000,7,0.000729906126629548,0.000791545158297996,-6.16390316684482e-05
0.005,0.5,5000,8,0.000969897444836817,0.00104209348144226,-7.21960366054425e-05
0.005,0.5,5000,9,0.00127544690068579,0.00135829692336856,-8.2850022682773e-05
0.005,0.5,5000,10,0.00165984167591007,0.00175283004935685,-9.29883734467805e-05
0.005,0.5,5000,11,0.00213761641304538,0.00223945302948429,-0.00010183661643891
0.005,0.5,5000,12,0.00272423146214038,0.00283270377416012,-0.000108472312019733
0.005,0.5,5000,13,0.00343560185513774,0.00354745928462314,-0.000111857429485399
0.005,0.5,5000,14,0.00428746830210983,0.00439835959804272,-0.000110891295932886
0.005,0.5,5000,15,0.00529461228696458,0.00539909665131881,-0.000104484364354222
0.005,0.5,5000,16,0.00646993082571769,0.00656158147746766,-9.16506517499695e-05
0.005,0.5,5000,17,0.00782340189863503,0.00789501583008941,-7.16139314543875e-05
0.005,0.5,5000,18,0.00936098781862568,0.00940490773768869,-4.39199190630079e-05
0.005,0.5,5000,19,0.0110835393202284,0.0110920834679456,-8.54414771713982e-06
0.005,0.5,5000,20,0.0129857761551234,0.0129517595665892,3.40165885342174e-05
0.005,0.5,5000,21,0.0150554285854227,0.0149727465635745,8.26820218482512e-05
0.005,0.5,5000,22,0.0172726266375539,0.0171368592047807,0.000135767432773184
0.005,0.5,5000,23,0.0196096189654891,0.0194186054983213,0.000191013467167839
0.005,0.5,5000,24,0.0220308899448435,0.0217852177032551,0.000245672241588432
0.005,0.5,5000,25,0.0244937222686719,0.0241970724519143,0.000296649816757602
0.005,0.5,5000,26,0.0269492238596709,0.0266085249898755,0.000340698869795431
0.005,0.5,5000,27,0.0293438042993249,0.0289691552761483,0.00037464902317659
0.005,0.5,5000,28,0.0316210499549615,0.0312253933366761,0.000395656618285365
0.005,0.5,5000,29,0.0337239118725856,0.03332246028918,0.000401451583405592
0.005,0.5,5000,30,0.0355970898222393,0.03520653267643,0.00039055714580935
0.005,0.5,5000,31,0.0371894729674978,0.0368270140303323,0.000362458937165494
0.005,0.5,5000,32,0.0384564852122011,0.0381387815460524,0.000317703666148687
0.005,0.5,5000,33,0.039362183122029,0.0391042693975456,0.000257913724483409
0.005,0.5,5000,34,0.0398809669718057,0.0396952547477012,0.00018571222410451
0.005,0.5,5000,35,0.0399987901451941,0.0398942280401433,0.00010456210505088
0.005,0.5,5000,36,0.0397137867475873,0.0396952547477012,1.85319998860789e-05
0.005,0.5,5000,37,0.0390362787594487,0.0391042693975456,-6.79906380968431e-05
0.005,0.5,5000,38,0.037988168518668,0.0381387815460524,-0.000150613027384457
0.005,0.5,5000,39,0.0366017656655961,0.0368270140303323,-0.000225248364736273
0.005,0.5,5000,40,0.0349181359943075,0.03520653267643,-0.000288396682122487
0.005,0.5,5000,41,0.0329850896324749,0.03332246028918,-0.00033737065670502
0.005,0.5,5000,42,0.030854945288324,0.0312253933366761,-0.000370448048352161
0.005,0.5,5000,43,0.0285822147987758,0.0289691552761483,-0.000386940477372512
0.005,0.5,5000,44,0.0262213479629929,0.0266085249898755,-0.000387177026882603
0.005,0.5,5000,45,0.0238246628667972,0.0241970724519143,-0.000372409585117171
0.005,0.5,5000,46,0.0214405637362181,0.0217852177032551,-0.000344653967036958
0.005,0.5,5000,47,0.019112119559886,0.0194186054983213,-0.00030648593843528
0.005,0.5,5000,48,0.016876045314461,0.0171368592047807,-0.000260813890319692
0.005,0.5,5000,49,0.0147620965622852,0.0149727465635745,-0.000210650001289321
0.005,0.5,5000,50,0.0127928600398432,0.0129517595665892,-0.000158899526745943
0.005,0.5,5000,51,0.0109838996008538,0.0110920834679456,-0.000108183867091771
0.005,0.5,5000,52,0.00934419978375174,0.00940490773768869,-6.07079539369504e-05
0.005,0.5,5000,53,0.00787683886068367,0.00789501583008941,-1.81769694057431e-05
0.005,0.5,5000,54,0.00657981932884619,0.00656158147746766,1.82378513785258e-05
0.005,0.5,5000,55,0.0054469856982486,0.00539909665131881,4.78890469297992e-05
0.005,0.5,5000,56,0.00446896598879568,0.00439835959804272,7.06063907529638e-05
0.005,0.5,5000,57,0.00363408323173257,0.00354745928462314,8.66239471094274e-05
0.005,0.5,5000,58,0.00292919508552987,0.00283270377416012,9.64913113697527e-05
0.005,0.5,5000,59,0.0023404321288008,0.00223945302948429,0.00010097909931651
0.005,0.5,5000,60,0.00185381738782047,0.00175283004935685,0.000100987338463618
0.005,0.5,5000,61,0.00145576036221075,0.00135829692336856,9.74634388421838e-05
0.005,0.5,5000,62,0.0011334276842158,0.00104209348144226,9.13342027735417e-05
0.005,0.5,5000,63,0.000874999314373323,0.000791545158297996,8.34541560753271e-05
0.005,0.5,5000,64,0.000669823806914062,0.000595253241977585,7.45705649364764e-05
0.005,0.5,5000,65,0.000508488825238716,0.000443184841193801,6.53039840449152e-05
0.005,0.5,5000,66,0.000382824031998345,0.000326681905619992,5.61421263783526e-05
0.005,0.5,5000,67,0.000285853070941791,0.000238408820146484,4.74442507953072e-05
0.005,0.5,5000,68,0.000211709971328072,0.000172256893905368,3.94530774227042e-05
0.005,0.5,5000,69,0.000155533295388486,0.000123221916847302,3.2311378541184e-05
0.005,0.5,5000,70,0.000113349025848343,8.7268269504576e-05,2.60807563437672e-05
0.005,0.5,5000,71,8.19508051151531e-05,6.11901930113772e-05,2.0760612103776e-05
0.005,0.5,5000,72,5.87838767159888e-05,4.24780270550752e-05,1.63058496609136e-05
0.005,0.5,5000,73,4.18370665919867e-05,2.9194692579146e-05,1.26423740128407e-05
0.005,0.5,5000,74,2.95454454747849e-05,1.98655471392773e-05,9.67989833550769e-06
0.005,0.5,5000,75,2.07049576245921e-05,1.33830225764885e-05,7.32193504810359e-06
0.005,0.5,5000,76,1.43992762832249e-05,8.92616571771329e-06,5.47311056551163e-06
0.005,0.5,5000,77,9.93842058681306e-06,5.89430677565398e-06,4.04411381115907e-06
0.005,0.5,5000,78,6.80819799888282e-06,3.85351967420871e-06,2.95467832467411e-06
0.005,0.5,5000,79,4.62927117611465e-06,2.49424712900536e-06,2.1350240471093e-06
0.005,0.5,5000,80,3.12453984358291e-06,1.59837411069055e-06,1.52616573289236e-06
0.005,0.5,5000,81,2.09353242490609e-06,1.01408520654867e-06,1.07944721835742e-06
0.005,0.5,5000,82,1.39258106031264e-06,6.3698251788671e-07,7.55598542425929e-07
0.005,0.5,5000,83,9.1967681515134e-07,3.96129909103207e-07,5.23546906048132e-07
0.005,0.5,5000,84,6.0304614590252e-07,2.43896074589336e-07,3.59150071313184e-07
0.005,0.5,5000,85,3.92638422796908e-07,1.4867195147343e-07,2.43966471323478e-07
0.005,0.5,5000,86,2.53856429947704e-07,8.97243516238332e-08,1.64132078323871e-07
0.005,0.5,5000,87,1.62990625907981e-07,5.36103534469762e-08,1.09380272461005e-07
0.005,0.5,5000,88,1.03930238750736e-07,3.17134921671598e-08,7.22167465835764e-08
0.005,0.5,5000,89,6.58190473166182e-08,1.85736184455529e-08,4.72454288710653e-08
0.005,0.5,5000,90,4.14015821787049e-08,1.07697600425433e-08,3.06318221361616e-08
0.005,0.5,5000,91,2.58680117638963e-08,6.18262050016585e-09,1.96853912637304e-08
0.005,0.5,5000,92,1.60551655047723e-08,3.51395509482043e-09,1.25412104099519e-08
0.005,0.5,5000,93,9.89912440267782e-09,1.97731964062447e-09,7.92180476205335e-09
0.005,0.5,5000,94,6.06364041953669e-09,1.10157636246823e-09,4.96206405706846e-09
0.005,0.5,5000,95,3.6901917376789e-09,6.07588284982329e-10,3.08260345269657e-09
0.005,0.5,5000,96,2.23134746392623e-09,3.31788424354729e-10,1.8995590395715e-09
0.005,0.5,5000,97,1.34063935749023e-09,1.79378390796409e-10,1.16126096669382e-09
0.005,0.5,5000,98,8.00399291403895e-10,9.60143337031233e-11,7.04384957700771e-10
0.005,0.5,5000,99,4.74869899955507e-10,5.08814028164506e-11,4.23988497139056e-10
0.005,0.5,5000,100,2.79987614444454e-10,2.66955661476285e-11,2.53292048296825e-10
0.005,0.5,5000,101,1.64067292809808e-10,1.38667999416531e-11,1.50200492868155e-10
0.005,0.5,5000,102,9.55535372528165e-11,7.13132812399608e-12,8.84222091288204e-11
0.005,0.5,5000,103,5.53140438340137e-11,3.63096150179179e-12,5.16830823322219e-11
0.005,0.5,5000,104,3.18280494095347e-11,1.83033221701558e-12,2.99977171925191e-11
0.005,0.5,5000,105,1.82050748856234e-11,9.13472040836459e-13,1.72916028447869e-11
0.005,0.5,5000,106,1.03515260108615e-11,4.51354367720552e-13,9.90017164314093e-12
0.005,0.5,5000,107,5.85149919151021e-12,2.20798996313714e-13,5.6307001951965e-12
0.005,0.5,5000,108,3.28853114509727e-12,1.06938378715416e-13,3.18159276638185e-12
0.005,0.5,5000,109,1.83751019213613e-12,5.12775363679668e-14,1.78623265576817e-12
0.005,0.5,5000,110,1.02087193777852e-12,2.43432053302901e-14,9.96528732448225e-13
0.005,0.5,5000,111,5.63958294465509e-13,1.14415649018014e-14,5.52516729563707e-13
0.005,0.5,5000,112,3.09796997478063e-13,5.32414837225296e-15,3.0447284910581e-13
0.005,0.5,5000,113,1.69231799807317e-13,2.45285528569642e-15,1.6677894452162e-13
0.005,0.5,5000,114,9.19350542680039e-14,1.11879562143519e-15,9.08162586465687e-14
0.005,0.5,5000,115,4.96700182429201e-14,5.05227108353689e-16,4.91647911345665e-14
0.005,0.5,5000,116,2.66895303178979e-14,2.2588094031543e-16,2.64636493775824e-14
0.005,0.5,5000,117,1.42639618338407e-14,9.99837874849718e-17,1.41639780463558e-14
0.005,0.5,5000,118,7.58247549574703e-15,4.38163943550936e-17,7.53865910139193e-15
0.005,0.5,5000,119,4.00933410873271e-15,1.90108153790796e-17,3.99032329335364e-15
0.005,0.5,5000,120,2.108834197704e-15,8.16623563166955e-18,2.10066796207233e-15
0.005,0.5,5000,121,1.10341768050292e-15,3.47296274856621e-18,1.09994471775436e-15
0.005,0.5,5000,122,5.7435831907243e-16,1.46229635750065e-18,5.72896022714929e-16
0.005,0.5,5000,123,2.97433118242441e-16,6.09575812956246e-19,2.96823542429485e-16
0.005,0.5,5000,124,1.5324168570848e-16,2.51580577695142e-19,1.52990105130785e-16
0.005,0.5,5000,125,7.85530884419345e-17,1.02797735716689e-19,7.84502907062178e-17
0.005,0.5,5000,126,4.00650528413209e-17,4.15859897911513e-20,4.00234668515298e-17
0.005,0.5,5000,127,2.03329997979272e-17,1.66558803237992e-20,2.03163439176034e-17
0.005,0.5,5000,128,1.02680376574882e-17,6.60457986073936e-21,1.02614330776274e-17
0.005,0.5,5000,129,5.15989065376055e-18,2.59286470110039e-21,5.15729778905945e-18
0.005,0.5,5000,130,2.58034154577461e-18,1.00779353943e-21,2.57933375223518e-18
0.005,0.5,5000,131,1.28414468701113e-18,3.87811193174696e-22,1.28375687581796e-18
0.005,0.5,5000,132,6.36014511450329e-19,1.47749549270425e-22,6.35866761901058e-19
0.005,0.5,5000,133,3.13510754860035e-19,5.57300002272073e-23,3.13455024859808e-19
0.005,0.5,5000,134,1.53810537444051e-19,2.08117682020282e-23,1.53789725675849e-19
0.005,0.5,5000,135,7.51075609837225e-20,7.69459862670642e-24,7.50998663850958e-20
0.005,0.5,5000,136,3.65056994228918e-20,2.81656654427622e-24,3.65028828563475e-20
0.005,0.5,5000,137,1.76616991295795e-20,1.0207305594306e-24,1.766067839902e-20
0.005,0.5,5000,138,8.50578229969817e-21,3.6623451685554e-25,8.50541606518131e-21
0.005,0.5,5000,139,4.07775403014552e-21,1.30096161992392e-25,4.07762393398352e-21
0.005,0.5,5000,140,1.94611102470636e-21,4.5753755905208e-26,1.94606527095045e-21
0.005,0.5,5000,141,9.2463153953409e-22,1.59311113270097e-26,9.24615608422763e-22
0.005,0.5,5000,142,4.37359749868242e-22,5.49189783181782e-27,4.3735425797041e-22
0.005,0.5,5000,143,2.05964463871349e-22,1.87437240234181e-27,2.05962589498947e-22
0.005,0.5,5000,144,9.6570248640272e-23,6.3335378218306e-28,9.65696152864899e-23
0.005,0.5,5000,145,4.50822947464838e-23,2.11881925350935e-28,4.50820828645585e-23
0.005,0.5,5000,146,2.09553140842095e-23,7.01775994266131e-29,2.09552439066101e-23
0.005,0.5,5000,147,9.69887949933251e-24,2.30123070884814e-29,9.69885648702542e-24
0.005,0.5,5000,148,4.46994071489399e-24,7.47100227588352e-30,4.46993324389172e-24
0.005,0.5,5000,149,2.05138986693564e-24,2.40134540000854e-30,2.05138746559024e-24
0.005,0.5,5000,150,9.37506263806145e-25,7.6416554115872e-31,9.37505499640604e-25
0.005,0.5,5000,151,4.26670699975293e-25,2.4075611318393e-31,4.2667045921918e-25
0.005,0.5,5000,152,1.93382482102107e-25,7.50972877249653e-32,1.93382407004819e-25
0.005,0.5,5000,153,8.72890895584764e-26,2.31914677725612e-32,8.72890663670086e-26
0.005,0.5,5000,154,3.92404552686277e-26,7.09070266842806e-33,3.92404481779251e-26
0.005,0.5,5000,155,1.75691977006508e-26,2.14638373566306e-33,1.75691955542671e-26
0.005,0.5,5000,156,7.83476696560101e-27,6.43254033463575e-34,7.83476632234697e-27
0.005,0.5,5000,157,3.47991636676795e-27,1.90859913463679e-34,3.47991617590804e-27
0.005,0.5,5000,158,1.53954460025221e-27,5.60665692630391e-35,1.53954454418564e-27
0.005,0.5,5000,159,6.78435450080492e-28,1.63061073483967e-35,6.78435433774384e-28
0.005,0.5,5000,160,2.97803293482442e-28,4.69519535797515e-36,2.97803288787246e-28
0.005,0.5,5000,161,1.30216780471425e-28,1.33848679925429e-36,1.30216779132938e-28
0.005,0.5,5000,162,5.67195225428775e-29,3.77773572114912e-37,5.67195221651039e-29
0.005,0.5,5000,163,2.46114880758112e-29,1.05561635024529e-37,2.46114879702495e-29
0.005,0.5,5000,164,1.06388402855293e-29,2.92036879386814e-38,1.06388402563256e-29
0.005,0.5,5000,165,4.58155715700869e-30,7.99882775700681e-39,4.58155714900986e-30
0.005,0.5,5000,166,1.96564690808498e-30,2.16906240026063e-39,1.96564690591592e-30
0.005,0.5,5000,167,8.40199738730283e-31,5.82337559973649e-40,8.40199738147945e-31
0.005,0.5,5000,168,3.57812207648035e-31,1.54787046629623e-40,3.57812207493248e-31
0.005,0.5,5000,169,1.51821811024717e-31,4.07334767752784e-41,1.51821810983983e-31
0.005,0.5,5000,170,6.41845199314233e-32,1.06126881391522e-41,6.41845199208106e-32
0.005,0.5,5000,171,2.70367286975957e-32,2.73751419235527e-42,2.70367286948582e-32
0.005,0.5,5000,172,1.13479181749082e-32,6.99108224970649e-43,1.13479181742091e-32
0.005,0.5,5000,173,4.74599019086809e-33,1.76762241025353e-43,4.74599019069133e-33
0.005,0.5,5000,174,1.97786360473583e-33,4.42477958331617e-44,1.97786360469158e-33
0.005,0.5,5000,175,8.21362501002159e-34,1.09660655938897e-44,8.21362500991193e-34
0.005,0.5,5000,176,3.39901042540483e-34,2.69071123564243e-45,3.39901042537793e-34
0.005,0.5,5000,177,1.40171323576664e-34,6.53642677531866e-46,1.4017132357601e-34
0.005,0.5,5000,178,5.7605607583052e-35,1.57206595860573e-46,5.76056075828948e-35
0.005,0.5,5000,179,2.35927744387556e-35,3.74333057988501e-47,2.35927744387181e-35
0.005,0.5,5000,180,9.62967419034549e-36,8.82475497459482e-48,9.62967419033666e-36
0.005,0.5,5000,181,3.91716670471229e-36,2.05970102240893e-48,3.91716670471023e-36
0.005,0.5,5000,182,1.58807080088273e-36,4.75951575302058e-49,1.58807080088226e-36
0.005,0.5,5000,183,6.41673905963842e-37,1.08887595532774e-49,6.41673905963733e-37
0.005,0.5,5000,184,2.58413311297199e-37,2.46632952588059e-50,2.58413311297175e-37
0.005,0.5,5000,185,1.03724308120833e-37,5.53070954984442e-51,1.03724308120828e-37
0.005,0.5,5000,186,4.14973594140917e-38,1.22791316722698e-51,4.14973594140905e-38
0.005,0.5,5000,187,1.65479280684382e-38,2.69905364438829e-52,1.6547928068438e-38
0.005,0.5,5000,188,6.57747096322346e-39,5.87370906627734e-53,6.5774709632234e-39
0.005,0.5,5000,189,2.60600488667627e-39,1.26552404660477e-53,2.60600488667625e-39
0.005,0.5,5000,190,1.02920340361993e-39,2.69951302458859e-54,1.02920340361993e-39
0.005,0.5,5000,191,4.05177712351469e-40,5.70108489094121e-55,4.05177712351468e-40
0.005,0.5,5000,192,1.59007199237042e-40,1.19202851277912e-55,1.59007199237042e-40
0.005,0.5,5000,193,6.22047299031059e-41,2.46758905156563e-56,6.22047299031059e-41
0.005,0.5,5000,194,2.42590507211162e-41,5.05726930437543e-57,2.42590507211162e-41
0.005,0.5,5000,195,9.43140250680702e-42,1.0261630727919e-57,9.43140250680702e-42
0.005,0.5,5000,196,3.65543503391414e-42,2.06145442958484e-58,3.65543503391414e-42
0.005,0.5,5000,197,1.41244102132424e-42,4.10004053583322e-59,1.41244102132424e-42
0.005,0.5,5000,198,5.44099225387455e-43,8.07345850316021e-60,5.44099225387455e-43
0.005,0.5,5000,199,2.08963492767713e-43,1.57393987977664e-60,2.08963492767713e-43
0.005,0.5,5000,200,8.00120083402872e-44,3.03790169878992e-61,8.00120083402872e-44
0.005,0.5,5000,201,3.05450053750409e-44,5.80518880652889e-62,3.05450053750409e-44
0.005,0.5,5000,202,1.16260794566041e-44,1.09828749001685e-62,1.16260794566041e-44
0.005,0.5,5000,203,4.41206706269166e-45,2.05718230302861e-63,4.41206706269166e-45
0.005,0.5,5000,204,1.66945331368493e-45,3.81493003615016e-64,1.66945331368493e-45
0.005,0.5,5000,205,6.29850317703341e-46,7.00418213431858e-65,6.29850317703341e-46
0.005,0.5,5000,206,2.36940228012092e-46,1.27316689976195e-65,2.36940228012092e-46
0.005,0.5,5000,207,8.88763130922631e-47,2.29123852369944e-66,8.88763130922631e-47
0.005,0.5,5000,208,3.32419407845596e-47,4.08236960107151e-67,3.32419407845596e-47
0.005,0.5,5000,209,1.23978703828798e-47,7.20130815271891e-68,1.23978703828798e-47
0.005,0.5,5000,210,4.61079048325441e-48,1.25767238287819e-68,4.61079048325441e-48
0.005,0.5,5000,211,1.70993023587498e-48,2.17460663429921e-69,1.70993023587498e-48
0.005,0.5,5000,212,6.32358218410511e-49,3.7226392159451e-70,6.32358218410511e-49
0.005,0.5,5000,213,2.33204385636391e-49,6.30925735560392e-71,2.33204385636391e-49
0.005,0.5,5000,214,8.57641850492236e-50,1.05867484136412e-71,8.57641850492236e-50
0.005,0.5,5000,215,3.14541383815651e-50,1.7587495425951e-72,3.14541383815651e-50
0.005,0.5,5000,216,1.15042683880306e-50,2.89269375273647e-73,1.15042683880306e-50
0.005,0.5,5000,217,4.19620161276989e-51,4.71040200308998e-74,4.19620161276989e-51
0.005,0.5,5000,218,1.52642862307502e-51,7.59399913842357e-75,1.52642862307502e-51
0.005,0.5,5000,219,5.53765751657522e-52,1.21210479490785e-75,5.53765751657522e-52
0.005,0.5,5000,220,2.00360305077357e-52,1.91543249167194e-76,2.00360305077357e-52
0.005,0.5,5000,221,7.23002467954542e-53,2.99675049817298e-77,7.23002467954542e-53
0.005,0.5,5000,222,2.60205711146859e-53,4.64185294137698e-78,2.60205711146859e-53
0.005,0.5,5000,223,9.34005010325434e-54,7.118512039239e-79,9.34005010325434e-54
0.005,0.5,5000,224,3.34382279778757e-54,1.08079698745474e-79,3.34382279778757e-54
0.005,0.5,5000,225,1.19400252077211e-54,1.62463603677361e-80,1.19400252077211e-54
0.005,0.5,5000,226,4.25247130397602e-55,2.41782628291809e-81,4.25247130397602e-55
0.005,0.5,5000,227,1.51062915076608e-55,3.56246955400142e-82,1.51062915076608e-55
0.005,0.5,5000,228,5.35255033658595e-56,5.19677942467218e-83,5.35255033658595e-56
0.005,0.5,5000,229,1.89171689845889e-56,7.50541068645505e-84,1.89171689845889e-56
0.005,0.5,5000,230,6.66883560540513e-57,1.07317783406827e-84,6.66883560540513e-57
0.005,0.5,5000,231,2.3450295174894e-57,1.51923858479616e-85,2.3450295174894e-57
0.005,0.5,5000,232,8.22539846534857e-58,2.12930230833068e-86,8.22539846534857e-58
0.005,0.5,5000,233,2.87794011753241e-58,2.95464782465912e-87,2.87794011753241e-58
0.005,0.5,5000,234,1.00445047870302e-58,4.05911332650999e-88,1.00445047870302e-58
0.005,0.5,5000,235,3.49705949259867e-59,5.52094836215976e-89,3.49705949259867e-59
0.005,0.5,5000,236,1.21453747430837e-59,7.43452538968056e-90,1.21453747430837e-59
0.005,0.5,5000,237,4.20782695948312e-60,9.91173923786589e-91,4.20782695948312e-60
0.005,0.5,5000,238,1.45428483426832e-60,1.30828855468156e-91,1.45428483426832e-60
0.005,0.5,5000,239,5.01408027139541e-61,1.70967779580276e-92,5.01408027139541e-61
0.005,0.5,5000,240,1.72460179593434e-61,2.21198438021057e-93,1.72460179593434e-61
0.005,0.5,5000,241,5.91763242849445e-62,2.8333935151438e-94,5.91763242849445e-62
0.005,0.5,5000,242,2.02571464338404e-62,3.5932612209698e-95,2.02571464338404e-62
0.005,0.5,5000,243,6.91874661687986e-63,4.51157041954817e-96,6.91874661687986e-63
0.005,0.5,5000,244,2.36013095678957e-63,5.60820326279146e-97,2.36013095678957e-63
0.005,0.5,5000,245,8.12354204583839e-64,6.90202942012722e-98,8.12354204583839e-64
0.005,0.5,5000,246,3.10780935960488e-64,8.40982428520439e-99,3.10780935960488e-64
0.005,0.5,5000,247,2.2775456804568e-64,1.01450476808823e-99,2.2775456804568e-64
0.005,0.5,5000,248,5.01521665280924e-64,1.21165315773518e-100,5.01521665280924e-64
0.005,0.5,5000,249,1.63541463891878e-63,1.43271431314954e-101,1.63541463891878e-63
0.005,0.5,5000,250,5.59959561260998e-63,1.67725052285439e-102,5.59959561260998e-63
0.005,0.5,5000,251,1.92173665729387e-62,1.94398687055943e-103,1.92173665729387e-62
0.005,0.5,5000,252,6.57941014797602e-62,2.23072366254665e-104,6.57941014797602e-62
0.005,0.5,5000,253,2.24608824552318e-61,2.53428396651606e-105,2.24608824552318e-61
0.005,0.5,5000,254,7.64512886877754e-61,2.85050516990129e-106,7.64512886877754e-61
0.005,0.5,5000,255,2.59447714011323e-60,3.17428155282526e-107,2.59447714011323e-60
0.005,0.5,5000,256,8.77834105809369e-60,3.49966208663318e-108,8.77834105809369e-60
0.005,0.5,5000,257,2.96116903854829e-59,3.82000415438134e-109,2.96116903854829e-59
0.005,0.5,5000,258,9.95846937642713e-59,4.12817988138305e-110,9.95846937642713e-59
0.005,0.5,5000,259,3.33880469647251e-58,4.41682757925957e-111,3.33880469647251e-58
0.005,0.5,5000,260,1.11596031224099e-57,4.67863681725005e-112,1.11596031224099e-57
0.005,0.5,5000,261,3.71839876915371e-57,4.90665222880077e-113,3.71839876915371e-57
0.005,0.5,5000,262,1.23510167386159e-56,5.09457870396069e-114,1.23510167386159e-56
0.005,0.5,5000,263,4.08958213065695e-56,5.23706940547389e-115,4.08958213065695e-56
0.005,0.5,5000,264,1.34981565650304e-55,5.32997826927636e-116,1.34981565650304e-55
0.005,0.5,5000,265,4.44098185660916e-55,5.37056036502059e-117,4.44098185660916e-55
0.005,0.5,5000,266,1.45640491812189e-54,5.35760660852311e-118,1.45640491812189e-54
0.005,0.5,5000,267,4.76072771780623e-54,5.2915036010843e-119,4.76072771780623e-54
0.005,0.5,5000,268,1.55110773770006e-53,5.1742144632415e-120,1.55110773770006e-53
0.005,0.5,5000,269,5.0370611222154e-53,5.00918198881809e-121,5.0370611222154e-53
0.005,0.5,5000,270,1.63030255025158e-52,4.80116078590688e-122,1.63030255025158e-52
0.005,0.5,5000,271,5.25900873807639e-52,4.55598982411223e-123,5.25900873807639e-52
0.005,0.5,5000,272,1.69072553265509e-51,4.2803205646125e-124,1.69072553265509e-51
0.005,0.5,5000,273,5.41707151939557e-51,3.98131830975331e-125,5.41707151939557e-51
0.005,0.5,5000,274,1.72968427928261e-50,3.66635540525494e-126,1.72968427928261e-50
0.005,0.5,5000,275,5.5038723533379e-50,3.34271444179446e-127,5.5038723533379e-50
0.005,0.5,5000,276,1.74524905653515e-49,3.01731775770568e-128,1.74524905653515e-49
0.005,0.5,5000,277,5.51470356659884e-49,2.69649658687503e-129,5.51470356659884e-49
0.005,0.5,5000,278,1.73640349649892e-48,2.38580946010108e-130,1.73640349649892e-48
0.005,0.5,5000,279,5.44791999935206e-48,2.08991533590797e-131,5.44791999935206e-48
0.005,0.5,5000,280,1.70313905798275e-47,1.81250279355152e-132,1.70313905798275e-47
0.005,0.5,5000,281,5.30513441353175e-47,1.55627281600378e-133,5.30513441353175e-47
0.005,0.5,5000,282,1.64648204634657e-46,1.32296950503022e-134,1.64648204634657e-46
0.005,0.5,5000,283,5.09118885640155e-46,1.11345069562581e-135,5.09118885640155e-46
0.005,0.5,5000,284,1.56844804520853e-45,9.27788966348838e-137,1.56844804520853e-45
0.005,0.5,5000,285,4.81389655802249e-45,7.65392973641939e-138,4.81389655802249e-45
0.005,0.5,5000,286,1.47192561361922e-44,6.25139288159476e-139,1.47192561361922e-44
0.005,0.5,5000,287,4.48357158638877e-44,5.05505833754016e-140,4.48357158638877e-44
0.005,0.5,5000,288,1.36049819886713e-43,4.04699441541896e-141,1.36049819886713e-43
0.005,0.5,5000,289,4.11238499746273e-43,3.20771735220884e-142,4.11238499746273e-43
0.005,0.5,5000,290,1.23821950072564e-42,2.5171937051934e-143,1.23821950072564e-42
0.005,0.5,5000,291,3.71360379292383e-42,1.95566397502237e-144,3.71360379292383e-42
0.005,0.5,5000,292,1.10936216528608e-41,1.50428072134006e-145,1.10936216528608e-41
0.005,0.5,5000,293,3.30078028560431e-41,1.14556727492298e-146,3.30078028560431e-41
0.005,0.5,5000,294,9.78162062395973e-41,8.63712814485415e-148,9.78162062395973e-41
0.005,0.5,5000,295,2.88696296473354e-40,6.44725997139785e-149,2.88696296473354e-40
0.005,0.5,5000,296,8.4858020113678e-40,4.76472738214517e-150,8.4858020113678e-40
0.005,0.5,5000,297,2.48399524602606e-39,3.48624566290756e-151,2.48399524602606e-39
0.005,0.5,5000,298,7.24101622093318e-39,2.52542788782736e-152,7.24101622093318e-39
0.005,0.5,5000,299,2.10195635835406e-38,1.81121085430694e-153,2.10195635835406e-38
0.005,0.5,5000,300,6.07585792751787e-38,1.28605667407137e-154,6.07585792751787e-38
0.005,0.5,5000,301,1.74878088212175e-37,9.0408290644886e-156,1.74878088212175e-37
0.005,0.5,5000,302,5.01176832077906e-37,6.29235858293183e-157,5.01176832077906e-37
0.005,0.5,5000,303,1.43007267904937e-36,4.33586473071761e-158,1.43007267904937e-36
0.005,0.5,5000,304,4.06275180808047e-36,2.95797868936079e-159,4.06275180808047e-36
0.005,0.5,5000,305,1.14910801450304e-35,1.99788925916828e-160,1.14910801450304e-35
0.005,0.5,5000,306,3.23566017678542e-35,1.33599501770216e-161,3.23566017678542e-35
0.005,0.5,5000,307,9.07004288357544e-35,8.84494873646529e-163,9.07004288357544e-35
0.005,0.5,5000,308,2.53094580798733e-34,5.79752802910907e-164,2.53094580798733e-34
0.005,0.5,5000,309,7.03017096108814e-34,3.7622482510588e-165,7.03017096108814e-34
0.005,0.5,5000,310,1.94375133956052e-33,2.41718057861955e-166,1.94375133956052e-33
0.005,0.5,5000,311,5.34920603252804e-33,1.53754486968385e-167,5.34920603252804e-33
0.005,0.5,5000,312,1.46518863856461e-32,9.68285784652423e-169,1.46518863856461e-32
0.005,0.5,5000,313,3.99424704920931e-32,6.03721119591263e-170,3.99424704920931e-32
0.005,0.5,5000,314,1.08366439349065e-31,3.72671547411204e-171,1.08366439349065e-31
0.005,0.5,5000,315,2.92586502022499e-31,2.27757747873666e-172,2.92586502022499e-31
0.005,0.5,5000,316,7.86129760769417e-31,1.37808859333741e-173,7.86129760769417e-31
0.005,0.5,5000,317,2.10181885250286e-30,8.25540095828345e-175,2.10181885250286e-30
0.005,0.5,5000,318,5.59162203278393e-30,4.89616742424258e-176,5.59162203278393e-30
0.005,0.5,5000,319,1.48013712189671e-29,2.87495733387358e-177,1.48013712189671e-29
0.005,0.5,5000,320,3.89823132113306e-29,1.67133536513008e-178,3.89823132113306e-29
0.005,0.5,5000,321,1.02144366273553e-28,9.61950793084426e-180,1.02144366273553e-28
0.005,0.5,5000,322,2.66269717700964e-28,5.48149681848935e-181,2.66269717700964e-28
0.005,0.5,5000,323,6.90508171883438e-28,3.09244889201407e-182,6.90508171883438e-28
0.005,0.5,5000,324,1.78128919483155e-27,1.72728082015782e-183,1.78128919483155e-27
0.005,0.5,5000,325,4.57085276679883e-27,9.55169454194884e-185,4.57085276679883e-27
0.005,0.5,5000,326,1.16663655350453e-26,5.22943724366569e-186,1.16663655350453e-26
0.005,0.5,5000,327,2.96160799245449e-26,2.83456578640636e-187,2.96160799245449e-26
0.005,0.5,5000,328,7.47740743559626e-26,1.52116099633861e-188,7.47740743559626e-26
0.005,0.5,5000,329,1.8775156300092e-25,8.08203779163086e-190,1.8775156300092e-25
0.005,0.5,5000,330,4.68815990613525e-25,4.25131835352755e-191,4.68815990613525e-25
0.005,0.5,5000,331,1.16408484922824e-24,2.21402965533738e-192,1.16408484922824e-24
0.005,0.5,5000,332,2.87413375864482e-24,1.1415640795179e-193,2.87413375864482e-24
0.005,0.5,5000,333,7.05579432945534e-24,5.82739170107054e-195,7.05579432945534e-24
0.005,0.5,5000,334,1.72217647843663e-23,2.94513483558448e-196,1.72217647843663e-23
0.005,0.5,5000,335,4.17905537475484e-23,1.47364613487855e-197,4.17905537475484e-23
0.005,0.5,5000,336,1.00814495857227e-22,7.30025938428096e-199,1.00814495857227e-22
0.005,0.5,5000,337,2.41761754437711e-22,3.58047320773999e-200,2.41761754437711e-22
0.005,0.5,5000,338,5.76297944239129e-22,1.73859978083492e-201,5.76297944239129e-22
0.005,0.5,5000,339,1.36545130351153e-21,8.35825983392249e-203,1.36545130351153e-21
0.005,0.5,5000,340,3.21550786979172e-21,3.97822342728212e-204,3.21550786979172e-21
0.005,0.5,5000,341,7.525604901464e-21,1.87464711725791e-205,7.525604901464e-21
0.005,0.5,5000,342,1.75035327752626e-20,8.74594901602383e-207,1.75035327752626e-20
0.005,0.5,5000,343,4.04553701761428e-20,4.03972134895266e-208,4.04553701761428e-20
0.005,0.5,5000,344,9.29108103814145e-20,1.84736594235044e-209,9.29108103814145e-20
0.005,0.5,5000,345,2.12016214569906e-19,8.36395160585646e-211,2.12016214569906e-19
0.005,0.5,5000,346,4.80681656814995e-19,3.74910103985516e-212,4.80681656814995e-19
0.005,0.5,5000,347,1.08269039365464e-18,1.66379507293868e-213,1.08269039365464e-18
0.005,0.5,5000,348,2.42259951631234e-18,7.3102053682659e-215,2.42259951631234e-18
0.005,0.5,5000,349,5.38470184357588e-18,3.17992133961217e-216,5.38470184357588e-18
0.005,0.5,5000,350,1.18882029356939e-17,1.36949430807977e-217,1.18882029356939e-17
0.005,0.5,5000,351,2.60685477824013e-17,5.83930474650626e-219,2.60685477824013e-17
0.005,0.5,5000,352,5.67720867773604e-17,2.46501238664795e-220,5.67720867773604e-17
0.005,0.5,5000,353,1.22783874343024e-16,1.0302298425818e-221,1.22783874343024e-16
0.005,0.5,5000,354,2.63698151530877e-16,4.26291036578447e-223,2.63698151530877e-16
0.005,0.5,5000,355,5.62344822034395e-16,1.74636625675878e-224,5.62344822034395e-16
0.005,0.5,5000,356,1.19068952789541e-15,7.0830697231575e-226,1.19068952789541e-15
0.005,0.5,5000,357,2.50302230087941e-15,2.84423029229417e-227,2.50302230087941e-15
0.005,0.5,5000,358,5.22361516768478e-15,1.13074598252917e-228,5.22361516768478e-15
0.005,0.5,5000,359,1.0821503709324e-14,4.4506393607549e-230,1.0821503709324e-14
0.005,0.5,5000,360,2.22527429133841e-14,1.73435026360644e-231,2.22527429133841e-14
0.005,0.5,5000,361,4.54180326226625e-14,6.69126564876757e-233,4.54180326226625e-14
0.005,0.5,5000,362,9.20006867551124e-14,2.55585839613636e-234,9.20006867551124e-14
0.005,0.5,5000,363,1.84944233666594e-13,9.66545627353634e-236,1.84944233666594e-13
0.005,0.5,5000,364,3.68932007347523e-13,3.61880338075915e-237,3.68932007347523e-13
0.005,0.5,5000,365,7.30258111790941e-13,1.34141966734944e-238,7.30258111790941e-13
0.005,0.5,5000,366,1.43416638138047e-12,4.92290445335546e-240,1.43416638138047e-12
0.005,0.5,5000,367,2.79437217516973e-12,1.78869049549811e-241,2.79437217516973e-12
0.005,0.5,5000,368,5.40130743799872e-12,6.43437023933842e-243,5.40130743799872e-12
0.005,0.5,5000,369,1.03564708714063e-11,2.29157433604821e-244,1.03564708714063e-11
0.005,0.5,5000,370,1.96965953914837e-11,8.08014041387245e-246,1.96965953914837e-11
0.005,0.5,5000,371,3.71539704278757e-11,2.8207261261027e-247,3.71539704278757e-11
0.005,0.5,5000,372,6.95059811973746e-11,9.74899818348358e-249,6.95059811973746e-11
0.005,0.5,5000,373,1.28946689701906e-10,3.33592373262658e-250,1.28946689701906e-10
0.005,0.5,5000,374,2.37212463971195e-10,1.13013231106371e-251,2.37212463971195e-10
0.005,0.5,5000,375,4.32685523597191e-10,3.79052640009287e-253,4.32685523597191e-10
0.005,0.5,5000,376,7.82497785449691e-10,1.25871328183923e-254,7.82497785449691e-10
0.005,0.5,5000,377,1.40293708803049e-09,4.13819697743401e-256,1.40293708803049e-09
0.005,0.5,5000,378,2.4934815746789e-09,1.34695336206764e-257,2.4934815746789e-09
0.005,0.5,5000,379,4.39294464075842e-09,4.34061246558917e-259,4.39294464075842e-09
0.005,0.5,5000,380,7.6710672445451e-09,1.38486207833794e-260,7.6710672445451e-09
0.005,0.5,5000,381,1.32762506661032e-08,4.3744059959667e-262,1.32762506661032e-08
0.005,0.5,5000,382,2.27711012281794e-08,1.36800822448857e-263,2.27711012281794e-08
0.005,0.5,5000,383,3.87035831863927e-08,4.23560433153535e-265,3.87035831863927e-08
0.005,0.5,5000,384,6.51848664932e-08,1.2983719198058e-266,6.51848664932e-08
0.005,0.5,5000,385,1.08778009193998e-07,3.94039627713602e-268,1.08778009193998e-07
0.005,0.5,5000,386,1.79847653146284e-07,1.1839619382533e-269,1.79847653146284e-07
0.005,0.5,5000,387,2.94583769164835e-07,3.52202664443111e-271,2.94583769164835e-07
0.005,0.5,5000,388,4.77996473904722e-07,1.03730050280651e-272,4.77996473904722e-07
0.005,0.5,5000,389,7.68288536675659e-07,3.0246393286312e-274,7.68288536675659e-07
0.005,0.5,5000,390,1.22315149615898e-06,8.73171710062051e-276,1.22315149615898e-06
0.005,0.5,5000,391,1.9287031463543e-06,2.49564480115751e-277,1.9287031463543e-06
0.005,0.5,5000,392,3.01198882276694e-06,7.06192247120366e-279,3.01198882276694e-06
0.005,0.5,5000,393,4.65820247797191e-06,1.97842764815306e-280,4.65820247797191e-06
0.005,0.5,5000,394,7.13403567668349e-06,5.48749901071854e-282,7.13403567668349e-06
0.005,0.5,5000,395,1.08188142814162e-05,1.50690471762039e-283,1.08188142814162e-05
0.005,0.5,5000,396,1.62453033881302e-05,4.09688888488334e-285,1.62453033881302e-05
0.005,0.5,5000,397,2.4152207220272e-05,1.10275651737697e-286,2.4152207220272e-05
0.005,0.5,5000,398,3.55504037110197e-05,2.93874657698793e-288,3.55504037110197e-05
0.005,0.5,5000,399,5.18047605715697e-05,7.75356968685175e-290,5.18047605715697e-05
0.005,0.5,5000,400,7.47328964379412e-05,2.02534171621175e-291,7.47328964379412e-05
0.005,0.5,10000,0,2.80453377209443e-06,3.4813262986687e-06,-6.76792526574264e-07
0.005,0.5,10000,1,3.81175993145563e-06,4.6875653919673e-06,-8.75805460511669e-07
0.005,0.5,10000,2,5.15415847984183e-06,6.28027231301823e-06,-1.1261138331764e-06
0.005,0.5,10000,3,6.93352590560146e-06,8.37217193670763e-06,-1.43864603110617e-06
0.005,0.5,10000,4,9.27922239909762e-06,1.11051986051417e-05,-1.82597620604404e-06
0.005,0.5,10000,5,1.2354556139462e-05,1.46569311773448e-05,-2.30237503788284e-06
0.005,0.5,10000,6,1.63643223149212e-05,1.92481189963786e-05,-2.88379668145738e-06
0.005,0.5,10000,7,2.15636138833353e-05,2.51513944788949e-05,-3.58778059555959e-06
0.005,0.5,10000,8,2.82680064560247e-05,3.2701251243082e-05,-4.43324478705738e-06
0.005,0.5,10000,9,3.6865195290255e-05,4.23053409419851e-05,-5.44014565173005e-06
0.005,0.5,10000,10,4.78281263339759e-05,5.44571057588177e-05,-6.62897942484189e-06
0.005,0.5,10000,11,6.17296138085378e-05,6.97497154752718e-05,-8.02010166673405e-06
0.005,0.5,10000,12,7.92583724157256e-05,8.88912170219437e-05,-9.63284460621813e-06
0.005,0.5,10000,13,0.000101236311813655,0.000112720729739824,-1.14844179261694e-05
0.005,0.5,10000,14,0.000128636844047599,0.000142225431063134,-1.35885870155353e-05
0.005,0.5,10000,15,0.000162603841517098,0.00017855797555045,-1.59541340333514e-05
0.005,0.5,10000,16,0.000204470755246516,0.000223053876622905,-1.8583121376389e-05
0.005,0.5,10000,17,0.000255779263414832,0.000277248257559954,-2.14689941451221e-05
0.005,0.5,10000,18,0.000318296672456754,0.000342891249995171,-2.45945775384164e-05
0.005,0.5,10000,19,0.000394031143310518,0.000421961189368503,-2.79300460579844e-05
0.005,0.5,10000,20,0.00048524367091512,0.000516674633852301,-3.14309629371814e-05
0.005,0.5,10000,21,0.000594455614766348,0.000629492123746017,-3.50365089796689e-05
0.005,0.5,10000,22,0.000724450472514669,0.000763118510886196,-3.86680383715266e-05
0.005,0.5,10000,23,0.000878268518563748,0.000920496631724023,-4.22281131602752e-05
0.005,0.5,10000,24,0.00105919290730932,0.00110479308330028,-4.56001759909523e-05
0.005,0.5,10000,25,0.00127072587788757,0.00131937489825376,-4.86490203661942e-05
0.005,0.5,10000,26,0.00151655380509698,0.00156777601242171,-5.12222073247334e-05
0.005,0.5,10000,27,0.00180050002883124,0.00185365258435171,-5.31525555204676e-05
0.005,0.5,10000,28,0.00212646466857625,0.00218072646584863,-5.426179727238e-05
0.005,0.5,10000,29,0.00249835099333917,0.00255271643934383,-5.43654460046636e-05
0.005,0.5,10000,30,0.00291997836933863,0.00297325723059073,-5.32788612521012e-05
0.005,0.5,10000,31,0.00339498234116632,0.00344580676889233,-5.08244277260053e-05
0.005,0.5,10000,32,0.00392670300437919,0.00397354269193195,-4.68396875527525e-05
0.005,0.5,10000,33,0.00451806347997107,0.00455924966347558,-4.11861835045062e-05
0.005,0.5,10000,34,0.00517144097931409,0.00520519966990174,-3.37586905876479e-05
0.005,0.5,10000,35,0.00588853362194329,0.00591302806118227,-2.44944392389828e-05
0.005,0.5,10000,36,0.00667022680353825,0.00668360867508848,-1.33818715502328e-05
0.005,0.5,10000,37,0.00751646347019753,0.00751693189860458,-4.68428407052884e-07
0.005,0.5,10000,38,0.00842612309902558,0.0084119899448311,1.41331541944727e-05
0.005,0.5,10000,39,0.00939691447663594,0.00936667392426119,3.02405523747492e-05
0.005,0.5,10000,40,0.0104252874723611,0.0103776874355149,4.76000368462518e-05
0.005,0.5,10000,41,0.0115063688936732,0.0114404813658796,6.58875277936167e-05
0.005,0.5,10000,42,0.0126339271678706,0.0125492143560091,8.47128118615665e-05
0.005,0.5,10000,43,0.0138003700073359,0.0136967429337025,0.000103627073633388
0.005,0.5,10000,44,0.014996778388712,0.0148746446564367,0.000122133732275296
0.005,0.5,10000,45,0.016212979125606,0.0160732767298802,0.000139702395725794
0.005,0.5,10000,46,0.0174376570699604,0.0172818715102635,0.000155785559696909
0.005,0.5,10000,47,0.0186585065822076,0.0184886690841627,0.000169837498044841
0.005,0.5,10000,48,0.0198624204195668,0.0196810857928572,0.000181334626709644
0.005,0.5,10000,49,0.021035712669592,0.0208459161822864,0.000189796487305549
0.005,0.5,10000,50,0.0221643708728318,0.0219695644733861,0.000194806399445691
0.005,0.5,10000,51,0.0232343311073737,0.0230383003253055,0.000196030782068233
0.005,0.5,10000,52,0.0242317686207489,0.0240385324709827,0.000193236149766227
0.005,0.5,10000,53,0.0251433956571026,0.0249570928036152,0.00018630285348735
0.005,0.5,10000,54,0.0259567574957708,0.0257815227404741,0.000175234755296717
0.005,0.5,10000,55,0.0266605174340201,0.0265003532344029,0.000160164199617275
0.005,0.5,10000,56,0.0272447215377712,0.0271033696776216,0.000141351860149585
0.005,0.5,10000,57,0.0277010344571318,0.0275818531662706,0.000119181290861227
0.005,0.5,10000,58,0.0280229384464712,0.0279287901697234,9.41482767478179e-05
0.005,0.5,10000,59,0.0282058889101983,0.0281390435606505,6.68453495477894e-05
0.005,0.5,10000,60,0.0282474212660935,0.0282094791773878,3.79420887056531e-05
0.005,0.5,10000,61,0.0281472056133395,0.0281390435606505,8.16205268903969e-06
0.005,0.5,10000,62,0.0279070475358016,0.0279287901697234,-2.17426339218403e-05
0.005,0.5,10000,63,0.0275308352785289,0.0275818531662706,-5.10178877416792e-05
0.005,0.5,10000,64,0.027024435419877,0.0271033696776216,-7.89342577446096e-05
0.005,0.5,10000,65,0.0263955409380471,0.0265003532344029,-0.000104812296355727
0.005,0.5,10000,66,0.0256534771608169,0.0257815227404741,-0.000128045579657184
0.005,0.5,10000,67,0.0248089724232216,0.0249570928036152,-0.000148120380393687
0.005,0.5,10000,68,0.0238739012867158,0.0240385324709827,-0.000164631184266861
0.005,0.5,10000,69,0.0228610088584537,0.0230383003253055,-0.000177291466851793
0.005,0.5,10000,70,0.0217836250726101,0.0219695644733861,-0.000185939400776006
0.005,0.5,10000,71,0.0206553777574939,0.0208459161822864,-0.000190538424792538
0.005,0.5,10000,72,0.0194899129306737,0.0196810857928572,-0.000191172862183456
0.005,0.5,10000,73,0.0183006300734617,0.0184886690841627,-0.000188039010701035
0.005,0.5,10000,74,0.017100439183136,0.0172818715102635,-0.000181432327127418
0.005,0.5,10000,75,0.0159015452434409,0.0160732767298802,-0.000171731486439248
0.005,0.5,10000,76,0.0147152644546807,0.0148746446564367,-0.000159380201755989
0.005,0.5,10000,77,0.0135518751901279,0.0136967429337025,-0.000144867743574638
0.005,0.5,10000,78,0.0124205052603087,0.0125492143560091,-0.000128709095700372
0.005,0.5,10000,79,0.0113290557313403,0.0114404813658796,-0.000111425634539213
0.005,0.5,10000,80,0.0102841603108824,0.0103776874355149,-9.3527124632474e-05
0.005,0.5,10000,81,0.00929117822899654,0.00936667392426119,-7.54956952646532e-05
0.005,0.5,10000,82,0.00835421763396034,0.0084119899448311,-5.77723108707625e-05
0.005,0.5,10000,83,0.00747618581599175,0.00751693189860458,-4.07460826128301e-05
0.005,0.5,10000,84,0.0066588620745446,0.00668360867508848,-2.47466005438802e-05
0.005,0.5,10000,85,0.00590298875615695,0.00591302806118227,-1.00393050253243e-05
0.005,0.5,10000,86,0.00520837589901344,0.00520519966990174,3.17622911169806e-06
0.005,0.5,10000,87,0.00457401500869036,0.00455924966347558,1.47653452147855e-05
0.005,0.5,10000,88,0.00399819773218294,0.00397354269193195,2.46550402509919e-05
0.005,0.5,10000,89,0.00347863556536025,0.00344580676889233,3.2828796467925e-05
0.005,0.5,10000,90,0.00301257719143342,0.00297325723059073,3.93199608426879e-05
0.005,0.5,10000,91,0.00259692057354562,0.00255271643934383,4.42041342017907e-05
0.005,0.5,10000,92,0.00222831748321179,0.00218072646584863,4.75910173631561e-05
0.005,0.5,10000,93,0.00190326871070296,0.00185365258435171,4.9616126351258e-05
0.005,0.5,10000,94,0.00161820874986632,0.00156777601242171,5.04327374446145e-05
0.005,0.5,10000,95,0.00136957925885219,0.00131937489825376,5.02043605984334e-05
0.005,0.5,10000,96,0.00115389105493871,0.00110479308330028,4.90979716384341e-05
0.005,0.5,10000,97,0.000967774795879349,0.000920496631724023,4.72781641553255e-05
0.005,0.5,10000,98,0.000808020826120963,0.000763118510886196,4.49023152347669e-05
0.005,0.5,10000,99,0.000671608921994471,0.000629492123746017,4.21167982484538e-05
0.005,0.5,10000,100,0.00055572885711604,0.000516674633852301,3.90542232637387e-05
0.005,0.5,10000,101,0.000457792832057163,0.000421961189368503,3.58316426886598e-05
0.005,0.5,10000,102,0.000375440877221374,0.000342891249995171,3.25496272262028e-05
0.005,0.5,10000,103,0.000306540352575049,0.000277248257559954,2.9292095015095e-05
0.005,0.5,10000,104,0.000249180640964627,0.000223053876622905,2.61267643417217e-05
0.005,0.5,10000,105,0.000201664071980299,0.00017855797555045,2.31060964298499e-05
0.005,0.5,10000,106,0.000162494029228824,0.000142225431063134,2.02685981656903e-05
0.005,0.5,10000,107,0.000130361093392647,0.000112720729739824,1.7640363652823e-05
0.005,0.5,10000,108,0.000104127963663475,8.88912170219437e-05,1.52367466415316e-05
0.005,0.5,10000,109,8.28137871137827e-05,6.97497154752718e-05,1.30640716385109e-05
0.005,0.5,10000,110,6.55784142829857e-05,5.44571057588177e-05,1.1121308524168e-05
0.005,0.5,10000,111,5.17069935787936e-05,4.23053409419851e-05,9.40165263680847e-06
0.005,0.5,10000,112,4.05952198508902e-05,3.2701251243082e-05,7.89396860780811e-06
0.005,0.5,10000,113,3.17354655490781e-05,2.51513944788949e-05,6.58407107018322e-06
0.005,0.5,10000,114,2.47039472608728e-05,1.92481189963786e-05,5.45582826449426e-06
0.005,0.5,10000,115,1.91490164646633e-05,1.46569311773448e-05,4.49208528731847e-06
0.005,0.5,10000,116,1.47806108061691e-05,1.11051986051417e-05,3.67541220102739e-06
0.005,0.5,10000,117,1.13608604590296e-05,8.37217193670763e-06,2.98868852232201e-06
0.005,0.5,10000,118,8.6958122211931e-06,6.28027231301823e-06,2.41553990817488e-06
0.005,0.5,10000,119,6.62821080025627e-06,4.6875653919673e-06,1.94064540828897e-06
0.005,0.5,10000,120,5.0312610368938e-06,3.4813262986687e-06,1.5499347382251e-06
0.005,0.5,10000,121,3.8032853767353e-06,2.57259043206331e-06,1.23069494467199e-06
0.005,0.5,10000,122,2.86318654331839e-06,1.89158166991355e-06,9.71604873404836e-07
0.005,0.5,10000,123,2.14662499060841e-06,1.38391071313774e-06,7.62714277470669e-07
0.005,0.5,10000,124,1.60282333938526e-06,1.00744088833089e-06,5.95382451054366e-07
0.005,0.5,10000,125,1.19191477245475e-06,7.29725634589542e-07,4.62189137865211e-07
0.005,0.5,10000,126,8.82758557372929e-07,5.25930261089507e-07,3.56828296283422e-07
0.005,0.5,10000,127,6.51152890879541e-07,3.77159668050407e-07,2.73993222829134e-07
0.005,0.5,10000,128,4.78382647365933e-07,2.69123025917017e-07,2.09259621448916e-07
0.005,0.5,10000,129,3.5004700548954e-07,1.91075496669301e-07,1.58971508820238e-07
0.005,0.5,10000,130,2.55119059755705e-07,1.3498566943462e-07,1.20133390321085e-07
0.005,0.5,10000,131,1.85196216272532e-07,9.48852835606196e-08,9.03109327119126e-08
0.005,0.5,10000,132,1.33906309661143e-07,6.63649211179146e-08,6.75413885432287e-08
0.005,0.5,10000,133,9.64399002972397e-08,4.61856258305332e-08,5.02542744667066e-08
0.005,0.5,10000,134,6.91840976842964e-08,3.19818521133502e-08,3.72022455709462e-08
0.005,0.5,10000,135,4.94375170709653e-08,2.20358047807951e-08,2.74017122901702e-08
0.005,0.5,10000,136,3.51896438458332e-08,1.51071572330562e-08,2.00824866127771e-08
0.005,0.5,10000,137,2.49509989172223e-08,1.03054060881223e-08,1.46455928291e-08
0.005,0.5,10000,138,1.76231211818022e-08,6.99481122393749e-09,1.06283099578647e-08
0.005,0.5,10000,139,1.23995665670937e-08,4.72406009973672e-09,7.67550646735699e-09
0.005,0.5,10000,140,8.69092322657613e-09,3.17455866796664e-09,5.51636455860949e-09
0.005,0.5,10000,141,6.06831313032359e-09,2.1226570310422e-09,3.94565609928139e-09
0.005,0.5,10000,142,4.22104149877269e-09,1.41222803014292e-09,2.80881346862978e-09
0.005,0.5,10000,143,2.92501247381336e-09,9.34885348130708e-10,1.99012712568266e-09
0.005,0.5,10000,144,2.01929214840475e-09,6.15801024667086e-10,1.40349112373766e-09
0.005,0.5,10000,145,1.38880341860459e-09,4.03599842987685e-10,9.85203575616907e-10
0.005,0.5,10000,146,9.51610917120563e-10,2.63202553052039e-10,6.88408364068524e-10
0.005,0.5,10000,147,6.49623736476772e-10,1.70788149981785e-10,4.78835586494987e-10
0.005,0.5,10000,148,4.41829771208101e-10,1.10269117367086e-10,3.31560653841015e-10
0.005,0.5,10000,149,2.99395630529181e-10,7.08400061301557e-11,2.28555624399025e-10
0.005,0.5,10000,150,2.02134329543187e-10,4.52826473977172e-11,1.5685168214547e-10
0.005,0.5,10000,151,1.35970771852872e-10,2.88013971883593e-11,1.07169374664513e-10
0.005,0.5,10000,152,9.11315200710735e-11,1.82273625059549e-11,7.29041575651186e-11
0.005,0.5,10000,153,6.08577529117232e-11,1.14779051893992e-11,4.9379847722324e-11
0.005,0.5,10000,154,4.04943203405325e-11,7.1916735070127e-12,3.33026468335197e-11
0.005,0.5,10000,155,2.68478709635362e-11,4.48358925858533e-12,2.23642817049508e-11
0.005,0.5,10000,156,1.77365739766447e-11,2.78131517245272e-12,1.4955258804192e-11
0.005,0.5,10000,157,1.16756306266602e-11,1.71673443074675e-12,9.95889619591349e-12
0.005,0.5,10000,158,7.65857992923211e-12,1.05434940549645e-12,6.60423052373566e-12
0.005,0.5,10000,159,5.0058747182615e-12,6.44309485639594e-13,4.36156523262191e-12
0.005,0.5,10000,160,3.26048373761495e-12,3.91771663275433e-13,2.86871207433952e-12
0.005,0.5,10000,161,2.11622051475344e-12,2.37028213518553e-13,1.87919230123488e-12
0.005,0.5,10000,162,1.36874668588584e-12,1.42690675423217e-13,1.22605601046262e-12
0.005,0.5,10000,163,8.82216047107971e-13,8.54711744730544e-14,7.96744872634917e-13
0.005,0.5,10000,164,5.66660505648948e-13,5.09415643344014e-14,5.15718941314547e-13
0.005,0.5,10000,165,3.62721615128267e-13,3.02101867900169e-14,3.3251142833825e-13
0.005,0.5,10000,166,2.31383711459984e-13,1.78263763593815e-14,2.13557335100602e-13
0.005,0.5,10000,167,1.4709818421086e-13,1.04664947445577e-14,1.36631689466303e-13
0.005,0.5,10000,168,9.31972985768364e-14,6.11459892597934e-15,8.7082699650857e-14
0.005,0.5,10000,169,5.88473748254327e-14,3.55437478443806e-15,5.52930000409947e-14
0.005,0.5,10000,170,3.70326565940668e-14,2.05582901131573e-15,3.49768275827511e-14
0.005,0.5,10000,171,2.3226451614008e-14,1.18314858636503e-15,2.20433030276429e-14
0.005,0.5,10000,172,1.4518684931813e-14,6.77516873117446e-16,1.38411680586955e-14
0.005,0.5,10000,173,9.04532709767619e-15,3.86037477767721e-16,8.65928961990847e-15
0.005,0.5,10000,174,5.6166839950255e-15,2.1886048180415e-16,5.39782351322135e-15
0.005,0.5,10000,175,3.47616619500989e-15,1.23462128524105e-16,3.35270406648579e-15
0.005,0.5,10000,176,2.14433178167508e-15,6.92992759032093e-17,2.07503250577187e-15
0.005,0.5,10000,177,1.31844007644646e-15,3.87036711546593e-17,1.2797364052918e-15
0.005,0.5,10000,178,8.08000812359943e-16,2.1508204293992e-17,7.86492608065951e-16
0.005,0.5,10000,179,4.93573898470312e-16,1.18928152516366e-17,4.81681083218675e-16
0.005,0.5,10000,180,3.00529789925071e-16,6.54325309812316e-18,2.93986536826947e-16
0.005,0.5,10000,181,1.82399551906535e-16,3.58204711713413e-18,1.78817504789401e-16
0.005,0.5,10000,182,1.10348597000618e-16,1.95118027248151e-18,1.08397416728137e-16
0.005,0.5,10000,183,6.65460923876985e-17,1.05752836832119e-18,6.54885640193773e-17
0.005,0.5,10000,184,4.00033951244467e-17,5.70315511363663e-19,3.94330796130831e-17
0.005,0.5,10000,185,2.39715172734268e-17,3.06032019814988e-19,2.36654852536118e-17
0.005,0.5,10000,186,1.43193852374206e-17,1.63398129729462e-19,1.41559871076911e-17
0.005,0.5,10000,187,8.52686077626742e-18,8.68072146583791e-20,8.44005356160905e-18
0.005,0.5,10000,188,5.06169139114072e-18,4.58873617674787e-20,5.01580402937324e-18
0.005,0.5,10000,189,2.9953636848036e-18,2.41356436234766e-20,2.97122804118012e-18
0.005,0.5,10000,190,1.76708137658421e-18,1.26314500076566e-20,1.75444992657655e-18
0.005,0.5,10000,191,1.03925539915002e-18,6.57773023273599e-21,1.03267766891728e-18
0.005,0.5,10000,192,6.09329785707745e-19,3.40821855328626e-21,6.05921567154459e-19
0.005,0.5,10000,193,3.56166039276655e-19,1.75714395197184e-21,3.54408895324683e-19
0.005,0.5,10000,194,2.07552590251368e-19,9.01396308884399e-22,2.06651193942483e-19
0.005,0.5,10000,195,1.20582672541368e-19,4.60100532895942e-22,1.20122572008472e-19
0.005,0.5,10000,196,6.98438650942425e-20,2.33678214060436e-22,6.96101868801821e-20
0.005,0.5,10000,197,4.0333296989866e-20,1.18089760249818e-22,4.02152072296162e-20
0.005,0.5,10000,198,2.32218461163587e-20,5.93792604886259e-23,2.31624668558701e-20
0.005,0.5,10000,199,1.33300798690522e-20,2.97088510148226e-23,1.33003710180374e-20
0.005,0.5,10000,200,7.6291675611338e-21,1.47899073950077e-23,7.61437765373879e-21
0.005,0.5,10000,201,4.35346766929427e-21,7.32611246244878e-24,4.34614155683182e-21
0.005,0.5,10000,202,2.47692358546359e-21,3.61085654895248e-24,2.47331272891464e-21
0.005,0.5,10000,203,1.40512295064763e-21,1.77082407153793e-24,1.40335212657609e-21
0.005,0.5,10000,204,7.9477787933145e-22,8.64110189106616e-25,7.93913769142344e-22
0.005,0.5,10000,205,4.4824164445945e-22,4.19557378289832e-25,4.47822087081161e-22
0.005,0.5,10000,206,2.52068662936541e-22,2.02694576003526e-25,2.51865968360537e-22
0.005,0.5,10000,207,1.41341906066202e-22,9.74364425694147e-26,1.41244469623632e-22
0.005,0.5,10000,208,7.90266624461237e-23,4.6604648732328e-26,7.89800577973914e-23
0.005,0.5,10000,209,4.40587428521891e-23,2.21802065508438e-26,4.40365626456383e-23
0.005,0.5,10000,210,2.44935339436381e-23,1.05034134452875e-26,2.44830305301928e-23
0.005,0.5,10000,211,1.35780306560399e-23,4.94907303981502e-27,1.3573081583e-23
0.005,0.5,10000,212,7.50573412121195e-24,2.3203088326967e-27,7.50341381237926e-24
0.005,0.5,10000,213,4.1373824398321e-24,1.08242110320227e-27,4.1363000187289e-24
0.005,0.5,10000,214,2.2742556008459e-24,5.02429621467204e-28,2.27375317122443e-24
0.005,0.5,10000,215,1.24663404553335e-24,2.32050628312308e-28,1.24640199490504e-24
0.005,0.5,10000,216,6.81443353380281e-25,1.06639669146951e-28,6.81336713711134e-25
0.005,0.5,10000,217,3.71463834830536e-25,4.87622073532173e-29,3.71415072623182e-25
0.005,0.5,10000,218,2.01931571740457e-25,2.21858694141699e-29,2.01909385871043e-25
0.005,0.5,10000,219,1.09470652037659e-25,1.00438004482658e-29,1.0946060823721e-25
0.005,0.5,10000,220,5.91836616018945e-26,4.52426699213996e-30,5.91791373349024e-26
0.005,0.5,10000,221,3.19096052872117e-26,2.02780833793804e-30,3.19075774788738e-26
0.005,0.5,10000,222,1.71577885485629e-26,9.04344934497788e-31,1.71568842036284e-26
0.005,0.5,10000,223,9.2008138569074e-27,4.01300632068844e-31,9.20041255627533e-27
0.005,0.5,10000,224,4.92063307865231e-27,1.7718791787998e-31,4.92045589073443e-27
0.005,0.5,10000,225,2.62452217928238e-27,7.78443135800759e-32,2.6244443349688e-27
0.005,0.5,10000,226,1.39610711049974e-27,3.40289234375517e-32,1.3960730815763e-27
0.005,0.5,10000,227,7.40680872404087e-28,1.48012383908186e-32,7.40666071165696e-28
0.005,0.5,10000,228,3.91915161914487e-28,6.40584498396467e-33,3.91908756069503e-28
0.005,0.5,10000,229,2.06826492786526e-28,2.75856564920401e-33,2.06823734220877e-28
0.005,0.5,10000,230,1.08862431960034e-28,1.18200346721404e-33,1.08861249956567e-28
0.005,0.5,10000,231,5.7149472914306e-29,5.03944494127406e-34,5.71489689698119e-29
0.005,0.5,10000,232,2.99235630331361e-29,2.13783993973855e-34,2.99233492491421e-29
0.005,0.5,10000,233,1.56273657611887e-29,9.02393993246009e-35,1.56272755217894e-29
0.005,0.5,10000,234,8.14018251964579e-30,3.79005692326587e-35,8.14014461907656e-30
0.005,0.5,10000,235,4.22924526529495e-30,1.58388555208912e-35,4.22922942643943e-30
0.005,0.5,10000,236,2.19167629099762e-30,6.58613137457571e-36,2.19166970486625e-30
0.005,0.5,10000,237,1.13286765455546e-30,2.72499374120468e-36,1.13286492956172e-30
0.005,0.5,10000,238,5.8408435116463e-31,1.12183544182829e-36,5.84083229329188e-31
0.005,0.5,10000,239,3.00379273572637e-31,4.59537895835276e-37,3.00378814034742e-31
0.005,0.5,10000,240,1.54087248707532e-31,1.87301835706149e-37,1.54087061405697e-31
0.005,0.5,10000,241,7.88442649405989e-32,7.59611032772585e-38,7.88441889794956e-32
0.005,0.5,10000,242,4.02424567669686e-32,3.06527202440517e-38,4.02424261142483e-32
0.005,0.5,10000,243,2.04886861172881e-32,1.2307654800264e-38,2.04886738096333e-32
0.005,0.5,10000,244,1.04055066208314e-32,4.91711221636261e-39,1.04055017037192e-32
0.005,0.5,10000,245,5.27152264894354e-33,1.9546700567904e-39,5.27152069427349e-33
0.005,0.5,10000,246,2.66401616003574e-33,7.73152791346982e-40,2.66401538688295e-33
0.005,0.5,10000,247,1.34298062149919e-33,3.04288629242125e-40,1.34298031721057e-33
0.005,0.5,10000,248,6.75365557542988e-34,1.19161139344986e-40,6.75365438381848e-34
0.005,0.5,10000,249,3.38803960087699e-34,4.64314341166733e-41,3.38803913656265e-34
0.005,0.5,10000,250,1.69551863107388e-34,1.80018888638499e-41,1.69551845105499e-34
0.005,0.5,10000,251,8.46457706707247e-35,6.94468548935753e-42,8.46457637260392e-35
0.005,0.5,10000,252,4.21561203781374e-35,2.66572666240746e-42,4.21561177124108e-35
0.005,0.5,10000,253,2.0944631710525e-35,1.01813924254543e-42,2.09446306923857e-35
0.005,0.5,10000,254,1.03811522788821e-35,3.86925422698203e-43,1.03811518919567e-35
0.005,0.5,10000,255,5.13314031487311e-36,1.46310630577457e-43,5.13314016856248e-36
0.005,0.5,10000,256,2.53214999528397e-36,5.5049455287606e-44,2.53214994023451e-36
0.005,0.5,10000,257,1.24614446800059e-36,2.06090843871031e-44,1.2461444473915e-36
0.005,0.5,10000,258,6.1182042123258e-37,7.67702397076055e-45,6.11820413555556e-37
0.005,0.5,10000,259,2.9968159820485e-37,2.84548056300315e-45,2.99681595359369e-37
0.005,0.5,10000,260,1.46447063035072e-37,1.0494140578386e-45,1.46447061985658e-37
0.005,0.5,10000,261,7.13986347498712e-38,3.85093917938307e-46,7.13986343647773e-38
0.005,0.5,10000,262,3.4729067885498e-38,1.40609598788606e-46,3.47290677448884e-38
0.005,0.5,10000,263,1.68539406592493e-38,5.10848127836326e-47,1.68539406081645e-38
0.005,0.5,10000,264,8.16121376914729e-39,1.84670349353821e-47,8.16121375068026e-39
0.005,0.5,10000,265,3.94488450222555e-39,6.64249235172143e-48,3.94488449558306e-39
0.005,0.5,10000,266,1.90728436012169e-39,2.37735196195904e-48,1.90728435774433e-39
0.005,0.5,10000,267,9.3139286341751e-40,8.46612020222879e-49,9.31392862570898e-40
0.005,0.5,10000,268,4.80494324154382e-40,2.99988015707811e-49,4.80494323854394e-40
0.005,0.5,10000,269,3.09140397244296e-40,1.05767419336315e-49,3.09140397138529e-40
0.005,0.5,10000,270,3.33230174089832e-40,3.71046584424606e-50,3.33230174052727e-40
0.005,0.5,10000,271,5.92670312108178e-40,1.29519003974606e-50,5.92670312095226e-40
0.005,0.5,10000,272,1.29300679466704e-39,4.49849333476914e-51,1.29300679466254e-39
0.005,0.5,10000,273,2.96284381968982e-39,1.55463769702537e-51,2.96284381968827e-39
0.005,0.5,10000,274,6.84399589618889e-39,5.34588774317069e-52,6.84399589618836e-39
0.005,0.5,10000,275,1.57958894334871e-38,1.8291065419926e-52,1.57958894334869e-38
0.005,0.5,10000,276,3.63587886689187e-38,6.22711231314894e-53,3.63587886689186e-38
0.005,0.5,10000,277,8.3432677930594e-38,2.10941933346809e-53,8.3432677930594e-38
0.005,0.5,10000,278,1.90846614149572e-37,7.10996844151471e-54,1.90846614149572e-37
0.005,0.5,10000,279,4.35151754342094e-37,2.38451990217789e-54,4.35151754342094e-37
0.005,0.5,10000,280,9.89001413556163e-37,7.95724550746146e-55,9.89001413556163e-37
0.005,0.5,10000,281,2.24050515711637e-36,2.64212336339153e-55,2.24050515711637e-36
0.005,0.5,10000,282,5.05919020980597e-36,8.72914992565667e-56,5.05919020980597e-36
0.005,0.5,10000,283,1.13866315688867e-35,2.86958663903555e-56,1.13866315688867e-35
0.005,0.5,10000,284,2.5543587019189e-35,9.38631787925849e-57,2.5543587019189e-35
0.005,0.5,10000,285,5.71128690801191e-35,3.05491901778413e-57,5.71128690801191e-35
0.005,0.5,10000,286,1.27275450042312e-34,9.89310625965008e-58,1.27275450042312e-34
0.005,0.5,10000,287,2.82687715213132e-34,3.18782280392328e-58,2.82687715213132e-34
0.005,0.5,10000,288,6.2576877643328e-34,1.0220783754782e-58,6.2576877643328e-34
0.005,0.5,10000,289,1.38057021942871e-33,3.26063926648992e-59,1.38057021942871e-33
0.005,0.5,10000,290,3.03552445677567e-33,1.03502260822044e-59,3.03552445677567e-33
0.005,0.5,10000,291,6.65169813379561e-33,3.26907922655447e-60,6.65169813379561e-33
0.005,0.5,10000,292,1.45260586599907e-32,1.02737639484489e-60,1.45260586599907e-32
0.005,0.5,10000,293,3.16134866731706e-32,3.21264137218243e-61,3.16134866731706e-32
0.005,0.5,10000,294,6.85644802841497e-32,9.99593538785859e-62,6.85644802841497e-32
0.005,0.5,10000,295,1.48190711840972e-31,3.09466155863903e-62,1.48190711840972e-31
0.005,0.5,10000,296,3.19176253070036e-31,9.53303983500817e-63,3.19176253070036e-31
0.005,0.5,10000,297,6.85047539990216e-31,2.9219863508371e-63,6.85047539990216e-31
0.005,0.5,10000,298,1.46515689131624e-30,8.91155487414223e-64,1.46515689131624e-30
0.005,0.5,10000,299,3.1225797439426e-30,2.70431524247315e-64,3.1225797439426e-30
0.005,0.5,10000,300,6.63134472316839e-30,8.16562955974701e-65,6.63134472316839e-30
0.005,0.5,10000,301,1.40326916082235e-29,2.45329943846531e-65,1.40326916082235e-29
0.005,0.5,10000,302,2.95885912909703e-29,7.33398424276533e-66,2.95885912909703e-29
0.005,0.5,10000,303,6.21647405191463e-29,2.18151354180536e-66,6.21647405191463e-29
0.005,0.5,10000,304,1.3013468369086e-28,6.45660742942085e-67,1.3013468369086e-28
0.005,0.5,10000,305,2.71433622003103e-28,1.90142577779598e-67,2.71433622003103e-28
0.005,0.5,10000,306,5.64089986722882e-28,5.57163811703213e-68,5.64089986722882e-28
0.005,0.5,10000,307,1.16799182965193e-27,1.62448218093999e-68,1.16799182965193e-27
0.005,0.5,10000,308,2.40951902558102e-27,4.71276224536907e-69,2.40951902558102e-27
0.005,0.5,10000,309,4.95236343392607e-27,1.36039377748962e-69,4.95236343392607e-27
0.005,0.5,10000,310,1.01409509238447e-26,3.90734960240282e-70,1.01409509238447e-26
0.005,0.5,10000,311,2.06881324323951e-26,1.11667921353196e-70,2.06881324323951e-26
0.005,0.5,10000,312,4.20467775698439e-26,3.17543422285878e-71,4.20467775698439e-26
0.005,0.5,10000,313,8.51344510411162e-26,8.98475703861575e-72,8.51344510411162e-26
0.005,0.5,10000,314,1.71724201581483e-25,2.52951979175242e-72,1.71724201581483e-25
0.005,0.5,10000,315,3.4506709475707e-25,7.08595440629556e-73,3.4506709475707e-25
0.005,0.5,10000,316,6.9073868532675e-25,1.97509119522917e-73,6.9073868532675e-25
0.005,0.5,10000,317,1.37738231054413e-24,5.47777866171733e-74,1.37738231054413e-24
0.005,0.5,10000,318,2.73601197904898e-24,1.51164681888831e-74,2.73601197904898e-24
0.005,0.5,10000,319,5.41372919555211e-24,4.15073222349233e-75,5.41372919555211e-24
0.005,0.5,10000,320,1.0670440659823e-23,1.13403804947857e-75,1.0670440659823e-23
0.005,0.5,10000,321,2.09492132237565e-23,3.08289734448306e-76,2.09492132237565e-23
0.005,0.5,10000,322,4.09680075824497e-23,8.33909705783529e-77,4.09680075824497e-23
0.005,0.5,10000,323,7.98005622630548e-23,2.24443752481465e-77,7.98005622630548e-23
0.005,0.5,10000,324,1.54825770327865e-22,6.01069292388589e-78,1.54825770327865e-22
0.005,0.5,10000,325,2.99191283441393e-22,1.60165911210768e-78,2.99191283441393e-22
0.005,0.5,10000,326,5.75857734469743e-22,4.24662746406288e-79,5.75857734469743e-22
0.005,0.5,10000,327,1.10391144655495e-21,1.12033206733056e-79,1.10391144655495e-21
0.005,0.5,10000,328,2.10764863919019e-21,2.94088401946135e-80,2.10764863919019e-21
0.005,0.5,10000,329,4.00773784984759e-21,7.68135002363658e-81,4.00773784984759e-21
0.005,0.5,10000,330,7.5897887621884e-21,1.99629969824438e-81,7.5897887621884e-21
0.005,0.5,10000,331,1.43146762301614e-20,5.16229066871991e-82,1.43146762301614e-20
0.005,0.5,10000,332,2.68872878474681e-20,1.32827407167332e-82,2.68872878474681e-20
0.005,0.5,10000,333,5.029424103399e-20,3.40064630079636e-83,5.029424103399e-20
0.005,0.5,10000,334,9.36887590867703e-20,8.66290914391262e-84,9.36887590867703e-20
0.005,0.5,10000,335,1.73798832298698e-19,2.19580911303389e-84,1.73798832298698e-19
0.005,0.5,10000,336,3.21061728660224e-19,5.53801253398364e-85,3.21061728660224e-19
0.005,0.5,10000,337,5.90615346553422e-19,1.38976641744131e-85,5.90615346553422e-19
0.005,0.5,10000,338,1.08190121722328e-18,3.47022967666583e-86,1.08190121722328e-18
0.005,0.5,10000,339,1.97346480777659e-18,8.62190341412371e-87,1.97346480777659e-18
0.005,0.5,10000,340,3.5844478713512e-18,2.13145719304675e-87,3.5844478713512e-18
0.005,0.5,10000,341,6.48273815696341e-18,5.24298486561438e-88,6.48273815696341e-18
0.005,0.5,10000,342,1.16742840920865e-17,1.28324364092049e-88,1.16742840920865e-17
0.005,0.5,10000,343,2.0932921842599e-17,3.12513055523649e-89,2.0932921842599e-17
0.005,0.5,10000,344,3.73722746480887e-17,7.57278692038918e-90,3.73722746480887e-17
0.005,0.5,10000,345,6.64326511087591e-17,1.82587833915701e-90,6.64326511087591e-17
0.005,0.5,10000,346,1.17575901008964e-16,4.38042716539761e-91,1.17575901008964e-16
0.005,0.5,10000,347,2.07182016092776e-16,1.04565788879091e-91,2.07182016092776e-16
0.005,0.5,10000,348,3.63475509801948e-16,2.48365518239245e-92,3.63475509801948e-16
0.005,0.5,10000,349,6.34862962671589e-16,5.86977575929191e-93,6.34862962671589e-16
0.005,0.5,10000,350,1.10397431919361e-15,1.38032148470256e-93,1.10397431919361e-15
0.005,0.5,10000,351,1.91119291268946e-15,3.22973963285291e-94,1.91119291268946e-15
0.005,0.5,10000,352,3.29389022920092e-15,7.51940203332963e-95,3.29389022920092e-15
0.005,0.5,10000,353,5.65151982209706e-15,1.74191767419853e-95,5.65151982209706e-15
0.005,0.5,10000,354,9.653070047463e-15,4.01513797202772e-96,9.653070047463e-15
0.005,0.5,10000,355,1.64135415048378e-14,9.20877472487178e-97,1.64135415048378e-14
0.005,0.5,10000,356,2.7782311865495e-14,2.10151140798318e-97,2.7782311865495e-14
0.005,0.5,10000,357,4.68119096554187e-14,4.77188734730418e-98,4.68119096554187e-14
0.005,0.5,10000,358,7.8516135491235e-14,1.0781449192983e-98,7.8516135491235e-14
0.005,0.5,10000,359,1.31089766300359e-13,2.42377681253635e-99,1.31089766300359e-13
0.005,0.5,10000,360,2.17860632148856e-13,5.42171444080747e-100,2.17860632148856e-13
0.005,0.5,10000,361,3.60397405690016e-13,1.20672741874191e-100,3.60397405690016e-13
0.005,0.5,10000,362,5.93431177471199e-13,2.67245406547243e-101,5.93431177471199e-13
0.005,0.5,10000,363,9.72607921987734e-13,5.88897682654514e-102,9.72607921987734e-13
0.005,0.5,10000,364,1.58663479416028e-12,1.29121323535904e-102,1.58663479416028e-12
0.005,0.5,10000,365,2.57620796488099e-12,2.81698555731684e-103,2.57620796488099e-12
0.005,0.5,10000,366,4.16334826476231e-12,6.11504699862087e-104,4.16334826476231e-12
0.005,0.5,10000,367,6.69661926227404e-12,1.32081960250581e-104,6.69661926227404e-12
0.005,0.5,10000,368,1.07204433884747e-11,2.83867543683452e-105,1.07204433884747e-11
0.005,0.5,10000,369,1.70807704721637e-11,6.07038870986541e-106,1.70807704721637e-11
0.005,0.5,10000,370,2.70852655644045e-11,1.29165280296363e-106,2.70852655644045e-11
0.005,0.5,10000,371,4.27447818885252e-11,2.73466169598289e-107,4.27447818885252e-11
0.005,0.5,10000,372,6.71353078323835e-11,5.76089489801205e-108,6.71353078323835e-11
0.005,0.5,10000,373,1.04937404061158e-10,1.20754917080399e-108,1.04937404061158e-10
0.005,0.5,10000,374,1.63235554295193e-10,2.51853635145699e-109,1.63235554295193e-10
0.005,0.5,10000,375,2.52695813399033e-10,5.22661067165962e-110,2.52695813399033e-10
0.005,0.5,10000,376,3.89290673709946e-10,1.0792463925189e-110,3.89290673709946e-10
0.005,0.5,10000,377,5.96810585582781e-10,2.21742831084469e-111,5.96810585582781e-10
0.005,0.5,10000,378,9.10499241073443e-10,4.53322315101073e-112,9.10499241073443e-10
0.005,0.5,10000,379,1.38228401496811e-09,9.22132089907124e-113,1.38228401496811e-09
0.005,0.5,10000,380,2.08825617962879e-09,1.86641278511408e-113,2.08825617962879e-09
0.005,0.5,10000,381,3.13930356736403e-09,3.75881363437907e-114,3.13930356736403e-09
0.005,0.5,10000,382,4.69613152781891e-09,7.53220989748251e-115,4.69613152781891e-09
0.005,0.5,10000,383,6.99035189052183e-09,1.5018361775256e-115,6.99035189052183e-09
0.005,0.5,10000,384,1.03539060369515e-08,2.97955383893624e-116,1.03539060369515e-08
0.005,0.5,10000,385,1.5259856233524e-08,5.8817754512476e-117,1.5259856233524e-08
0.005,0.5,10000,386,2.23785764431119e-08,1.15529839796719e-117,2.23785764431119e-08
0.005,0.5,10000,387,3.26546563523569e-08,2.25791937072362e-118,3.26546563523569e-08
0.005,0.5,10000,388,4.74114663644769e-08,4.39087643124065e-119,4.74114663644769e-08
0.005,0.5,10000,389,6.84923925212553e-08,8.49615699314834e-120,6.84923925212553e-08
0.005,0.5,10000,390,9.8450323465533e-08,1.63577049286829e-120,9.8450323465533e-08
0.005,0.5,10000,391,1.40800148746114e-07,3.13365180645521e-121,1.40800148746114e-07
0.005,0.5,10000,392,2.00352905501928e-07,5.973207953882e-122,2.00352905501928e-07
0.005,0.5,10000,393,2.83654885031232e-07,1.13290386534533e-122,2.83654885031232e-07
0.005,0.5,10000,394,3.99560571007456e-07,2.13799659884256e-123,3.99560571007456e-07
0.005,0.5,10000,395,5.59974799717866e-07,4.01466663788791e-124,5.59974799717866e-07
0.005,0.5,10000,396,7.80807053548577e-07,7.5010229740193e-125,7.80807053548577e-07
0.005,0.5,10000,397,1.0831893218515e-06,1.39450485243838e-125,1.0831893218515e-06
0.005,0.5,10000,398,1.49501842553347e-06,2.5795745978158e-126,1.49501842553347e-06
0.005,0.5,10000,399,2.05289395620527e-06,4.7479340840575e-127,2.05289395620527e-06
0.005,0.5,10000,400,2.80453377209443e-06,8.69540466561184e-128,2.80453377209443e-06
0.005,0.5,15000,0,1.01994570476433e-07,1.35743815497526e-07,-3.37492450210932e-08
0.005,0.5,15000,1,1.36353792062658e-07,1.79906283199463e-07,-4.35524911368043e-08
0.005,0.5,15000,2,1.81662714627124e-07,2.37642964876786e-07,-5.5980250249662e-08
0.005,0.5,15000,3,2.41196800203075e-07,3.12864252926778e-07,-7.16674527237034e-08
0.005,0.5,15000,4,3.19141468116387e-07,4.1052468719474e-07,-9.13832190783529e-08
0.005,0.5,15000,5,4.20823245055091e-07,5.36877204954691e-07,-1.16053959899599e-07
0.005,0.5,15000,6,5.52993290150158e-07,6.99782379127255e-07,-1.46789088977097e-07
0.005,0.5,15000,7,7.24173409696988e-07,9.090826975242e-07,-1.84909287827213e-07
0.005,0.5,15000,8,9.45076171304522e-07,1.17705331046411e-06,-2.31977139159591e-07
0.005,0.5,15000,9,1.22911232742662e-06,1.51894212287532e-06,-2.89829795448701e-07
0.005,0.5,15000,10,1.59300043914686e-06,1.9536136030759e-06,-3.60613163929039e-07
0.005,0.5,15000,11,2.05749531768481e-06,2.50431218694694e-06,-4.46816869262137e-07
0.005,0.5,15000,12,2.64825362567361e-06,3.19956262496216e-06,-5.51308999288556e-07
0.005,0.5,15000,13,3.39685664072767e-06,4.07422598952765e-06,-6.77369348799987e-07
0.005,0.5,15000,14,4.34201170204734e-06,5.17073125641444e-06,-8.287195543671e-07
0.005,0.5,15000,15,5.53095514128415e-06,6.54050330699988e-06,-1.00954816571573e-06
0.005,0.5,15000,16,7.02108042780046e-06,8.24560876253002e-06,-1.22452833472957e-06
0.005,0.5,15000,17,8.88181570335976e-06,1.03606411373889e-05,-1.47882543402912e-06
0.005,0.5,15000,18,1.11967746915741e-05,1.2974866250664e-05,-1.77809155908989e-06
0.005,0.5,15000,19,1.40662039758084e-05,1.61946475165549e-05,-2.1284435407465e-06
0.005,0.5,15000,20,1.76097476643297e-05,2.01461684866251e-05,-2.5364208222954e-06
0.005,0.5,15000,21,2.19695473118945e-05,2.49784666764249e-05,-3.0089193645304e-06
0.005,0.5,15000,22,2.7313690446813e-05,3.08667881101844e-05,-3.55309766337135e-06
0.005,0.5,15000,23,3.38400149687274e-05,3.80162659998199e-05,-4.17625103109247e-06
0.005,0.5,15000,24,4.17802688535228e-05,4.66659193910863e-05,-4.88565053756352e-06
0.005,0.5,15000,25,5.14046148690531e-05,5.7092958335171e-05,-5.68834346611792e-06
0.005,0.5,15000,26,6.30264582445367e-05,6.96173710857592e-05,-6.59091284122258e-06
0.005,0.5,15000,27,7.70075613718636e-05,8.46067559310557e-05,-7.59919455919217e-06
0.005,0.5,15000,28,9.3763393636153e-05,0.000102481345555146,-8.71795191899332e-06
0.005,0.5,15000,29,0.000113768646441712,0.000123719155360005,-9.95050891829327e-06
0.005,0.5,15000,30,0.000137562823577734,0.000148861169126182,-1.1298345548448e-05
0.005,0.5,15000,31,0.00016575579552335,0.000178516455997304,-1.27606604739543e-05
0.005,0.5,15000,32,0.00019903318351222,0.000213367092394398,-1.43339088821782e-05
0.005,0.5,15000,33,0.000238161415681199,0.000254172741564406,-1.60113258832067e-05
0.005,0.5,15000,34,0.000283992274070323,0.000301774722621919,-1.77824485515956e-05
0.005,0.5,15000,35,0.000337466728413918,0.000357099380847855,-1.96326524339366e-05
0.005,0.5,15000,36,0.000399617831488219,0.000421160552468058,-2.15427209798393e-05
0.005,0.5,15000,37,0.000471572432301985,0.000495060901053186,-2.34884687512017e-05
0.005,0.5,15000,38,0.000554551448775038,0.000579991890046834,-2.54404412717964e-05
0.005,0.5,15000,39,0.000649868431957874,0.000677232147789594,-2.736371583172e-05
0.005,0.5,15000,40,0.000758926150549647,0.000788143978839906,-2.9217828290259e-05
0.005,0.5,15000,41,0.000883210928706399,0.000914167779467397,-3.09568507609977e-05
0.005,0.5,15000,42,0.00102428448306613,0.00105681412692836,-3.25296438622323e-05
0.005,0.5,15000,43,0.00118377302759786,0.00121765333244258,-3.38803048447165e-05
0.005,0.5,15000,44,0.00136335344816604,0.00139830227743827,-3.49488292722372e-05
0.005,0.5,15000,45,0.00156473639319301,0.00160040839217032,-3.56719989773131e-05
0.005,0.5,15000,46,0.00178964618278489,0.00182563068553361,-3.5984502748725e-05
0.005,0.5,15000,47,0.00203979750606218,0.00207561779475808,-3.58202886959046e-05
0.005,0.5,15000,48,0.00231686895467334,0.0023519830932881,-3.51141386147587e-05
0.005,0.5,15000,49,0.00262247352855452,0.00265627697371495,-3.38034451604296e-05
0.005,0.5,15000,50,0.00295812634641392,0.00298995650891281,-3.18301624988907e-05
0.005,0.5,15000,51,0.00332520989612875,0.0033543527868446,-2.91428907158576e-05
0.005,0.5,15000,52,0.00372493726670606,0.00375063631073082,-2.5699044024764e-05
0.005,0.5,15000,53,0.00415831391066631,0.00417978095386799,-2.1467043201686e-05
0.005,0.5,15000,54,0.00462609859024146,0.00464252705442387,-1.64284641824067e-05
0.005,0.5,15000,55,0.00512876425889545,0.00513934432679231,-1.05800678968596e-05
0.005,0.5,15000,56,0.00566645971742135,0.00567039534910652,-3.93563168517384e-06
0.005,0.5,15000,57,0.00623897295721403,0.00623550045771086,3.47249950317322e-06
0.005,0.5,15000,58,0.00684569715829896,0.00683410493520993,1.15922230890311e-05
0.005,0.5,15000,59,0.00748560034259664,0.00746524941572544,2.03509268712036e-05
0.005,0.5,15000,60,0.00815719969040631,0.00812754444606053,2.96552443457797e-05
0.005,0.5,15000,61,0.00885854150747164,0.00881915013190642,3.93913755652141e-05
0.005,0.5,15000,62,0.00958718777926539,0.00953776176192114,4.94260173442493e-05
0.005,0.5,15000,63,0.0103402101672092,0.0102806022380883,5.96079291209153e-05
0.005,0.5,15000,64,0.0111141921883559,0.0110444220476929,6.97701406629815e-05
0.005,0.5,15000,65,0.0119052401766418,0.0118255073909459,7.97327856959049e-05
0.005,0.5,15000,66,0.0127090034523514,0.0126196969301699,8.93065221814742e-05
0.005,0.5,15000,67,0.0135207039302729,0.0134224074539906,9.82964762822978e-05
0.005,0.5,15000,68,0.0143351751806364,0.0142286685566525,0.000106506623983923
0.005,0.5,15000,69,0.0151469107257786,0.0150331662228595,0.000113744502919148
0.005,0.5,15000,70,0.0159501211159532,0.015830294987777,0.000119826128176279
0.005,0.5,15000,71,0.0167387990868281,0.0166142181161014,0.0001245809707267
0.005,0.5,15000,72,0.0175067918664865,0.0173789350200422,0.000127856846444289
0.005,0.5,15000,73,0.0182478794788622,0.018118354920643,0.000129524558219261
0.005,0.5,15000,74,0.0189558576910824,0.0188263755571752,0.000129482133907177
0.005,0.5,15000,75,0.0196246240813646,0.0194969655722741,0.000127658509090453
0.005,0.5,15000,76,0.0202482655684395,0.0201242490525487,0.000124016515890855
0.005,0.5,15000,77,0.0208211456485078,0.0207025905913773,0.000118555057130511
0.005,0.5,15000,78,0.0213379895358397,0.0212266791673659,0.000111310368473734
0.005,0.5,15000,79,0.0217939654012464,0.0216916091021973,0.000102356299049099
0.005,0.5,15000,80,0.022184759950162,0.0220929563777196,9.1803572442456e-05
0.005,0.5,15000,81,0.0225066466787055,0.0224268486550083,7.97980236972341e-05
0.005,0.5,15000,82,0.0227565452898862,0.0226900274471478,6.65178427383603e-05
0.005,0.5,15000,83,0.0229320709394672,0.0228799010504167,5.21698890504803e-05
0.005,0.5,15000,84,0.0230315722067778,0.022994587031693,3.69851750848596e-05
0.005,0.5,15000,85,0.0230541569434666,0.023032943298089,2.12136453775352e-05
0.005,0.5,15000,86,0.0229997054351956,0.022994587031693,5.11840350263248e-06
0.005,0.5,15000,87,0.0228688706091028,0.0228799010504167,-1.10304413139459e-05
0.005,0.5,15000,88,0.0226630653244994,0.0226900274471478,-2.6962122648494e-05
0.005,0.5,15000,89,0.0223844370864883,0.0224268486550083,-4.24115685199698e-05
0.005,0.5,15000,90,0.0220358308129138,0.0220929563777196,-5.71255648058148e-05
0.005,0.5,15000,91,0.0216207405556576,0.0216916091021973,-7.08685465396278e-05
0.005,0.5,15000,92,0.0211432513199596,0.0212266791673659,-8.34278474063817e-05
0.005,0.5,15000,93,0.0206079723333646,0.0207025905913773,-9.461825801272e-05
0.005,0.5,15000,94,0.020019963283623,0.0201242490525487,-0.000104285768925644
0.005,0.5,15000,95,0.0193846551683182,0.0194969655722741,-0.000112310403955915
0.005,0.5,15000,96,0.0187077674757382,0.0188263755571752,-0.000118608081437006
0.005,0.5,15000,97,0.0179952234456526,0.018118354920643,-0.000123131474990417
0.005,0.5,15000,98,0.0172530651409647,0.0173789350200422,-0.000125869879077475
0.005,0.5,15000,99,0.0164873699989063,0.0166142181161014,-0.000126848117195179
0.005,0.5,15000,100,0.0157041704271509,0.015830294987777,-0.00012612456062604
0.005,0.5,15000,101,0.0149093778707442,0.0150331662228595,-0.000123788352115245
0.005,0.5,15000,102,0.0141087126058308,0.0142286685566525,-0.000119955950821633
0.005,0.5,15000,103,0.0133076403222775,0.0134224074539906,-0.000114767131713123
0.005,0.5,15000,104,0.012511316346347,0.0126196969301699,-0.000108380583822941
0.005,0.5,15000,105,0.011724538133646,0.0118255073909459,-0.000100969257299868
0.005,0.5,15000,106,0.0109517064386423,0.0110444220476929,-9.27156090506209e-05
0.005,0.5,15000,107,0.0101967953467725,0.0102806022380883,-8.38068913157318e-05
0.005,0.5,15000,108,0.00946333114465851,0.00953776176192114,-7.44306172626302e-05
0.005,0.5,15000,109,0.00875437980858795,0.00881915013190642,-6.47703233184749e-05
0.005,0.5,15000,110,0.00807254271573588,0.00812754444606053,-5.50017303246504e-05
0.005,0.5,15000,111,0.0074199600301483,0.00746524941572544,-4.52893855771375e-05
0.005,0.5,15000,112,0.00679832108884639,0.00683410493520993,-3.57838463635428e-05
0.005,0.5,15000,113,0.00620888101406216,0.00623550045771086,-2.66194436487014e-05
0.005,0.5,15000,114,0.00565248270613076,0.00567039534910652,-1.79126429757683e-05
0.005,0.5,15000,115,0.00512958332755674,0.00513934432679231,-9.76099923556337e-06
0.005,0.5,15000,116,0.00464028437103196,0.00464252705442387,-2.24268339191029e-06
0.005,0.5,15000,117,0.00418436441078605,0.00417978095386799,4.58345691806052e-06
0.005,0.5,15000,118,0.00376131366509326,0.00375063631073082,1.06773543624393e-05
0.005,0.5,15000,119,0.00337036954510106,0.0033543527868446,1.60167582564522e-05
0.005,0.5,15000,120,0.00301055242815402,0.00298995650891281,2.05959192412122e-05
0.005,0.5,15000,121,0.00268070096907271,0.00265627697371495,2.44239953577632e-05
0.005,0.5,15000,122,0.00237950634700765,0.0023519830932881,2.75232537195456e-05
0.005,0.5,15000,123,0.00210554493521189,0.00207561779475808,2.99271404538043e-05
0.005,0.5,15000,124,0.00185730897325317,0.00182563068553361,3.16782877195605e-05
0.005,0.5,15000,125,0.00163323491298777,0.00160040839217032,3.28265208174514e-05
0.005,0.5,15000,126,0.00143172919855984,0.00139830227743827,3.34269211215695e-05
0.005,0.5,15000,127,0.00125119132467205,0.00121765333244258,3.35379922294682e-05
0.005,0.5,15000,128,0.00109003409470817,0.00105681412692836,3.32199677798128e-05
0.005,0.5,15000,129,0.000946701069701456,0.000914167779467397,3.25332902340593e-05
0.005,0.5,15000,130,0.000819681259764228,0.000788143978839906,3.15372809243226e-05
0.005,0.5,15000,131,0.000707521160936101,0.000677232147789594,3.0289013146507e-05
0.005,0.5,15000,132,0.000608834282325366,0.000579991890046834,2.88423922785322e-05
0.005,0.5,15000,133,0.000522308341072097,0.000495060901053186,2.72474400189111e-05
0.005,0.5,15000,134,0.000446710326467423,0.000421160552468058,2.55497739993646e-05
0.005,0.5,15000,135,0.000380889650143502,0.000357099380847855,2.37902692956467e-05
0.005,0.5,15000,136,0.000323779607380608,0.000301774722621919,2.20048847586887e-05
0.005,0.5,15000,137,0.000274397376146585,0.000254172741564406,2.02246345821793e-05
0.005,0.5,15000,138,0.000231842776436717,0.000213367092394398,1.84756840423191e-05
0.005,0.5,15000,139,0.000195296003788107,0.000178516455997304,1.67795477908027e-05
0.005,0.5,15000,140,0.000164014538457755,0.000148861169126182,1.51533693315732e-05
0.005,0.5,15000,141,0.000137329416591434,0.000123719155360005,1.36102612314284e-05
0.005,0.5,15000,142,0.000114641032619985,0.000102481345555146,1.21596870648382e-05
0.005,0.5,15000,143,9.54146238675712e-05,8.46067559310557e-05,1.08078679365154e-05
0.005,0.5,15000,144,7.91755696165047e-05,6.96173710857592e-05,9.55819853074552e-06
0.005,0.5,15000,145,6.55046182200893e-05,5.7092958335171e-05,8.41165988491833e-06
0.005,0.5,15000,146,5.40331377624197e-05,4.66659193910863e-05,7.36721837133336e-06
0.005,0.5,15000,147,4.44384686076132e-05,3.80162659998199e-05,6.42220260779334e-06
0.005,0.5,15000,148,3.64394402428711e-05,3.08667881101844e-05,5.57265213268675e-06
0.005,0.5,15000,149,2.97921002966733e-05,2.49784666764249e-05,4.81363362024843e-06
0.005,0.5,15000,150,2.42856906256259e-05,2.01461684866251e-05,4.13952213900079e-06
0.005,0.5,15000,151,1.97388939650168e-05,1.61946475165549e-05,3.54424644846189e-06
0.005,0.5,15000,152,1.59963648273781e-05,1.2974866250664e-05,3.02149857671409e-06
0.005,0.5,15000,153,1.29255500635022e-05,1.03606411373889e-05,2.56490892611331e-06
0.005,0.5,15000,154,1.04137976895226e-05,8.24560876253002e-06,2.16818892699255e-06
0.005,0.5,15000,155,8.36574712418291e-06,6.54050330699988e-06,1.82524381718303e-06
0.005,0.5,15000,156,6.70098974724216e-06,5.17073125641444e-06,1.53025849082772e-06
0.005,0.5,15000,157,5.3519855480218e-06,4.07422598952765e-06,1.27775955849414e-06
0.005,0.5,15000,158,4.2622194434862e-06,3.19956262496216e-06,1.06265681852404e-06
0.005,0.5,15000,159,3.38457947031642e-06,2.50431218694694e-06,8.80267283369471e-07
0.005,0.5,15000,160,2.67993836281791e-06,1.9536136030759e-06,7.26324759742013e-07
0.005,0.5,15000,161,2.11591989408766e-06,1.51894212287532e-06,5.96977771212343e-07
0.005,0.5,15000,162,1.66583166792336e-06,1.17705331046411e-06,4.88778357459243e-07
0.005,0.5,15000,163,1.30774670142359e-06,9.090826975242e-07,3.98664003899391e-07
0.005,0.5,15000,164,1.02371704335087e-06,6.99782379127255e-07,3.23934664223618e-07
0.005,0.5,15000,165,7.99103753753806e-07,5.36877204954691e-07,2.62226548799116e-07
0.005,0.5,15000,166,6.22008760766497e-07,4.1052468719474e-07,2.11484073571757e-07
0.005,0.5,15000,167,4.827953570011e-07,3.12864252926778e-07,1.69931104074322e-07
0.005,0.5,15000,168,3.73685357084662e-07,2.37642964876786e-07,1.36042392207876e-07
0.005,0.5,15000,169,2.88422175667151e-07,1.79906283199463e-07,1.08515892467689e-07
0.005,0.5,15000,170,2.21990275968542e-07,1.35743815497526e-07,8.62464604710162e-08
0.005,0.5,15000,171,1.70382564150436e-07,1.0208128418984e-07,6.8301279960596e-08
0.005,0.5,15000,172,1.30408352081675e-07,7.65111182148187e-08,5.38972338668562e-08
0.005,0.5,15000,173,9.95354730352465e-08,5.71551442747899e-08,4.23803287604566e-08
0.005,0.5,15000,174,7.57610081863647e-08,4.25538102987524e-08,3.32071978876123e-08
0.005,0.5,15000,175,5.7505866353406e-08,3.15772229006846e-08,2.59286434527214e-08
0.005,0.5,15000,176,4.35291575391176e-08,2.33540262520932e-08,2.01751312870244e-08
0.005,0.5,15000,177,3.28589165663966e-08,1.72147986365735e-08,1.56441179298231e-08
0.005,0.5,15000,178,2.47362717561899e-08,1.26472027774999e-08,1.208906897869e-08
0.005,0.5,15000,179,1.85706212211004e-08,9.26060517085713e-09,9.31001605024328e-09
0.005,0.5,15000,180,1.39037823966447e-08,6.75828662269004e-09,7.14549577395465e-09
0.005,0.5,15000,181,1.03814254573029e-08,4.91570934866613e-09,5.46571610863672e-09
0.005,0.5,15000,182,7.73039470706624e-09,3.56359333565593e-09,4.16680137141031e-09
0.005,0.5,15000,183,5.74077006140917e-09,2.574793662268e-09,3.16597639914116e-09
0.005,0.5,15000,184,4.25172913369227e-09,1.85416797865579e-09,2.39756115503648e-09
0.005,0.5,15000,185,3.14044453597367e-09,1.33078554038399e-09,1.80965899558968e-09
0.005,0.5,15000,186,2.31339564512064e-09,9.51961581803941e-10,1.3614340633167e-09
0.005,0.5,15000,187,1.699593612472e-09,6.78708240612358e-10,1.02088537185964e-09
0.005,0.5,15000,188,1.24531665825862e-09,4.822799134211e-10,7.63036744837519e-10
0.005,0.5,15000,189,9.10033067238368e-10,3.41560450753512e-10,5.68472616484856e-10
0.005,0.5,15000,190,6.6325472383154e-10,2.41095072016669e-10,4.22159651814871e-10
0.005,0.5,15000,191,4.82117021134081e-10,1.69613900200564e-10,3.12503120933517e-10
0.005,0.5,15000,192,3.49523708328915e-10,1.18928762419664e-10,2.3059494590925e-10
0.005,0.5,15000,193,2.52729536661235e-10,8.31121869712547e-11,1.6961734968998e-10
0.005,0.5,15000,194,1.82260967206456e-10,5.78888434062992e-11,1.24372123800157e-10
0.005,0.5,15000,195,1.31097003490022e-10,4.01862412158526e-11,9.09107622741693e-11
0.005,0.5,15000,196,9.40494798064326e-11,2.78043183620028e-11,6.62451614444299e-11
0.005,0.5,15000,197,6.72957562768082e-11,1.91734148965682e-11,4.81223413802399e-11
0.005,0.5,15000,198,4.80274702075612e-11,1.31776824962225e-11,3.48497877113388e-11
0.005,0.5,15000,199,3.41873625867997e-11,9.02674055944126e-12,2.51606220273585e-11
0.005,0.5,15000,200,2.42727193807216e-11,6.16275968927937e-12,1.81099596914423e-11
0.005,0.5,15000,201,1.71890278007562e-11,4.19345375134614e-12,1.299557404941e-11
0.005,0.5,15000,202,1.21413596052865e-11,2.8439426469237e-12,9.29741695836278e-12
0.005,0.5,15000,203,8.55400584139054e-12,1.92230440774751e-12,6.63170143364303e-12
0.005,0.5,15000,204,6.01119826129316e-12,1.29501810885961e-12,4.71618015243355e-12
0.005,0.5,15000,205,4.21351868101431e-12,8.69524599010376e-13,3.34399408200393e-12
0.005,0.5,15000,206,2.94594222208217e-12,5.81889145366933e-13,2.36405307671523e-12
0.005,0.5,15000,207,2.05448047289274e-12,3.8810656645e-13,1.66637390644274e-12
0.005,0.5,15000,208,1.42916166810834e-12,2.57996656201393e-13,1.17116501190694e-12
0.005,0.5,15000,209,9.91665720696921e-13,1.70934417186217e-13,8.20731303510705e-13
0.005,0.5,15000,210,6.86367780745845e-13,1.12874881026889e-13,5.73492899718957e-13
0.005,0.5,15000,211,4.73869943097124e-13,7.42877914813311e-14,3.99582151615793e-13
0.005,0.5,15000,212,3.2634364341162e-13,4.87292739701132e-14,2.77614369441507e-13
0.005,0.5,15000,213,2.24185697579629e-13,3.18577269729743e-14,1.92327970606655e-13
0.005,0.5,15000,214,1.53624477664857e-13,2.07583095006584e-14,1.32866168164199e-13
0.005,0.5,15000,215,1.05011225130592e-13,1.34809820837941e-14,9.15302430467974e-14
0.005,0.5,15000,216,7.16039253413446e-14,8.72576338035198e-15,6.28781619609926e-14
0.005,0.5,15000,217,4.87042366662042e-14,5.6290834105547e-15,4.30751532556495e-14
0.005,0.5,15000,218,3.30467270635446e-14,3.61929754154691e-15,2.94274295219977e-14
0.005,0.5,15000,219,2.23678870126476e-14,2.31933372680735e-15,2.00485532858402e-14
0.005,0.5,15000,220,1.51028617423679e-14,1.48133931981137e-15,1.36215224225565e-14
0.005,0.5,15000,221,1.01726544322391e-14,9.42970724132959e-16,9.22968370810611e-15
0.005,0.5,15000,222,6.83522897100901e-15,5.98265859760826e-16,6.23696311124818e-15
0.005,0.5,15000,223,4.58161444839695e-15,3.78305436861148e-16,4.20330901153581e-15
0.005,0.5,15000,224,3.06361133222474e-15,2.38420336745486e-16,2.82519099547925e-15
0.005,0.5,15000,225,2.04362592014849e-15,1.49760183300976e-16,1.89386573684751e-15
0.005,0.5,15000,226,1.35995547614489e-15,9.37565850915293e-17,1.26619889105336e-15
0.005,0.5,15000,227,9.02831012691757e-16,5.85004962257554e-17,8.44330516466002e-16
0.005,0.5,15000,228,5.97929072094144e-16,3.63805843985858e-17,5.61548487695558e-16
0.005,0.5,15000,229,3.9505468580631e-16,2.25492521960258e-17,3.72505433610284e-16
0.005,0.5,15000,230,2.60394632856644e-16,1.39298669538356e-17,2.46464765902809e-16
0.005,0.5,15000,231,1.71228878867403e-16,8.57658003477606e-18,1.62652298832627e-16
0.005,0.5,15000,232,1.12329822842704e-16,5.26300366825126e-18,1.07066819174453e-16
0.005,0.5,15000,233,7.3517225119118e-17,3.21888567723876e-18,7.02983394418792e-17
0.005,0.5,15000,234,4.80022946613177e-17,1.96213906275753e-18,4.60401555985602e-17
0.005,0.5,15000,235,3.12691899702419e-17,1.19208264984775e-18,3.00771073203941e-17
0.005,0.5,15000,236,2.03215053998295e-17,7.21830621907899e-19,1.95996747779216e-17
0.005,0.5,15000,237,1.31759701489449e-17,4.35628804835384e-19,1.27403413441095e-17
0.005,0.5,15000,238,8.5231408399328e-18,2.62029523451544e-19,8.26111131648126e-18
0.005,0.5,15000,239,5.50059811608401e-18,1.57085542817286e-19,5.34351257326673e-18
0.005,0.5,15000,240,3.54173609530667e-18,9.38587052392566e-20,3.44787739006741e-18
0.005,0.5,15000,241,2.27520925524735e-18,5.58940079630976e-20,2.21931524728425e-18
0.005,0.5,15000,242,1.45823724961675e-18,3.31747988094044e-20,1.42506245080735e-18
0.005,0.5,15000,243,9.32480038380629e-19,1.96247301974929e-20,9.12855308183136e-19
0.005,0.5,15000,244,5.94919528835672e-19,1.15704817979817e-20,5.8334904703769e-19
0.005,0.5,15000,245,3.78692790424427e-19,6.79910180308118e-21,3.71893688621346e-19
0.005,0.5,15000,246,2.40507583793379e-19,3.98202512663273e-21,2.36525558666746e-19
0.005,0.5,15000,247,1.52400442665446e-19,2.32438893849348e-21,1.50076053726953e-19
0.005,0.5,15000,248,9.63523202156474e-20,1.3522779160102e-21,9.50000422996372e-20
0.005,0.5,15000,249,6.07798178201862e-20,7.84107238390443e-22,5.99957105817958e-20
0.005,0.5,15000,250,3.82543338450039e-20,4.53145135380895e-22,3.7801188709623e-20
0.005,0.5,15000,251,2.40230797302486e-20,2.61006626178535e-22,2.37620731040701e-20
0.005,0.5,15000,252,1.50524176435538e-20,1.49836664077564e-22,1.49025809794762e-20
0.005,0.5,15000,253,9.41057402608911e-21,8.57308263240459e-23,9.32484319976506e-21
0.005,0.5,15000,254,5.87030926729172e-21,4.88886759822292e-23,5.82142059130949e-21
0.005,0.5,15000,255,3.65379000842126e-21,2.77863750560417e-23,3.62600363336522e-21
0.005,0.5,15000,256,2.26916793125177e-21,1.5740113617004e-23,2.25342781763476e-21
0.005,0.5,15000,257,1.40615388276217e-21,8.88661129024419e-24,1.39726727147193e-21
0.005,0.5,15000,258,8.69450622920892e-22,5.00053944021526e-24,8.64450083480677e-22
0.005,0.5,15000,259,5.36420722460883e-22,2.80446407839375e-24,5.33616258382489e-22
0.005,0.5,15000,260,3.30230669619406e-22,1.56760001146593e-24,3.2866306960794e-22
0.005,0.5,15000,261,2.028538121172e-22,8.73319155364498e-25,2.01980492961835e-22
0.005,0.5,15000,262,1.24338469979966e-22,4.84912149901243e-25,1.23853557830064e-22
0.005,0.5,15000,263,7.60478779750554e-23,2.68352408456608e-25,7.57795255665988e-23
0.005,0.5,15000,264,4.64120303434075e-23,1.48013142965139e-25,4.62640172004423e-23
0.005,0.5,15000,265,2.82643214334242e-23,8.13668335967104e-26,2.81829545998275e-23
0.005,0.5,15000,266,1.71756713640971e-23,4.4580701948033e-26,1.71310906621491e-23
0.005,0.5,15000,267,1.04149854669466e-23,2.4344381255468e-26,1.03906410856911e-23
0.005,0.5,15000,268,6.30196548343654e-24,1.32496049952216e-26,6.28871587844132e-24
0.005,0.5,15000,269,3.80512025471682e-24,7.18719574171361e-27,3.79793305897511e-24
0.005,0.5,15000,270,2.29265321147479e-24,3.88569194056338e-27,2.28876751953422e-24
0.005,0.5,15000,271,1.37844218946612e-24,2.09377308103097e-27,1.37634841638509e-24
0.005,0.5,15000,272,8.2703052140204e-25,1.124457923372e-27,8.25906063478668e-25
0.005,0.5,15000,273,4.95153536319412e-25,6.01878954373595e-28,4.94551657365038e-25
0.005,0.5,15000,274,2.95832693224916e-25,3.21090501422308e-28,2.95511602723494e-25
0.005,0.5,15000,275,1.76377402801509e-25,1.70725388873542e-28,1.76206677412635e-25
0.005,0.5,15000,276,1.04937995451021e-25,9.04734423209069e-29,1.048475220087e-25
0.005,0.5,15000,277,6.23043218584365e-26,4.77855369425359e-29,6.2256536321494e-26
0.005,0.5,15000,278,3.69149012306063e-26,2.51549916656129e-29,3.68897462389407e-26
0.005,0.5,15000,279,2.18265914481308e-26,1.31978818739506e-29,2.18133935662568e-26
0.005,0.5,15000,280,1.28787399685415e-26,6.90139123326609e-30,1.28718385773083e-26
0.005,0.5,15000,281,7.58344910661097e-27,3.59684241135883e-30,7.57985226419961e-27
0.005,0.5,15000,282,4.45624699558262e-27,1.8683512409568e-30,4.45437864434166e-27
0.005,0.5,15000,283,2.61327650940661e-27,9.67270607181021e-31,2.61230923879943e-27
0.005,0.5,15000,284,1.52941154660311e-27,4.99102572931269e-31,1.52891244403018e-27
0.005,0.5,15000,285,8.9332798659367e-28,2.56675240868819e-31,8.93071311352801e-28
0.005,0.5,15000,286,5.20859168289204e-28,1.31562009850879e-31,5.20727606279353e-28
0.005,0.5,15000,287,3.03314310285304e-28,6.72093000533128e-32,3.03247100985251e-28
0.005,0.5,15000,288,1.76728525249545e-28,3.42200466466831e-32,1.76694305202899e-28
0.005,0.5,15000,289,1.03625358653837e-28,1.73653752977326e-32,1.03607993278539e-28
0.005,0.5,15000,290,6.22588793284149e-29,8.78294375972461e-33,6.22500963846552e-29
0.005,0.5,15000,291,4.0346875751645e-29,4.42739613618235e-33,4.03424483555088e-29
0.005,0.5,15000,292,3.15497076238989e-29,2.22438016275458e-33,3.15474832437361e-29
0.005,0.5,15000,293,3.37238652179626e-29,1.11383791376312e-33,3.37227513800488e-29
0.005,0.5,15000,294,4.84975952377822e-29,5.55888041956247e-34,4.84970393497402e-29
0.005,0.5,15000,295,8.21261343473013e-29,2.76506292185911e-34,8.21258578410092e-29
0.005,0.5,15000,296,1.48011386826425e-28,1.37080303437854e-34,1.48011249746122e-28
0.005,0.5,15000,297,2.71855261204953e-28,6.77325532902775e-35,2.71855193472399e-28
0.005,0.5,15000,298,5.01356843483807e-28,3.33558636085334e-35,5.01356810127944e-28
0.005,0.5,15000,299,9.23986133532466e-28,1.63719075304855e-35,9.23986117160558e-28
0.005,0.5,15000,300,1.69922989488989e-27,8.00900801897245e-36,1.69922988688088e-27
0.005,0.5,15000,301,3.11678563671913e-27,3.90490547656258e-36,3.11678563281423e-27
0.005,0.5,15000,302,5.70119444344731e-27,1.89755631920229e-36,5.70119444154975e-27
0.005,0.5,15000,303,1.03993648277675e-26,9.19033146366177e-37,1.03993648268485e-26
0.005,0.5,15000,304,1.89156222266218e-26,4.43629101451129e-37,1.89156222261782e-26
0.005,0.5,15000,305,3.4308528854895e-26,2.13432834265249e-37,3.43085288546815e-26
0.005,0.5,15000,306,6.20507770056687e-26,1.02342209154671e-37,6.20507770055664e-26
0.005,0.5,15000,307,1.11905753509695e-25,4.89103414753438e-38,1.11905753509646e-25
0.005,0.5,15000,308,2.01239945741322e-25,2.32969439160621e-38,2.01239945741298e-25
0.005,0.5,15000,309,3.60851996435587e-25,1.10598583607311e-38,3.60851996435576e-25
0.005,0.5,15000,310,6.45199104285291e-25,5.23302160629016e-39,6.45199104285285e-25
0.005,0.5,15000,311,1.15028301741205e-24,2.46778796724888e-39,1.15028301741205e-24
0.005,0.5,15000,312,2.04483637461843e-24,1.15988653951128e-39,2.04483637461843e-24
0.005,0.5,15000,313,3.62453182385338e-24,5.43344814133844e-40,3.62453182385338e-24
0.005,0.5,15000,314,6.40591806749472e-24,2.53680973706983e-40,6.40591806749472e-24
0.005,0.5,15000,315,1.1288690388026e-23,1.18046364708462e-40,1.1288690388026e-23
0.005,0.5,15000,316,1.9835131486074e-23,5.47481804972335e-41,1.9835131486074e-23
0.005,0.5,15000,317,3.47498210370689e-23,2.5306909685651e-41,3.47498210370689e-23
0.005,0.5,15000,318,6.07005550836099e-23,1.16589889775787e-41,6.07005550836099e-23
0.005,0.5,15000,319,1.05718744667679e-22,5.35346564456444e-42,1.05718744667679e-22
0.005,0.5,15000,320,1.83580787658119e-22,2.4499741379214e-42,1.83580787658119e-22
0.005,0.5,15000,321,3.17844731348485e-22,1.11748147317124e-42,3.17844731348485e-22
0.005,0.5,15000,322,5.48671031586171e-22,5.08009127125361e-43,5.48671031586171e-22
0.005,0.5,15000,323,9.44310787426008e-22,2.30173356178585e-43,9.44310787426008e-22
0.005,0.5,15000,324,1.62039339864394e-21,1.03941968429403e-43,1.62039339864394e-21
0.005,0.5,15000,325,2.77220455993429e-21,4.67820421339356e-44,2.77220455993429e-21
0.005,0.5,15000,326,4.72852931679621e-21,2.0985521499407e-44,4.72852931679621e-21
0.005,0.5,15000,327,8.04117703722474e-21,9.3823732949366e-45,8.04117703722474e-21
0.005,0.5,15000,328,1.36333511111609e-20,4.18078661483513e-45,1.36333511111609e-20
0.005,0.5,15000,329,2.30447402843464e-20,1.85675946938479e-45,2.30447402843464e-20
0.005,0.5,15000,330,3.88350595665114e-20,8.21874762600305e-46,3.88350595665114e-20
0.005,0.5,15000,331,6.52462959954291e-20,3.62583463953546e-46,6.52462959954291e-20
0.005,0.5,15000,332,1.0928593179323e-19,1.59427301207024e-46,1.0928593179323e-19
0.005,0.5,15000,333,1.82492896372335e-19,6.98666221431681e-47,1.82492896372335e-19
0.005,0.5,15000,334,3.03807006265478e-19,3.05161085441843e-47,3.03807006265478e-19
0.005,0.5,15000,335,5.04215911908425e-19,1.32843682774401e-47,5.04215911908425e-19
0.005,0.5,15000,336,8.34255517835394e-19,5.76374839753925e-48,8.34255517835394e-19
0.005,0.5,15000,337,1.37607549620337e-18,2.49242141353035e-48,1.37607549620337e-18
0.005,0.5,15000,338,2.26278315416844e-18,1.07421270574016e-48,2.26278315416844e-18
0.005,0.5,15000,339,3.709351583715e-18,4.61435972034154e-49,3.709351583715e-18
0.005,0.5,15000,340,6.06183832529502e-18,1.97553606368649e-49,6.06183832529502e-18
0.005,0.5,15000,341,9.87549572061686e-18,8.42967494958982e-50,9.87549572061686e-18
0.005,0.5,15000,342,1.60383099426451e-17,3.5849990623479e-50,1.60383099426451e-17
0.005,0.5,15000,343,2.59657213629029e-17,1.51956616927589e-50,2.59657213629029e-17
0.005,0.5,15000,344,4.19064861414877e-17,6.41951972360955e-51,4.19064861414877e-17
0.005,0.5,15000,345,6.74214601935616e-17,2.70294874674749e-51,6.74214601935616e-17
0.005,0.5,15000,346,1.08130477824654e-16,1.13429347958673e-51,1.08130477824654e-16
0.005,0.5,15000,347,1.72873401676672e-16,4.74422646876331e-52,1.72873401676672e-16
0.005,0.5,15000,348,2.75508731885998e-16,1.97768782758091e-52,2.75508731885998e-16
0.005,0.5,15000,349,4.37690135564201e-16,8.21679440667983e-53,4.37690135564201e-16
0.005,0.5,15000,350,6.9313756785919e-16,3.40251032980661e-53,6.9313756785919e-16
0.005,0.5,15000,351,1.09418438803276e-15,1.40426423783957e-53,1.09418438803276e-15
0.005,0.5,15000,352,1.72177784717069e-15,5.77631104340537e-54,1.72177784717069e-15
0.005,0.5,15000,353,2.700700315059e-15,2.36812519344812e-54,2.700700315059e-15
0.005,0.5,15000,354,4.22265427493544e-15,9.6763394857572e-55,4.22265427493544e-15
0.005,0.5,15000,355,6.58114869383961e-15,3.94066836275231e-55,6.58114869383961e-15
0.005,0.5,15000,356,1.02240307717124e-14,1.59948815905031e-55,1.02240307717124e-14
0.005,0.5,15000,357,1.58323033442241e-14,6.47059955062168e-56,1.58323033442241e-14
0.005,0.5,15000,358,2.44379534538283e-14,2.60891763772476e-56,2.44379534538283e-14
0.005,0.5,15000,359,3.75994621248832e-14,1.04840375118192e-56,3.75994621248832e-14
0.005,0.5,15000,360,5.76622806049881e-14,4.19903133204337e-57,5.76622806049881e-14
0.005,0.5,15000,361,8.81439936219206e-14,1.67618525527964e-57,8.81439936219206e-14
0.005,0.5,15000,362,1.34301766308822e-13,6.6687934829745e-58,1.34301766308822e-13
0.005,0.5,15000,363,2.03965263555682e-13,2.64438614332191e-58,2.03965263555682e-13
0.005,0.5,15000,364,3.08754717965181e-13,1.0450927350163e-58,3.08754717965181e-13
0.005,0.5,15000,365,4.65855627597268e-13,4.11658546639612e-59,4.65855627597268e-13
0.005,0.5,15000,366,7.00594809819904e-13,1.61611326835959e-59,7.00594809819904e-13
0.005,0.5,15000,367,1.05016565947123e-12,6.3235186971759e-60,1.05016565947123e-12
0.005,0.5,15000,368,1.56899502816858e-12,2.46602894534094e-60,1.56899502816858e-12
0.005,0.5,15000,369,2.3364459475505e-12,9.58495072306397e-61,2.3364459475505e-12
0.005,0.5,15000,370,3.46783090805999e-12,3.71307695981094e-61,3.46783090805999e-12
0.005,0.5,15000,371,5.13009855812662e-12,1.43360784496571e-61,5.13009855812662e-12
0.005,0.5,15000,372,7.56409147543444e-12,5.51669709269221e-62,7.56409147543444e-12
0.005,0.5,15000,373,1.1116006214138e-11,2.11582751304239e-62,1.1116006214138e-11
0.005,0.5,15000,374,1.62816885289498e-11,8.0878620175295e-63,1.62816885289498e-11
0.005,0.5,15000,375,2.37687583671456e-11,3.08133955048863e-63,2.37687583671456e-11
0.005,0.5,15000,376,3.4583401845506e-11,1.17003198739772e-63,3.4583401845506e-11
0.005,0.5,15000,377,5.0151149376857e-11,4.42800664011469e-64,5.0151149376857e-11
0.005,0.5,15000,378,7.24842866488627e-11,1.67021024617811e-64,7.24842866488627e-11
0.005,0.5,15000,379,1.04412985389707e-10,6.27894061317372e-65,1.04412985389707e-10
0.005,0.5,15000,380,1.49903137656785e-10,2.35263177882803e-65,1.49903137656785e-10
0.005,0.5,15000,381,2.14491670840756e-10,8.78564992752149e-66,2.14491670840756e-10
0.005,0.5,15000,382,3.05880370472581e-10,3.26998816970126e-66,3.05880370472581e-10
0.005,0.5,15000,383,4.34742651841486e-10,1.2130279847734e-66,4.34742651841486e-10
0.005,0.5,15000,384,6.15815188029812e-10,4.48484884858759e-67,6.15815188029812e-10
0.005,0.5,15000,385,8.6936892987916e-10,1.65263578708243e-67,8.6936892987916e-10
0.005,0.5,15000,386,1.2231832161746e-09,6.06958289196998e-68,1.2231832161746e-09
0.005,0.5,15000,387,1.71518405959461e-09,2.22173825310386e-68,1.71518405959461e-09
0.005,0.5,15000,388,2.39695536868767e-09,8.10549029332023e-69,2.39695536868767e-09
0.005,0.5,15000,389,3.33839232749561e-09,2.94725721251787e-69,3.33839232749561e-09
0.005,0.5,15000,390,4.63384240535602e-09,1.06809317515782e-69,4.63384240535602e-09
0.005,0.5,15000,391,6.41017508685418e-09,3.85791444812762e-70,6.41017508685418e-09
0.005,0.5,15000,392,8.83734061750499e-09,1.38882778663814e-70,8.83734061750499e-09
0.005,0.5,15000,393,1.21421257880292e-08,4.98306500903346e-71,1.21421257880292e-08
0.005,0.5,15000,394,1.66259967331785e-08,1.78195634687331e-71,1.66259967331785e-08
0.005,0.5,15000,395,2.26881414186039e-08,6.35111417645284e-72,2.26881414186039e-08
0.005,0.5,15000,396,3.08550952852572e-08,2.2560833037425e-72,3.08550952852572e-08
0.005,0.5,15000,397,4.18186605923681e-08,7.98753353422248e-73,4.18186605923681e-08
0.005,0.5,15000,398,5.64842222900918e-08,2.81852965874226e-73,5.64842222900918e-08
0.005,0.5,15000,399,7.60320303539626e-08,9.91253823654121e-74,7.60320303539626e-08
0.005,0.5,15000,400,1.01994570476433e-07,3.47455742441981e-74,1.01994570476433e-07
0.005,0.5,20000,0,3.76590954123543e-09,5.38488002127164e-09,-1.61897048003621e-09
0.005,0.5,20000,1,4.99312295676375e-09,7.08050356508059e-09,-2.08738060831684e-09
0.005,0.5,20000,2,6.60320845955402e-09,9.28680922277647e-09,-2.68360076322244e-09
0.005,0.5,20000,3,8.70998632615485e-09,1.21501927054027e-08,-3.4402063792478e-09
0.005,0.5,20000,4,1.14593246040509e-08,1.58567460835799e-08,-4.39742147952901e-09
0.005,0.5,20000,5,1.50376175626072e-08,2.064235494315e-08,-5.60473738054277e-09
0.005,0.5,20000,6,1.96823483745317e-08,2.68051767234881e-08,-7.12282834895646e-09
0.005,0.5,20000,7,2.56952042981468e-08,3.47210117692768e-08,-9.02580747112992e-09
0.005,0.5,20000,8,3.34583062041915e-08,4.48621758119166e-08,-1.14038696077251e-08
0.005,0.5,20000,9,4.34542236455954e-08,5.78205951789891e-08,-1.43663715333937e-08
0.005,0.5,20000,10,5.62905737653463e-08,7.43359757367149e-08,-1.80454019713686e-08
0.005,0.5,20000,11,7.2730149212936e-08,9.53300451561405e-08,-2.25998959432046e-08
0.005,0.5,20000,12,9.37276889634219e-08,1.21948037294668e-07,-2.82203483312459e-08
0.005,0.5,20000,13,1.20474598549495e-07,1.55608778957447e-07,-3.51341804079515e-08
0.005,0.5,20000,14,1.54453144671632e-07,1.98064954551604e-07,-4.36118098799714e-08
0.005,0.5,20000,15,1.9750189519827e-07,2.51475364429622e-07,-5.39734692313521e-08
0.005,0.5,20000,16,2.51894450656069e-07,3.18491258943355e-07,-6.65968082872864e-08
0.005,0.5,20000,17,3.20433818448751e-07,4.02359122824615e-07,-8.19253043758641e-08
0.005,0.5,20000,18,4.06565116642668e-07,5.07042603274337e-07,-1.00477486631669e-07
0.005,0.5,20000,19,5.14509659848513e-07,6.37366619091672e-07,-1.22856959243159e-07
0.005,0.5,20000,20,6.49423874155982e-07,7.99187055345274e-07,-1.49763181189292e-07
0.005,0.5,20000,21,8.17586908672408e-07,9.99589835346141e-07,-1.82002926673733e-07
0.005,0.5,20000,22,1.0266212539471e-06,1.24712356450268e-06,-2.20502310555578e-07
0.005,0.5,20000,23,1.28575113667625e-06,1.55207035289251e-06,-2.66319216216257e-07
0.005,0.5,20000,24,1.60610392782845e-06,1.92675983710436e-06,-3.20655909275906e-07
0.005,0.5,20000,25,2.00106026768805e-06,2.38593182706025e-06,-3.84871559372195e-07
0.005,0.5,20000,26,2.48665906372601e-06,2.94715338782699e-06,-4.6049432410098e-07
0.005,0.5,20000,27,3.08206394033789e-06,3.63129651511262e-06,-5.4923257477473e-07
0.005,0.5,20000,28,3.81009809500663e-06,4.46308285885665e-06,-6.52984763850019e-07
0.005,0.5,20000,29,4.6978548218728e-06,5.47170217199003e-06,-7.73847350117228e-07
0.005,0.5,20000,30,5.777391176307e-06,6.69151128824427e-06,-9.14120111937263e-07
0.005,0.5,20000,31,7.08651234492196e-06,8.16282043831211e-06,-1.07630809339015e-06
0.005,0.5,20000,32,8.66965422345686e-06,9.93277356963863e-06,-1.26311934618177e-06
0.005,0.5,20000,33,1.05788714561665e-05,1.20563290112997e-05,-1.47745755513321e-06
0.005,0.5,20000,34,1.28749377183433e-05,1.4597346289573e-05,-1.72240857122973e-06
0.005,0.5,20000,35,1.56285642901094e-05,1.76297841183723e-05,-2.00121982826289e-06
0.005,0.5,20000,36,1.89217419352699e-05,2.12390135275376e-05,-2.31727159226772e-06
0.005,0.5,20000,37,2.28492097243618e-05,2.55232487172093e-05,-2.67403899284743e-06
0.005,0.5,20000,38,2.75200526877493e-05,3.05950965056886e-05,-3.07504381793931e-06
0.005,0.5,20000,39,3.30594280169619e-05,3.65832231415155e-05,-3.5237951245536e-06
0.005,0.5,20000,40,3.96104169189913e-05,4.3634134752288e-05,-4.02371783329667e-06
0.005,0.5,20000,41,4.73359961435866e-05,5.19140647830706e-05,-4.57806863948395e-06
0.005,0.5,20000,42,5.64211196306009e-05,6.16109584236509e-05,-5.18983879304999e-06
0.005,0.5,20000,43,6.70748966563642e-05,7.29365402333373e-05,-5.86164357697308e-06
0.005,0.5,20000,44,7.95328483008288e-05,8.6128446952684e-05,-6.59559865185518e-06
0.005,0.5,20000,45,9.40592190317723e-05,0.000101452402864988,-7.39318383321608e-06
0.005,0.5,20000,46,0.000110949314746787,0.000119204410073242,-8.25509532645475e-06
0.005,0.5,20000,47,0.000130531832785653,0.000139712920743972,-9.18108795831894e-06
0.005,0.5,20000,48,0.000153171143303613,0.000163340952809996,-1.01698095063832e-05
0.005,0.5,20000,49,0.000179269475081366,0.00019048810491109,-1.12186298297239e-05
0.005,0.5,20000,50,0.000209268952465173,0.0002215924205969,-1.23234681317272e-05
0.005,0.5,20000,51,0.000243653423829086,0.000257132046152697,-1.34786223236113e-05
0.005,0.5,20000,52,0.000282950015903459,0.000297626620988793,-1.46766050853339e-05
0.005,0.5,20000,53,0.000327730342714092,0.000343638334530699,-1.59079918166062e-05
0.005,0.5,20000,54,0.000378611292939347,0.000395772579148998,-1.71612862096513e-05
0.005,0.5,20000,55,0.000436255315449813,0.000454678125079553,-1.84228096297394e-05
0.005,0.5,20000,56,0.000501370119890435,0.00052104674072113,-1.96766208306948e-05
0.005,0.5,20000,57,0.000574707707649271,0.000595612180380259,-2.09044727309882e-05
0.005,0.5,20000,58,0.000657062648681463,0.000679148461684281,-2.20858130028181e-05
0.005,0.5,20000,59,0.000749269521665454,0.000772467356719758,-2.31978350543045e-05
0.005,0.5,20000,60,0.000852199439089278,0.000876415024678427,-2.42155855891491e-05
0.005,0.5,20000,61,0.000966755585301251,0.000991867719589766,-2.51121342885155e-05
0.005,0.5,20000,62,0.00109386770448004,0.00111972651474214,-2.58588102621097e-05
0.005,0.5,20000,63,0.00123448548700781,0.00126091099575972,-2.64255087519061e-05
0.005,0.5,20000,64,0.00138957081693655,0.00141635188708006,-2.67810701435104e-05
0.005,0.5,20000,65,0.00156008886012627,0.00158698259178337,-2.68937316571019e-05
0.005,0.5,20000,66,0.0017469979921384,0.00177372964231157,-2.67316501731695e-05
0.005,0.5,20000,67,0.00195123858693933,0.00197750207946851,-2.62634925291803e-05
0.005,0.5,20000,68,0.00217372071167648,0.00219917979902136,-2.54590873448824e-05
0.005,0.5,20000,69,0.00241531079890908,0.00243960092895914,-2.42901300500577e-05
0.005,0.5,20000,70,0.00267681739529607,0.0026995483256594,-2.27309303633344e-05
0.005,0.5,20000,71,0.00295897611436351,0.0029797353034408,-2.07591890772946e-05
0.005,0.5,20000,72,0.00326243395000931,0.00328079073873383,-1.83567887245229e-05
0.005,0.5,20000,73,0.00358773313619322,0.0036032437168109,-1.5510580617677e-05
0.005,0.5,20000,74,0.00393529476608195,0.00394750791504471,-1.22131489627576e-05
0.005,0.5,20000,75,0.00430540240999876,0.00431386594132558,-8.46353132681263e-06
0.005,0.5,20000,76,0.00469818599505986,0.00470245386884435,-4.26787378448885e-06
0.005,0.5,20000,77,0.00511360622954914,0.0051132462281989,3.60001350241564e-07
0.005,0.5,20000,78,0.00555143987108742,0.00554604173397278,5.39813711464363e-06
0.005,0.5,20000,79,0.0060112661487222,0.00600045003484928,1.08161138729201e-05
0.005,0.5,20000,80,0.0064924546544992,0.00647587978329459,1.65748712046146e-05
0.005,0.5,20000,81,0.00699415501925909,0.00697152832226801,2.26266969910807e-05
0.005,0.5,20000,82,0.00751528867983538,0.00748637328178724,2.89153980481405e-05
0.005,0.5,20000,83,0.00805454303014802,0.00801916636709598,3.53766630520405e-05
0.005,0.5,20000,84,0.00861036822669315,0.00856842960239037,4.19386243027797e-05
0.005,0.5,20000,85,0.00918097688959881,0.0091324542694511,4.85226201477184e-05
0.005,0.5,20000,86,0.00976434690391803,0.00970930274916065,5.50441547573846e-05
0.005,0.5,20000,87,0.0103582274825366,0.0102968134359987,6.14140465378891e-05
0.005,0.5,20000,88,0.0109601486025578,0.0108926088516275,6.75397509302435e-05
0.005,0.5,20000,89,0.0115674338720602,0.0114941070342116,7.33268378485825e-05
0.005,0.5,20000,90,0.0121772168246826,0.0120985362259572,7.86805987254401e-05
0.005,0.5,20000,91,0.0127864605766992,0.0127029528234594,8.35077532397501e-05
0.005,0.5,20000,92,0.0133919807164142,0.0133042624949377,8.77182214764193e-05
0.005,0.5,20000,93,0.0139904712302286,0.0138992443065498,9.12269236787635e-05
0.005,0.5,20000,94,0.0145785332051242,0.0144845776380741,9.39555670500455e-05
0.005,0.5,20000,95,0.0151527059851174,0.0150568716077402,9.58343773771707e-05
0.005,0.5,20000,96,0.0157095004010215,0.0156126966683381,9.68037326834013e-05
0.005,0.5,20000,97,0.0162454336401384,0.0161486179833957,9.68156567426465e-05
0.005,0.5,20000,98,0.0167570652767243,0.01666123014459,9.58351321343129e-05
0.005,0.5,20000,99,0.0172410339465514,0.0171471927509692,9.38411955822456e-05
0.005,0.5,20000,100,0.0176940941207674,0.017603266338215,9.08277825524377e-05
0.005,0.5,20000,101,0.0181131524164785,0.0180263481230824,8.6804293396095e-05
0.005,0.5,20000,102,0.0184953028747578,0.0184135070151662,8.17958595916574e-05
0.005,0.5,20000,103,0.0188378606415354,0.0187620173458469,7.5843295688497e-05
0.005,0.5,20000,104,0.0191383935032375,0.0190693907730262,6.90027302113032e-05
0.005,0.5,20000,105,0.0193947507569455,0.0193334058401425,6.13449168030585e-05
0.005,0.5,20000,106,0.0196050889338271,0.0195521346987728,5.29542350543484e-05
0.005,0.5,20000,107,0.0197678939439157,0.0197239665453944,4.39273985213019e-05
0.005,0.5,20000,108,0.0198819992689895,0.0198476273738506,3.43718951389439e-05
0.005,0.5,20000,109,0.0199465998970835,0.0199221957047382,2.44041923452669e-05
0.005,0.5,20000,110,0.0199612617655929,0.0199471140200716,1.41477455212723e-05
0.005,0.5,20000,111,0.0199259265583647,0.0199221957047382,3.73085362647893e-06
0.005,0.5,20000,112,0.0198409117838494,0.0198476273738506,-6.71559000113911e-06
0.005,0.5,20000,113,0.0197069061444574,0.0197239665453944,-1.70604009370849e-05
0.005,0.5,20000,114,0.0195249602898402,0.0195521346987728,-2.7174408932587e-05
0.005,0.5,20000,115,0.0192964731270476,0.0193334058401425,-3.69327130948921e-05
0.005,0.5,20000,116,0.0190231739365926,0.0190693907730262,-4.62168364336185e-05
0.005,0.5,20000,117,0.0187071006137423,0.0187620173458469,-5.49167321045874e-05
0.005,0.5,20000,118,0.0183505744173099,0.0184135070151662,-6.29325978562315e-05
0.005,0.5,20000,119,0.0179561716625855,0.0180263481230824,-7.01764604968888e-05
0.005,0.5,20000,120,0.0175266928397189,0.017603266338215,-7.65734984960638e-05
0.005,0.5,20000,121,0.0170651296730786,0.0171471927509692,-8.20630778906352e-05
0.005,0.5,20000,122,0.0165746306603127,0.01666123014459,-8.65994842773297e-05
0.005,0.5,20000,123,0.0160584656418083,0.0161486179833957,-9.01523415874558e-05
0.005,0.5,20000,124,0.0155199899520138,0.0156126966683381,-9.27067163242496e-05
0.005,0.5,20000,125,0.0149626086939901,0.0150568716077402,-9.42629137501167e-05
0.005,0.5,20000,126,0.0143897416581483,0.0144845776380741,-9.48359799258797e-05
0.005,0.5,20000,127,0.0138047893762453,0.0138992443065498,-9.44549303044818e-05
0.005,0.5,20000,128,0.0132111007633369,0.0133042624949377,-9.31617316008351e-05
0.005,0.5,20000,129,0.0126119427547235,0.0127029528234594,-9.10100687359847e-05
0.005,0.5,20000,130,0.0120104722932775,0.0120985362259572,-8.80639326796863e-05
0.005,0.5,20000,131,0.0114097109662993,0.0114941070342116,-8.43960679123498e-05
0.005,0.5,20000,132,0.0108125225316702,0.0108926088516275,-8.00863199572933e-05
0.005,0.5,20000,133,0.0102215935120019,0.0102968134359987,-7.52199239967919e-05
0.005,0.5,20000,134,0.00963941697413543,0.00970930274916065,-6.9885775025218e-05
0.005,0.5,20000,135,0.00906827955107968,0.0091324542694511,-6.41747183714181e-05
0.005,0.5,20000,136,0.00851025170553685,0.00856842960239037,-5.81778968535146e-05
0.005,0.5,20000,137,0.00796718117966788,0.00801916636709598,-5.19851874280948e-05
0.005,0.5,20000,138,0.0074406895256697,0.00748637328178724,-4.56837561175465e-05
0.005,0.5,20000,139,0.00693217156687308,0.00697152832226801,-3.93567553949297e-05
0.005,0.5,20000,140,0.0064427976000486,0.00647587978329459,-3.30821832459898e-05
0.005,0.5,20000,141,0.00597351811687321,0.00600045003484928,-2.6931917976071e-05
0.005,0.5,20000,142,0.00552507079632422,0.00554604173397278,-2.09709376485625e-05
0.005,0.5,20000,143,0.00509798950021627,0.0051132462281989,-1.5256727982629e-05
0.005,0.5,20000,144,0.00469261499110591,0.00470245386884435,-9.83887773843735e-06
0.005,0.5,20000,145,0.00430910708512882,0.00431386594132558,-4.75885619675206e-06
0.005,0.5,20000,146,0.00394745795164844,0.00394750791504471,-4.99633962692397e-08
0.005,0.5,20000,147,0.00360750627640852,0.0036032437168109,4.26255959761748e-06
0.005,0.5,20000,148,0.00328895201463667,0.00328079073873383,8.16127590284443e-06
0.005,0.5,20000,149,0.0029913714746068,0.0029797353034408,1.16361711659948e-05
0.005,0.5,20000,150,0.00271423248986096,0.0026995483256594,1.46841642015543e-05
0.005,0.5,20000,151,0.00245690945891359,0.00243960092895914,1.73085299544525e-05
0.005,0.5,20000,152,0.00221869805410636,0.00219917979902136,1.95182550850053e-05
0.005,0.5,20000,153,0.00199882942566071,0.00197750207946851,2.13273461922001e-05
0.005,0.5,20000,154,0.00179648375222484,0.00177372964231157,2.27541099132728e-05
0.005,0.5,20000,155,0.00161080301471891,0.00158698259178337,2.38204229355398e-05
0.005,0.5,20000,156,0.0014409028954844,0.00141635188708006,2.45510084043367e-05
0.005,0.5,20000,157,0.00128588372914833,0.00126091099575972,2.49727333886131e-05
0.005,0.5,20000,158,0.00114484045479369,0.00111972651474214,2.51139400515494e-05
0.005,0.5,20000,159,0.00101687154063425,0.000991867719589766,2.50038210444872e-05
0.005,0.5,20000,160,0.00090108687214904,0.000876415024678427,2.46718474706131e-05
0.005,0.5,20000,161,0.000796614612335501,0.000772467356719758,2.41472556157423e-05
0.005,0.5,20000,162,0.000702607058259258,0.000679148461684281,2.34585965749775e-05
0.005,0.5,20000,163,0.000618245531345207,0.000595612180380259,2.26333509649484e-05
0.005,0.5,20000,164,0.00054274434986192,0.00052104674072113,2.16976091407903e-05
0.005,0.5,20000,165,0.000475353940844476,0.000454678125079553,2.06758157649231e-05
0.005,0.5,20000,166,0.000415363155369981,0.000395772579148998,1.95905762209832e-05
0.005,0.5,20000,167,0.000362100855772793,0.000343638334530699,1.84625212420941e-05
0.005,0.5,20000,168,0.000314936846219754,0.000297626620988793,1.73102252309614e-05
0.005,0.5,20000,169,0.000273282219238086,0.000257132046152697,1.61501730853888e-05
0.005,0.5,20000,170,0.000236589190492957,0.0002215924205969,1.49967698960568e-05
0.005,0.5,20000,171,0.000204350492548955,0.00019048810491109,1.38623876378642e-05
0.005,0.5,20000,172,0.000176098395721993,0.000163340952809996,1.27574429119971e-05
0.005,0.5,20000,173,0.000151403420634477,0.000139712920743972,1.16904998905048e-05
0.005,0.5,20000,174,0.000129872802917602,0.000119204410073242,1.06683928443599e-05
0.005,0.5,20000,175,0.000111148765839713,0.000101452402864988,9.69636297472464e-06
0.005,0.5,20000,176,9.49066516434891e-05,8.6128446952684e-05,8.77820469080509e-06
0.005,0.5,20000,177,8.08529571958108e-05,7.29365402333373e-05,7.9164169624735e-06
0.005,0.5,20000,178,6.87233143233686e-05,6.16109584236509e-05,7.11235589971772e-06
0.005,0.5,20000,179,5.8280450036888e-05,5.19140647830706e-05,6.36638525381745e-06
0.005,0.5,20000,180,4.93121568316868e-05,4.3634134752288e-05,5.67802207939878e-06
0.005,0.5,20000,181,4.16292984685768e-05,3.65832231415155e-05,5.04607532706129e-06
0.005,0.5,20000,182,3.50638721465512e-05,3.05950965056886e-05,4.46877564086256e-06
0.005,0.5,20000,183,2.9467143821043e-05,2.55232487172093e-05,3.9438951038337e-06
0.005,0.5,20000,184,2.47078696283683e-05,2.12390135275376e-05,3.46885610083072e-06
0.005,0.5,20000,185,2.06706129650178e-05,1.76297841183723e-05,3.04082884664555e-06
0.005,0.5,20000,186,1.72541637454163e-05,1.4597346289573e-05,2.65681745584327e-06
0.005,0.5,20000,187,1.43700637198481e-05,1.20563290112997e-05,2.31373470854844e-06
0.005,0.5,20000,188,1.19412394639282e-05,9.93277356963863e-06,2.00846589428962e-06
0.005,0.5,20000,189,9.90074273453846e-06,8.16282043831211e-06,1.73792229622635e-06
0.005,0.5,20000,190,8.19059630209268e-06,6.69151128824427e-06,1.49908501384841e-06
0.005,0.5,20000,191,6.76074208951098e-06,5.47170217199003e-06,1.28903991752095e-06
0.005,0.5,20000,192,5.56808744636552e-06,4.46308285885665e-06,1.10500458750887e-06
0.005,0.5,20000,193,4.57564463317828e-06,3.63129651511262e-06,9.44348118065653e-07
0.005,0.5,20000,194,3.75175805644982e-06,2.94715338782699e-06,8.0460466862283e-07
0.005,0.5,20000,195,3.06941345082219e-06,2.38593182706025e-06,6.8348162376194e-07
0.005,0.5,20000,196,2.50562302308977e-06,1.92675983710436e-06,5.78863185985414e-07
0.005,0.5,20000,197,2.04088052738401e-06,1.55207035289251e-06,4.888101744915e-07
0.005,0.5,20000,198,1.65868030748141e-06,1.24712356450268e-06,4.11556742978731e-07
0.005,0.5,20000,199,1.34509449864971e-06,9.99589835346141e-07,3.45504663303564e-07
0.005,0.5,20000,200,1.08840280782124e-06,7.99187055345274e-07,2.8921575247597e-07
0.005,0.5,20000,201,8.78769569524988e-07,6.37366619091672e-07,2.41402950433316e-07
0.005,0.5,20000,202,7.07963090538135e-07,5.07042603274337e-07,2.00920487263798e-07
0.005,0.5,20000,203,5.69112635445369e-07,4.02359122824615e-07,1.66753512620753e-07
0.005,0.5,20000,204,4.56498757096091e-07,3.18491258943355e-07,1.38007498152736e-07
0.005,0.5,20000,205,3.65373031131006e-07,2.51475364429622e-07,1.13897666701383e-07
0.005,0.5,20000,206,2.91803604866799e-07,1.98064954551604e-07,9.37386503151948e-08
0.005,0.5,20000,207,2.32543312018031e-07,1.55608778957447e-07,7.69345330605841e-08
0.005,0.5,20000,208,1.84917431530369e-07,1.21948037294668e-07,6.29693942357011e-08
0.005,0.5,20000,209,1.46728477945455e-07,9.53300451561405e-08,5.13984327893148e-08
0.005,0.5,20000,210,1.16175700002316e-07,7.43359757367149e-08,4.18397242656014e-08
0.005,0.5,20000,211,9.17872322664134e-08,5.78205951789891e-08,3.39666370874244e-08
0.005,0.5,20000,212,7.23630908525125e-08,4.48621758119166e-08,2.75009150405959e-08
0.005,0.5,20000,213,5.69274287441113e-08,3.47210117692768e-08,2.22064169748345e-08
0.005,0.5,20000,214,4.46886692447221e-08,2.68051767234881e-08,1.7883492521234e-08
0.005,0.5,20000,215,3.50063185123206e-08,2.064235494315e-08,1.43639635691706e-08
0.005,0.5,20000,216,2.7363420973875e-08,1.58567460835799e-08,1.15066748902951e-08
0.005,0.5,20000,217,2.13437659168821e-08,1.21501927054027e-08,9.19357321147943e-09
0.005,0.5,20000,218,1.66130810454659e-08,9.28680922277647e-09,7.32627182268948e-09
0.005,0.5,20000,219,1.29035606625303e-08,7.08050356508059e-09,5.82305709744969e-09
0.005,0.5,20000,220,1.00011738015974e-08,5.38488002127164e-09,4.61629378032579e-09
0.005,0.5,20000,221,7.73528246481141e-09,4.08509518927161e-09,3.6501872755398e-09
0.005,0.5,20000,222,5.97017346098498e-09,3.09131025008292e-09,2.87886321090205e-09
0.005,0.5,20000,223,4.59817044566668e-09,2.33344339879713e-09,2.26472704686954e-09
0.005,0.5,20000,224,3.53404682934035e-09,1.75697754741022e-09,1.77706928193013e-09
0.005,0.5,20000,225,2.71050633658676e-09,1.31962160178529e-09,1.39088473480147e-09
0.005,0.5,20000,226,2.07453717203607e-09,9.88659820312234e-10,1.08587735172383e-09
0.005,0.5,20000,227,1.58447888831269e-09,7.38853979324003e-10,8.45624908988685e-10
0.005,0.5,20000,228,1.20766897507524e-09,5.50788181234115e-10,6.56880793841124e-10
0.005,0.5,20000,229,9.18559626431847e-10,4.09566920173959e-10,5.08992706257889e-10
0.005,0.5,20000,230,6.97214742647991e-10,3.03794142491164e-10,3.93420600156827e-10
0.005,0.5,20000,231,5.28113549481402e-10,2.24775091550662e-10,3.0333845793074e-10
0.005,0.5,20000,232,3.99200771357252e-10,1.65894212177365e-10,2.33306559179888e-10
0.005,0.5,20000,233,3.01134504411822e-10,1.22131741340353e-10,1.79002763071469e-10
0.005,0.5,20000,234,2.26692174892709e-10,8.96891953982043e-11,1.37002979494504e-10
0.005,0.5,20000,235,1.70302557716286e-10,6.57000909077942e-11,1.04602466808492e-10
0.005,0.5,20000,236,1.27678042833048e-10,4.80071668515617e-11,7.96708759814865e-11
0.005,0.5,20000,237,9.5526406201299e-11,3.4991329742899e-11,6.05350764584e-11
0.005,0.5,20000,238,7.13254646361702e-11,2.54407014082253e-11,4.5884763227945e-11
0.005,0.5,20000,239,5.31473355786914e-11,1.84506630806228e-11,3.46966724980686e-11
0.005,0.5,20000,240,3.95217231536471e-11,1.33477830738143e-11,2.61739400798329e-11
0.005,0.5,20000,241,2.93298270417146e-11,9.63209073967953e-12,1.9697736302035e-11
0.005,0.5,20000,242,2.17222173944298e-11,6.93339997082656e-12,1.47888174236032e-11
0.005,0.5,20000,243,1.60554173775008e-11,4.97835895274852e-12,1.10770584247523e-11
0.005,0.5,20000,244,1.18430510283753e-11,3.56566406199804e-12,8.27738696637722e-12
0.005,0.5,20000,245,8.71830227097381e-12,2.54746897942184e-12,6.17083329155197e-12
0.005,0.5,20000,246,6.40513561035017e-12,1.81548075089589e-12,4.58965485945427e-12
0.005,0.5,20000,247,4.69628650232498e-12,1.29059107249933e-12,3.40569542982565e-12
0.005,0.5,20000,248,3.43646913432624e-12,9.15166108507789e-13,2.52130302581846e-12
0.005,0.5,20000,249,2.50959523409032e-12,6.47329596915959e-13,1.86226563717436e-12
0.005,0.5,20000,250,1.82906880540928e-12,4.5673602041823e-13,1.37233278499105e-12
0.005,0.5,20000,251,1.33043386610711e-12,3.21454364537682e-13,1.00897950156943e-12
0.005,0.5,20000,252,9.65817749075348e-13,2.25677183860276e-13,7.40140565215072e-13
0.005,0.5,20000,253,6.99741240901123e-13,1.58041173073453e-13,5.4170006782767e-13
0.005,0.5,20000,254,5.05966671539197e-13,1.10399498156857e-13,3.9556717338234e-13
0.005,0.5,20000,255,3.65132300167209e-13,7.69268975280637e-14,2.88205402639146e-13
0.005,0.5,20000,256,2.62980925219919e-13,5.34691893577082e-14,2.09511735862211e-13
0.005,0.5,20000,257,1.89036491020867e-13,3.70717634985217e-14,1.51964727522345e-13
0.005,0.5,20000,258,1.356176437696e-13,2.56387681839834e-14,1.09978875585617e-13
0.005,0.5,20000,259,9.71041155617084e-14,1.76874542380495e-14,7.9416661323659e-14
0.005,0.5,20000,260,6.93923695950927e-14,1.2171602665145e-14,5.72207669299477e-14
0.005,0.5,20000,261,4.94925897677995e-14,8.35496178519188e-15,4.11376279826076e-14
0.005,0.5,20000,262,3.52309830735979e-14,5.72078245090068e-15,2.95102006226972e-14
0.005,0.5,20000,263,2.50303661815813e-14,3.90733512588501e-15,2.11230310556963e-14
0.005,0.5,20000,264,1.77488099914772e-14,2.66207418612648e-15,1.50867358053508e-14
0.005,0.5,20000,265,1.25612427095649e-14,1.80914722555626e-15,1.07520954840087e-14
0.005,0.5,20000,266,8.87276617922867e-15,1.22642764284821e-15,7.64633853638045e-15
0.005,0.5,20000,267,6.25533048859421e-15,8.29323963531155e-16,5.42600652506305e-15
0.005,0.5,20000,268,4.40157396666125e-15,5.59397810717593e-16,3.84217615594366e-15
0.005,0.5,20000,269,3.09124905926242e-15,3.76384364451549e-16,2.71486469481087e-15
0.005,0.5,20000,270,2.16685555896671e-15,2.52613554176845e-16,1.91424200478986e-15
0.005,0.5,20000,271,1.51599448907626e-15,1.69120396588934e-16,1.34687409248733e-15
0.005,0.5,20000,272,1.05861659389233e-15,1.12940470157715e-16,9.45676123734615e-16
0.005,0.5,20000,273,7.3782761303787e-16,7.52345725854099e-17,6.6259304045246e-16
0.005,0.5,20000,274,5.13272456922908e-16,4.99918937424859e-17,4.63280563180422e-16
0.005,0.5,20000,275,3.56385131275853e-16,3.31356872798438e-17,3.23249443996009e-16
0.005,0.5,20000,276,2.46985504567321e-16,2.19081971775468e-17,2.25077307389775e-16
0.005,0.5,20000,277,1.70846204647187e-16,1.44487927901495e-17,1.56397411857038e-16
0.005,0.5,20000,278,1.17956775589112e-16,9.50540768953982e-18,1.08451367899573e-16
0.005,0.5,20000,279,8.12878880663584e-17,6.23769589835372e-18,7.50501921680047e-17
0.005,0.5,20000,280,5.59133972795611e-17,4.08311781583477e-18,5.18302794637264e-17
0.005,0.5,20000,281,3.83879315955735e-17,2.6660843679117e-18,3.57218472276618e-17
0.005,0.5,20000,282,2.63065582230458e-17,1.7364813742831e-18,2.45700768487627e-17
0.005,0.5,20000,283,1.79939095264827e-17,1.12818581276032e-18,1.68657237137224e-17
0.005,0.5,20000,284,1.22851625288789e-17,7.31148178750324e-19,1.15540143501286e-17
0.005,0.5,20000,285,8.37205055372958e-18,4.72655194095143e-19,7.89939535963444e-18
0.005,0.5,20000,286,5.69482031641817e-18,3.04787906478123e-19,5.39003240994005e-18
0.005,0.5,20000,287,3.86658125172061e-18,1.96049297628206e-19,3.6705319540924e-18
0.005,0.5,20000,288,2.62044391043331e-18,1.25790288847571e-19,2.49465362158573e-18
0.005,0.5,20000,289,1.77265771933632e-18,8.05087718940794e-20,1.69214894744224e-18
0.005,0.5,20000,290,1.19695788564941e-18,5.13988678583446e-20,1.14555901779107e-18
0.005,0.5,20000,291,8.06749106500981e-19,3.27324239951094e-20,7.74016682505872e-19
0.005,0.5,20000,292,5.4275698929758e-19,2.07929948955757e-20,5.21963994402005e-19
0.005,0.5,20000,293,3.64486403591602e-19,1.31755935693714e-20,3.51310810022231e-19
0.005,0.5,20000,294,2.44324985060872e-19,8.32794016189958e-21,2.35997044898972e-19
0.005,0.5,20000,295,1.63480791533541e-19,5.25072491498518e-21,1.58230066618555e-19
0.005,0.5,20000,296,1.09189164971596e-19,3.30228993036968e-21,1.05886875041227e-19
0.005,0.5,20000,297,7.27960773016217e-20,2.07169299734801e-21,7.07243843042737e-20
0.005,0.5,20000,298,4.84455273893466e-20,1.29643235055019e-21,4.71490950387965e-20
0.005,0.5,20000,299,3.21823933978881e-20,8.09260951081463e-22,3.13731324468066e-20
0.005,0.5,20000,300,2.13404518666159e-20,5.03896769715e-22,2.08365550969009e-20
0.005,0.5,20000,301,1.41257407250315e-20,3.12974408463007e-22,1.38127663165685e-20
0.005,0.5,20000,302,9.33346820069382e-21,1.93905596587348e-22,9.13956260410647e-21
0.005,0.5,20000,303,6.15603750707754e-21,1.19835674492754e-22,6.03620183258478e-21
0.005,0.5,20000,304,4.0531144478653e-21,7.38747746352127e-23,3.97923967323009e-21
0.005,0.5,20000,305,2.66385786637601e-21,4.54276715598833e-23,2.61843019481612e-21
0.005,0.5,20000,306,1.74774649545671e-21,2.78650001136037e-23,1.7198814953431e-21
0.005,0.5,20000,307,1.14476307084341e-21,1.70495093314003e-23,1.12771356151201e-21
0.005,0.5,20000,308,7.48656453511844e-22,1.04058841010141e-23,7.3825056941083e-22
0.005,0.5,20000,309,4.89023053673877e-22,6.33520026091121e-24,4.82687853412966e-22
0.005,0.5,20000,310,3.19325563957761e-22,3.84729931335321e-24,3.15478264644407e-22
0.005,0.5,20000,311,2.08903483320587e-22,2.33058993169319e-24,2.06572893388893e-22
0.005,0.5,20000,312,1.37666189991711e-22,1.40828327213811e-24,1.36257906719573e-22
0.005,0.5,20000,313,9.2591647184739e-23,8.48845086720963e-25,9.1742802098018e-23
0.005,0.5,20000,314,6.54483932936118e-23,5.10365279715301e-25,6.49380280138965e-23
0.005,0.5,20000,315,5.13610034648088e-23,3.06089243262356e-25,5.10549142215465e-23
0.005,0.5,20000,316,4.7981691686103e-23,1.8311725842777e-25,4.77985744276753e-23
0.005,0.5,20000,317,5.51361849211078e-23,1.09275990400004e-25,5.50269089307078e-23
0.005,0.5,20000,318,7.48980821658445e-23,6.50480809961961e-26,7.48330340848483e-23
0.005,0.5,20000,319,1.12127684175846e-22,3.86241104325642e-26,1.12089060065413e-22
0.005,0.5,20000,320,1.75603786767187e-22,2.2876877952604e-26,1.75580909889234e-22
0.005,0.5,20000,321,2.79997837962257e-22,1.35160342661922e-26,2.79984321927991e-22
0.005,0.5,20000,322,4.49112670997825e-22,7.96555566350483e-27,4.49104705442162e-22
0.005,0.5,20000,323,7.21066414519216e-22,4.68270860414244e-27,7.21061731810612e-22
0.005,0.5,20000,324,1.15649618798489e-21,2.74594891590891e-27,1.15649344203597e-21
0.005,0.5,20000,325,1.85146135568031e-21,1.60620893581072e-27,1.85145974947138e-21
0.005,0.5,20000,326,2.95765711286291e-21,9.37186201170905e-28,2.95765617567671e-21
0.005,0.5,20000,327,4.71398025552207e-21,5.45461367852241e-28,4.71397971006071e-21
0.005,0.5,20000,328,7.49568458118919e-21,3.1667689109153e-28,7.4956842645123e-21
0.005,0.5,20000,329,1.18907239679494e-20,1.83393108551758e-28,1.18907237845563e-20
0.005,0.5,20000,330,1.88180117834861e-20,1.05940962675468e-28,1.88180116775451e-20
0.005,0.5,20000,331,2.97101373801767e-20,6.10462627863833e-29,2.97101373191304e-20
0.005,0.5,20000,332,4.67949434747126e-20,3.50887997133065e-29,4.67949434396238e-20
0.005,0.5,20000,333,7.35283338377464e-20,2.01183429414035e-29,7.35283338176281e-20
0.005,0.5,20000,334,1.15257813874094e-19,1.15061535442407e-29,1.15257813862588e-19
0.005,0.5,20000,335,1.80237132924514e-19,6.56420880307701e-30,1.8023713291795e-19
0.005,0.5,20000,336,2.81173777769055e-19,3.73550113794176e-30,2.81173777765319e-19
0.005,0.5,20000,337,4.3758300505567e-19,2.1204577454936e-30,4.37583005053549e-19
0.005,0.5,20000,338,6.79359427055269e-19,1.20067270000427e-30,6.79359427054069e-19
0.005,0.5,20000,339,1.05218171705838e-18,6.78162721966567e-31,1.0521817170577e-18
0.005,0.5,20000,340,1.62566983588421e-18,3.8208277057936e-31,1.62566983588382e-18
0.005,0.5,20000,341,2.50566422418004e-18,2.14731253396798e-31,2.50566422417982e-18
0.005,0.5,20000,342,3.85266113924972e-18,1.20378056591965e-31,3.8526611392496e-18
0.005,0.5,20000,343,5.90941738787122e-18,6.73152805434973e-32,5.90941738787115e-18
0.005,0.5,20000,344,9.04217568035613e-18,3.75486438624826e-32,9.04217568035609e-18
0.005,0.5,20000,345,1.3802067798457e-17,2.08924377227132e-32,1.3802067798457e-17
0.005,0.5,20000,346,2.10163282469617e-17,1.15957338862806e-32,2.10163282469617e-17
0.005,0.5,20000,347,3.19234295231926e-17,6.41980190973797e-33,3.19234295231926e-17
0.005,0.5,20000,348,4.8372752886138e-17,3.54535133421403e-33,4.8372752886138e-17
0.005,0.5,20000,349,7.31188233086655e-17,1.95304025203833e-33,7.31188233086655e-17
0.005,0.5,20000,350,1.10253728792349e-16,1.07319186783153e-33,1.10253728792349e-16
0.005,0.5,20000,351,1.65840908345785e-16,5.882444195455e-34,1.65840908345785e-16
0.005,0.5,20000,352,2.48841572179664e-16,3.21627016731787e-34,2.48841572179664e-16
0.005,0.5,20000,353,3.72465200256073e-16,1.7541288554828e-34,3.72465200256073e-16
0.005,0.5,20000,354,5.56132899329625e-16,9.54299567318395e-35,5.56132899329625e-16
0.005,0.5,20000,355,8.28323963555291e-16,5.17871754810418e-35,8.28323963555291e-16
0.005,0.5,20000,356,1.23069167654952e-15,2.80332846315196e-35,1.23069167654952e-15
0.005,0.5,20000,357,1.8239980049089e-15,1.51370070121646e-35,1.8239980049089e-15
0.005,0.5,20000,358,2.69664752133381e-15,8.15305367419834e-36,2.69664752133381e-15
0.005,0.5,20000,359,3.97692518298076e-15,4.38041093615321e-36,3.97692518298076e-15
0.005,0.5,20000,360,5.85049708076602e-15,2.34759767898757e-36,5.85049708076602e-15
0.005,0.5,20000,361,8.58536831689029e-15,1.25500874542673e-36,8.58536831689029e-15
0.005,0.5,20000,362,1.25673767889485e-14,6.69243399627144e-37,1.25673767889485e-14
0.005,0.5,20000,363,1.83505301831737e-14,3.55988283932716e-37,1.83505301831737e-14
0.005,0.5,20000,364,2.67281943648185e-14,1.88886786057456e-37,2.67281943648185e-14
0.005,0.5,20000,365,3.8833488957831e-14,9.99727671109273e-38,3.8833488957831e-14
0.005,0.5,20000,366,5.62804760839279e-14,5.27808175122644e-38,5.62804760839279e-14
0.005,0.5,20000,367,8.1362158937338e-14,2.77961582863581e-38,8.1362158937338e-14
0.005,0.5,20000,368,1.17327365262945e-13,1.46018439693407e-38,1.17327365262945e-13
0.005,0.5,20000,369,1.68766848757229e-13,7.65147025837255e-39,1.68766848757229e-13
0.005,0.5,20000,370,2.421501618671e-13,3.99941387850341e-39,2.421501618671e-13
0.005,0.5,20000,371,3.46570050680175e-13,2.08526890886067e-39,3.46570050680175e-13
0.005,0.5,20000,372,4.94771640136671e-13,1.08453120013032e-39,4.94771640136671e-13
0.005,0.5,20000,373,7.04571289014806e-13,5.62647374566018e-40,7.04571289014806e-13
0.005,0.5,20000,374,1.00080703122962e-12,2.91168779986824e-40,1.00080703122962e-12
0.005,0.5,20000,375,1.41801203878023e-12,1.50302976304987e-40,1.41801203878023e-12
0.005,0.5,20000,376,2.00406853139214e-12,7.73935233148114e-41,2.00406853139214e-12
0.005,0.5,20000,377,2.82518720668317e-12,3.97517195383554e-41,2.82518720668317e-12
0.005,0.5,20000,378,3.97267329440216e-12,2.03667383876392e-41,3.97267329440216e-12
0.005,0.5,20000,379,5.57209342452082e-12,1.04088155797382e-41,5.57209342452082e-12
0.005,0.5,20000,380,7.79565879534022e-12,5.30634406957608e-42,7.79565879534022e-12
0.005,0.5,20000,381,1.08789039174042e-11,2.69838406390638e-42,1.08789039174042e-11
0.005,0.5,20000,382,1.51430847095457e-11,1.36875709617763e-42,1.51430847095457e-11
0.005,0.5,20000,383,2.10251680768259e-11,6.92569350361304e-43,2.10251680768259e-11
0.005,0.5,20000,384,2.91178665830657e-11,3.49554112485324e-43,2.91178665830657e-11
0.005,0.5,20000,385,4.02229233258216e-11,1.75986691899768e-43,4.02229233258216e-11
0.005,0.5,20000,386,5.54218198965804e-11,8.83811205126763e-44,5.54218198965804e-11
0.005,0.5,20000,387,7.61693221529265e-11,4.42744773059171e-44,7.61693221529265e-11
0.005,0.5,20000,388,1.04416866304646e-10,2.21238979165808e-44,1.04416866304646e-10
0.005,0.5,20000,389,1.42774810482211e-10,1.10276789223792e-44,1.42774810482211e-10
0.005,0.5,20000,390,1.94725144133812e-10,5.48303279694486e-45,1.94725144133812e-10
0.005,0.5,20000,391,2.6489949372876e-10,2.71939214158154e-45,2.6489949372876e-10
0.005,0.5,20000,392,3.59441352422782e-10,1.34535561782121e-45,3.59441352422782e-10
0.005,0.5,20000,393,4.86476592853557e-10,6.63921325627375e-46,4.86476592853557e-10
0.005,0.5,20000,394,6.56722736888094e-10,3.26821338765933e-46,6.56722736888094e-10
0.005,0.5,20000,395,8.84275443379938e-10,1.60479090520998e-46,8.84275443379938e-10
0.005,0.5,20000,396,1.18762058083472e-09,7.86032979302866e-47,1.18762058083472e-09
0.005,0.5,20000,397,1.59093248766127e-09,3.84040781952377e-47,1.59093248766127e-09
0.005,0.5,20000,398,2.12573407452755e-09,1.8716652899425e-47,2.12573407452755e-09
0.005,0.5,20000,399,2.83301286226475e-09,9.09899217105062e-48,2.83301286226475e-09
0.005,0.5,20000,400,3.76590954123543e-09,4.41237748729741e-48,3.76590954123543e-09
0.0075,0.75,5000,0,2.55753168232271e-07,5.02950728859244e-07,-2.47197560626973e-07
0.0075,0.75,5000,1,4.23772618296587e-07,8.04718245649231e-07,-3.80945627352644e-07
0.0075,0.75,5000,2,6.9482574732785e-07,1.27473323818334e-06,-5.79907490855494e-07
0.0075,0.75,5000,3,1.1272628811555e-06,1.99917967069228e-06,-8.71916789536782e-07
0.0075,0.75,5000,4,1.80949344616783e-06,3.10414070578502e-06,-1.29464725961719e-06
0.0075,0.75,5000,5,2.87374775265508e-06,4.77186365412049e-06,-1.89811590146541e-06
0.0075,0.75,5000,6,4.51521632470997e-06,7.26259303022525e-06,-2.74737670551527e-06
0.0075,0.75,5000,7,7.01821096826152e-06,1.09434043439801e-05,-3.92519337571854e-06
0.0075,0.75,5000,8,1.07912832183699e-05,1.63256408766242e-05,-5.53435765825432e-06
0.0075,0.75,5000,9,1.64134816102817e-05,2.41126580225993e-05,-7.69917641231764e-06
0.0075,0.75,5000,10,2.46940721649791e-05,3.52595682367445e-05,-1.05654960717654e-05
0.0075,0.75,5000,11,3.67480112847141e-05,5.10464974344186e-05,-1.42984861497045e-05
0.0075,0.75,5000,12,5.40891550397297e-05,7.31664462830311e-05,-1.90772912433014e-05
0.0075,0.75,5000,13,7.87425101873656e-05,0.000103828129566141,-2.50856193787755e-05
0.0075,0.75,5000,14,0.000113375674919991,0.000145873080466675,-3.2497405546684e-05
0.0075,0.75,5000,15,0.00016144788903326,0.000202904805729977,-4.14569166967165e-05
0.0075,0.75,5000,16,0.000227372754806505,0.000279425841487945,-5.20530866814396e-05
0.0075,0.75,5000,17,0.000316687699623168,0.000380976209822181,-6.42885101990125e-05
0.0075,0.75,5000,18,0.000436219710875011,0.000514264092305394,-7.80443814303828e-05
0.0075,0.75,5000,19,0.000594232972151309,0.000687276669061397,-9.30436969100879e-05
0.0075,0.75,5000,20,0.000800540080938308,0.000909356250159105,-0.000108816169220797
0.0075,0.75,5000,21,0.00106655497489968,0.00119122436076052,-0.000124669385860841
0.0075,0.75,5000,22,0.00140526309396511,0.00154493471343952,-0.000139671619474402
0.0075,0.75,5000,23,0.0018310832940928,0.00198373543917953,-0.000152652145086735
0.0075,0.75,5000,24,0.00235959725577539,0.00252182199151944,-0.000162224735744045
0.0075,0.75,5000,25,0.0030071261751214,0.00317396518356674,-0.000166839008445339
0.0075,0.75,5000,26,0.00379014179271123,0.00395500415893702,-0.000164862366225794
0.0075,0.75,5000,27,0.0047245094284654,0.00487920185791828,-0.000154692429452878
0.0075,0.75,5000,28,0.00582457439342796,0.00595947060688161,-0.000134896213453644
0.0075,0.75,5000,29,0.00710211923907184,0.0072064874336218,-0.000104368194549957
0.0075,0.75,5000,30,0.00856523661323608,0.00862773188265115,-6.24952694150711e-05
0.0075,0.75,5000,31,0.0102171794295554,0.0102264924563978,-9.31302684241408e-06
0.0075,0.75,5000,32,0.0120552647289358,0.0120009000696986,5.43646592372545e-05
0.0075,0.75,5000,33,0.0140699180005572,0.013943056644536,0.000126861356021144
0.0075,0.75,5000,34,0.0162439489364584,0.016038332734192,0.00020561620226648
0.0075,0.75,5000,35,0.0185521461018467,0.0182649085389022,0.000287237562944537
0.0075,0.75,5000,36,0.020961265938538,0.0205936268719975,0.000367639066540533
0.0075,0.75,5000,37,0.0234304708588884,0.0229882140684233,0.00044225679046506
0.0075,0.75,5000,38,0.0259122428845676,0.0254059056469189,0.000506337237648709
0.0075,0.75,5000,39,0.0283537652717914,0.0277984886130996,0.000555276658691761
0.0075,0.75,5000,40,0.0306987276301519,0.0301137432154804,0.000584984414671461
0.0075,0.75,5000,41,0.0328894735745861,0.0322972359667914,0.00059223760779465
0.0075,0.75,5000,42,0.0348693775809124,0.0342943855019384,0.000574992078973983
0.0075,0.75,5000,43,0.0365853129009465,0.0360526962461648,0.000532616654781749
0.0075,0.75,5000,44,0.0379900579903449,0.0375240346916938,0.000466023298651135
0.0075,0.75,5000,45,0.039044486798472,0.0386668116802849,0.000377675118187121
0.0075,0.75,5000,46,0.0397193991208996,0.0394479330907889,0.000271466030110697
0.0075,0.75,5000,47,0.0399968703327587,0.0398443914094764,0.000152478923282268
0.0075,0.75,5000,48,0.0398710332248339,0.0398443914094764,2.66418153575254e-05
0.0075,0.75,5000,49,0.0393482452980827,0.0394479330907889,-9.96877927061796e-05
0.0075,0.75,5000,50,0.0384466389534768,0.0386668116802849,-0.000220172726808167
0.0075,0.75,5000,51,0.0371950954674658,0.0375240346916938,-0.000328939224228025
0.0075,0.75,5000,52,0.0356317225614129,0.0360526962461648,-0.000420973684751857
0.0075,0.75,5000,53,0.0338019464413364,0.0342943855019384,-0.000492439060602021
0.0075,0.75,5000,54,0.0317563500163705,0.0322972359667914,-0.000540885950420886
0.0075,0.75,5000,55,0.0295483983517276,0.0301137432154804,-0.000565344863752797
0.0075,0.75,5000,56,0.0272321902244395,0.0277984886130996,-0.000566298388660104
0.0075,0.75,5000,57,0.0248603619936127,0.0254059056469189,-0.000545543653306231
0.0075,0.75,5000,58,0.0224822488484787,0.0229882140684233,-0.000505965219944574
0.0075,0.75,5000,59,0.0201423814550055,0.0205936268719975,-0.000451245416991933
0.0075,0.75,5000,60,0.0178793659718357,0.0182649085389022,-0.000385542567066466
0.0075,0.75,5000,61,0.0157251651957603,0.016038332734192,-0.000313167538431625
0.0075,0.75,5000,62,0.0137047707476341,0.013943056644536,-0.00023828589690191
0.0075,0.75,5000,63,0.0118362327048429,0.0120009000696986,-0.000164667364855655
0.0075,0.75,5000,64,0.0101309952450359,0.0102264924563978,-9.54972113618915e-05
0.0075,0.75,5000,65,0.00859447530675481,0.00862773188265115,-3.32565758963416e-05
0.0075,0.75,5000,66,0.00722681595993325,0.0072064874336218,2.03285263114493e-05
0.0075,0.75,5000,67,0.00602374653022994,0.00595947060688161,6.42759233483291e-05
0.0075,0.75,5000,68,0.00497748655399177,0.00487920185791828,9.82846960734945e-05
0.0075,0.75,5000,69,0.00407763913848873,0.00395500415893702,0.00012263497955171
0.0075,0.75,5000,70,0.00331202997170059,0.00317396518356674,0.00013806478813385
0.0075,0.75,5000,71,0.0026674598342765,0.00252182199151944,0.000145637842757064
0.0075,0.75,5000,72,0.00213034994391969,0.00198373543917953,0.000146614504740159
0.0075,0.75,5000,73,0.00168726996947881,0.00154493471343952,0.000142335256039293
0.0075,0.75,5000,74,0.00132534750697762,0.00119122436076052,0.000134123146217103
0.0075,0.75,5000,75,0.00103256488641617,0.000909356250159105,0.000123208636257061
0.0075,0.75,5000,76,0.000797954277632983,0.000687276669061397,0.000110677608571586
0.0075,0.75,5000,77,0.000611705270823888,0.000514264092305394,9.74411785184942e-05
0.0075,0.75,5000,78,0.000465200640042413,0.000380976209822181,8.42244302202323e-05
0.0075,0.75,5000,79,0.000350996154772938,0.000279425841487945,7.15703132849933e-05
0.0075,0.75,5000,80,0.000262759418697394,0.000202904805729977,5.98546129674174e-05
0.0075,0.75,5000,81,0.00019518111608441,0.000145873080466675,4.9308035617735e-05
0.0075,0.75,5000,82,0.000143870034010234,0.000103828129566141,4.00419044440925e-05
0.0075,0.75,5000,83,0.000105241053920609,7.31664462830311e-05,3.20746076375775e-05
0.0075,0.75,5000,84,7.64031636486497e-05,5.10464974344186e-05,2.53566662142311e-05
0.0075,0.75,5000,85,5.50525687750669e-05,3.52595682367445e-05,1.97930005383224e-05
0.0075,0.75,5000,86,3.93742658080613e-05,2.41126580225993e-05,1.5261607785462e-05
0.0075,0.75,5000,87,2.79540205988291e-05,1.63256408766242e-05,1.16283797222049e-05
0.0075,0.75,5000,88,1.97015807491808e-05,1.09434043439801e-05,8.75817640520075e-06
0.0075,0.75,5000,89,1.37851229076159e-05,7.26259303022525e-06,6.52252987739065e-06
0.0075,0.75,5000,90,9.57636151707306e-06,4.77186365412049e-06,4.80449786295257e-06
0.0075,0.75,5000,91,6.60538338925432e-06,3.10414070578502e-06,3.50124268346929e-06
0.0075,0.75,5000,92,4.52407881449338e-06,1.99917967069228e-06,2.5248991438011e-06
0.0075,0.75,5000,93,3.07697308309666e-06,1.27473323818334e-06,1.80223984491331e-06
0.0075,0.75,5000,94,2.07828518007987e-06,8.04718245649231e-07,1.27356693443064e-06
0.0075,0.75,5000,95,1.39412185809321e-06,5.02950728859244e-07,8.91171129233965e-07
0.0075,0.75,5000,96,9.28830492200275e-07,3.11217557914894e-07,6.17612934285381e-07
0.0075,0.75,5000,97,6.14664371348182e-07,1.90660090312281e-07,4.24004281035901e-07
0.0075,0.75,5000,98,4.04046097463169e-07,1.15641190357978e-07,2.88404907105191e-07
0.0075,0.75,5000,99,2.63839782786263e-07,6.94420235385535e-08,1.9439775924771e-07
0.0075,0.75,5000,100,1.71155577930488e-07,4.12847098863e-08,1.29870868044188e-07
0.0075,0.75,5000,101,1.10308227636745e-07,2.43003854108053e-08,8.60078422259392e-08
0.0075,0.75,5000,102,7.06342318873752e-08,1.41610071301612e-08,5.6473224757214e-08
0.0075,0.75,5000,103,4.49404227538181e-08,8.17019037854322e-09,3.67702323752749e-08
0.0075,0.75,5000,104,2.8411722335155e-08,4.66688679759426e-09,2.37448355375607e-08
0.0075,0.75,5000,105,1.78492538626232e-08,2.63924320357057e-09,1.52100106590526e-08
0.0075,0.75,5000,106,1.11436643844559e-08,1.47770795864801e-09,9.66595642580785e-09
0.0075,0.75,5000,107,6.9142413236934e-09,8.19133840347917e-10,6.09510748334548e-09
0.0075,0.75,5000,108,4.26375693025165e-09,4.49550183101324e-10,3.81420674715033e-09
0.0075,0.75,5000,109,2.6133304451497e-09,2.44263482680705e-10,2.36906696246899e-09
0.0075,0.75,5000,110,1.59210805440638e-09,1.31400181815588e-10,1.46070787259079e-09
0.0075,0.75,5000,111,9.64160108967341e-10,6.9982659485798e-11,8.94177449481543e-10
0.0075,0.75,5000,112,5.80424885988854e-10,3.69013261612457e-11,5.43523559827609e-10
0.0075,0.75,5000,113,3.47363936354875e-10,1.92641814793591e-11,3.28099754875516e-10
0.0075,0.75,5000,114,2.06674366067346e-10,9.95671790549704e-12,1.96717648161849e-10
0.0075,0.75,5000,115,1.2225673367311e-10,5.09493795884368e-12,1.17161795714266e-10
0.0075,0.75,5000,116,7.19058317993744e-11,2.58118214499866e-12,6.93246496543758e-11
0.0075,0.75,5000,117,4.20514734401749e-11,1.29465919383192e-12,4.0756814246343e-11
0.0075,0.75,5000,118,2.44536948061533e-11,6.42908729075364e-13,2.38107860770779e-11
0.0075,0.75,5000,119,1.41408032918395e-11,3.16082346146906e-13,1.38247209456925e-11
0.0075,0.75,5000,120,8.13186055058365e-12,1.53853795056127e-13,7.97800675552752e-12
0.0075,0.75,5000,121,4.6506291403673e-12,7.41435269970434e-14,4.57648561337026e-12
0.0075,0.75,5000,122,2.64520240425028e-12,3.53749084760989e-14,2.60982749577418e-12
0.0075,0.75,5000,123,1.49641057610704e-12,1.67099235703838e-14,1.47970065253666e-12
0.0075,0.75,5000,124,8.41988797435928e-13,7.81467025177002e-15,8.34174127184158e-13
0.0075,0.75,5000,125,4.71242386505859e-13,3.61829445111252e-15,4.67624092054747e-13
0.0075,0.75,5000,126,2.62351443143566e-13,1.65864792706231e-15,2.60692795216504e-13
0.0075,0.75,5000,127,1.45292106285109e-13,7.52768728903099e-16,1.44539337556206e-13
0.0075,0.75,5000,128,8.00457347978085e-14,3.38240793177868e-16,7.97074940046306e-14
0.0075,0.75,5000,129,4.38722530756705e-14,1.5046914517082e-16,4.37217839304997e-14
0.0075,0.75,5000,130,2.39229643921862e-14,6.62713745596875e-17,2.38566930176266e-14
0.0075,0.75,5000,131,1.29786913374556e-14,2.8897585580299e-17,1.29497937518753e-14
0.0075,0.75,5000,132,7.0057560229429e-15,1.24753917967074e-17,6.99328063114619e-15
0.0075,0.75,5000,133,3.76274206601768e-15,5.33216873582341e-18,3.75740989728185e-15
0.0075,0.75,5000,134,2.01092636002472e-15,2.25637162552063e-18,2.0086699883992e-15
0.0075,0.75,5000,135,1.06941657964429e-15,9.45310388190285e-19,1.0684712692561e-15
0.0075,0.75,5000,136,5.65943717140741e-16,3.92098595256411e-19,5.65551618545485e-16
0.0075,0.75,5000,137,2.98051645806322e-16,1.61017543788159e-19,2.97890628262534e-16
0.0075,0.75,5000,138,1.56213274731914e-16,6.54648479902188e-20,1.56147809883924e-16
0.0075,0.75,5000,139,8.14832748069989e-17,2.63511871387429e-20,8.14569236198602e-17
0.0075,0.75,5000,140,4.23018100962978e-17,1.05014498299704e-20,4.22913086464678e-17
0.0075,0.75,5000,141,2.18577270117745e-17,4.14338599469603e-21,2.18535836257798e-17
0.0075,0.75,5000,142,1.12414431396658e-17,1.61852190216293e-21,1.12398246177636e-17
0.0075,0.75,5000,143,5.75473647956034e-18,6.25948816926015e-22,5.75411053074342e-18
0.0075,0.75,5000,144,2.93244734165329e-18,2.39671348985509e-22,2.93220767030431e-18
0.0075,0.75,5000,145,1.48748071904886e-18,9.08553431197666e-23,1.48738986370574e-18
0.0075,0.75,5000,146,7.51110053860537e-19,3.40990186628007e-23,7.51075954841874e-19
0.0075,0.75,5000,147,3.77573504916821e-19,1.26704005218224e-23,3.77560834516299e-19
0.0075,0.75,5000,148,1.88955521926193e-19,4.66117986338639e-24,1.8895086074633e-19
0.0075,0.75,5000,149,9.41438765536699e-20,1.69769017344193e-24,9.41421788634965e-20
0.0075,0.75,5000,150,4.66995925322489e-20,6.12178486524712e-25,4.66989803537623e-20
0.0075,0.75,5000,151,2.30641038151289e-20,2.18551980800008e-25,2.30638852631481e-20
0.0075,0.75,5000,152,1.13416529675397e-20,7.72482208651283e-26,1.13415757193188e-20
0.0075,0.75,5000,153,5.55323493427302e-21,2.70320685323845e-26,5.55320790220449e-21
0.0075,0.75,5000,154,2.70744195555765e-21,9.36541720828488e-27,2.70743259014044e-21
0.0075,0.75,5000,155,1.31440444972445e-21,3.21241787162144e-27,1.31440123730658e-21
0.0075,0.75,5000,156,6.35431647488015e-22,1.09092273570448e-27,6.35430556565279e-22
0.0075,0.75,5000,157,3.05908585251656e-22,3.66786217103517e-28,3.05908218465439e-22
0.0075,0.75,5000,158,1.46659567807684e-22,1.22092525572767e-28,1.46659445715159e-22
0.0075,0.75,5000,159,7.00225321292596e-23,4.02366858828069e-29,7.00224918925737e-23
0.0075,0.75,5000,160,3.32955752287929e-23,1.3128417606154e-29,3.32955621003753e-23
0.0075,0.75,5000,161,1.57677243918835e-23,4.24091549098719e-30,1.57677201509681e-23
0.0075,0.75,5000,162,7.43699784694312e-24,1.35632544393313e-30,7.43699649061768e-24
0.0075,0.75,5000,163,3.49369224201134e-24,4.29462506793595e-31,3.49369181254884e-24
0.0075,0.75,5000,164,1.6347150968383e-24,1.34630561086995e-31,1.63471496220774e-24
0.0075,0.75,5000,165,7.61871789428026e-25,4.17848754454265e-32,7.61871747643151e-25
0.0075,0.75,5000,166,3.53684419029345e-25,1.28396038194759e-32,3.53684406189741e-25
0.0075,0.75,5000,167,1.63552006503688e-25,3.90608050407666e-33,1.63552002597608e-25
0.0075,0.75,5000,168,7.53378652212951e-26,1.176488839091e-33,7.53378640448063e-26
0.0075,0.75,5000,169,3.45700235989178e-26,3.5082577109656e-34,3.45700232480921e-26
0.0075,0.75,5000,170,1.58025182630688e-26,1.03574350962084e-34,1.58025181594945e-26
0.0075,0.75,5000,171,7.1962193043856e-27,3.02740140243293e-35,7.19621927411159e-27
0.0075,0.75,5000,172,3.26471315909117e-27,8.76082187230642e-36,3.26471315033035e-27
0.0075,0.75,5000,173,1.4755678683052e-27,2.51001749085346e-36,1.47556786579518e-27
0.0075,0.75,5000,174,6.64442988615007e-28,7.11976567865431e-37,6.6444298790303e-28
0.0075,0.75,5000,175,2.9809271982134e-28,1.99945534221855e-37,2.98092719621394e-28
0.0075,0.75,5000,176,1.33244949404457e-28,5.55923165727161e-38,1.33244949348865e-28
0.0075,0.75,5000,177,5.93425765633682e-29,1.53029405167451e-38,5.93425765480653e-29
0.0075,0.75,5000,178,2.63335071629117e-29,4.17053781772133e-39,2.63335071587412e-29
0.0075,0.75,5000,179,1.16436185178051e-29,1.12529474913204e-39,1.16436185166798e-29
0.0075,0.75,5000,180,5.12996479034746e-30,3.00605952609975e-40,5.12996479004686e-30
0.0075,0.75,5000,181,2.25215376285314e-30,7.95034390767109e-41,2.25215376277363e-30
0.0075,0.75,5000,182,9.8525559900756e-31,2.08176311594765e-41,9.85255598986743e-31
0.0075,0.75,5000,183,4.29513565046389e-31,5.39676812781275e-42,4.29513565040992e-31
0.0075,0.75,5000,184,1.865914481137e-31,1.38513870072261e-42,1.86591448112315e-31
0.0075,0.75,5000,185,8.07798686494523e-32,3.51973383799537e-43,8.07798686491003e-32
0.0075,0.75,5000,186,3.48514367806e-32,8.85489546118342e-44,3.48514367805114e-32
0.0075,0.75,5000,187,1.498490007272e-32,2.20553578447583e-44,1.4984900072698e-32
0.0075,0.75,5000,188,6.4211382774764e-33,5.43878428316307e-45,6.42113827747096e-33
0.0075,0.75,5000,189,2.74223388620951e-33,1.32784265125475e-45,2.74223388620819e-33
0.0075,0.75,5000,190,1.16718705565391e-33,3.20958181041996e-46,1.16718705565359e-33
0.0075,0.75,5000,191,4.95141168521674e-34,7.68081563904753e-47,4.95141168521597e-34
0.0075,0.75,5000,192,2.09353021548808e-34,1.81979843421012e-47,2.0935302154879e-34
0.0075,0.75,5000,193,8.82266881284542e-35,4.26870642985316e-48,8.82266881284499e-35
0.0075,0.75,5000,194,3.70595469125713e-35,9.91348479184058e-49,3.70595469125703e-35
0.0075,0.75,5000,195,1.55163071767797e-35,2.27936280065515e-49,1.55163071767794e-35
0.0075,0.75,5000,196,6.47550183442587e-36,5.18868878929191e-50,6.47550183442581e-36
0.0075,0.75,5000,197,2.69379082742452e-36,1.16938857121044e-50,2.69379082742451e-36
0.0075,0.75,5000,198,1.11703859865542e-36,2.60925859169929e-51,1.11703859865542e-36
0.0075,0.75,5000,199,4.61737102428998e-37,5.76411257982605e-52,4.61737102428997e-37
0.0075,0.75,5000,200,1.90261965245436e-37,1.26067993893876e-52,1.90261965245436e-37
0.0075,0.75,5000,201,7.81534301274522e-38,2.72982171850007e-53,7.81534301274522e-38
0.0075,0.75,5000,202,3.20030329185231e-38,5.85222186711335e-54,3.20030329185231e-38
0.0075,0.75,5000,203,1.30643964599955e-38,1.24212223367935e-54,1.30643964599955e-38
0.0075,0.75,5000,204,5.31680454018685e-39,2.61014686136497e-55,5.31680454018685e-39
0.0075,0.75,5000,205,2.15716370096484e-39,5.43028479751283e-56,2.15716370096484e-39
0.0075,0.75,5000,206,8.72558266136149e-40,1.11850344444819e-56,8.72558266136149e-40
0.0075,0.75,5000,207,3.51878295213132e-40,2.28091499135922e-57,3.51878295213132e-40
0.0075,0.75,5000,208,1.41476706184087e-40,4.60508794597232e-58,1.41476706184087e-40
0.0075,0.75,5000,209,5.67125868118264e-41,9.20500042126628e-59,5.67125868118264e-41
0.0075,0.75,5000,210,2.26664546108987e-41,1.82165760843271e-59,2.26664546108987e-41
0.0075,0.75,5000,211,9.03243505654354e-42,3.56916599425268e-60,9.03243505654354e-42
0.0075,0.75,5000,212,3.58881142326834e-42,6.92346970508337e-61,3.58881142326834e-42
0.0075,0.75,5000,213,1.42176664655285e-42,1.32965172419985e-61,1.42176664655285e-42
0.0075,0.75,5000,214,5.61623385002222e-43,2.52818622729582e-62,5.61623385002222e-43
0.0075,0.75,5000,215,2.21211876124682e-43,4.75923638676737e-63,2.21211876124682e-43
0.0075,0.75,5000,216,8.68810861435669e-44,8.86997808313264e-64,8.68810861435669e-44
0.0075,0.75,5000,217,3.40253557861277e-44,1.63668413372789e-64,3.40253557861277e-44
0.0075,0.75,5000,218,1.32876371151158e-44,2.98995225310611e-65,1.32876371151158e-44
0.0075,0.75,5000,219,5.17448876674752e-45,5.40780084145382e-66,5.17448876674752e-45
0.0075,0.75,5000,220,2.00941034967885e-45,9.68354065351668e-67,2.00941034967885e-45
0.0075,0.75,5000,221,7.78140727293017e-46,1.71674079117805e-67,7.78140727293017e-46
0.0075,0.75,5000,222,3.00498805586707e-46,3.01323031423108e-68,3.00498805586707e-46
0.0075,0.75,5000,223,1.15725522575593e-46,5.23620914228359e-69,1.15725522575593e-46
0.0075,0.75,5000,224,4.44451107148488e-47,9.00862888833201e-70,4.44451107148488e-47
0.0075,0.75,5000,225,1.70229122376004e-47,1.5344666837685e-70,1.70229122376004e-47
0.0075,0.75,5000,226,6.50227419352745e-48,2.58769618596106e-71,6.50227419352745e-48
0.0075,0.75,5000,227,2.47699264355468e-48,4.32042194254815e-72,2.47699264355468e-48
0.0075,0.75,5000,228,9.41062747516984e-49,7.14160943751349e-73,9.41062747516984e-49
0.0075,0.75,5000,229,3.56576918150228e-49,1.16875392787831e-73,3.56576918150228e-49
0.0075,0.75,5000,230,1.34751915705145e-49,1.89368232821408e-74,1.34751915705145e-49
0.0075,0.75,5000,231,5.07890377867555e-50,3.03772338501612e-75,5.07890377867555e-50
0.0075,0.75,5000,232,1.90925757928927e-50,4.82443409233074e-76,1.90925757928927e-50
0.0075,0.75,5000,233,7.15854391697921e-51,7.58580345744927e-77,7.15854391697921e-51
0.0075,0.75,5000,234,2.67705055784787e-51,1.18090197767579e-77,2.67705055784787e-51
0.0075,0.75,5000,235,9.98541653707556e-52,1.82004937044123e-78,9.98541653707556e-52
0.0075,0.75,5000,236,3.71500586368036e-52,2.77721525918379e-79,3.71500586368036e-52
0.0075,0.75,5000,237,1.37861324206111e-52,4.19558932732859e-80,1.37861324206111e-52
0.0075,0.75,5000,238,5.10294492293642e-53,6.27528502513775e-81,5.10294492293642e-53
0.0075,0.75,5000,239,1.88408558602191e-53,9.29246632519092e-82,1.88408558602191e-53
0.0075,0.75,5000,240,6.93884924379532e-54,1.36234025863484e-82,6.93884924379532e-54
0.0075,0.75,5000,241,2.54910117947804e-54,1.97741234262559e-83,2.54910117947804e-54
0.0075,0.75,5000,242,9.34125359688338e-55,2.84161963974478e-84,9.34125359688338e-55
0.0075,0.75,5000,243,3.41465899061083e-55,4.04288796046697e-85,3.41465899061083e-55
0.0075,0.75,5000,244,1.24514284185294e-55,5.69474814072077e-86,1.24514284185294e-55
0.0075,0.75,5000,245,4.52924904008986e-56,7.94171672641426e-87,4.52924904008986e-56
0.0075,0.75,5000,246,1.64351583385478e-56,1.09650677135519e-87,1.64351583385478e-56
0.0075,0.75,5000,247,5.94932486241533e-57,1.49887459614294e-88,5.94932486241533e-57
0.0075,0.75,5000,248,2.14838921635324e-57,2.02850618005168e-89,2.14838921635324e-57
0.0075,0.75,5000,249,7.73953866119126e-58,2.71796854622607e-90,7.73953866119126e-58
0.0075,0.75,5000,250,2.78150159216789e-58,3.60553381572758e-91,2.78150159216789e-58
0.0075,0.75,5000,251,9.97265820002051e-59,4.73534662707097e-92,9.97265820002051e-59
0.0075,0.75,5000,252,3.56709888747827e-59,6.15731017480545e-93,3.56709888747827e-59
0.0075,0.75,5000,253,1.27290831715424e-59,7.92660731713776e-94,1.27290831715424e-59
0.0075,0.75,5000,254,4.53170868962624e-60,1.01027757036654e-94,4.53170868962624e-60
0.0075,0.75,5000,255,1.60958832257973e-60,1.2748266495577e-95,1.60958832257973e-60
0.0075,0.75,5000,256,5.70375220401377e-61,1.59264363845649e-96,5.70375220401377e-61
0.0075,0.75,5000,257,2.01652910897388e-61,1.96989530018579e-97,2.01652910897388e-61
0.0075,0.75,5000,258,7.11297549922926e-62,2.41226342493082e-98,7.11297549922926e-62
0.0075,0.75,5000,259,2.5032605561292e-62,2.92457912140241e-99,2.5032605561292e-62
0.0075,0.75,5000,260,8.78969880341686e-63,3.51041994652535e-100,8.78969880341686e-63
0.0075,0.75,5000,261,3.0793860763378e-63,4.17168806730595e-101,3.0793860763378e-63
0.0075,0.75,5000,262,1.07653016762983e-63,4.90819304694704e-102,1.07653016762983e-63
0.0075,0.75,5000,263,3.759644738926e-64,5.71726733263372e-103,3.759644738926e-64
0.0075,0.75,5000,264,1.32725441734568e-64,6.59344547142928e-104,1.32725441734568e-64
0.0075,0.75,5000,265,5.31376823936745e-65,7.52823891159352e-105,5.31376823936745e-65
0.0075,0.75,5000,266,4.46005125867461e-65,8.5100364959352e-106,4.46005125867461e-65
0.0075,0.75,5000,267,1.12385132308103e-64,9.52415615239876e-107,1.12385132308103e-64
0.0075,0.75,5000,268,3.96685439776845e-64,1.05530658242185e-107,3.96685439776845e-64
0.0075,0.75,5000,269,1.45364460417596e-63,1.15767816474364e-108,1.45364460417596e-63
0.0075,0.75,5000,270,5.33121037508661e-63,1.2573439377892e-109,5.33121037508661e-63
0.0075,0.75,5000,271,1.94987956993114e-62,1.35200219771232e-110,1.94987956993114e-62
0.0075,0.75,5000,272,7.10967818516653e-62,1.43932131885915e-111,7.10967818516653e-62
0.0075,0.75,5000,273,2.5842113425447e-61,1.51703350903115e-112,2.5842113425447e-61
0.0075,0.75,5000,274,9.36331922862586e-61,1.58303182056619e-113,9.36331922862586e-61
0.0075,0.75,5000,275,3.38177055094953e-60,1.63546468523616e-114,3.38177055094953e-60
0.0075,0.75,5000,276,1.21747403536709e-59,1.67282207940661e-115,1.21747403536709e-59
0.0075,0.75,5000,277,4.36883020050733e-59,1.6940077329256e-116,4.36883020050733e-59
0.0075,0.75,5000,278,1.56260422328909e-58,1.69839256560607e-117,1.56260422328909e-58
0.0075,0.75,5000,279,5.57056862616237e-58,1.68584571701655e-118,5.57056862616237e-58
0.0075,0.75,5000,280,1.97926962359229e-57,1.65674103386974e-119,1.97926962359229e-57
0.0075,0.75,5000,281,7.00895583585848e-57,1.61193856624244e-120,7.00895583585848e-57
0.0075,0.75,5000,282,2.47361727728471e-56,1.55274235058776e-121,2.47361727728471e-56
0.0075,0.75,5000,283,8.70022001416119e-56,1.48083737112163e-122,8.70022001416119e-56
0.0075,0.75,5000,284,3.04953824277698e-55,1.39820995098728e-123,3.04953824277698e-55
0.0075,0.75,5000,285,1.06520074752217e-54,1.30705681707499e-124,1.06520074752217e-54
0.0075,0.75,5000,286,3.70774295907425e-54,1.20968863259122e-125,3.70774295907425e-54
0.0075,0.75,5000,287,1.28604343047511e-53,1.10843386994546e-126,1.28604343047511e-53
0.0075,0.75,5000,288,4.44484300138027e-53,1.00554852038111e-127,4.44484300138027e-53
0.0075,0.75,5000,289,1.53073049100568e-52,9.03136365647205e-129,1.53073049100568e-52
0.0075,0.75,5000,290,5.25253708005086e-52,8.03083464197399e-130,5.25253708005086e-52
0.0075,0.75,5000,291,1.79578359605208e-51,7.07009244872177e-131,1.79578359605208e-51
0.0075,0.75,5000,292,6.1170152899309e-51,6.16235277745516e-132,6.1170152899309e-51
0.0075,0.75,5000,293,2.07592594276729e-50,5.31771522440969e-133,2.07592594276729e-50
0.0075,0.75,5000,294,7.01870060539864e-50,4.54318739455628e-134,7.01870060539864e-50
0.0075,0.75,5000,295,2.36406714476218e-49,3.84284865186219e-135,2.36406714476218e-49
0.0075,0.75,5000,296,7.93243631331472e-49,3.21812541569556e-136,7.93243631331472e-49
0.0075,0.75,5000,297,2.65144333911759e-48,2.6681467065003e-137,2.65144333911759e-48
0.0075,0.75,5000,298,8.82819980946457e-48,2.19014818731437e-138,8.82819980946457e-48
0.0075,0.75,5000,299,2.92793128443195e-47,1.77989486859671e-139,2.92793128443195e-47
0.0075,0.75,5000,300,9.67237669031354e-47,1.43209641182805e-140,9.67237669031354e-47
0.0075,0.75,5000,301,3.18253790946507e-46,1.14079397121175e-141,3.18253790946507e-46
0.0075,0.75,5000,302,1.04295672321227e-45,8.9970313412376e-143,1.04295672321227e-45
0.0075,0.75,5000,303,3.40404547198632e-45,7.02503196188413e-144,3.40404547198632e-45
0.0075,0.75,5000,304,1.10648264687628e-44,5.43068272419336e-145,1.10648264687628e-44
0.0075,0.75,5000,305,3.58176970360705e-44,4.15640264320355e-146,3.58176970360705e-44
0.0075,0.75,5000,306,1.1546168512609e-43,3.14947270606677e-147,1.1546168512609e-43
0.0075,0.75,5000,307,3.70636737104521e-43,2.36273568656765e-148,3.70636737104521e-43
0.0075,0.75,5000,308,1.18471067964636e-42,1.75488833816086e-149,1.18471067964636e-42
0.0075,0.75,5000,309,3.77061425066375e-42,1.29044913301766e-150,3.77061425066375e-42
0.0075,0.75,5000,310,1.19489659775794e-41,9.39483912168678e-152,1.19489659775794e-41
0.0075,0.75,5000,311,3.77006796989859e-41,6.77165556871786e-153,3.77006796989859e-41
0.0075,0.75,5000,312,1.18426977035789e-40,4.83233938382285e-154,1.18426977035789e-40
0.0075,0.75,5000,313,3.70353488483144e-40,3.41410639386761e-155,3.70353488483144e-40
0.0075,0.75,5000,314,1.1529966398159e-39,2.38810671098105e-156,1.1529966398159e-39
0.0075,0.75,5000,315,3.5732768616286e-39,1.65381704011618e-157,3.5732768616286e-39
0.0075,0.75,5000,316,1.102334184139e-38,1.13390912664457e-158,1.102334184139e-38
0.0075,0.75,5000,317,3.38492119983608e-38,7.6970816678847e-160,3.38492119983608e-38
0.0075,0.75,5000,318,1.03455351298282e-37,5.17286320089925e-161,1.03455351298282e-37
0.0075,0.75,5000,319,3.14707161761692e-37,3.44185798961464e-162,3.14707161761692e-37
0.0075,0.75,5000,320,9.52773015717334e-37,2.26731549836411e-163,9.52773015717334e-37
0.0075,0.75,5000,321,2.87065522741948e-36,1.47872706256841e-164,2.87065522741948e-36
0.0075,0.75,5000,322,8.60717663074511e-36,9.54819193903576e-166,8.60717663074511e-36
0.0075,0.75,5000,323,2.56807397564307e-35,6.10395489053682e-167,2.56807397564307e-35
0.0075,0.75,5000,324,7.62430450274069e-35,3.86330099009556e-168,7.62430450274069e-35
0.0075,0.75,5000,325,2.25225358234299e-34,2.42082184961737e-169,2.25225358234299e-34
0.0075,0.75,5000,326,6.61967785523842e-34,1.50184174176762e-170,6.61967785523842e-34
0.0075,0.75,5000,327,1.93569444997078e-33,9.22449428875833e-172,1.93569444997078e-33
0.0075,0.75,5000,328,5.63111890214579e-33,5.60942075385353e-173,5.63111890214579e-33
0.0075,0.75,5000,329,1.62962541348872e-32,3.37715133811373e-174,1.62962541348872e-32
0.0075,0.75,5000,330,4.69129801967676e-32,2.01298289179027e-175,4.69129801967676e-32
0.0075,0.75,5000,331,1.34334335332566e-31,1.18791864832323e-176,1.34334335332566e-31
0.0075,0.75,5000,332,3.82601022451952e-31,6.9404938139932e-178,3.82601022451952e-31
0.0075,0.75,5000,333,1.08379290156661e-30,4.01468151206468e-179,1.08379290156661e-30
0.0075,0.75,5000,334,3.05325606100794e-30,2.29915833056633e-180,3.05325606100794e-30
0.0075,0.75,5000,335,8.55405908475056e-30,1.30359809380223e-181,8.55405908475056e-30
0.0075,0.75,5000,336,2.38313348134675e-29,7.31771698266174e-183,2.38313348134675e-29
0.0075,0.75,5000,337,6.60185946848551e-29,4.06690994859075e-184,6.60185946848551e-29
0.0075,0.75,5000,338,1.81844559339829e-28,2.23774481050893e-185,1.81844559339829e-28
0.0075,0.75,5000,339,4.97994428619788e-28,1.2190278181347e-186,4.97994428619788e-28
0.0075,0.75,5000,340,1.35585253860342e-27,6.5746665153711e-188,1.35585253860342e-27
0.0075,0.75,5000,341,3.66975912793904e-27,3.51067718713218e-189,3.66975912793904e-27
0.0075,0.75,5000,342,9.87353718388565e-27,1.85594507862845e-190,9.87353718388565e-27
0.0075,0.75,5000,343,2.64052760512949e-26,9.71396196718545e-192,2.64052760512949e-26
0.0075,0.75,5000,344,7.01881318969132e-26,5.03366990596602e-193,7.01881318969132e-26
0.0075,0.75,5000,345,1.8542300601139e-25,2.5824392929421e-194,1.8542300601139e-25
0.0075,0.75,5000,346,4.8681292606355e-25,1.31169409972592e-195,4.8681292606355e-25
0.0075,0.75,5000,347,1.2700779384893e-24,6.59617340406752e-197,1.2700779384893e-24
0.0075,0.75,5000,348,3.29260260288621e-24,3.28404136234596e-198,3.29260260288621e-24
0.0075,0.75,5000,349,8.48124232774083e-24,1.61875911868829e-199,8.48124232774083e-24
0.0075,0.75,5000,350,2.17050616419198e-23,7.89974172266082e-201,2.17050616419198e-23
0.0075,0.75,5000,351,5.51840802858308e-23,3.8168106236149e-202,5.51840802858308e-23
0.0075,0.75,5000,352,1.39375782250035e-22,1.82576714400897e-203,1.39375782250035e-22
0.0075,0.75,5000,353,3.49663817543454e-22,8.64663681289493e-205,3.49663817543454e-22
0.0075,0.75,5000,354,8.71310084172712e-22,4.05420871560949e-206,8.71310084172712e-22
0.0075,0.75,5000,355,2.1563632179909e-21,1.88201050611657e-207,2.1563632179909e-21
0.0075,0.75,5000,356,5.2998837426229e-21,8.64958038668104e-209,5.2998837426229e-21
0.0075,0.75,5000,357,1.29352198627309e-20,3.93572812373857e-210,1.29352198627309e-20
0.0075,0.75,5000,358,3.13481411766089e-20,1.77301412812323e-211,3.13481411766089e-20
0.0075,0.75,5000,359,7.54305754853345e-20,7.90781239460987e-213,7.54305754853345e-20
0.0075,0.75,5000,360,1.8019698542388e-19,3.49186603740121e-214,1.8019698542388e-19
0.0075,0.75,5000,361,4.27344983465353e-19,1.52656691456874e-215,4.27344983465353e-19
0.0075,0.75,5000,362,1.00602066714301e-18,6.60740872471072e-217,1.00602066714301e-18
0.0075,0.75,5000,363,2.35070602849509e-18,2.83141516933682e-218,2.35070602849509e-18
0.0075,0.75,5000,364,5.45153123665234e-18,1.2012488686572e-219,5.45153123665234e-18
0.0075,0.75,5000,365,1.25467955586752e-17,5.04567744610451e-221,1.25467955586752e-17
0.0075,0.75,5000,366,2.86553935822911e-17,2.09827802126383e-222,2.86553935822911e-17
0.0075,0.75,5000,367,6.49387661864762e-17,8.63900318857569e-224,6.49387661864762e-17
0.0075,0.75,5000,368,1.46012625930695e-16,3.52144810142462e-225,1.46012625930695e-16
0.0075,0.75,5000,369,3.257091199833e-16,1.42113719186733e-226,3.257091199833e-16
0.0075,0.75,5000,370,7.20753496973928e-16,5.67816192974397e-228,7.20753496973928e-16
0.0075,0.75,5000,371,1.58206726665649e-15,2.24613883656175e-229,1.58206726665649e-15
0.0075,0.75,5000,372,3.44435834560204e-15,8.79675457728643e-231,3.44435834560204e-15
0.0075,0.75,5000,373,7.4370484354576e-15,3.41087190224356e-232,7.4370484354576e-15
0.0075,0.75,5000,374,1.59244838370092e-14,1.30937908170212e-233,1.59244838370092e-14
0.0075,0.75,5000,375,3.38116264920714e-14,4.97648205824712e-235,3.38116264920714e-14
0.0075,0.75,5000,376,7.11813296575384e-14,1.87256344884033e-236,7.11813296575384e-14
0.0075,0.75,5000,377,1.4856920568847e-13,6.97601967079506e-238,1.4856920568847e-13
0.0075,0.75,5000,378,3.0740964332347e-13,2.57297701312289e-239,3.0740964332347e-13
0.0075,0.75,5000,379,6.30515057339637e-13,9.39552756755806e-241,6.30515057339637e-13
0.0075,0.75,5000,380,1.28181711883572e-12,3.39674927390414e-242,1.28181711883572e-12
0.0075,0.75,5000,381,2.58269251032869e-12,1.21580203649328e-243,2.58269251032869e-12
0.0075,0.75,5000,382,5.1570205900533e-12,4.30843253650494e-245,5.1570205900533e-12
0.0075,0.75,5000,383,1.02039466299228e-11,1.51158572730338e-246,1.02039466299228e-11
0.0075,0.75,5000,384,2.00052706269703e-11,5.25053216550531e-248,2.00052706269703e-11
0.0075,0.75,5000,385,3.88589992971528e-11,1.80563897031965e-249,3.88589992971528e-11
0.0075,0.75,5000,386,7.47780185360847e-11,6.14774111089872e-251,7.47780185360847e-11
0.0075,0.75,5000,387,1.42546304393939e-10,2.07232218769506e-252,1.42546304393939e-10
0.0075,0.75,5000,388,2.69155011826549e-10,6.91601678147223e-254,2.69155011826549e-10
0.0075,0.75,5000,389,5.03359967417415e-10,2.28513496279602e-255,5.03359967417415e-10
0.0075,0.75,5000,390,9.32288159538559e-10,7.47523287973473e-257,9.32288159538559e-10
0.0075,0.75,5000,391,1.70994842038434e-09,2.42099924539668e-258,1.70994842038434e-09
0.0075,0.75,5000,392,3.1055873387403e-09,7.76285789826288e-260,3.1055873387403e-09
0.0075,0.75,5000,393,5.58469516267727e-09,2.46436864092855e-261,5.58469516267727e-09
0.0075,0.75,5000,394,9.94300981315012e-09,7.74545199099185e-263,9.94300981315012e-09
0.0075,0.75,5000,395,1.7525372407315e-08,2.41015467087462e-264,1.7525372407315e-08
0.0075,0.75,5000,396,3.05785326353503e-08,7.42506255981379e-266,3.05785326353503e-08
0.0075,0.75,5000,397,5.28123833276791e-08,2.26470884000171e-267,5.28123833276791e-08
0.0075,0.75,5000,398,9.02807495512839e-08,6.83882811814459e-269,9.02807495512839e-08
0.0075,0.75,5000,399,1.52744704829867e-07,2.04459859097016e-270,1.52744704829867e-07
0.0075,0.75,5000,400,2.55753168232271e-07,6.05189634377858e-272,2.55753168232271e-07
0.0075,0.75,10000,0,1.41495363932415e-10,4.03599842987685e-10,-2.6210447905527e-10
0.0075,0.75,10000,1,2.2267246038838e-10,6.15801024667086e-10,-3.93128564278705e-10
0.0075,0.75,10000,2,3.48553564589866e-10,9.34885348130708e-10,-5.86331783540842e-10
0.0075,0.75,10000,3,5.42683197192253e-10,1.41222803014292e-09,-8.69544832950664e-10
0.0075,0.75,10000,4,8.404121024639e-10,2.1226570310422e-09,-1.2822449285783e-09
0.0075,0.75,10000,5,1.29450191960149e-09,3.17455866796664e-09,-1.88005674836515e-09
0.0075,0.75,10000,6,1.98323022125391e-09,4.72406009973672e-09,-2.74082987848282e-09
0.0075,0.75,10000,7,3.02203371817619e-09,6.99481122393749e-09,-3.9727775057613e-09
0.0075,0.75,10000,8,4.58012241583947e-09,1.03054060881223e-08,-5.72528367228285e-09
0.0075,0.75,10000,9,6.90402723779628e-09,1.51071572330562e-08,-8.2031299952599e-09
0.0075,0.75,10000,10,1.03507476438429e-08,2.20358047807951e-08,-1.16850571369522e-08
0.0075,0.75,10000,11,1.54340927066459e-08,3.19818521133502e-08,-1.65477594067043e-08
0.0075,0.75,10000,12,2.28890178453516e-08,4.61856258305332e-08,-2.32966079851815e-08
0.0075,0.75,10000,13,3.3760319968884e-08,6.63649211179146e-08,-3.26046011490306e-08
0.0075,0.75,10000,14,4.95240477826705e-08,9.48852835606196e-08,-4.53612357779491e-08
0.0075,0.75,10000,15,7.2252504455503e-08,1.3498566943462e-07,-6.27331649791165e-08
0.0075,0.75,10000,16,1.04836869817859e-07,1.91075496669301e-07,-8.62386268514426e-08
0.0075,0.75,10000,17,1.51285359253406e-07,2.69123025917017e-07,-1.17837666663611e-07
0.0075,0.75,10000,18,2.17119579751575e-07,3.77159668050407e-07,-1.60040088298832e-07
0.0075,0.75,10000,19,3.09897449379891e-07,5.25930261089507e-07,-2.16032811709616e-07
0.0075,0.75,10000,20,4.39897809934327e-07,7.29725634589542e-07,-2.89827824655216e-07
0.0075,0.75,10000,21,6.21009751872713e-07,1.00744088833089e-06,-3.86431136458177e-07
0.0075,0.75,10000,22,8.71878710054414e-07,1.38391071313774e-06,-5.12032003083326e-07
0.0075,0.75,10000,23,1.21737153791404e-06,1.89158166991355e-06,-6.74210131999505e-07
0.0075,0.75,10000,24,1.69043389703016e-06,2.57259043206331e-06,-8.82156535033152e-07
0.0075,0.75,10000,25,2.33442516233554e-06,3.4813262986687e-06,-1.14690113633316e-06
0.0075,0.75,10000,26,3.2060282473176e-06,4.6875653919673e-06,-1.4815371446497e-06
0.0075,0.75,10000,27,4.37884372774558e-06,6.28027231301823e-06,-1.90142858527264e-06
0.0075,0.75,10000,28,5.94778860928175e-06,8.37217193670763e-06,-2.42438332742588e-06
0.0075,0.75,10000,29,8.0344290351627e-06,1.11051986051417e-05,-3.07076956997896e-06
0.0075,0.75,10000,30,1.07933819092126e-05,1.46569311773448e-05,-3.86354926813225e-06
0.0075,0.75,10000,31,1.44199213109148e-05,1.92481189963786e-05,-4.82819768546381e-06
0.0075,0.75,10000,32,1.91589199621819e-05,2.51513944788949e-05,-5.99247451671297e-06
0.0075,0.75,10000,33,2.53152419319955e-05,3.2701251243082e-05,-7.38600931108659e-06
0.0075,0.75,10000,34,3.32656781668699e-05,4.23053409419851e-05,-9.03966277511516e-06
0.0075,0.75,10000,35,4.34724792118959e-05,5.44571057588177e-05,-1.09846265469219e-05
0.0075,0.75,10000,36,5.64984876406156e-05,6.97497154752718e-05,-1.32512278346562e-05
0.0075,0.75,10000,37,7.30238045152384e-05,8.88912170219437e-05,-1.58674125067053e-05
0.0075,0.75,10000,38,9.38638383989488e-05,0.000112720729739824,-1.88568913408755e-05
0.0075,0.75,10000,39,0.000119988481490845,0.000142225431063134,-2.22369495722888e-05
0.0075,0.75,10000,40,0.000152542035754584,0.00017855797555045,-2.60159397958658e-05
0.0075,0.75,10000,41,0.000192863374068674,0.000223053876622905,-3.01905025542314e-05
0.0075,0.75,10000,42,0.0002425056704786,0.000277248257559954,-3.47425870813539e-05
0.0075,0.75,10000,43,0.000303254874244849,0.000342891249995171,-3.96363757503215e-05
0.0075,0.75,10000,44,0.000377145940977086,0.000421961189368503,-4.48152483914169e-05
0.0075,0.75,10000,45,0.000466475678930539,0.000516674633852301,-5.01989549217623e-05
0.0075,0.75,10000,46,0.000573810929422846,0.000629492123746017,-5.56811943231715e-05
0.0075,0.75,10000,47,0.000701990688681341,0.000763118510886196,-6.1127822204855e-05
0.0075,0.75,10000,48,0.00085412070669845,0.000920496631724023,-6.63759250255735e-05
0.0075,0.75,10000,49,0.00103355907981167,0.00110479308330028,-7.12340034886027e-05
0.0075,0.75,10000,50,0.00124389140047184,0.00131937489825376,-7.54834977819234e-05
0.0075,0.75,10000,51,0.00148889415166158,0.00156777601242171,-7.88818607601284e-05
0.0075,0.75,10000,52,0.00177248524424204,0.00185365258435171,-8.11673401096616e-05
0.0075,0.75,10000,53,0.00209866089958426,0.00218072646584863,-8.20655662643693e-05
0.0075,0.75,10000,54,0.00247141847947528,0.00255271643934383,-8.1297959868558e-05
0.0075,0.75,10000,55,0.00289466535767116,0.00297325723059073,-7.85918729195772e-05
0.0075,0.75,10000,56,0.00337211450393076,0.00344580676889233,-7.3692264961565e-05
0.0075,0.75,10000,57,0.00390716809687362,0.00397354269193195,-6.63745950583222e-05
0.0075,0.75,10000,58,0.00450279117502163,0.00455924966347558,-5.64584884539462e-05
0.0075,0.75,10000,59,0.00516137804813605,0.00520519966990174,-4.38216217656905e-05
0.0075,0.75,10000,60,0.00588461489018888,0.00591302806118227,-2.8413170993391e-05
0.0075,0.75,10000,61,0.00667334258350556,0.00668360867508848,-1.02660915829176e-05
0.0075,0.75,10000,62,0.00752742444073342,0.00751693189860458,1.04925421288348e-05
0.0075,0.75,10000,63,0.00844562385685585,0.0084119899448311,3.36339120247456e-05
0.0075,0.75,10000,64,0.00942549719902802,0.00936667392426119,5.88232747668338e-05
0.0075,0.75,10000,65,0.0104633072937243,0.0103776874355149,8.5619858209417e-05
0.0075,0.75,10000,66,0.0115539626919782,0.0114404813658796,0.000113481326098589
0.0075,0.75,10000,67,0.0126909874674865,0.0125492143560091,0.000141773111477443
0.0075,0.75,10000,68,0.0138665256239316,0.0136967429337025,0.000169782690229088
0.0075,0.75,10000,69,0.01507138326524,0.0148746446564367,0.00019673860880328
0.0075,0.75,10000,70,0.0162951105379112,0.0160732767298802,0.000221833808031056
0.0075,0.75,10000,71,0.0175261240243123,0.0172818715102635,0.0002442525140488
0.0075,0.75,10000,72,0.018751868799291,0.0184886690841627,0.000263199715128278
0.0075,0.75,10000,73,0.019959017820119,0.0196810857928572,0.00027793202726184
0.0075,0.75,10000,74,0.0211337047705167,0.0208459161822864,0.000287788588230309
0.0075,0.75,10000,75,0.022261784997156,0.0219695644733861,0.000292220523769839
0.0075,0.75,10000,76,0.023329117836239,0.0230383003253055,0.000290817510933534
0.0075,0.75,10000,77,0.0243218624997987,0.0240385324709827,0.000283330028816052
0.0075,0.75,10000,78,0.0252267788397595,0.0249570928036152,0.000269686036144291
0.0075,0.75,10000,79,0.0260315237843311,0.0257815227404741,0.000250001043857029
0.0075,0.75,10000,80,0.0267249340825505,0.0265003532344029,0.00022458084814761
0.0075,0.75,10000,81,0.0272972862175366,0.0271033696776216,0.000193916539915066
0.0075,0.75,10000,82,0.02774052495669,0.0275818531662706,0.000158671790419448
0.0075,0.75,10000,83,0.0280484529773069,0.0279287901697234,0.000119662807583489
0.0075,0.75,10000,84,0.0282168752995799,0.0281390435606505,7.78317389294285e-05
0.0075,0.75,10000,85,0.0282436938194327,0.0282094791773878,3.42146420448664e-05
0.0075,0.75,10000,86,0.0281289489909087,0.0281390435606505,-1.00945697417594e-05
0.0075,0.75,10000,87,0.0278748075816766,0.0279287901697234,-5.39825880467755e-05
0.0075,0.75,10000,88,0.027485497329927,0.0275818531662706,-9.63558363436187e-05
0.0075,0.75,10000,89,0.0269671911800864,0.0271033696776216,-0.000136178497535222
0.0075,0.75,10000,90,0.0263278454860218,0.0265003532344029,-0.000172507748381037
0.0075,0.75,10000,91,0.0255769980699357,0.0257815227404741,-0.000204524670538386
0.0075,0.75,10000,92,0.0247255332514974,0.0249570928036152,-0.000231559552117854
0.0075,0.75,10000,93,0.0237854218688181,0.0240385324709827,-0.000253110602164566
0.0075,0.75,10000,94,0.0227694448718889,0.0230383003253055,-0.000268855453416619
0.0075,0.75,10000,95,0.0216909092694999,0.0219695644733861,-0.000278655203886185
0.0075,0.75,10000,96,0.0205633650598953,0.0208459161822864,-0.000282551122391186
0.0075,0.75,10000,97,0.0194003312976248,0.0196810857928572,-0.000280754495232405
0.0075,0.75,10000,98,0.0182150386829363,0.0184886690841627,-0.000273630401226403
0.0075,0.75,10000,99,0.0170201950559296,0.0172818715102635,-0.000261676454333899
0.0075,0.75,10000,100,0.015827778994136,0.0160732767298802,-0.000245497735744133
0.0075,0.75,10000,101,0.0146488654123857,0.0148746446564367,-0.000225779244051035
0.0075,0.75,10000,102,0.0134934857118905,0.0136967429337025,-0.000203257221812029
0.0075,0.75,10000,103,0.0123705236830947,0.0125492143560091,-0.000178690672914388
0.0075,0.75,10000,104,0.0112876470901877,0.0114404813658796,-0.000152834275691849
0.0075,0.75,10000,105,0.010251273702524,0.0103776874355149,-0.000126413732990903
0.0075,0.75,10000,106,0.00926656952809284,0.00936667392426119,-0.000100104396168355
0.0075,0.75,10000,107,0.0083374761744391,0.0084119899448311,-7.45137703920037e-05
0.0075,0.75,10000,108,0.00746676362969417,0.00751693189860458,-5.01682689104084e-05
0.0075,0.75,10000,109,0.00665610432648021,0.00668360867508848,-2.75043486082727e-05
0.0075,0.75,10000,110,0.00590616412023606,0.00591302806118227,-6.86394094620568e-06
0.0075,0.75,10000,111,0.00521670576819869,0.00520519966990174,1.15060982969466e-05
0.0075,0.75,10000,112,0.00458670061604606,0.00455924966347558,2.74509525704878e-05
0.0075,0.75,10000,113,0.00401444446109482,0.00397354269193195,4.09017691628717e-05
0.0075,0.75,10000,114,0.00349767393567776,0.00344580676889233,5.18671667854328e-05
0.0075,0.75,10000,115,0.00303368021217643,0.00297325723059073,6.04229815856948e-05
0.0075,0.75,10000,116,0.00261941734262561,0.00255271643934383,6.6700903281776e-05
0.0075,0.75,10000,117,0.00225160308294325,0.00218072646584863,7.08766170946168e-05
0.0075,0.75,10000,118,0.0019268105895474,0.00185365258435171,7.31580051956944e-05
0.0075,0.75,10000,119,0.00164154989287577,0.00156777601242171,7.37738804540589e-05
0.0075,0.75,10000,120,0.00139233853071696,0.00131937489825376,7.29636324632004e-05
0.0075,0.75,10000,121,0.00117576115122247,0.00110479308330028,7.09680679221939e-05
0.0075,0.75,10000,122,0.00098851826221516,0.000920496631724023,6.80216304911369e-05
0.0075,0.75,10000,123,0.000827464605193924,0.000763118510886196,6.43460943077284e-05
0.0075,0.75,10000,124,0.000689637868106466,0.000629492123746017,6.01457443604492e-05
0.0075,0.75,10000,125,0.000572278622427135,0.000516674633852301,5.56039885748341e-05
0.0075,0.75,10000,126,0.000472842481682753,0.000421961189368503,5.08812923142502e-05
0.0075,0.75,10000,127,0.0003890055364752,0.000342891249995171,4.61142864800294e-05
0.0075,0.75,10000,128,0.000318664132613121,0.000277248257559954,4.14158750531672e-05
0.0075,0.75,10000,129,0.000259930032180665,0.000223053876622905,3.68761555577601e-05
0.0075,0.75,10000,130,0.000211121940377593,0.00017855797555045,3.25639648271431e-05
0.0075,0.75,10000,131,0.000170754301639861,0.000142225431063134,2.85288705767273e-05
0.0075,0.75,10000,132,0.000137524174194654,0.000112720729739824,2.48034444548294e-05
0.0075,0.75,10000,133,0.000110296889319685,8.88912170219437e-05,2.14056722977414e-05
0.0075,0.75,10000,134,8.809109572476e-05,6.97497154752718e-05,1.83413802494882e-05
0.0075,0.75,10000,135,7.00636852109626e-05,5.44571057588177e-05,1.56065794521448e-05
0.0075,0.75,10000,136,5.54949966414015e-05,4.23053409419851e-05,1.31896556994164e-05
0.0075,0.75,10000,137,4.37746038728939e-05,3.2701251243082e-05,1.10733526298119e-05
0.0075,0.75,10000,138,3.43879113759259e-05,2.51513944788949e-05,9.23651689703097e-06
0.0075,0.75,10000,139,2.69037097762579e-05,1.92481189963786e-05,7.65559077987932e-06
0.0075,0.75,10000,140,2.09627828145062e-05,1.46569311773448e-05,6.30585163716144e-06
0.0075,0.75,10000,141,1.62676070590345e-05,1.11051986051417e-05,5.16240845389279e-06
0.0075,0.75,10000,142,1.25731455550308e-05,8.37217193670763e-06,4.20097361832313e-06
0.0075,0.75,10000,143,9.6787056082268e-06,6.28027231301823e-06,3.39843329520857e-06
0.0075,0.75,10000,144,7.42080807237235e-06,4.6875653919673e-06,2.73324268040505e-06
0.0075,0.75,10000,145,5.66699973499819e-06,3.4813262986687e-06,2.1856734363295e-06
0.0075,0.75,10000,146,4.31053055752309e-06,2.57259043206331e-06,1.73794012545978e-06
0.0075,0.75,10000,147,3.26581253968395e-06,1.89158166991355e-06,1.37423086977041e-06
0.0075,0.75,10000,148,2.46457583437482e-06,1.38391071313774e-06,1.08066512123708e-06
0.0075,0.75,10000,149,1.85263952611016e-06,1.00744088833089e-06,8.45198637779268e-07
0.0075,0.75,10000,150,1.38721840686271e-06,7.29725634589542e-07,6.57492772273165e-07
0.0075,0.75,10000,151,1.03469245837122e-06,5.25930261089507e-07,5.08762197281714e-07
0.0075,0.75,10000,152,7.6877201911548e-07,3.77159668050407e-07,3.91612351065073e-07
0.0075,0.75,10000,153,5.68998326931209e-07,2.69123025917017e-07,2.99875301014192e-07
0.0075,0.75,10000,154,4.19525935573601e-07,1.91075496669301e-07,2.284504389043e-07
0.0075,0.75,10000,155,3.08140145286814e-07,1.3498566943462e-07,1.73154475852195e-07
0.0075,0.75,10000,156,2.25468879527037e-07,9.48852835606196e-08,1.30583595966417e-07
0.0075,0.75,10000,157,1.64354261542628e-07,6.63649211179146e-08,9.79893404247137e-08
0.0075,0.75,10000,158,1.19354425613315e-07,4.61856258305332e-08,7.31687997827814e-08
0.0075,0.75,10000,159,8.63508082448761e-08,3.19818521133502e-08,5.43689561315259e-08
0.0075,0.75,10000,160,6.22403042797173e-08,2.20358047807951e-08,4.02044994989222e-08
0.0075,0.75,10000,161,4.46952629819239e-08,1.51071572330562e-08,2.95881057488677e-08
0.0075,0.75,10000,162,3.19773754496455e-08,1.03054060881223e-08,2.16719693615232e-08
0.0075,0.75,10000,163,2.27941118225954e-08,6.99481122393749e-09,1.57993005986579e-08
0.0075,0.75,10000,164,1.61885537811569e-08,4.72406009973672e-09,1.14644936814202e-08
0.0075,0.75,10000,165,1.1455285030484e-08,3.17455866796664e-09,8.28072636251734e-09
0.0075,0.75,10000,166,8.07649886264675e-09,2.1226570310422e-09,5.95384183160455e-09
0.0075,0.75,10000,167,5.67370368916897e-09,1.41222803014292e-09,4.26147565902605e-09
0.0075,0.75,10000,168,3.97139698762101e-09,9.34885348130708e-10,3.0365116394903e-09
0.0075,0.75,10000,169,2.76987338411229e-09,6.15801024667086e-10,2.15407235944521e-09
0.0075,0.75,10000,170,1.92496701668745e-09,4.03599842987685e-10,1.52136717369977e-09
0.0075,0.75,10000,171,1.33303082835931e-09,2.63202553052039e-10,1.06982827530727e-09
0.0075,0.75,10000,172,9.19850721090678e-10,1.70788149981785e-10,7.49062571108893e-10
0.0075,0.75,10000,173,6.32501375688918e-10,1.10269117367086e-10,5.22232258321833e-10
0.0075,0.75,10000,174,4.33390340845247e-10,7.08400061301557e-11,3.62550334715092e-10
0.0075,0.75,10000,175,2.95921999050768e-10,4.52826473977172e-11,2.5063935165305e-10
0.0075,0.75,10000,176,2.01354877686679e-10,2.88013971883593e-11,1.72553480498319e-10
0.0075,0.75,10000,177,1.36533904591543e-10,1.82273625059549e-11,1.18306542085588e-10
0.0075,0.75,10000,178,9.22611498055527e-11,1.14779051893992e-11,8.07832446161536e-11
0.0075,0.75,10000,179,6.21303389453127e-11,7.1916735070127e-12,5.49386654383e-11
0.0075,0.75,10000,180,4.16966889536706e-11,4.48358925858533e-12,3.72130996950853e-11
0.0075,0.75,10000,181,2.78880951080915e-11,2.78131517245272e-12,2.51067799356388e-11
0.0075,0.75,10000,182,1.8589254807018e-11,1.71673443074675e-12,1.68725203762713e-11
0.0075,0.75,10000,183,1.2349157828672e-11,1.05434940549645e-12,1.12948084231755e-11
0.0075,0.75,10000,184,8.17619580330082e-12,6.44309485639594e-13,7.53188631766123e-12
0.0075,0.75,10000,185,5.39523200759977e-12,3.91771663275433e-13,5.00346034432434e-12
0.0075,0.75,10000,186,3.54829853604863e-12,2.37028213518553e-13,3.31127032253008e-12
0.0075,0.75,10000,187,2.32588167882304e-12,1.42690675423217e-13,2.18319100339982e-12
0.0075,0.75,10000,188,1.51956311534405e-12,8.54711744730544e-14,1.434091940871e-12
0.0075,0.75,10000,189,9.89508929439809e-13,5.09415643344014e-14,9.38567365105407e-13
0.0075,0.75,10000,190,6.42239033966605e-13,3.02101867900169e-14,6.12028847176588e-13
0.0075,0.75,10000,191,4.15485438186786e-13,1.78263763593815e-14,3.97659061827405e-13
0.0075,0.75,10000,192,2.67918769145189e-13,1.04664947445577e-14,2.57452274400631e-13
0.0075,0.75,10000,193,1.72204602067874e-13,6.11459892597934e-15,1.66090003141895e-13
0.0075,0.75,10000,194,1.10328236887129e-13,3.55437478443806e-15,1.06773862102691e-13
0.0075,0.75,10000,195,7.04587458231944e-14,2.05582901131573e-15,6.84029168118787e-14
0.0075,0.75,10000,196,4.4853404082443e-14,1.18314858636503e-15,4.36702554960779e-14
0.0075,0.75,10000,197,2.84625699460903e-14,6.77516873117446e-16,2.77850530729729e-14
0.0075,0.75,10000,198,1.80043279375325e-14,3.86037477767721e-16,1.76182904597648e-14
0.0075,0.75,10000,199,1.13529751803962e-14,2.1886048180415e-16,1.1134114698592e-14
0.0075,0.75,10000,200,7.13638494297766e-15,1.23462128524105e-16,7.01292281445355e-15
0.0075,0.75,10000,201,4.47186267862142e-15,6.92992759032093e-17,4.40256340271821e-15
0.0075,0.75,10000,202,2.79348300268358e-15,3.87036711546593e-17,2.75477933152892e-15
0.0075,0.75,10000,203,1.73962937618831e-15,2.1508204293992e-17,1.71812117189432e-15
0.0075,0.75,10000,204,1.08000624693852e-15,1.18928152516366e-17,1.06811343168689e-15
0.0075,0.75,10000,205,6.68436745624001e-16,6.54325309812316e-18,6.61893492525878e-16
0.0075,0.75,10000,206,4.12443559116911e-16,3.58204711713413e-18,4.08861511999777e-16
0.0075,0.75,10000,207,2.53714047083711e-16,1.95118027248151e-18,2.5176286681123e-16
0.0075,0.75,10000,208,1.55598663531473e-16,1.05752836832119e-18,1.54541135163152e-16
0.0075,0.75,10000,209,9.51380243143857e-17,5.70315511363663e-19,9.4567708803022e-17
0.0075,0.75,10000,210,5.79955717216002e-17,3.06032019814988e-19,5.76895397017852e-17
0.0075,0.75,10000,211,3.52479181991862e-17,1.63398129729462e-19,3.50845200694568e-17
0.0075,0.75,10000,212,2.13587338351227e-17,8.68072146583791e-20,2.12719266204643e-17
0.0075,0.75,10000,213,1.29040596162097e-17,4.58873617674787e-20,1.28581722544422e-17
0.0075,0.75,10000,214,7.77304968887302e-18,2.41356436234766e-20,7.74891404524955e-18
0.0075,0.75,10000,215,4.66848667563574e-18,1.26314500076566e-20,4.65585522562809e-18
0.0075,0.75,10000,216,2.79566893221317e-18,6.57773023273599e-21,2.78909120198043e-18
0.0075,0.75,10000,217,1.66926621674118e-18,3.40821855328626e-21,1.6658579981879e-18
0.0075,0.75,10000,218,9.93804583428243e-19,1.75714395197184e-21,9.92047439476271e-19
0.0075,0.75,10000,219,5.89952661517113e-19,9.01396308884399e-22,5.89051265208228e-19
0.0075,0.75,10000,220,3.49204099097814e-19,4.60100532895942e-22,3.48743998564918e-19
0.0075,0.75,10000,221,2.06106975995408e-19,2.33678214060436e-22,2.05873297781347e-19
0.0075,0.75,10000,222,1.21300447131313e-19,1.18089760249818e-22,1.21182357371063e-19
0.0075,0.75,10000,223,7.11858371402523e-20,5.93792604886259e-23,7.11264578797636e-20
0.0075,0.75,10000,224,4.16573250978369e-20,2.97088510148226e-23,4.16276162468221e-20
0.0075,0.75,10000,225,2.43086491146246e-20,1.47899073950077e-23,2.42938592072296e-20
0.0075,0.75,10000,226,1.41451311311717e-20,7.32611246244878e-24,1.41378050187093e-20
0.0075,0.75,10000,227,8.20795289910398e-21,3.61085654895248e-24,8.20434204255502e-21
0.0075,0.75,10000,228,4.74951699535766e-21,1.77082407153793e-24,4.74774617128612e-21
0.0075,0.75,10000,229,2.74066345620119e-21,8.64110189106616e-25,2.73979934601209e-21
0.0075,0.75,10000,230,1.57709761777703e-21,4.19557378289832e-25,1.57667806039874e-21
0.0075,0.75,10000,231,9.0502994588223e-22,2.02694576003526e-25,9.04827251306226e-22
0.0075,0.75,10000,232,5.17933146157799e-22,9.74364425694147e-26,5.1783570971523e-22
0.0075,0.75,10000,233,2.9559405198316e-22,4.6604648732328e-26,2.95547447334427e-22
0.0075,0.75,10000,234,1.68241729885543e-22,2.21802065508438e-26,1.68219549678992e-22
0.0075,0.75,10000,235,9.54976314826927e-23,1.05034134452875e-26,9.54871280692474e-23
0.0075,0.75,10000,236,5.40601294118754e-23,4.94907303981502e-27,5.40551803388356e-23
0.0075,0.75,10000,237,3.05205182689227e-23,2.3203088326967e-27,3.051819796009e-23
0.0075,0.75,10000,238,1.71846930684391e-23,1.08242110320227e-27,1.71836106473359e-23
0.0075,0.75,10000,239,9.6500906021525e-24,5.02429621467204e-28,9.64958817253103e-24
0.0075,0.75,10000,240,5.40462285696178e-24,2.32050628312308e-28,5.40439080633347e-24
0.0075,0.75,10000,241,3.01889784509605e-24,1.06639669146951e-28,3.0187912054269e-24
0.0075,0.75,10000,242,1.68184150186198e-24,4.87622073532173e-29,1.68179273965463e-24
0.0075,0.75,10000,243,9.34501307085464e-25,2.21858694141699e-29,9.3447912121605e-25
0.0075,0.75,10000,244,5.17889983845435e-25,1.00438004482658e-29,5.17879940044987e-25
0.0075,0.75,10000,245,2.86261132310763e-25,4.52426699213996e-30,2.86256608043771e-25
0.0075,0.75,10000,246,1.57818906730026e-25,2.02780833793804e-30,1.57816878921688e-25
0.0075,0.75,10000,247,8.67824528804312e-26,9.04344934497788e-31,8.67815485354967e-26
0.0075,0.75,10000,248,4.75976491368449e-26,4.01300632068844e-31,4.75972478362128e-26
0.0075,0.75,10000,249,2.60389937897524e-26,1.7718791787998e-31,2.60388166018345e-26
0.0075,0.75,10000,250,1.42086364084989e-26,7.78443135800759e-32,1.42085585641853e-26
0.0075,0.75,10000,251,7.73347138355578e-27,3.40289234375517e-32,7.73343735463234e-27
0.0075,0.75,10000,252,4.19850610330961e-27,1.48012383908186e-32,4.19849130207122e-27
0.0075,0.75,10000,253,2.27361873675731e-27,6.40584498396467e-33,2.27361233091232e-27
0.0075,0.75,10000,254,1.22813845715104e-27,2.75856564920401e-33,1.22813569858539e-27
0.0075,0.75,10000,255,6.61741137432622e-28,1.18200346721404e-33,6.61739955429155e-28
0.0075,0.75,10000,256,3.55667592011883e-28,5.03944494127406e-34,3.55667088067388e-28
0.0075,0.75,10000,257,1.90686538961397e-28,2.13783993973855e-34,1.90686325177403e-28
0.0075,0.75,10000,258,1.01981068157021e-28,9.02393993246009e-35,1.01980977917622e-28
0.0075,0.75,10000,259,5.44060291173721e-29,3.79005692326587e-35,5.44059912168029e-29
0.0075,0.75,10000,260,2.89538690460718e-29,1.58388555208912e-35,2.89538532072163e-29
0.0075,0.75,10000,261,1.53710102309693e-29,6.58613137457571e-36,1.53710036448379e-29
0.0075,0.75,10000,262,8.14026512637086e-30,2.72499374120468e-36,8.14026240137712e-30
0.0075,0.75,10000,263,4.30050146913212e-30,1.12183544182829e-36,4.30050034729668e-30
0.0075,0.75,10000,264,2.26646031443919e-30,4.59537895835276e-37,2.2664598549013e-30
0.0075,0.75,10000,265,1.19159765242232e-30,1.87301835706149e-37,1.19159746512048e-30
0.0075,0.75,10000,266,6.24982231362591e-31,7.59611032772585e-38,6.24982155401487e-31
0.0075,0.75,10000,267,3.27013890257e-31,3.06527202440517e-38,3.2701385960428e-31
0.0075,0.75,10000,268,1.70698298904409e-31,1.2307654800264e-38,1.70698286596754e-31
0.0075,0.75,10000,269,8.88915729576985e-32,4.91711221636261e-39,8.88915680405863e-32
0.0075,0.75,10000,270,4.61811043097594e-32,1.9546700567904e-39,4.61811023550894e-32
0.0075,0.75,10000,271,2.39355966753571e-32,7.73152791346982e-40,2.39355959022043e-32
0.0075,0.75,10000,272,1.23766839080568e-32,3.04288629242125e-40,1.23766836037682e-32
0.0075,0.75,10000,273,6.38481459885277e-33,1.19161139344986e-40,6.38481447969163e-33
0.0075,0.75,10000,274,3.28609461258506e-33,4.64314341166733e-41,3.28609456615363e-33
0.0075,0.75,10000,275,1.68734320458272e-33,1.80018888638499e-41,1.68734318658083e-33
0.0075,0.75,10000,276,8.6441475025362e-34,6.94468548935753e-42,8.64414743308935e-34
0.0075,0.75,10000,277,4.41814593185618e-34,2.66572666240746e-42,4.41814590519892e-34
0.0075,0.75,10000,278,2.25299814795281e-34,1.01813924254543e-42,2.25299813777142e-34
0.0075,0.75,10000,279,1.14627343462253e-34,3.86925422698203e-43,1.14627343075328e-34
0.0075,0.75,10000,280,5.8186996212731e-35,1.46310630577457e-43,5.81869960664204e-35
0.0075,0.75,10000,281,2.94698312357786e-35,5.5049455287606e-44,2.94698311807291e-35
0.0075,0.75,10000,282,1.48917940307502e-35,2.06090843871031e-44,1.48917940101411e-35
0.0075,0.75,10000,283,7.50823219999177e-36,7.67702397076055e-45,7.50823219231475e-36
0.0075,0.75,10000,284,3.77705485458313e-36,2.84548056300315e-45,3.77705485173765e-36
0.0075,0.75,10000,285,1.89582135916854e-36,1.0494140578386e-45,1.89582135811913e-36
0.0075,0.75,10000,286,9.49453356767526e-37,3.85093917938307e-46,9.49453356382432e-37
0.0075,0.75,10000,287,4.74444612377022e-37,1.40609598788606e-46,4.74444612236412e-37
0.0075,0.75,10000,288,2.36557438212293e-37,5.10848127836326e-47,2.36557438161208e-37
0.0075,0.75,10000,289,1.17687524907736e-37,1.84670349353821e-47,1.17687524889269e-37
0.0075,0.75,10000,290,5.84212065888979e-38,6.64249235172143e-48,5.84212065822554e-38
0.0075,0.75,10000,291,2.89374709987476e-38,2.37735196195904e-48,2.89374709963702e-38
0.0075,0.75,10000,292,1.43022739044343e-38,8.46612020222879e-49,1.43022739035877e-38
0.0075,0.75,10000,293,7.05363325560575e-39,2.99988015707811e-49,7.05363325530576e-39
0.0075,0.75,10000,294,3.47148025895442e-39,1.05767419336315e-49,3.47148025884865e-39
0.0075,0.75,10000,295,1.70550653864174e-39,3.71046584424606e-50,1.70550653860464e-39
0.0075,0.75,10000,296,8.37801052748321e-40,1.29519003974606e-50,8.37801052735369e-40
0.0075,0.75,10000,297,4.14902152375101e-40,4.49849333476914e-51,4.14902152370603e-40
0.0075,0.75,10000,298,2.15486954345402e-40,1.55463769702537e-51,2.15486954343848e-40
0.0075,0.75,10000,299,1.37182217546982e-40,5.34588774317069e-52,1.37182217546447e-40
0.0075,0.75,10000,300,1.46134346672644e-40,1.8291065419926e-52,1.46134346672461e-40
0.0075,0.75,10000,301,2.65965245869421e-40,6.22711231314894e-53,2.65965245869359e-40
0.0075,0.75,10000,302,6.05968349922222e-40,2.10941933346809e-53,6.05968349922201e-40
0.0075,0.75,10000,303,1.45602836072493e-39,7.10996844151471e-54,1.45602836072493e-39
0.0075,0.75,10000,304,3.52765553568796e-39,2.38451990217789e-54,3.52765553568796e-39
0.0075,0.75,10000,305,8.53675102000248e-39,7.95724550746146e-55,8.53675102000247e-39
0.0075,0.75,10000,306,2.05949213543236e-38,2.64212336339153e-55,2.05949213543236e-38
0.0075,0.75,10000,307,4.95128114821507e-38,8.72914992565667e-56,4.95128114821507e-38
0.0075,0.75,10000,308,1.18610852470642e-37,2.86958663903555e-56,1.18610852470642e-37
0.0075,0.75,10000,309,2.83117035578009e-37,9.38631787925849e-57,2.83117035578009e-37
0.0075,0.75,10000,310,6.73337447372609e-37,3.05491901778413e-57,6.73337447372609e-37
0.0075,0.75,10000,311,1.59557112285722e-36,9.89310625965008e-58,1.59557112285722e-36
0.0075,0.75,10000,312,3.76710574563523e-36,3.18782280392328e-58,3.76710574563523e-36
0.0075,0.75,10000,313,8.86133826404859e-36,1.0220783754782e-58,8.86133826404859e-36
0.0075,0.75,10000,314,2.07674067305331e-35,3.26063926648992e-59,2.07674067305331e-35
0.0075,0.75,10000,315,4.84895583682055e-35,1.03502260822044e-59,4.84895583682055e-35
0.0075,0.75,10000,316,1.12794706643058e-34,3.26907922655447e-60,1.12794706643058e-34
0.0075,0.75,10000,317,2.61393769038232e-34,1.02737639484489e-60,2.61393769038232e-34
0.0075,0.75,10000,318,6.03474916266334e-34,3.21264137218243e-61,6.03474916266334e-34
0.0075,0.75,10000,319,1.38794457403847e-33,9.99593538785859e-62,1.38794457403847e-33
0.0075,0.75,10000,320,3.17998688380102e-33,3.09466155863903e-62,3.17998688380102e-33
0.0075,0.75,10000,321,7.25788706428294e-33,9.53303983500817e-63,7.25788706428294e-33
0.0075,0.75,10000,322,1.65012974848559e-32,2.9219863508371e-63,1.65012974848559e-32
0.0075,0.75,10000,323,3.7371480383492e-32,8.91155487414223e-64,3.7371480383492e-32
0.0075,0.75,10000,324,8.43078691124213e-32,2.70431524247315e-64,8.43078691124213e-32
0.0075,0.75,10000,325,1.89449203082588e-31,8.16562955974701e-65,1.89449203082588e-31
0.0075,0.75,10000,326,4.24038747567655e-31,2.45329943846531e-65,4.24038747567655e-31
0.0075,0.75,10000,327,9.45360822200957e-31,7.33398424276533e-66,9.45360822200957e-31
0.0075,0.75,10000,328,2.09923054650429e-30,2.18151354180536e-66,2.09923054650429e-30
0.0075,0.75,10000,329,4.64284638981897e-30,6.45660742942085e-67,4.64284638981897e-30
0.0075,0.75,10000,330,1.0227306546442e-29,1.90142577779598e-67,1.0227306546442e-29
0.0075,0.75,10000,331,2.24378960500298e-29,5.57163811703213e-68,2.24378960500298e-29
0.0075,0.75,10000,332,4.90273015812538e-29,1.62448218093999e-68,4.90273015812538e-29
0.0075,0.75,10000,333,1.06689071000842e-28,4.71276224536907e-69,1.06689071000842e-28
0.0075,0.75,10000,334,2.31216608517755e-28,1.36039377748962e-69,2.31216608517755e-28
0.0075,0.75,10000,335,4.99029617351033e-28,3.90734960240282e-70,4.99029617351033e-28
0.0075,0.75,10000,336,1.07258780874852e-27,1.11667921353196e-70,1.07258780874852e-27
0.0075,0.75,10000,337,2.2957767639495e-27,3.17543422285878e-71,2.2957767639495e-27
0.0075,0.75,10000,338,4.89336639214664e-27,8.98475703861575e-72,4.89336639214664e-27
0.0075,0.75,10000,339,1.03862338806705e-26,2.52951979175242e-72,1.03862338806705e-26
0.0075,0.75,10000,340,2.19518811139319e-26,7.08595440629556e-73,2.19518811139319e-26
0.0075,0.75,10000,341,4.61997533956609e-26,1.97509119522917e-73,4.61997533956609e-26
0.0075,0.75,10000,342,9.68172693639767e-26,5.47777866171733e-74,9.68172693639767e-26
0.0075,0.75,10000,343,2.02023662855261e-25,1.51164681888831e-74,2.02023662855261e-25
0.0075,0.75,10000,344,4.19738563692753e-25,4.15073222349233e-75,4.19738563692753e-25
0.0075,0.75,10000,345,8.68307802980594e-25,1.13403804947857e-75,8.68307802980594e-25
0.0075,0.75,10000,346,1.78845377161111e-24,3.08289734448306e-76,1.78845377161111e-24
0.0075,0.75,10000,347,3.6675994911039e-24,8.33909705783529e-77,3.6675994911039e-24
0.0075,0.75,10000,348,7.48819681465909e-24,2.24443752481465e-77,7.48819681465909e-24
0.0075,0.75,10000,349,1.52214056037431e-23,6.01069292388589e-78,1.52214056037431e-23
0.0075,0.75,10000,350,3.08038810109087e-23,1.60165911210768e-78,3.08038810109087e-23
0.0075,0.75,10000,351,6.20612196243797e-23,4.24662746406288e-79,6.20612196243797e-23
0.0075,0.75,10000,352,1.24477368678216e-22,1.12033206733056e-79,1.24477368678216e-22
0.0075,0.75,10000,353,2.48545992862588e-22,2.94088401946135e-80,2.48545992862588e-22
0.0075,0.75,10000,354,4.94038133483456e-22,7.68135002363658e-81,4.94038133483456e-22
0.0075,0.75,10000,355,9.77558160086699e-22,1.99629969824438e-81,9.77558160086699e-22
0.0075,0.75,10000,356,1.92550332642377e-21,5.16229066871991e-82,1.92550332642377e-21
0.0075,0.75,10000,357,3.77534468619793e-21,1.32827407167332e-82,3.77534468619793e-21
0.0075,0.75,10000,358,7.36835887889892e-21,3.40064630079636e-83,7.36835887889892e-21
0.0075,0.75,10000,359,1.43145581088916e-20,8.66290914391262e-84,1.43145581088916e-20
0.0075,0.75,10000,360,2.76802083264691e-20,2.19580911303389e-84,2.76802083264691e-20
0.0075,0.75,10000,361,5.32765689281269e-20,5.53801253398364e-85,5.32765689281269e-20
0.0075,0.75,10000,362,1.02063372558293e-19,1.38976641744131e-85,1.02063372558293e-19
0.0075,0.75,10000,363,1.94608444724868e-19,3.47022967666583e-86,1.94608444724868e-19
0.0075,0.75,10000,364,3.69320075968834e-19,8.62190341412371e-87,3.69320075968834e-19
0.0075,0.75,10000,365,6.97565557427006e-19,2.13145719304675e-87,6.97565557427006e-19
0.0075,0.75,10000,366,1.31129219773026e-18,5.24298486561438e-88,1.31129219773026e-18
0.0075,0.75,10000,367,2.45322717165673e-18,1.28324364092049e-88,2.45322717165673e-18
0.0075,0.75,10000,368,4.5676356415552e-18,3.12513055523649e-89,4.5676356415552e-18
0.0075,0.75,10000,369,8.46354189940803e-18,7.57278692038918e-90,8.46354189940803e-18
0.0075,0.75,10000,370,1.56067157279295e-17,1.82587833915701e-90,1.56067157279295e-17
0.0075,0.75,10000,371,2.86392271358486e-17,4.38042716539761e-91,2.86392271358486e-17
0.0075,0.75,10000,372,5.22989848597767e-17,1.04565788879091e-91,5.22989848597767e-17
0.0075,0.75,10000,373,9.50384335357818e-17,2.48365518239245e-92,9.50384335357818e-17
0.0075,0.75,10000,374,1.7185859066904e-16,5.86977575929191e-93,1.7185859066904e-16
0.0075,0.75,10000,375,3.09243927642398e-16,1.38032148470256e-93,3.09243927642398e-16
0.0075,0.75,10000,376,5.53708433000462e-16,3.22973963285291e-94,5.53708433000462e-16
0.0075,0.75,10000,377,9.86514014318282e-16,7.51940203332963e-95,9.86514014318282e-16
0.0075,0.75,10000,378,1.74887900596191e-15,1.74191767419853e-95,1.74887900596191e-15
0.0075,0.75,10000,379,3.08491324623267e-15,4.01513797202772e-96,3.08491324623267e-15
0.0075,0.75,10000,380,5.41433618712536e-15,9.20877472487178e-97,5.41433618712536e-15
0.0075,0.75,10000,381,9.45494545825695e-15,2.10151140798318e-97,9.45494545825695e-15
0.0075,0.75,10000,382,1.64277069914554e-14,4.77188734730418e-98,1.64277069914554e-14
0.0075,0.75,10000,383,2.83982538320066e-14,1.0781449192983e-98,2.83982538320066e-14
0.0075,0.75,10000,384,4.88422708724636e-14,2.42377681253635e-99,4.88422708724636e-14
0.0075,0.75,10000,385,8.35761640933335e-14,5.42171444080747e-100,8.35761640933335e-14
0.0075,0.75,10000,386,1.42280162102864e-13,1.20672741874191e-100,1.42280162102864e-13
0.0075,0.75,10000,387,2.40976481116733e-13,2.67245406547243e-101,2.40976481116733e-13
0.0075,0.75,10000,388,4.06037852797148e-13,5.88897682654514e-102,4.06037852797148e-13
0.0075,0.75,10000,389,6.80633344640434e-13,1.29121323535904e-102,6.80633344640434e-13
0.0075,0.75,10000,390,1.13503210661566e-12,2.81698555731684e-103,1.13503210661566e-12
0.0075,0.75,10000,391,1.88297608467192e-12,6.11504699862087e-104,1.88297608467192e-12
0.0075,0.75,10000,392,3.10754066110833e-12,1.32081960250581e-104,3.10754066110833e-12
0.0075,0.75,10000,393,5.10173552511376e-12,2.83867543683452e-105,5.10173552511376e-12
0.0075,0.75,10000,394,8.33186142788868e-12,6.07038870986541e-106,8.33186142788868e-12
0.0075,0.75,10000,395,1.3535774481173e-11,1.29165280296363e-106,1.3535774481173e-11
0.0075,0.75,10000,396,2.18743563732445e-11,2.73466169598289e-107,2.18743563732445e-11
0.0075,0.75,10000,397,3.51635584108818e-11,5.76089489801205e-108,3.51635584108818e-11
0.0075,0.75,10000,398,5.6227672468443e-11,1.20754917080399e-108,5.6227672468443e-11
0.0075,0.75,10000,399,8.94337992898454e-11,2.51853635145699e-109,8.94337992898454e-11
0.0075,0.75,10000,400,1.41495363932415e-10,5.22661067165962e-110,1.41495363932415e-10
0.0075,0.75,15000,0,7.52114316069803e-14,3.16565432416935e-13,-2.41354000809954e-13
0.0075,0.75,15000,1,1.16332184960437e-13,4.75419049399041e-13,-3.59086864438604e-13
0.0075,0.75,15000,2,1.79292535057101e-13,7.1160996383572e-13,-5.32317428778619e-13
0.0075,0.75,15000,3,2.75339710035633e-13,1.06159731913774e-12,-7.86257609102103e-13
0.0075,0.75,15000,4,4.21325637063782e-13,1.57844683130108e-12,-1.1571211942373e-12
0.0075,0.75,15000,5,6.42402810124642e-13,2.33911973911097e-12,-1.69671692898633e-12
0.0075,0.75,15000,6,9.75968166495437e-13,3.45483492925868e-12,-2.47886676276324e-12
0.0075,0.75,15000,7,1.47740905751068e-12,5.08574407076071e-12,-3.60833501325003e-12
0.0075,0.75,15000,8,2.22844029783038e-12,7.46163589261029e-12,-5.23319559477991e-12
0.0075,0.75,15000,9,3.34915073808605e-12,1.09110351777333e-11,-7.56188443964729e-12
0.0075,0.75,15000,10,5.01533771288003e-12,1.59019436738877e-11,-1.08866059610076e-11
0.0075,0.75,15000,11,7.48334666139222e-12,2.3098661652523e-11,-1.56153149911307e-11
0.0075,0.75,15000,12,1.11255166372397e-11,3.34407320267537e-11,-2.23152153895141e-11
0.0075,0.75,15000,13,1.64805479433473e-11,4.82521962747043e-11,-3.1771648331357e-11
0.0075,0.75,15000,14,2.43247724184794e-11,6.93922145351437e-11,-4.50674421166643e-11
0.0075,0.75,15000,15,3.57725744122399e-11,9.9461902234703e-11,-6.36893278224631e-11
0.0075,0.75,15000,16,5.24172844629589e-11,1.42087255664122e-10,-8.96699712011632e-11
0.0075,0.75,15000,17,7.65280139984955e-11,2.02304639713764e-10,-1.25776625715268e-10
0.0075,0.75,15000,18,1.11323463640521e-10,2.87083949147653e-10,-1.75760485507132e-10
0.0075,0.75,15000,19,1.61351166414449e-10,4.06035805011104e-10,-2.44684638596655e-10
0.0075,0.75,15000,20,2.33010493472132e-10,5.72363728760442e-10,-3.3935323528831e-10
0.0075,0.75,15000,21,3.3527078461498e-10,8.04141041647977e-10,-4.68870257032997e-10
0.0075,0.75,15000,22,4.80653094481819e-10,1.12601636843883e-09,-6.45363273957007e-10
0.0075,0.75,15000,23,6.86566431684393e-10,1.57148243464354e-09,-8.84916002959146e-10
0.0075,0.75,15000,24,9.77118465656726e-10,2.18588198102983e-09,-1.2087635153731e-09
0.0075,0.75,15000,25,1.38555828534557e-09,3.03037406717209e-09,-1.64481578182652e-09
0.0075,0.75,15000,26,1.95755712927793e-09,4.18714618206842e-09,-2.22958905279049e-09
0.0075,0.75,15000,27,2.75559476827146e-09,5.76623526065971e-09,-3.01064049238825e-09
0.0075,0.75,15000,28,3.86479767511465e-09,7.91441726438623e-09,-4.04961958927158e-09
0.0075,0.75,15000,29,5.40067417227382e-09,1.08267443279418e-08,-5.42607015566795e-09
0.0075,0.75,15000,30,7.51931605232628e-09,1.47614551210039e-08,-7.24213906867764e-09
0.0075,0.75,15000,31,1.04307911708104e-08,2.00591631920841e-08,-9.62837202127367e-09
0.0075,0.75,15000,32,1.4416643554318e-08,2.71674454964016e-08,-1.27508019420836e-08
0.0075,0.75,15000,33,1.98526539214879e-08,3.66722155826587e-08,-1.68195616611709e-08
0.0075,0.75,15000,34,2.72383024193119e-08,4.93375801944549e-08,-2.2099277775143e-08
0.0075,0.75,15000,35,3.72347260242221e-08,6.61562520780891e-08,-2.8921526053867e-08
0.0075,0.75,15000,36,5.07133855300634e-08,8.84130337819005e-08,-3.76996482518371e-08
0.0075,0.75,15000,37,6.88181621847211e-08,1.17764405652769e-07,-4.89462434680478e-08
0.0075,0.75,15000,38,9.30442032224876e-08,1.56337854553832e-07,-6.32936513313448e-08
0.0075,0.75,15000,39,1.2533754035596e-07,2.0685527615705e-07,-8.15177358010892e-08
0.0075,0.75,15000,40,1.68220327071235e-07,2.72785580294326e-07,-1.04565253223092e-07
0.0075,0.75,15000,41,2.24947489777508e-07,3.58532531661e-07,-1.33585041883492e-07
0.0075,0.75,15000,42,2.99701673305131e-07,4.69664870907302e-07,-1.69963197602171e-07
0.0075,0.75,15000,43,3.9783458909664e-07,6.13196884593792e-07,-2.15362295497152e-07
0.0075,0.75,15000,44,5.26164247043277e-07,7.97928823407578e-07,-2.71764576364301e-07
0.0075,0.75,15000,45,6.93339066415245e-07,1.03485789809511e-06,-3.41518831679862e-07
0.0075,0.75,15000,46,9.1028150802388e-07,1.33767199703126e-06,-4.27390489007379e-07
0.0075,0.75,15000,47,1.19072563032748e-06,1.72333974571799e-06,-5.32614115390508e-07
0.0075,0.75,15000,48,1.55186481777465e-06,2.21281203509009e-06,-6.60947217315436e-07
0.0075,0.75,15000,49,2.01512781878473e-06,2.83185163993748e-06,-8.16723821152753e-07
0.0075,0.75,15000,50,2.60710310723255e-06,3.61200897659002e-06,-1.00490586935747e-06
0.0075,0.75,15000,51,3.36063337231369e-06,4.59176334244335e-06,-1.23112997012966e-06
0.0075,0.75,15000,52,4.31610355596943e-06,5.81785005670393e-06,-1.5017465007345e-06
0.0075,0.75,15000,53,5.52294718357908e-06,7.34679468453769e-06,-1.82384750095861e-06
0.0075,0.75,15000,54,7.04139664065929e-06,9.24667586290897e-06,-2.20527922224968e-06
0.0075,0.75,15000,55,8.94450338339342e-06,1.15991380281298e-05,-2.65463464473634e-06
0.0075,0.75,15000,56,1.13204536616941e-05,1.4501674431078e-05,-3.18122076938383e-06
0.0075,0.75,15000,57,1.42752039902508e-05,1.80701990631202e-05,-3.79499507286943e-06
0.0075,0.75,15000,58,1.79354581216106e-05,2.24419233424966e-05,-4.50646522088593e-06
0.0075,0.75,15000,59,2.24520034429097e-05,2.77785494617967e-05,-5.32654601888696e-06
0.0075,0.75,15000,60,2.80034193197074e-05,3.42697870084418e-05,-6.26636768873439e-06
0.0075,0.75,15000,61,3.48001627389346e-05,4.2137192686911e-05,-7.33702994797637e-06
0.0075,0.75,15000,62,4.30890274687716e-05,5.16383245563495e-05,-8.54929708757787e-06
0.0075,0.75,15000,63,5.31579616977202e-05,6.30711920398953e-05,-9.91323034217509e-06
0.0075,0.75,15000,64,6.53412156250038e-05,7.67789709904979e-05,-1.14377553654941e-05
0.0075,0.75,15000,65,8.00247746977088e-05,9.31549392902092e-05,-1.31301645925004e-05
0.0075,0.75,15000,66,9.76520161526383e-05,0.000112647572856471,-1.49955567038328e-05
0.0075,0.75,15000,67,0.000118729506343435,0.000135765724645484,-1.70362183020488e-05
0.0075,0.75,15000,68,0.000143832834247869,0.000163083790482122,-1.92509562342528e-05
0.0075,0.75,15000,69,0.000173612352913917,0.000195246745608916,-2.16343926949991e-05
0.0075,0.75,15000,70,0.000208798675911675,0.000232974915141151,-2.41762392294758e-05
0.0075,0.75,15000,71,0.000250207750752535,0.000277068320662055,-2.6860569909521e-05
0.0075,0.75,15000,72,0.000298745306507555,0.000328410424627921,-2.96651181203667e-05
0.0075,0.75,15000,73,0.000355410449439383,0.000387971074827823,-3.25606253884404e-05
0.0075,0.75,15000,74,0.000421298159427074,0.000456808433712695,-3.55102742856206e-05
0.0075,0.75,15000,75,0.000497600422497131,0.000536069662922589,-3.84692404254586e-05
0.0075,0.75,15000,76,0.000585605722151231,0.000626990122820509,-4.13844006692775e-05
0.0075,0.75,15000,77,0.000686696605725714,0.000730890841353029,-4.41942356273152e-05
0.0075,0.75,15000,78,0.000802345043058049,0.000849174007180435,-4.68289641223859e-05
0.0075,0.75,15000,79,0.000934105304547741,0.000983316249801381,-4.92109452536406e-05
0.0075,0.75,15000,80,0.00108360410544627,0.00113485948531267,-5.12553798664053e-05
0.0075,0.75,15000,81,0.00125252779387409,0.00130539913133976,-5.2871337465676e-05
0.0075,0.75,15000,82,0.00144260640237113,0.00149656952921279,-5.39631268416608e-05
0.0075,0.75,15000,83,0.00165559443714701,0.00171002645607315,-5.44320189261446e-05
0.0075,0.75,15000,84,0.00189324834562371,0.00194742666441212,-5.41783187884156e-05
0.0075,0.75,15000,85,0.00215730068092272,0.00221040445135728,-5.31037704345604e-05
0.0075,0.75,15000,86,0.00244943107070745,0.00250054533424059,-5.11142635331442e-05
0.0075,0.75,15000,87,0.00277123419578532,0.00281935699158777,-4.8122795802445e-05
0.0075,0.75,15000,88,0.00312418508909182,0.0031682377182055,-4.4052629113678e-05
0.0075,0.75,15000,89,0.00350960217557284,0.00354844273760711,-3.88405620342694e-05
0.0075,0.75,15000,90,0.00392860858499978,0.00396104881226986,-3.24402272700716e-05
0.0075,0.75,15000,91,0.0043820923793994,0.00440691768942066,-2.48253100212596e-05
0.0075,0.75,15000,92,0.00487066644070305,0.00488665901411504,-1.59925734119892e-05
0.0075,0.75,15000,93,0.0053946288583258,0.00540059342895216,-5.96457062635326e-06
0.0075,0.75,15000,94,0.00595392473647062,0.00594871665732697,5.20807914364523e-06
0.0075,0.75,15000,95,0.00654811040286877,0.00653066543107079,1.74449717979773e-05
0.0075,0.75,15000,96,0.0071763210404891,0.00714568617016026,3.06348703288349e-05
0.0075,0.75,15000,97,0.00783724277795042,0.00779260734858305,4.46354293673684e-05
0.0075,0.75,15000,98,0.00852909026001675,0.0084698164835038,5.92737765129549e-05
0.0075,0.75,15000,99,0.00924959067445794,0.00917524266215986,7.43480122980845e-05
0.0075,0.75,15000,100,0.00999597513444775,0.00990634547067453,8.96296637732229e-05
0.0075,0.75,15000,101,0.0107649782063142,0.0106601111102387,0.000104867096075441
0.0075,0.75,15000,102,0.0115528462317564,0.01143305637881,0.000119789852946358
0.0075,0.75,15000,103,0.0123553549236924,0.012221241061523,0.000134113862169421
0.0075,0.75,15000,104,0.0131678365189956,0.0130202891123395,0.00014754740665612
0.0075,0.75,15000,105,0.013985216553954,0.0138254188260687,0.000159797727885283
0.0075,0.75,15000,106,0.0148020600948629,0.0146314819977526,0.000170578097110335
0.0075,0.75,15000,107,0.0156126270131385,0.0154330118504497,0.000179615162688759
0.0075,0.75,15000,108,0.0164109356488653,0.0162242792884064,0.000186656360458819
0.0075,0.75,15000,109,0.0171908339663796,0.0169993568068514,0.000191477159528233
0.0075,0.75,15000,110,0.0179460770781688,0.0177521891690254,0.000193887909143459
0.0075,0.75,15000,111,0.0186704098067943,0.018476669752623,0.00019374005417128
0.0075,0.75,15000,112,0.0193576527761006,0.0191667212785994,0.000190931497501223
0.0075,0.75,15000,113,0.0200017903793467,0.0198163794720205,0.000185410907326194
0.0075,0.75,15000,114,0.0205970588688413,0.020419878073487,0.000177180795354375
0.0075,0.75,15000,115,0.0211380327537038,0.0209717335259889,0.00016629922771497
0.0075,0.75,15000,116,0.0216197076826338,0.0214668276101794,0.000152880072454446
0.0075,0.75,15000,117,0.0220375780285809,0.0219004862940283,0.000137091734552584
0.0075,0.75,15000,118,0.0223877074818463,0.0222685531023056,0.000119154379540739
0.0075,0.75,15000,119,0.0226667910955775,0.0225674553974684,9.93356981091355e-05
0.0075,0.75,15000,120,0.0228722074093611,0.0227942620948774,7.79453144837093e-05
0.0075,0.75,15000,121,0.0230020594976322,0.0229467315088554,5.53279887767558e-05
0.0075,0.75,15000,122,0.0230552040434916,0.0230233482374913,3.18558060003471e-05
0.0075,0.75,15000,123,0.0230312678177032,0.0230233482374913,7.91958021188754e-06
0.0075,0.75,15000,124,0.0229306512386962,0.0229467315088554,-1.60802701591953e-05
0.0075,0.75,15000,125,0.0227545189933499,0.0227942620948774,-3.97431015275521e-05
0.0075,0.75,15000,126,0.0225047780009821,0.0225674553974684,-6.26773964862298e-05
0.0075,0.75,15000,127,0.0221840432952221,0.0222685531023056,-8.45098070834174e-05
0.0075,0.75,15000,128,0.0217955926716796,0.0219004862940283,-0.000104893622348709
0.0075,0.75,15000,129,0.0213433111956674,0.0214668276101794,-0.000123516414511998
0.0075,0.75,15000,130,0.020831626876847,0.0209717335259889,-0.000140106649141866
0.0075,0.75,15000,131,0.0202654389909823,0.020419878073487,-0.000154439082504603
0.0075,0.75,15000,132,0.0196500406588511,0.0198163794720205,-0.000166338813169385
0.0075,0.75,15000,133,0.0189910373762037,0.0191667212785994,-0.000175683902395671
0.0075,0.75,15000,134,0.0182942632254436,0.018476669752623,-0.000182406527179418
0.0075,0.75,15000,135,0.0175656964900288,0.0177521891690254,-0.000186492678996585
0.0075,0.75,15000,136,0.0168113763384931,0.0169993568068514,-0.000187980468358238
0.0075,0.75,15000,137,0.0160373221499105,0.0162242792884064,-0.00018695713849589
0.0075,0.75,15000,138,0.0152494569211503,0.0154330118504497,-0.000183554929299386
0.0075,0.75,15000,139,0.0144535360339744,0.0146314819977526,-0.00017794596377815
0.0075,0.75,15000,140,0.0136550824731695,0.0138254188260687,-0.000170336352899203
0.0075,0.75,15000,141,0.0128593293822243,0.0130202891123395,-0.00016095973011517
0.0075,0.75,15000,142,0.0120711706274704,0.012221241061523,-0.0001500704340526
0.0075,0.75,15000,143,0.0112951198219548,0.01143305637881,-0.000137936556855187
0.0075,0.75,15000,144,0.0105352780431646,0.0106601111102387,-0.000124833067074151
0.0075,0.75,15000,145,0.00979531027011698,0.00990634547067453,-0.000111035200557554
0.0075,0.75,15000,146,0.00907843037061627,0.00917524266215986,-9.68122915435896e-05
0.0075,0.75,15000,147,0.00838739429320003,0.0084698164835038,-8.24221903037645e-05
0.0075,0.75,15000,148,0.00772450096405698,0.00779260734858305,-6.8106384526063e-05
0.0075,0.75,15000,149,0.00709160025963671,0.00714568617016026,-5.40859105235504e-05
0.0075,0.75,15000,150,0.0064901073224371,0.00653066543107079,-4.05581086336945e-05
0.0075,0.75,15000,151,0.00592102241123721,0.00594871665732697,-2.7694246089764e-05
0.0075,0.75,15000,152,0.00538495542762678,0.00540059342895216,-1.56380013253766e-05
0.0075,0.75,15000,153,0.00488215423703993,0.00488665901411504,-4.50477707510891e-06
0.0075,0.75,15000,154,0.00441253590289757,0.00440691768942066,5.61821347690346e-06
0.0075,0.75,15000,155,0.00397571997458814,0.00396104881226986,1.46711623182829e-05
0.0075,0.75,15000,156,0.0035710630111142,0.00354844273760711,2.26202735070925e-05
0.0075,0.75,15000,157,0.0031976935792439,0.0031682377182055,2.94558610383975e-05
0.0075,0.75,15000,158,0.00285454703469951,0.00281935699158777,3.51900431117391e-05
0.0075,0.75,15000,159,0.00254039947401619,0.00250054533424059,3.98541397755932e-05
0.0075,0.75,15000,160,0.00225390033000991,0.00221040445135728,4.34958786526317e-05
0.0075,0.75,15000,161,0.00199360317227164,0.00194742666441212,4.61765078595148e-05
0.0075,0.75,15000,162,0.0017579943629763,0.00171002645607315,4.79679069031499e-05
0.0075,0.75,15000,163,0.00154551930509425,0.00149656952921279,4.89497758814602e-05
0.0075,0.75,15000,164,0.00135460610271572,0.00130539913133976,4.92069713759556e-05
0.0075,0.75,15000,165,0.00118368652992526,0.00113485948531267,4.88270446125829e-05
0.0075,0.75,15000,166,0.00103121427416606,0.000983316249801381,4.78980243646793e-05
0.0075,0.75,15000,167,0.000895680481374989,0.000849174007180435,4.65064741945539e-05
0.0075,0.75,15000,168,0.00077562668277392,0.000730890841353029,4.47358414208911e-05
0.0075,0.75,15000,169,0.000669655226837161,0.000626990122820509,4.26651040166527e-05
0.0075,0.75,15000,170,0.000576437374679534,0.000536069662922589,4.03677117569448e-05
0.0075,0.75,15000,171,0.000494719243243801,0.000456808433712695,3.79108095311061e-05
0.0075,0.75,15000,172,0.000423325798735254,0.000387971074827823,3.53547239074309e-05
0.0075,0.75,15000,173,0.000361163113443435,0.000328410424627921,3.27526888155136e-05
0.0075,0.75,15000,174,0.000307219103209548,0.000277068320662055,3.01507825474926e-05
0.0075,0.75,15000,175,0.000260562961218878,0.000232974915141151,2.7588046077727e-05
0.0075,0.75,15000,176,0.000220343497429539,0.000195246745608916,2.5096751820623e-05
0.0075,0.75,15000,177,0.00018578658270029,0.000163083790482122,2.27027922181676e-05
0.0075,0.75,15000,178,0.000156191883428929,0.000135765724645484,2.0426158783445e-05
0.0075,0.75,15000,179,0.000130929057084103,0.000112647572856471,1.8281484227632e-05
0.0075,0.75,15000,180,0.000109433562161233,9.31549392902092e-05,1.62786228710237e-05
0.0075,0.75,15000,181,9.12022184889911e-05,7.67789709904979e-05,1.44232474984932e-05
0.0075,0.75,15000,182,7.57886360367503e-05,6.30711920398953e-05,1.2717443996855e-05
0.0075,0.75,15000,183,6.27986129130834e-05,5.16383245563495e-05,1.11602883567339e-05
0.0075,0.75,15000,184,5.18855864949398e-05,4.2137192686911e-05,9.74839380802885e-06
0.0075,0.75,15000,185,4.2746205892103e-05,3.42697870084418e-05,8.47641888366124e-06
0.0075,0.75,15000,186,3.51160794544893e-05,2.77785494617967e-05,7.33752999269265e-06
0.0075,0.75,15000,187,2.87657379184107e-05,2.24419233424966e-05,6.32381457591413e-06
0.0075,0.75,15000,188,2.34968421437758e-05,1.80701990631202e-05,5.42664308065557e-06
0.0075,0.75,15000,189,1.91386542425828e-05,1.4501674431078e-05,4.63697981150486e-06
0.0075,0.75,15000,190,1.55447822185772e-05,1.15991380281298e-05,3.94564419044743e-06
0.0075,0.75,15000,191,1.25902009699631e-05,9.24667586290897e-06,3.34352510705413e-06
0.0075,0.75,15000,192,1.01685465646037e-05,7.34679468453769e-06,2.82175188006598e-06
0.0075,0.75,15000,193,8.18967597308265e-06,5.81785005670393e-06,2.37182591637872e-06
0.0075,0.75,15000,194,6.57748081921871e-06,4.59176334244335e-06,1.98571747677536e-06
0.0075,0.75,15000,195,5.26794105328968e-06,3.61200897659002e-06,1.65593207669966e-06
0.0075,0.75,15000,196,4.20740264197757e-06,2.83185163993748e-06,1.37555100204009e-06
0.0075,0.75,15000,197,3.35106227522215e-06,2.21281203509009e-06,1.13825024013207e-06
0.0075,0.75,15000,198,2.66164159404604e-06,1.72333974571799e-06,9.38301848328048e-07
0.0075,0.75,15000,199,2.10823343360769e-06,1.33767199703126e-06,7.70561436576432e-07
0.0075,0.75,15000,200,1.66530295082235e-06,1.03485789809511e-06,6.30445052727247e-07
0.0075,0.75,15000,201,1.31182717533921e-06,7.97928823407578e-07,5.13898351931629e-07
0.0075,0.75,15000,202,1.03055740724824e-06,6.13196884593792e-07,4.17360522654452e-07
0.0075,0.75,15000,203,8.07389916611508e-07,4.69664870907302e-07,3.37725045704205e-07
0.0075,0.75,15000,204,6.30831521587949e-07,3.58532531661e-07,2.72298989926949e-07
0.0075,0.75,15000,205,4.91547786505419e-07,2.72785580294326e-07,2.18762206211093e-07
0.0075,0.75,15000,206,3.8198275097058e-07,2.0685527615705e-07,1.7512747481353e-07
0.0075,0.75,15000,207,2.96040246564413e-07,1.56337854553832e-07,1.39702392010581e-07
0.0075,0.75,15000,208,2.288179567238e-07,1.17764405652769e-07,1.11053551071031e-07
0.0075,0.75,15000,209,1.76386412227595e-07,8.84130337819005e-08,8.79733784456944e-08
0.0075,0.75,15000,210,1.35606078766013e-07,6.61562520780891e-08,6.94498266879236e-08
0.0075,0.75,15000,211,1.03976578234371e-07,4.93375801944549e-08,5.46389980399157e-08
0.0075,0.75,15000,212,7.95128890499961e-08,3.66722155826587e-08,4.28406734673373e-08
0.0075,0.75,15000,213,6.06440931116676e-08,2.71674454964016e-08,3.3476647615266e-08
0.0075,0.75,15000,214,4.61308802788181e-08,2.00591631920841e-08,2.6071717086734e-08
0.0075,0.75,15000,215,3.49985892512664e-08,1.47614551210039e-08,2.02371341302625e-08
0.0075,0.75,15000,216,2.6483061339479e-08,1.08267443279418e-08,1.56563170115372e-08
0.0075,0.75,15000,217,1.99870163444358e-08,7.91441726438623e-09,1.20725990800496e-08
0.0075,0.75,15000,218,1.5045033463341e-08,5.76623526065971e-09,9.27879820268133e-09
0.0075,0.75,15000,219,1.1295540734249e-08,4.18714618206842e-09,7.10839455218063e-09
0.0075,0.75,15000,220,8.4584898534024e-09,3.03037406717209e-09,5.42811578623031e-09
0.0075,0.75,15000,221,6.31762482156463e-09,2.18588198102983e-09,4.1317428405348e-09
0.0075,0.75,15000,222,4.70644803530423e-09,1.57148243464354e-09,3.13496560066069e-09
0.0075,0.75,15000,223,3.49715096829336e-09,1.12601636843883e-09,2.37113459985453e-09
0.0075,0.75,15000,224,2.59191288267707e-09,8.04141041647977e-10,1.78777184102909e-09
0.0075,0.75,15000,225,1.91608402143594e-09,5.72363728760442e-10,1.3437202926755e-09
0.0075,0.75,15000,226,1.41286296879953e-09,4.06035805011104e-10,1.00682716378842e-09
0.0075,0.75,15000,227,1.03915441378556e-09,2.87083949147653e-10,7.52070464637902e-10
0.0075,0.75,15000,228,7.62356101707866e-10,2.02304639713764e-10,5.60051461994102e-10
0.0075,0.75,15000,229,5.57874634281246e-10,1.42087255664122e-10,4.15787378617124e-10
0.0075,0.75,15000,230,4.07210973301696e-10,9.9461902234703e-11,3.07749071066993e-10
0.0075,0.75,15000,231,2.96489711361268e-10,6.93922145351437e-11,2.27097496826124e-10
0.0075,0.75,15000,232,2.15332828483662e-10,4.82521962747043e-11,1.67080632208958e-10
0.0075,0.75,15000,233,1.55999958741958e-10,3.34407320267537e-11,1.22559226715205e-10
0.0075,0.75,15000,234,1.12734149222374e-10,2.3098661652523e-11,8.96354875698514e-11
0.0075,0.75,15000,235,8.12655371275941e-11,1.59019436738877e-11,6.53635934537064e-11
0.0075,0.75,15000,236,5.8435985294572e-11,1.09110351777333e-11,4.75249501168387e-11
0.0075,0.75,15000,237,4.19160643000338e-11,7.46163589261029e-12,3.44544284074235e-11
0.0075,0.75,15000,238,2.99923092429419e-11,5.08574407076071e-12,2.49065651721812e-11
0.0075,0.75,15000,239,2.14077832769544e-11,3.45483492925868e-12,1.79529483476957e-11
0.0075,0.75,15000,240,1.52429483391137e-11,2.33911973911097e-12,1.29038286000027e-11
0.0075,0.75,15000,241,1.08269175262735e-11,1.57844683130108e-12,9.24847069497241e-12
0.0075,0.75,15000,242,7.67153607584914e-12,1.06159731913774e-12,6.60993875671141e-12
0.0075,0.75,15000,243,5.42256239395632e-12,7.1160996383572e-13,4.7109524301206e-12
0.0075,0.75,15000,244,3.82361863017198e-12,4.75419049399041e-13,3.34819958077294e-12
0.0075,0.75,15000,245,2.68964782220661e-12,3.16565432416935e-13,2.37308238978967e-12
0.0075,0.75,15000,246,1.88742693586772e-12,2.10088728408011e-13,1.67733820745971e-12
0.0075,0.75,15000,247,1.32130109817981e-12,1.3896145942743e-13,1.18233963875238e-12
0.0075,0.75,15000,248,9.22769827405125e-13,9.16090400865121e-14,8.31160787318613e-13
0.0075,0.75,15000,249,6.42906674071899e-13,6.01914284551528e-14,5.82715245616746e-13
0.0075,0.75,15000,250,4.4685688053513e-13,3.94169774948749e-14,4.07439903040255e-13
0.0075,0.75,15000,251,3.09854586859465e-13,2.57267152970558e-14,2.84127871562409e-13
0.0075,0.75,15000,252,2.14347964469393e-13,1.67354622780923e-14,1.97612502191301e-13
0.0075,0.75,15000,253,1.47929821001383e-13,1.08503422620454e-14,1.37079478739337e-13
0.0075,0.75,15000,254,1.0185210392493e-13,7.01134784878218e-15,9.48407560761478e-14
0.0075,0.75,15000,255,6.99624715525628e-14,4.51556337549865e-15,6.54469081770641e-14
0.0075,0.75,15000,256,4.79450858179272e-14,2.89850945660432e-15,4.50465763613229e-14
0.0075,0.75,15000,257,3.27800655937479e-14,1.85434207706632e-15,3.09257235166816e-14
0.0075,0.75,15000,258,2.23596618141144e-14,1.18238071107428e-15,2.11772811030401e-14
0.0075,0.75,15000,259,1.52164471351575e-14,7.51410347014683e-16,1.44650367881428e-14
0.0075,0.75,15000,260,1.03313440777882e-14,4.75936878237512e-16,9.85540719955065e-15
0.0075,0.75,15000,261,6.99840107943895e-15,3.00451167524964e-16,6.69794991191399e-15
0.0075,0.75,15000,262,4.7297933414865e-15,1.89038727856083e-16,4.54075461363042e-15
0.0075,0.75,15000,263,3.18925851553248e-15,1.18544122932454e-16,3.07071439260003e-15
0.0075,0.75,15000,264,2.14557835928544e-15,7.40903457243671e-17,2.07148801356107e-15
0.0075,0.75,15000,265,1.4401542230999e-15,4.61525356619334e-17,1.39400168743797e-15
0.0075,0.75,15000,266,9.64464947674001e-16,2.86537761335395e-17,9.35811171540462e-16
0.0075,0.75,15000,267,6.44435664349542e-16,1.77304807839655e-17,6.26705183565577e-16
0.0075,0.75,15000,268,4.29626634966565e-16,1.09348168318786e-17,4.18691818134686e-16
0.0075,0.75,15000,269,2.85774958523725e-16,6.72132452261952e-18,2.79053634001105e-16
0.0075,0.75,15000,270,1.89662427573061e-16,4.11766080643571e-18,1.85544766766625e-16
0.0075,0.75,15000,271,1.25592993660243e-16,2.51419306549764e-18,1.23078800594745e-16
0.0075,0.75,15000,272,8.29811203888542e-17,1.53002677720655e-18,8.14510936116476e-17
0.0075,0.75,15000,273,5.47048387385182e-17,9.28008150557081e-19,5.37768305879611e-17
0.0075,0.75,15000,274,3.59838426062292e-17,5.60992301348561e-19,3.54228503048807e-17
0.0075,0.75,15000,275,2.36171482721693e-17,3.37998181629957e-19,2.32791500905393e-17
0.0075,0.75,15000,276,1.546636512212e-17,2.02966413715374e-19,1.52633987084046e-17
0.0075,0.75,15000,277,1.01063119532696e-17,1.21474842331653e-19,9.98483711093793e-18
0.0075,0.75,15000,278,6.58936437389141e-18,7.2460422458146e-20,6.51690395143326e-18
0.0075,0.75,15000,279,4.28690111005414e-18,4.30792100659686e-20,4.24382189998817e-18
0.0075,0.75,15000,280,2.78288493956189e-18,2.55262461173058e-20,2.75735869344458e-18
0.0075,0.75,15000,281,1.80260924806186e-18,1.50750418039717e-20,1.78753420625788e-18
0.0075,0.75,15000,282,1.1651053724798e-18,8.87324452392671e-21,1.15623212795588e-18
0.0075,0.75,15000,283,7.51430428694075e-19,5.20545535474967e-21,7.46224973339325e-19
0.0075,0.75,15000,284,4.83587426470625e-19,3.04359844884576e-21,4.80543828021779e-19
0.0075,0.75,15000,285,3.10546437560871e-19,1.77365167699305e-21,3.08772785883878e-19
0.0075,0.75,15000,286,1.98996803155647e-19,1.0301528428428e-21,1.97966650312804e-19
0.0075,0.75,15000,287,1.27243704283214e-19,5.96330947895669e-22,1.26647373335318e-19
0.0075,0.75,15000,288,8.1189490036691e-20,3.44053027312423e-22,8.08454370093786e-20
0.0075,0.75,15000,289,5.16938965688564e-20,1.9784075933337e-22,5.1496055809523e-20
0.0075,0.75,15000,290,3.2844095221685e-20,1.13385758235856e-22,3.27307094634491e-20
0.0075,0.75,15000,291,2.08236345862976e-20,6.47669728156912e-23,2.07588676134819e-20
0.0075,0.75,15000,292,1.31746648626768e-20,3.68723689396161e-23,1.31377924937372e-20
0.0075,0.75,15000,293,8.31781069737945e-21,2.09218861372642e-23,8.29688881124219e-21
0.0075,0.75,15000,294,5.24043688439555e-21,1.18318588361981e-23,5.22860502555935e-21
0.0075,0.75,15000,295,3.29471268648992e-21,6.66895023393462e-24,3.28804373625598e-21
0.0075,0.75,15000,296,2.06710133396499e-21,3.74640155764278e-24,2.06335493240735e-21
0.0075,0.75,15000,297,1.29420393903219e-21,2.09760411262227e-24,1.29210633491957e-21
0.0075,0.75,15000,298,8.08617161901425e-22,1.17053681675502e-24,8.0744662508467e-22
0.0075,0.75,15000,299,5.04179316903009e-22,6.51026972420475e-25,5.03528289930589e-22
0.0075,0.75,15000,300,3.13712243078357e-22,3.6088201391077e-25,3.13351361064446e-22
0.0075,0.75,15000,301,1.94798141991955e-22,1.99381034528063e-25,1.94598760957427e-22
0.0075,0.75,15000,302,1.2071120107601e-22,1.09787982450872e-25,1.20601413093559e-22
0.0075,0.75,15000,303,7.46487020263371e-23,6.02529222723256e-26,7.45884491040647e-23
0.0075,0.75,15000,304,4.60692751835583e-23,3.29574633399585e-26,4.60363177202183e-23
0.0075,0.75,15000,305,2.83737944921578e-23,1.79672574993079e-26,2.83558272346585e-23
0.0075,0.75,15000,306,1.7439854655924e-23,9.7625249771343e-27,1.74300921309469e-23
0.0075,0.75,15000,307,1.06976942100067e-23,5.28682427918221e-27,1.06924073857275e-23
0.0075,0.75,15000,308,6.54880166960157e-24,2.85351359024035e-27,6.54594815601133e-24
0.0075,0.75,15000,309,4.00092390490924e-24,1.53503176347061e-27,3.99938887314577e-24
0.0075,0.75,15000,310,2.43942789484386e-24,8.23013841833687e-28,2.43860488100203e-24
0.0075,0.75,15000,311,1.48438773561017e-24,4.39793963567086e-28,1.4839479416466e-24
0.0075,0.75,15000,312,9.01448321676326e-25,2.34230659128155e-28,9.01214091017197e-25
0.0075,0.75,15000,313,5.46349859243378e-25,1.24334189783186e-28,5.46225525053595e-25
0.0075,0.75,15000,314,3.30475881930835e-25,6.5779375873179e-29,3.30410102554962e-25
0.0075,0.75,15000,315,1.99503279614671e-25,3.46849665562073e-29,1.99468594648115e-25
0.0075,0.75,15000,316,1.20199880207052e-25,1.82282578530513e-29,1.20181651949199e-25
0.0075,0.75,15000,317,7.22776692957188e-26,9.54775790536907e-30,7.22681215378135e-26
0.0075,0.75,15000,318,4.33763224223746e-26,4.9843666920345e-30,4.33713380556825e-26
0.0075,0.75,15000,319,2.59807790047848e-26,2.59340846268244e-30,2.59781855963221e-26
0.0075,0.75,15000,320,1.55311933102991e-26,1.3448821018867e-30,1.55298484281972e-26
0.0075,0.75,15000,321,9.26644331239086e-27,6.95104109094145e-31,9.26574820828177e-27
0.0075,0.75,15000,322,5.51797014427413e-27,3.58069928478183e-31,5.51761207434566e-27
0.0075,0.75,15000,323,3.27948986628118e-27,1.83839231091474e-31,3.27930602705008e-27
0.0075,0.75,15000,324,1.94534802170343e-27,9.40721114831895e-32,1.94525394959194e-27
0.0075,0.75,15000,325,1.15175021865593e-27,4.79773151555452e-32,1.15170224134078e-27
0.0075,0.75,15000,326,6.80618364384731e-28,2.43872787004115e-32,6.8059397710603e-28
0.0075,0.75,15000,327,4.01491301955202e-28,1.23550097871838e-32,4.01478946945415e-28
0.0075,0.75,15000,328,2.36490295797169e-28,6.23842844108347e-33,2.36484057368728e-28
0.0075,0.75,15000,329,1.39241499399894e-28,3.13949397226636e-33,1.39238359905922e-28
0.0075,0.75,15000,330,8.22317001013308e-29,1.57469504546594e-33,8.22301254062853e-29
0.0075,0.75,15000,331,4.92589827121355e-29,7.8720096944907e-34,4.9258195511166e-29
0.0075,0.75,15000,332,3.09737156489887e-29,3.92217648151407e-34,3.09733234313406e-29
0.0075,0.75,15000,333,2.23253535813602e-29,1.94769519959621e-34,2.23251588118402e-29
0.0075,0.75,15000,334,2.12483232877585e-29,9.63978190360184e-35,2.12482268899394e-29
0.0075,0.75,15000,335,2.8273436238026e-29,4.75516700611602e-35,2.8273388686356e-29
0.0075,0.75,15000,336,4.70399375299908e-29,2.33785026651479e-35,4.70399141514881e-29
0.0075,0.75,15000,337,8.59982593855291e-29,1.14556559475146e-35,8.59982479298732e-29
0.0075,0.75,15000,338,1.6204509693227e-28,5.59468427646924e-36,1.62045091337586e-28
0.0075,0.75,15000,339,3.07588698769803e-28,2.72322519295519e-36,3.07588696046578e-28
0.0075,0.75,15000,340,5.83890240725457e-28,1.32112490871753e-36,5.83890239404332e-28
0.0075,0.75,15000,341,1.10597774023378e-27,6.38787718055784e-37,1.10597773959499e-27
0.0075,0.75,15000,342,2.08890318353583e-27,3.07837544090291e-37,2.088903183228e-27
0.0075,0.75,15000,343,3.93327471361955e-27,1.47856004301031e-37,3.93327471347169e-27
0.0075,0.75,15000,344,7.38284244560638e-27,7.07796966836497e-38,7.3828424455356e-27
0.0075,0.75,15000,345,1.38138382024931e-26,3.3769978224127e-38,1.38138382024593e-26
0.0075,0.75,15000,346,2.57644197950317e-26,1.60585088615542e-38,2.57644197950157e-26
0.0075,0.75,15000,347,4.79001793049102e-26,7.61082966988056e-39,4.79001793049026e-26
0.0075,0.75,15000,348,8.8768883013852e-26,3.59510137466051e-39,8.87688830138484e-26
0.0075,0.75,15000,349,1.63978709436628e-25,1.69255438162764e-39,1.63978709436627e-25
0.0075,0.75,15000,350,3.01935084748027e-25,7.9419376543798e-40,3.01935084748026e-25
0.0075,0.75,15000,351,5.54160355267071e-25,3.7141776063593e-40,5.54160355267071e-25
0.0075,0.75,15000,352,1.01379338067582e-24,1.7312158224769e-40,1.01379338067582e-24
0.0075,0.75,15000,353,1.84863838435166e-24,8.04251926523179e-41,1.84863838435166e-24
0.0075,0.75,15000,354,3.3600010169967e-24,3.7237915219471e-41,3.3600010169967e-24
0.0075,0.75,15000,355,6.0870687897494e-24,1.71842649258918e-41,6.0870687897494e-24
0.0075,0.75,15000,356,1.09914457417579e-23,7.90367205486477e-42,1.09914457417579e-23
0.0075,0.75,15000,357,1.97822512471474e-23,3.62309078133512e-42,1.97822512471474e-23
0.0075,0.75,15000,358,3.54868444510958e-23,1.65531965503825e-42,3.54868444510958e-23
0.0075,0.75,15000,359,6.34492284370013e-23,7.53766582298909e-43,6.34492284370013e-23
0.0075,0.75,15000,360,1.13070455001993e-22,3.42093040234127e-43,1.13070455001993e-22
0.0075,0.75,15000,361,2.00831729755462e-22,1.54740483575322e-43,2.00831729755462e-22
0.0075,0.75,15000,362,3.5552692677129e-22,6.9761532499762e-44,3.5552692677129e-22
0.0075,0.75,15000,363,6.27286961091153e-22,3.13458771333476e-44,6.27286961091153e-22
0.0075,0.75,15000,364,1.10308822633118e-21,1.40377399609671e-44,1.10308822633118e-21
0.0075,0.75,15000,365,1.93330835061279e-21,6.26565259127749e-45,1.93330835061279e-21
0.0075,0.75,15000,366,3.37703514538181e-21,2.78732609538046e-45,3.37703514538181e-21
0.0075,0.75,15000,367,5.87909291735093e-21,1.23583816277853e-45,5.87909291735093e-21
0.0075,0.75,15000,368,1.02005150085724e-20,5.46119614820717e-46,1.02005150085724e-20
0.0075,0.75,15000,369,1.7638744709529e-20,2.40528365513669e-46,1.7638744709529e-20
0.0075,0.75,15000,370,3.03979186053587e-20,1.05583772840529e-46,3.03979186053587e-20
0.0075,0.75,15000,371,5.22092488541918e-20,4.61934506175992e-47,5.22092488541918e-20
0.0075,0.75,15000,372,8.93666178192191e-20,2.01426211745333e-47,8.93666178192191e-20
0.0075,0.75,15000,373,1.52448924288388e-19,8.75394707708893e-48,1.52448924288388e-19
0.0075,0.75,15000,374,2.59174033895766e-19,3.79178933037877e-48,2.59174033895766e-19
0.0075,0.75,15000,375,4.39110317446955e-19,1.63695535655061e-48,4.39110317446955e-19
0.0075,0.75,15000,376,7.41425985084295e-19,7.04339139328787e-49,7.41425985084295e-19
0.0075,0.75,15000,377,1.24758741059106e-18,3.02050223188493e-49,1.24758741059106e-18
0.0075,0.75,15000,378,2.09208934603081e-18,1.29100775589208e-49,2.09208934603081e-18
0.0075,0.75,15000,379,3.49617057051216e-18,5.49959734286102e-50,3.49617057051216e-18
0.0075,0.75,15000,380,5.8224430527788e-18,2.33499141044272e-50,5.8224430527788e-18
0.0075,0.75,15000,381,9.66307351796396e-18,9.88079827436999e-51,9.66307351796396e-18
0.0075,0.75,15000,382,1.59815867187973e-17,4.16726511181982e-51,1.59815867187973e-17
0.0075,0.75,15000,383,2.63400321856944e-17,1.75171149210309e-51,2.63400321856944e-17
0.0075,0.75,15000,384,4.32615178074952e-17,7.33882243451479e-52,4.32615178074952e-17
0.0075,0.75,15000,385,7.08065667839407e-17,3.06437938737376e-52,7.08065667839407e-17
0.0075,0.75,15000,386,1.15485904710736e-16,1.27529611472823e-52,1.15485904710736e-16
0.0075,0.75,15000,387,1.87700507348442e-16,5.28971035723186e-53,1.87700507348442e-16
0.0075,0.75,15000,388,3.04004725662985e-16,2.18678003485412e-53,3.04004725662985e-16
0.0075,0.75,15000,389,4.90649188210223e-16,9.01012175168018e-54,4.90649188210223e-16
0.0075,0.75,15000,390,7.89105689676246e-16,3.7000583303265e-54,7.89105689676246e-16
0.0075,0.75,15000,391,1.26464934340026e-15,1.51439383675697e-54,1.26464934340026e-15
0.0075,0.75,15000,392,2.01963778242551e-15,6.17762366609265e-55,2.01963778242551e-15
0.0075,0.75,15000,393,3.21397773909749e-15,2.51163435192875e-55,3.21397773909749e-15
0.0075,0.75,15000,394,5.09654537536382e-15,1.01775614289168e-55,5.09654537536382e-15
0.0075,0.75,15000,395,8.05323290705841e-15,4.11039351828917e-56,8.05323290705841e-15
0.0075,0.75,15000,396,1.26801292299021e-14,1.65453296142224e-56,1.26801292299021e-14
0.0075,0.75,15000,397,1.98945408497165e-14,6.63773326947697e-57,1.98945408497165e-14
0.0075,0.75,15000,398,3.11027499598869e-14,2.65409535343365e-57,3.11027499598869e-14
0.0075,0.75,15000,399,4.84524939451493e-14,1.05770753519724e-57,4.84524939451493e-14
0.0075,0.75,15000,400,7.52114316069803e-14,4.20113876524815e-58,7.52114316069803e-14
0.0075,0.75,20000,0,4.04959459224323e-17,2.52613554176845e-16,-2.12117608254412e-16
0.0075,0.75,20000,1,6.20966173357858e-17,3.76384364451549e-16,-3.14287747115764e-16
0.0075,0.75,20000,2,9.49635678393148e-17,5.59397810717593e-16,-4.64434242878278e-16
0.0075,0.75,20000,3,1.44836404858871e-16,8.29323963531155e-16,-6.84487558672284e-16
0.0075,0.75,20000,4,2.20307382328481e-16,1.22642764284821e-15,-1.00612026051973e-15
0.0075,0.75,20000,5,3.34202698461114e-16,1.80914722555626e-15,-1.47494452709514e-15
0.0075,0.75,20000,6,5.05614416617335e-16,2.66207418612648e-15,-2.15645976950915e-15
0.0075,0.75,20000,7,7.62880590078852e-16,3.90733512588501e-15,-3.14445453580616e-15
0.0075,0.75,20000,8,1.14794306416712e-15,5.72078245090068e-15,-4.57283938673357e-15
0.0075,0.75,20000,9,1.72270083183384e-15,8.35496178519188e-15,-6.63226095335804e-15
0.0075,0.75,20000,10,2.57824506963239e-15,1.2171602665145e-14,-9.59335759551266e-15
0.0075,0.75,20000,11,3.84824267564733e-15,1.76874542380495e-14,-1.38392115624021e-14
0.0075,0.75,20000,12,5.72827363490996e-15,2.56387681839834e-14,-1.99104945490734e-14
0.0075,0.75,20000,13,8.50368676468703e-15,3.70717634985217e-14,-2.85680767338346e-14
0.0075,0.75,20000,14,1.25896052802673e-14,5.34691893577082e-14,-4.08795840774409e-14
0.0075,0.75,20000,15,1.85882078776669e-14,7.69268975280637e-14,-5.83386896503968e-14
0.0075,0.75,20000,16,2.73704968813967e-14,1.10399498156857e-13,-8.30290012754603e-14
0.0075,0.75,20000,17,4.01926669425769e-14,1.58041173073453e-13,-1.17848506130876e-13
0.0075,0.75,20000,18,5.88612115329564e-14,2.25677183860276e-13,-1.66815972327319e-13
0.0075,0.75,20000,19,8.59664649179329e-14,3.21454364537682e-13,-2.35487899619749e-13
0.0075,0.75,20000,20,1.2521193522609e-13,4.5673602041823e-13,-3.31524085192139e-13
0.0075,0.75,20000,21,1.81877294964208e-13,6.47329596915959e-13,-4.65452301951751e-13
0.0075,0.75,20000,22,2.63467272232788e-13,9.15166108507789e-13,-6.51698836275001e-13
0.0075,0.75,20000,23,3.80618283432552e-13,1.29059107249933e-12,-9.0997278906678e-13
0.0075,0.75,20000,24,5.48361269785748e-13,1.81548075089589e-12,-1.26711948111015e-12
0.0075,0.75,20000,25,7.87875237278738e-13,2.54746897942184e-12,-1.7595937421431e-12
0.0075,0.75,20000,26,1.1289146123431e-12,3.56566406199804e-12,-2.43674944965494e-12
0.0075,0.75,20000,27,1.6131588713836e-12,4.97835895274852e-12,-3.36520008136492e-12
0.0075,0.75,20000,28,2.29882043009521e-12,6.93339997082656e-12,-4.63457954073135e-12
0.0075,0.75,20000,29,3.26696360086434e-12,9.63209073967953e-12,-6.36512713881518e-12
0.0075,0.75,20000,30,4.63014278931862e-12,1.33477830738143e-11,-8.71764028449564e-12
0.0075,0.75,20000,31,6.54417397380838e-12,1.84506630806228e-11,-1.19064891068145e-11
0.0075,0.75,20000,32,9.22412532485901e-12,2.54407014082253e-11,-1.62165760833663e-11
0.0075,0.75,20000,33,1.2965970383421e-11,3.4991329742899e-11,-2.20253593594781e-11
0.0075,0.75,20000,34,1.81758158448459e-11,4.80071668515617e-11,-2.98313510067158e-11
0.0075,0.75,20000,35,2.54092279087663e-11,6.57000909077942e-11,-4.02908629990279e-11
0.0075,0.75,20000,36,3.54239771725643e-11,8.96891953982043e-11,-5.426521822564e-11
0.0075,0.75,20000,37,4.92505536497684e-11,1.22131741340353e-10,-7.28811876905842e-11
0.0075,0.75,20000,38,6.82861353165994e-11,1.65894212177365e-10,-9.76080768607652e-11
0.0075,0.75,20000,39,9.44194063919821e-11,2.24775091550662e-10,-1.3035568515868e-10
0.0075,0.75,20000,40,1.30195815774866e-10,3.03794142491164e-10,-1.73598326716298e-10
0.0075,0.75,20000,41,1.79035665992668e-10,4.09566920173959e-10,-2.3053125418129e-10
0.0075,0.75,20000,42,2.45520981711551e-10,5.50788181234115e-10,-3.05267199522565e-10
0.0075,0.75,20000,43,3.35771611831984e-10,7.38853979324003e-10,-4.03082367492018e-10
0.0075,0.75,20000,44,4.57936698956844e-10,9.88659820312234e-10,-5.3072312135539e-10
0.0075,0.75,20000,45,6.22834781563e-10,1.31962160178529e-09,-6.96786820222287e-10
0.0075,0.75,20000,46,8.44784711412193e-10,1.75697754741022e-09,-9.12192835998024e-10
0.0075,0.75,20000,47,1.142680671753e-09,2.33344339879713e-09,-1.19076272704413e-09
0.0075,0.75,20000,48,1.54137834741355e-09,3.09131025008292e-09,-1.54993190266938e-09
0.0075,0.75,20000,49,2.07347629039703e-09,4.08509518927161e-09,-2.01161889887458e-09
0.0075,0.75,20000,50,2.78159740804229e-09,5.38488002127164e-09,-2.60328261322935e-09
0.0075,0.75,20000,51,3.72130105098893e-09,7.08050356508059e-09,-3.35920251409166e-09
0.0075,0.75,20000,52,4.96478729507705e-09,9.28680922277647e-09,-4.32202192769941e-09
0.0075,0.75,20000,53,6.60559273111999e-09,1.21501927054027e-08,-5.54459997428266e-09
0.0075,0.75,20000,54,8.76452258268227e-09,1.58567460835799e-08,-7.09222350089761e-09
0.0075,0.75,20000,55,1.15971186045941e-08,2.064235494315e-08,-9.04523633855586e-09
0.0075,0.75,20000,56,1.53030274770892e-08,2.68051767234881e-08,-1.1502149246399e-08
0.0075,0.75,20000,57,2.01377119711111e-08,3.47210117692768e-08,-1.45832997981656e-08
0.0075,0.75,20000,58,2.64270388516448e-08,4.48621758119166e-08,-1.84351369602718e-08
0.0075,0.75,20000,59,3.4585385293723e-08,5.78205951789891e-08,-2.3235209885266e-08
0.0075,0.75,20000,60,4.51380316313048e-08,7.43359757367149e-08,-2.91979441054101e-08
0.0075,0.75,20000,61,5.87487547701869e-08,9.53300451561405e-08,-3.65812903859536e-08
0.0075,0.75,20000,62,7.62537058644648e-08,1.21948037294668e-07,-4.5694331430203e-08
0.0075,0.75,20000,63,9.87028501806446e-08,1.55608778957447e-07,-5.69059287768024e-08
0.0075,0.75,20000,64,1.2741046868471e-07,1.98064954551604e-07,-7.06544858668938e-08
0.0075,0.75,20000,65,1.64016471851601e-07,2.51475364429622e-07,-8.74588925780217e-08
0.0075,0.75,20000,66,2.10560558297983e-07,3.18491258943355e-07,-1.07930700645372e-07
0.0075,0.75,20000,67,2.69571565437355e-07,4.02359122824615e-07,-1.32787557387261e-07
0.0075,0.75,20000,68,3.44174707217675e-07,5.07042603274337e-07,-1.62867896056662e-07
0.0075,0.75,20000,69,4.38219775102989e-07,6.37366619091672e-07,-1.99146843988683e-07
0.0075,0.75,20000,70,5.56433791767632e-07,7.99187055345274e-07,-2.42753263577642e-07
0.0075,0.75,20000,71,7.0460205019091e-07,9.99589835346141e-07,-2.94987785155231e-07
0.0075,0.75,20000,72,8.89781940146637e-07,1.24712356450268e-06,-3.57341624356042e-07
0.0075,0.75,20000,73,1.12055445383024e-06,1.55207035289251e-06,-4.3151589906227e-07
0.0075,0.75,20000,74,1.40731876478688e-06,1.92675983710436e-06,-5.1944107231748e-07
0.0075,0.75,20000,75,1.76263577919794e-06,2.38593182706025e-06,-6.23296047862309e-07
0.0075,0.75,20000,76,2.20162705302093e-06,2.94715338782699e-06,-7.45526334806065e-07
0.0075,0.75,20000,77,2.74243593652002e-06,3.63129651511262e-06,-8.88860578592604e-07
0.0075,0.75,20000,78,3.40675823017993e-06,4.46308285885665e-06,-1.05632462867672e-06
0.0075,0.75,20000,79,4.22044999023074e-06,5.47170217199003e-06,-1.25125218175929e-06
0.0075,0.75,20000,80,5.2142203818409e-06,6.69151128824427e-06,-1.47729090640337e-06
0.0075,0.75,20000,81,6.42441761370675e-06,8.16282043831211e-06,-1.73840282460536e-06
0.0075,0.75,20000,82,7.89391596607062e-06,9.93277356963863e-06,-2.03885760356801e-06
0.0075,0.75,20000,83,9.6731117087345e-06,1.20563290112997e-05,-2.38321730256517e-06
0.0075,0.75,20000,84,1.18210352572315e-05,1.4597346289573e-05,-2.77631103234152e-06
0.0075,0.75,20000,85,1.44065861926777e-05,1.76297841183723e-05,-3.22319792569457e-06
0.0075,0.75,20000,86,1.75098967313753e-05,2.12390135275376e-05,-3.72911679616228e-06
0.0075,0.75,20000,87,2.12238278312015e-05,2.55232487172093e-05,-4.29942088600781e-06
0.0075,0.75,20000,88,2.56556003215697e-05,3.05950965056886e-05,-4.93949618411893e-06
0.0075,0.75,20000,89,3.09285612033874e-05,3.65832231415155e-05,-5.65466193812815e-06
0.0075,0.75,20000,90,3.71840825506095e-05,4.3634134752288e-05,-6.45005220167853e-06
0.0075,0.75,20000,91,4.45835872279633e-05,5.19140647830706e-05,-7.33047755510727e-06
0.0075,0.75,20000,92,5.33106919013241e-05,6.16109584236509e-05,-8.30026652232679e-06
0.0075,0.75,20000,93,6.35734535504491e-05,7.29365402333373e-05,-9.36308668288816e-06
0.0075,0.75,20000,94,7.56067009044707e-05,8.6128446952684e-05,-1.05217460482133e-05
0.0075,0.75,20000,95,8.96744269311518e-05,0.000101452402864988,-1.17779759338366e-05
0.0075,0.75,20000,96,0.000106072212762533,0.000119204410073242,-1.31321973107089e-05
0.0075,0.75,20000,97,0.000125129647294355,0.000139712920743972,-1.4583273449617e-05
0.0075,0.75,20000,98,0.000147212700239515,0.000163340952809996,-1.61282525704812e-05
0.0075,0.75,20000,99,0.000172725999756292,0.00019048810491109,-1.77621051547988e-05
0.0075,0.75,20000,100,0.000202114959044971,0.0002215924205969,-1.94774615519294e-05
0.0075,0.75,20000,101,0.000235867689672367,0.000257132046152697,-2.12643564803302e-05
0.0075,0.75,20000,102,0.000274516633028187,0.000297626620988793,-2.3109987960606e-05
0.0075,0.75,20000,103,0.000318639835449463,0.000343638334530699,-2.49984990812355e-05
0.0075,0.75,20000,104,0.000368861787399491,0.000395772579148998,-2.69107917495077e-05
0.0075,0.75,20000,105,0.000425853742903513,0.000454678125079553,-2.88243821760396e-05
0.0075,0.75,20000,106,0.000490333432484421,0.00052104674072113,-3.0713308236709e-05
0.0075,0.75,20000,107,0.000563064081374296,0.000595612180380259,-3.25480990059625e-05
0.0075,0.75,20000,108,0.00064485264506665,0.000679148461684281,-3.42958166176312e-05
0.0075,0.75,20000,109,0.000736547176575536,0.000772467356719758,-3.59201801442227e-05
0.0075,0.75,20000,110,0.000839033244318444,0.000876415024678427,-3.73817803599825e-05
0.0075,0.75,20000,111,0.00095322932654839,0.000991867719589766,-3.86383930413756e-05
0.0075,0.75,20000,112,0.00108008111789644,0.00111972651474214,-3.96453968457024e-05
0.0075,0.75,20000,113,0.00122055469596858,0.00126091099575972,-4.03562997911436e-05
0.0075,0.75,20000,114,0.00137562851112995,0.00141635188708006,-4.07233759501106e-05
0.0075,0.75,20000,115,0.00154628418059456,0.00158698259178337,-4.06984111888103e-05
0.0075,0.75,20000,116,0.00173349608863051,0.00177372964231157,-4.02335536810665e-05
0.0075,0.75,20000,117,0.00193821981791453,0.00197750207946851,-3.92822615539763e-05
0.0075,0.75,20000,118,0.00216137946255897,0.00219917979902136,-3.78003364623855e-05
0.0075,0.75,20000,119,0.00240385390072808,0.00243960092895914,-3.57470282310564e-05
0.0075,0.75,20000,120,0.00266646213360514,0.0026995483256594,-3.30861920542626e-05
0.0075,0.75,20000,121,0.00294994782721907,0.0029797353034408,-2.97874762217368e-05
0.0075,0.75,20000,122,0.00325496322365903,0.00328079073873383,-2.58275150747996e-05
0.0075,0.75,20000,123,0.00358205261779012,0.0036032437168109,-2.11910990207767e-05
0.0075,0.75,20000,124,0.00393163562396265,0.00394750791504471,-1.58722910820605e-05
0.0075,0.75,20000,125,0.00430399048356805,0.00431386594132558,-9.8754577575258e-06
0.0075,0.75,20000,126,0.00469923768779429,0.00470245386884435,-3.21618105005549e-06
0.0075,0.75,20000,127,0.00511732420972767,0.0051132462281989,4.07798152876528e-06
0.0075,0.75,20000,128,0.00555800865521657,0.00554604173397278,1.19669212437883e-05
0.0075,0.75,20000,129,0.00602084765187673,0.00600045003484928,2.03976170274466e-05
0.0075,0.75,20000,130,0.00650518379958095,0.00647587978329459,2.93040162863663e-05
0.0075,0.75,20000,131,0.00701013550313931,0.00697152832226801,3.86071808713001e-05
0.0075,0.75,20000,132,0.00753458899816869,0.00748637328178724,4.82157163814514e-05
0.0075,0.75,20000,133,0.00807719286405745,0.00801916636709598,5.80264969614712e-05
0.0075,0.75,20000,134,0.00863635529330463,0.00856842960239037,6.79256909142615e-05
0.0075,0.75,20000,135,0.009210244354402,0.0091324542694511,7.77900849509051e-05
0.0075,0.75,20000,136,0.00979679144607568,0.00970930274916065,8.74886969150328e-05
0.0075,0.75,20000,137,0.0103936980945714,0.0102968134359987,9.68846585726688e-05
0.0075,0.75,20000,138,0.0109984461934155,0.0108926088516275,0.000105837341788003
0.0075,0.75,20000,139,0.0116083117275827,0.0114941070342116,0.000114204693371063
0.0075,0.75,20000,140,0.0122203819623064,0.0120985362259572,0.000121845736349189
0.0075,0.75,20000,141,0.0128315760121046,0.0127029528234594,0.000128623188645113
0.0075,0.75,20000,142,0.0134386686393363,0.0133042624949377,0.00013440614439854
0.0075,0.75,20000,143,0.0140383170652246,0.0138992443065498,0.000139072758674759
0.0075,0.75,20000,144,0.0146270905113454,0.0144845776380741,0.000142512873271227
0.0075,0.75,20000,145,0.0152015021276649,0.0150568716077402,0.000144630519924719
0.0075,0.75,20000,146,0.0157580429058954,0.0156126966683381,0.000145346237557293
0.0075,0.75,20000,147,0.0162932171257389,0.0161486179833957,0.000144599142343209
0.0075,0.75,20000,148,0.0168035788379307,0.01666123014459,0.000142348693340691
0.0075,0.75,20000,149,0.0172857688531256,0.0171471927509692,0.00013857610215642
0.0075,0.75,20000,150,0.0177365516807043,0.017603266338215,0.000133285342489346
0.0075,0.75,20000,151,0.018152851847334,0.0180263481230824,0.000126503724251617
0.0075,0.75,20000,152,0.0185317890222409,0.0184135070151662,0.00011828200707473
0.0075,0.75,20000,153,0.0188707113849372,0.0187620173458469,0.000108694039090348
0.0075,0.75,20000,154,0.0191672266916513,0.0190693907730262,9.78359186251353e-05
0.0075,0.75,20000,155,0.0194192305286551,0.0193334058401425,8.58246885126063e-05
0.0075,0.75,20000,156,0.0196249312835281,0.0195521346987728,7.2796584755272e-05
0.0075,0.75,20000,157,0.019782871418277,0.0197239665453944,5.89048728825321e-05
0.0075,0.75,20000,158,0.0198919446900572,0.0198476273738506,4.43173162066254e-05
0.0075,0.75,20000,159,0.0199514090346606,0.0199221957047382,2.92133299223916e-05
0.0075,0.75,20000,160,0.0199608949034054,0.0199471140200716,1.37808833337583e-05
0.0075,0.75,20000,161,0.0199204089238953,0.0199221957047382,-1.78678084287315e-06
0.0075,0.75,20000,162,0.0198303328374843,0.0198476273738506,-1.72945363663343e-05
0.0075,0.75,20000,163,0.0196914177493344,0.0197239665453944,-3.25487960600654e-05
0.0075,0.75,20000,164,0.0195047738088082,0.0195521346987728,-4.73608899646018e-05
0.0075,0.75,20000,165,0.019271855516746,0.0193334058401425,-6.15503233964282e-05
0.0075,0.75,20000,166,0.0189944429302326,0.0190693907730262,-7.49478427935907e-05
0.0075,0.75,20000,167,0.0186746191031266,0.0187620173458469,-8.7398242720322e-05
0.0075,0.75,20000,168,0.0183147441605165,0.0184135070151662,-9.87628546496797e-05
0.0075,0.75,20000,169,0.0179174264561716,0.0180263481230824,-0.000108921666910768
0.0075,0.75,20000,170,0.0174854913030187,0.017603266338215,-0.000117775035196298
0.0075,0.75,20000,171,0.0170219477970243,0.0171471927509692,-0.000125244953944909
0.0075,0.75,20000,172,0.0165299542741745,0.01666123014459,-0.000131275870415469
0.0075,0.75,20000,173,0.0160127829484095,0.0161486179833957,-0.000135835034986178
0.0075,0.75,20000,174,0.0154737842755362,0.0156126966683381,-0.000138912392801911
0.0075,0.75,20000,175,0.0149163515747283,0.0150568716077402,-0.000140520033011949
0.0075,0.75,20000,176,0.0143438864158971,0.0144845776380741,-0.000140691222177036
0.0075,0.75,20000,177,0.0137597652488491,0.0138992443065498,-0.000139479057700682
0.0075,0.75,20000,178,0.0131673077098187,0.0133042624949377,-0.000136954785119074
0.0075,0.75,20000,179,0.0125697469938784,0.0127029528234594,-0.000133205829581011
0.0075,0.75,20000,180,0.0119702026292229,0.0120985362259572,-0.000128333596734314
0.0075,0.75,20000,181,0.0113716559327815,0.0114941070342116,-0.000122451101430176
0.0075,0.75,20000,182,0.0107769283674792,0.0108926088516275,-0.00011568048414836
0.0075,0.75,20000,183,0.0101886629611332,0.0102968134359987,-0.000108150474865577
0.0075,0.75,20000,184,0.00960930888683257,0.00970930274916065,-9.99938623280818e-05
0.0075,0.75,20000,185,0.00904110924597322,0.0091324542694511,-9.13450234778738e-05
0.0075,0.75,20000,186,0.0084860920390977,0.00856842960239037,-8.23375632926678e-05
0.0075,0.75,20000,187,0.00794606425736332,0.00801916636709598,-7.31021097326572e-05
0.0075,0.75,20000,188,0.00742260897971817,0.00748637328178724,-6.37643020690746e-05
0.0075,0.75,20000,189,0.00691708531843413,0.00697152832226801,-5.44430038338841e-05
0.0075,0.75,20000,190,0.00643063101907313,0.00647587978329459,-4.5248764221453e-05
0.0075,0.75,20000,191,0.00596416749062205,0.00600045003484928,-3.62825442272278e-05
0.0075,0.75,20000,192,0.00551840701762131,0.00554604173397278,-2.76347163514689e-05
0.0075,0.75,20000,193,0.00509386188866284,0.0051132462281989,-1.93843395360632e-05
0.0075,0.75,20000,194,0.00469085516452225,0.00470245386884435,-1.15987043220944e-05
0.0075,0.75,20000,195,0.00430953280415549,0.00431386594132558,-4.33313717008912e-06
0.0075,0.75,20000,196,0.00394987686744658,0.00394750791504471,2.36895240187697e-06
0.0075,0.75,20000,197,0.00361171951945661,0.0036032437168109,8.47580264571246e-06
0.0075,0.75,20000,198,0.00329475757142533,0.00328079073873383,1.3966832691505e-05
0.0075,0.75,20000,199,0.00299856730829493,0.0029797353034408,1.88320048541261e-05
0.0075,0.75,20000,200,0.002722619370392,0.0026995483256594,2.30710447325947e-05
0.0075,0.75,20000,201,0.00246629347744382,0.00243960092895914,2.66925484846844e-05
0.0075,0.75,20000,202,0.00222889280563535,0.00219917979902136,2.97130066139908e-05
0.0075,0.75,20000,203,0.00200965785227691,0.00197750207946851,3.21557728083944e-05
0.0075,0.75,20000,204,0.00180777964722179,0.00177372964231157,3.40500049102205e-05
0.0075,0.75,20000,205,0.00162241219486844,0.00158698259178337,3.54296030850654e-05
0.0075,0.75,20000,206,0.00145268405487943,0.00141635188708006,3.6332167799369e-05
0.0075,0.75,20000,207,0.00129770899318991,0.00126091099575972,3.67979974301941e-05
0.0075,0.75,20000,208,0.00115659565706881,0.00111972651474214,3.68691423266604e-05
0.0075,0.75,20000,209,0.00102845624861716,0.000991867719589766,3.65885290273943e-05
0.0075,0.75,20000,210,0.000912414189890027,0.000876415024678427,3.59991652116001e-05
0.0075,0.75,20000,211,0.000807610789630708,0.000772467356719758,3.514343291095e-05
0.0075,0.75,20000,212,0.000713210936295799,0.000679148461684281,3.40624746115181e-05
0.0075,0.75,20000,213,0.000628407854573056,0.000595612180380259,3.27956741927967e-05
0.0075,0.75,20000,214,0.000552426972954444,0.00052104674072113,3.13802322333141e-05
0.0075,0.75,20000,215,0.000484528958174705,0.000454678125079553,2.98508330951522e-05
0.0075,0.75,20000,216,0.00042401197855387,0.000395772579148998,2.82393994048721e-05
0.0075,0.75,20000,217,0.000370213262616708,0.000343638334530699,2.65749280860096e-05
0.0075,0.75,20000,218,0.000322510021955823,0.000297626620988793,2.48834009670302e-05
0.0075,0.75,20000,219,0.000280319808330224,0.000257132046152697,2.31877621775266e-05
0.0075,0.75,20000,220,0.000243100374632287,0.0002215924205969,2.15079540353863e-05
0.0075,0.75,20000,221,0.000210349107804318,0.00019048810491109,1.98610028932278e-05
0.0075,0.75,20000,222,0.000181602099233142,0.000163340952809996,1.82611464231455e-05
0.0075,0.75,20000,223,0.000156432914785342,0.000139712920743972,1.67199940413692e-05
0.0075,0.75,20000,224,0.000134451122646817,0.000119204410073242,1.52467125735753e-05
0.0075,0.75,20000,225,0.000115300632666838,0.000101452402864988,1.38482298018492e-05
0.0075,0.75,20000,226,9.86578961336827e-05,8.6128446952684e-05,1.25294491809987e-05
0.0075,0.75,20000,227,8.42300099655818e-05,7.29365402333373e-05,1.12934697322445e-05
0.0075,0.75,20000,228,7.17527643096894e-05,6.16109584236509e-05,1.01418058860384e-05
0.0075,0.75,20000,229,6.09886676088601e-05,5.19140647830706e-05,9.07460282578951e-06
0.0075,0.75,20000,230,5.17249784094337e-05,4.3634134752288e-05,8.09084365714568e-06
0.0075,0.75,20000,231,4.37717686149069e-05,3.65832231415155e-05,7.18854547339138e-06
0.0075,0.75,20000,232,3.69600385962596e-05,3.05950965056886e-05,6.364942090571e-06
0.0075,0.75,20000,233,3.11399005911072e-05,2.55232487172093e-05,5.61665187389791e-06
0.0075,0.75,20000,234,2.61788431887016e-05,2.12390135275376e-05,4.93982966116404e-06
0.0075,0.75,20000,235,2.19600864221318e-05,1.76297841183723e-05,4.3303023037595e-06
0.0075,0.75,20000,236,1.83810340785488e-05,1.4597346289573e-05,3.78368778897575e-06
0.0075,0.75,20000,237,1.53518272897176e-05,1.20563290112997e-05,3.29549827841797e-06
0.0075,0.75,20000,238,1.27940012682452e-05,9.93277356963863e-06,2.86122769860657e-06
0.0075,0.75,20000,239,1.0639245193216e-05,8.16282043831211e-06,2.47642475490392e-06
0.0075,0.75,20000,240,8.82826370197613e-06,6.69151128824427e-06,2.13675241373186e-06
0.0075,0.75,20000,241,7.30973718853051e-06,5.47170217199003e-06,1.83803501654048e-06
0.0075,0.75,20000,242,6.03937711746521e-06,4.46308285885665e-06,1.57629425860857e-06
0.0075,0.75,20000,243,4.97907180834132e-06,3.63129651511262e-06,1.3477752932287e-06
0.0075,0.75,20000,244,4.09611760173623e-06,2.94715338782699e-06,1.14896421390924e-06
0.0075,0.75,20000,245,3.36252995752176e-06,2.38593182706025e-06,9.76598130461515e-07
0.0075,0.75,20000,246,2.75442883253353e-06,1.92675983710436e-06,8.27668995429175e-07
0.0075,0.75,20000,247,2.25149261385941e-06,1.55207035289251e-06,6.99422260966898e-07
0.0075,0.75,20000,248,1.83647492262657e-06,1.24712356450268e-06,5.89351358123895e-07
0.0075,0.75,20000,249,1.49477873039702e-06,9.99589835346141e-07,4.95188895050882e-07
0.0075,0.75,20000,250,1.21408242714373e-06,7.99187055345274e-07,4.14895371798457e-07
0.0075,0.75,20000,251,9.84012729436285e-07,6.37366619091672e-07,3.46646110344613e-07
0.0075,0.75,20000,252,7.95859605168586e-07,5.07042603274337e-07,2.88817001894249e-07
0.0075,0.75,20000,253,6.4232870420205e-07,4.02359122824615e-07,2.39969581377434e-07
0.0075,0.75,20000,254,5.17327111892702e-07,3.18491258943355e-07,1.98835852949347e-07
0.0075,0.75,20000,255,4.15778575641107e-07,2.51475364429622e-07,1.64303211211485e-07
0.0075,0.75,20000,256,3.33464686022897e-07,1.98064954551604e-07,1.35399731471293e-07
0.0075,0.75,20000,257,2.66888817889592e-07,1.55608778957447e-07,1.11280038932145e-07
0.0075,0.75,20000,258,2.13159948565008e-07,1.21948037294668e-07,9.12119112703406e-08
0.0075,0.75,20000,259,1.69893766553644e-07,9.53300451561405e-08,7.45637213975037e-08
0.0075,0.75,20000,260,1.35128762675927e-07,7.43359757367149e-08,6.07927869392122e-08
0.0075,0.75,20000,261,1.07255254751592e-07,5.78205951789891e-08,4.94346595726033e-08
0.0075,0.75,20000,262,8.49555360738794e-08,4.48621758119166e-08,4.00933602619628e-08
0.0075,0.75,20000,263,6.71535567379102e-08,3.47210117692768e-08,3.24325449686334e-08
0.0075,0.75,20000,264,5.29727456515877e-08,2.68051767234881e-08,2.61675689280996e-08
0.0075,0.75,20000,265,4.17007603691501e-08,2.064235494315e-08,2.10584054260001e-08
0.0075,0.75,20000,266,3.27601126164033e-08,1.58567460835799e-08,1.69033665328234e-08
0.0075,0.75,20000,267,2.56837605835641e-08,1.21501927054027e-08,1.35335678781614e-08
0.0075,0.75,20000,268,2.00948859330301e-08,9.28680922277647e-09,1.08080767102537e-08
0.0075,0.75,20000,269,1.56901852635234e-08,7.08050356508059e-09,8.60968169844284e-09
0.0075,0.75,20000,270,1.22261037750659e-08,5.38488002127164e-09,6.84122375379425e-09
0.0075,0.75,20000,271,9.50752437049835e-09,4.08509518927161e-09,5.42242918122674e-09
0.0075,0.75,20000,272,7.37849965443189e-09,3.09131025008292e-09,4.28718940434897e-09
0.0075,0.75,20000,273,5.71467844167334e-09,2.33344339879713e-09,3.3812350428762e-09
0.0075,0.75,20000,274,4.41713358850316e-09,1.75697754741022e-09,2.66015604109295e-09
0.0075,0.75,20000,275,3.40734525878936e-09,1.31962160178529e-09,2.08772365700407e-09
0.0075,0.75,20000,276,2.62313409740401e-09,9.88659820312234e-10,1.63447427709177e-09
0.0075,0.75,20000,277,2.01537308580268e-09,7.38853979324003e-10,1.27651910647867e-09
0.0075,0.75,20000,278,1.54533589477193e-09,5.50788181234115e-10,9.94547713537818e-10
0.0075,0.75,20000,279,1.18256404121876e-09,4.09566920173959e-10,7.72997121044803e-10
0.0075,0.75,20000,280,9.03155735280539e-10,3.03794142491164e-10,5.99361592789375e-10
0.0075,0.75,20000,281,6.88396533329505e-10,2.24775091550662e-10,4.63621441778843e-10
0.0075,0.75,20000,282,5.2366628584111e-10,1.65894212177365e-10,3.57772073663745e-10
0.0075,0.75,20000,283,3.97568818310037e-10,1.22131741340353e-10,2.75437076969684e-10
0.0075,0.75,20000,284,3.012406834226e-10,8.96891953982043e-11,2.11551488024396e-10
0.0075,0.75,20000,285,2.27803497493566e-10,6.57000909077942e-11,1.62103406585772e-10
0.0075,0.75,20000,286,1.71931102191005e-10,4.80071668515617e-11,1.23923935339443e-10
0.0075,0.75,20000,287,1.29508311943517e-10,3.4991329742899e-11,9.45169822006182e-11
0.0075,0.75,20000,288,9.73625208580451e-11,2.54407014082253e-11,7.19218194498198e-11
0.0075,0.75,20000,289,7.30531222360017e-11,1.84506630806228e-11,5.46024591553789e-11
0.0075,0.75,20000,290,5.47066837631292e-11,1.33477830738143e-11,4.1358900689315e-11
0.0075,0.75,20000,291,4.08882438863491e-11,9.63209073967953e-12,3.12561531466695e-11
0.0075,0.75,20000,292,3.05010516072967e-11,6.93339997082656e-12,2.35676516364701e-11
0.0075,0.75,20000,293,2.27086477615715e-11,4.97835895274852e-12,1.77302888088229e-11
0.0075,0.75,20000,294,1.68744512320712e-11,3.56566406199804e-12,1.33087871700732e-11
0.0075,0.75,20000,295,1.25150266849042e-11,2.54746897942184e-12,9.96755770548235e-12
0.0075,0.75,20000,296,9.26401927524853e-12,1.81548075089589e-12,7.44853852435263e-12
0.0075,0.75,20000,297,6.8443857088965e-12,1.29059107249933e-12,5.55379463639717e-12
0.0075,0.75,20000,298,5.04706225292518e-12,9.15166108507789e-13,4.13189614441739e-12
0.0075,0.75,20000,299,3.71461499963922e-12,6.47329596915959e-13,3.06728540272326e-12
0.0075,0.75,20000,300,2.72873720815071e-12,4.5673602041823e-13,2.27200118773248e-12
0.0075,0.75,20000,301,2.00071012442583e-12,3.21454364537682e-13,1.67925575988815e-12
0.0075,0.75,20000,302,1.46414122782958e-12,2.25677183860276e-13,1.23846404396931e-12
0.0075,0.75,20000,303,1.06944855982944e-12,1.58041173073453e-13,9.11407386755983e-13
0.0075,0.75,20000,304,7.79680628351148e-13,1.10399498156857e-13,6.69281130194291e-13
0.0075,0.75,20000,305,5.67355517002671e-13,7.69268975280637e-14,4.90428619474608e-13
0.0075,0.75,20000,306,4.1207597192318e-13,5.34691893577082e-14,3.58606782565472e-13
0.0075,0.75,20000,307,2.98733925141719e-13,3.70717634985217e-14,2.61662161643197e-13
0.0075,0.75,20000,308,2.16161732676162e-13,2.56387681839834e-14,1.90522964492179e-13
0.0075,0.75,20000,309,1.56121192786619e-13,1.76874542380495e-14,1.3843373854857e-13
0.0075,0.75,20000,310,1.12547396041391e-13,1.2171602665145e-14,1.00375793376246e-13
0.0075,0.75,20000,311,8.09843953400337e-14,8.35496178519188e-15,7.26294335548418e-14
0.0075,0.75,20000,312,5.81649412521729e-14,5.72078245090068e-15,5.24441588012722e-14
0.0075,0.75,20000,313,4.16981754858995e-14,3.90733512588501e-15,3.77908403600145e-14
0.0075,0.75,20000,314,2.98380452974016e-14,2.66207418612648e-15,2.71759711112751e-14
0.0075,0.75,20000,315,2.13119401014285e-14,1.80914722555626e-15,1.95027928758722e-14
0.0075,0.75,20000,316,1.5194158322829e-14,1.22642764284821e-15,1.39677306799808e-14
0.0075,0.75,20000,317,1.08126734631045e-14,8.29323963531155e-16,9.98334949957339e-15
0.0075,0.75,20000,318,7.68058042709134e-15,5.59397810717593e-16,7.12118261637375e-15
0.0075,0.75,20000,319,5.44579435799117e-15,3.76384364451549e-16,5.06940999353962e-15
0.0075,0.75,20000,320,3.85421913328007e-15,2.52613554176845e-16,3.60160557910322e-15
0.0075,0.75,20000,321,2.72283459311803e-15,1.69120396588934e-16,2.5537141965291e-15
0.0075,0.75,20000,322,1.92007205068373e-15,1.12940470157715e-16,1.80713158052602e-15
0.0075,0.75,20000,323,1.35153381682764e-15,7.52345725854099e-17,1.27629924424223e-15
0.0075,0.75,20000,324,9.49622821059156e-16,4.99918937424859e-17,8.9963092731667e-16
0.0075,0.75,20000,325,6.66027117191207e-16,3.31356872798438e-17,6.32891429911363e-16
0.0075,0.75,20000,326,4.66284443667733e-16,2.19081971775468e-17,4.44376246490186e-16
0.0075,0.75,20000,327,3.25859125040729e-16,1.44487927901495e-17,3.1141033225058e-16
0.0075,0.75,20000,328,2.27316253075808e-16,9.50540768953982e-18,2.17810845386268e-16
0.0075,0.75,20000,329,1.58290344330322e-16,6.23769589835372e-18,1.52052648431969e-16
0.0075,0.75,20000,330,1.10028040878611e-16,4.08311781583477e-18,1.05944923062776e-16
0.0075,0.75,20000,331,7.63447262129331e-17,2.6660843679117e-18,7.36786418450214e-17
0.0075,0.75,20000,332,5.28789824835902e-17,1.7364813742831e-18,5.11425011093071e-17
0.0075,0.75,20000,333,3.65609270939783e-17,1.12818581276032e-18,3.5432741281218e-17
0.0075,0.75,20000,334,2.52338225656493e-17,7.31148178750324e-19,2.4502674386899e-17
0.0075,0.75,20000,335,1.73853041848992e-17,4.72655194095143e-19,1.69126489908041e-17
0.0075,0.75,20000,336,1.19568453250135e-17,3.04787906478123e-19,1.16520574185354e-17
0.0075,0.75,20000,337,8.20895090138997e-18,1.96049297628206e-19,8.01290160376176e-18
0.0075,0.75,20000,338,5.62596584882396e-18,1.25790288847571e-19,5.50017555997639e-18
0.0075,0.75,20000,339,3.84898806674854e-18,8.05087718940794e-20,3.76847929485446e-18
0.0075,0.75,20000,340,2.62868003428855e-18,5.13988678583446e-20,2.57728116643021e-18
0.0075,0.75,20000,341,1.79214119380444e-18,3.27324239951094e-20,1.75940876980933e-18
0.0075,0.75,20000,342,1.21969626528523e-18,2.07929948955757e-20,1.19890327038966e-18
0.0075,0.75,20000,343,8.28662676338139e-19,1.31755935693714e-20,8.15487082768768e-19
0.0075,0.75,20000,344,5.6202043775031e-19,8.32794016189958e-21,5.53692497588411e-19
0.0075,0.75,20000,345,3.80518972419391e-19,5.25072491498518e-21,3.75268247504406e-19
0.0075,0.75,20000,346,2.57188782805318e-19,3.30228993036968e-21,2.53886492874949e-19
0.0075,0.75,20000,347,1.73532512162209e-19,2.07169299734801e-21,1.71460819164861e-19
0.0075,0.75,20000,348,1.16886519170687e-19,1.29643235055019e-21,1.15590086820137e-19
0.0075,0.75,20000,349,7.85967073710981e-20,8.09260951081463e-22,7.77874464200167e-20
0.0075,0.75,20000,350,5.27596913027571e-20,5.03896769715e-22,5.22557945330421e-20
0.0075,0.75,20000,351,3.5355722346066e-20,3.12974408463007e-22,3.5042747937603e-20
0.0075,0.75,20000,352,2.36525718531918e-20,1.93905596587348e-22,2.34586662566045e-20
0.0075,0.75,20000,353,1.57964623218141e-20,1.19835674492754e-22,1.56766266473213e-20
0.0075,0.75,20000,354,1.05318767802308e-20,7.38747746352127e-23,1.04580020055956e-20
0.0075,0.75,20000,355,7.00999854753895e-21,4.54276715598833e-23,6.96457087597906e-21
0.0075,0.75,20000,356,4.6579876382164e-21,2.78650001136037e-23,4.63012263810279e-21
0.0075,0.75,20000,357,3.0899374354807e-21,1.70495093314003e-23,3.0728879261493e-21
0.0075,0.75,20000,358,2.04633379561682e-21,1.04058841010141e-23,2.03592791151581e-21
0.0075,0.75,20000,359,1.35296884019744e-21,6.33520026091121e-24,1.34663363993653e-21
0.0075,0.75,20000,360,8.93109319188524e-22,3.84729931335321e-24,8.89262019875171e-22
0.0075,0.75,20000,361,5.8867906808559e-22,2.33058993169319e-24,5.86348478153897e-22
0.0075,0.75,20000,362,3.87561146016692e-22,1.40828327213811e-24,3.86152862744554e-22
0.0075,0.75,20000,363,2.55048254122046e-22,8.48845086720963e-25,2.54199409035325e-22
0.0075,0.75,20000,364,1.6810205631959e-22,5.10365279715301e-25,1.67591691039875e-22
0.0075,0.75,20000,365,1.11514486767349e-22,3.06089243262356e-25,1.11208397524087e-22
0.0075,0.75,20000,366,7.53603220077979e-23,1.8311725842777e-25,7.51772047493701e-23
0.0075,0.75,20000,367,5.33341417044841e-23,1.09275990400004e-25,5.32248657140841e-23
0.0075,0.75,20000,368,4.1707027518505e-23,6.50480809961961e-26,4.16419794375088e-23
0.0075,0.75,20000,369,3.8740900372693e-23,3.86241104325642e-26,3.87022762622605e-23
0.0075,0.75,20000,370,4.44776813430214e-23,2.2876877952604e-26,4.44548044650688e-23
0.0075,0.75,20000,371,6.08898945489977e-23,1.35160342661922e-26,6.08763785147315e-23
0.0075,0.75,20000,372,9.24515464543035e-23,7.96555566350483e-27,9.244358089864e-23
0.0075,0.75,20000,373,1.47277219272811e-22,4.68270860414244e-27,1.47272536564206e-22
0.0075,0.75,20000,374,2.39101550078068e-22,2.74594891590891e-27,2.39098804129153e-22
0.0075,0.75,20000,375,3.90556588979396e-22,1.60620893581072e-27,3.9055498277046e-22
0.0075,0.75,20000,376,6.38489754657915e-22,9.37186201170905e-28,6.38488817471713e-22
0.0075,0.75,20000,377,1.04250957968473e-21,5.45461367852241e-28,1.04250903422337e-21
0.0075,0.75,20000,378,1.69864166018134e-21,3.1667689109153e-28,1.69864134350445e-21
0.0075,0.75,20000,379,2.76106454454034e-21,1.83393108551758e-28,2.76106436114724e-21
0.0075,0.75,20000,380,4.47659288377326e-21,1.05940962675468e-28,4.4765927778323e-21
0.0075,0.75,20000,381,7.23921904245476e-21,6.10462627863833e-29,7.2392189814085e-21
0.0075,0.75,20000,382,1.16761306793401e-20,3.50887997133065e-29,1.16761306442513e-20
0.0075,0.75,20000,383,1.87829810554142e-20,2.01183429414035e-29,1.87829810352959e-20
0.0075,0.75,20000,384,3.01360080369184e-20,1.15061535442407e-29,3.01360080254123e-20
0.0075,0.75,20000,385,4.82237142329985e-20,6.56420880307701e-30,4.82237142264343e-20
0.0075,0.75,20000,386,7.69640224006728e-20,3.73550113794176e-30,7.69640223969373e-20
0.0075,0.75,20000,387,1.22508324369161e-19,2.1204577454936e-30,1.22508324367041e-19
0.0075,0.75,20000,388,1.94488007284843e-19,1.20067270000427e-30,1.94488007283642e-19
0.0075,0.75,20000,389,3.07941426100638e-19,6.78162721966567e-31,3.0794142609996e-19
0.0075,0.75,20000,390,4.86284216909221e-19,3.8208277057936e-31,4.86284216908839e-19
0.0075,0.75,20000,391,7.65874700493664e-19,2.14731253396798e-31,7.65874700493449e-19
0.0075,0.75,20000,392,1.20301075085759e-18,1.20378056591965e-31,1.20301075085747e-18
0.0075,0.75,20000,393,1.88462214981305e-18,6.73152805434973e-32,1.88462214981298e-18
0.0075,0.75,20000,394,2.94456300491029e-18,3.75486438624826e-32,2.94456300491025e-18
0.0075,0.75,20000,395,4.58836531264538e-18,2.08924377227132e-32,4.58836531264536e-18
0.0075,0.75,20000,396,7.13073861820634e-18,1.15957338862806e-32,7.13073861820633e-18
0.0075,0.75,20000,397,1.10522137361471e-17,6.41980190973797e-33,1.10522137361471e-17
0.0075,0.75,20000,398,1.70844544247104e-17,3.54535133421403e-33,1.70844544247104e-17
0.0075,0.75,20000,399,2.63383708571783e-17,1.95304025203833e-33,2.63383708571783e-17
0.0075,0.75,20000,400,4.04959459224323e-17,1.07319186783153e-33,4.04959459224323e-17
0.01,1,5000,0,7.29844498509085e-11,6.07588284982329e-10,-5.3460383513142e-10
0.01,1,5000,1,1.44287458183575e-10,1.10157636246823e-09,-9.57288904284656e-10
0.01,1,5000,2,2.82101236079184e-10,1.97731964062447e-09,-1.69521840454528e-09
0.01,1,5000,3,5.45409156592701e-10,3.51395509482043e-09,-2.96854593822773e-09
0.01,1,5000,4,1.04266526157558e-09,6.18262050016585e-09,-5.13995523859026e-09
0.01,1,5000,5,1.97077780694679e-09,1.07697600425433e-08,-8.79898223559649e-09
0.01,1,5000,6,3.68270751883518e-09,1.85736184455529e-08,-1.48909109267178e-08
0.01,1,5000,7,6.80301599544232e-09,3.17134921671598e-08,-2.49104761717174e-08
0.01,1,5000,8,1.24225220670809e-08,5.36103534469762e-08,-4.11878313798953e-08
0.01,1,5000,9,2.24214091551084e-08,8.97243516238332e-08,-6.73029424687249e-08
0.01,1,5000,10,3.99975376056845e-08,1.4867195147343e-07,-1.08674413867745e-07
0.01,1,5000,11,7.05171634497661e-08,2.43896074589336e-07,-1.7337891113957e-07
0.01,1,5000,12,1.22863624156552e-07,3.96129909103207e-07,-2.73266284946656e-07
0.01,1,5000,13,2.11541766667161e-07,6.3698251788671e-07,-4.2544075121955e-07
0.01,1,5000,14,3.59908776631969e-07,1.01408520654867e-06,-6.54176429916705e-07
0.01,1,5000,15,6.05052779050956e-07,1.59837411069055e-06,-9.93321331639591e-07
0.01,1,5000,16,1.00503563421966e-06,2.49424712900536e-06,-1.4892114947857e-06
0.01,1,5000,17,1.64946002171066e-06,3.85351967420871e-06,-2.20405965249805e-06
0.01,1,5000,18,2.67461289942873e-06,5.89430677565398e-06,-3.21969387622525e-06
0.01,1,5000,19,4.28476981571797e-06,8.92616571771329e-06,-4.64139590199532e-06
0.01,1,5000,20,6.78159804578128e-06,1.33830225764885e-05,-6.60142453070725e-06
0.01,1,5000,21,1.06039364033951e-05,1.98655471392773e-05,-9.26161073588212e-06
0.01,1,5000,22,1.63805019172541e-05,2.9194692579146e-05,-1.28141906618919e-05
0.01,1,5000,23,2.49982026030554e-05,4.24780270550752e-05,-1.74798244520198e-05
0.01,1,5000,24,3.76886234895827e-05,6.11901930113772e-05,-2.35015695217945e-05
0.01,1,5000,25,5.61347835359302e-05,8.7268269504576e-05,-3.11334859686458e-05
0.01,1,5000,26,8.25993079863116e-05,0.000123221916847302,-4.06226088609903e-05
0.01,1,5000,27,0.000120073603129359,0.000172256893905368,-5.21832907760089e-05
0.01,1,5000,28,0.000172445364257003,0.000238408820146484,-6.59634558894813e-05
0.01,1,5000,29,0.000244678753009825,0.000326681905619992,-8.20031526101668e-05
0.01,1,5000,30,0.000342997892604489,0.000443184841193801,-0.000100186948589311
0.01,1,5000,31,0.000475060109562034,0.000595253241977585,-0.000120193132415552
0.01,1,5000,32,0.000650100898946541,0.000791545158297996,-0.000141444259351455
0.01,1,5000,33,0.00087902835756523,0.00104209348144226,-0.000163065123877029
0.01,1,5000,34,0.00117444140763086,0.00135829692336856,-0.000183855515737698
0.01,1,5000,35,0.00155054421858435,0.00175283004935685,-0.000202285830772502
0.01,1,5000,36,0.00202292956350998,0.00223945302948429,-0.000216523465974308
0.01,1,5000,37,0.00260820710194492,0.00283270377416012,-0.000224496672215202
0.01,1,5000,38,0.00332345927842877,0.00354745928462314,-0.000224000006194377
0.01,1,5000,39,0.00418551789134771,0.00439835959804272,-0.00021284170669501
0.01,1,5000,40,0.00521006824231283,0.00539909665131881,-0.000189028409005973
0.01,1,5000,41,0.00641060446113487,0.00656158147746766,-0.000150977016332791
0.01,1,5000,42,0.00779727794084542,0.00789501583008941,-9.77378892439958e-05
0.01,1,5000,43,0.00937569916385819,0.00940490773768869,-2.92085738304981e-05
0.01,1,5000,44,0.0111457695532702,0.0110920834679456,5.36860853246127e-05
0.01,1,5000,45,0.0131006321828139,0.0129517595665892,0.000148872616224757
0.01,1,5000,46,0.0152258361617131,0.0149727465635745,0.000253089598138587
0.01,1,5000,47,0.0174988075955064,0.0171368592047807,0.000361948390725637
0.01,1,5000,48,0.019888709189782,0.0194186054983213,0.000470103691460728
0.01,1,5000,49,0.0223567506763302,0.0217852177032551,0.000571532973075141
0.01,1,5000,50,0.0248569841865454,0.0241970724519143,0.000659911734631095
0.01,1,5000,51,0.0273375843914823,0.0266085249898755,0.000729059401606814
0.01,1,5000,52,0.0297425754896898,0.0289691552761483,0.000773420213541563
0.01,1,5000,53,0.0320139294098472,0.0312253933366761,0.000788536073171083
0.01,1,5000,54,0.0340939256325,0.03332246028918,0.000771465343320024
0.01,1,5000,55,0.0359276363910904,0.03520653267643,0.000721103714660408
0.01,1,5000,56,0.037465384660137,0.0368270140303323,0.00063837062980468
0.01,1,5000,57,0.0386650182797165,0.0381387815460524,0.000526236733664052
0.01,1,5000,58,0.0394938525649269,0.0391042693975456,0.000389583167381288
0.01,1,5000,59,0.0399301552186848,0.0396952547477012,0.000234900470983665
0.01,1,5000,60,0.0399640794180001,0.0398942280401433,6.98513778568527e-05
0.01,1,5000,61,0.0395979906038916,0.0396952547477012,-9.72641438095612e-05
0.01,1,5000,62,0.0388461760590377,0.0391042693975456,-0.000258093338507896
0.01,1,5000,63,0.037733969778854,0.0381387815460524,-0.000404811767198386
0.01,1,5000,64,0.0362963645458797,0.0368270140303323,-0.00053064948445266
0.01,1,5000,65,0.0345762151780575,0.03520653267643,-0.000630317498372418
0.01,1,5000,66,0.0326221592025415,0.03332246028918,-0.000700301086638447
0.01,1,5000,67,0.0304863923685648,0.0312253933366761,-0.000739000968111365
0.01,1,5000,68,0.0282224362783607,0.0289691552761483,-0.00074671899778762
0.01,1,5000,69,0.0258830248958399,0.0266085249898755,-0.000725500094035565
0.01,1,5000,70,0.0235182175988328,0.0241970724519143,-0.000678854853081567
0.01,1,5000,71,0.0211738212074479,0.0217852177032551,-0.000611396495807132
0.01,1,5000,72,0.0188901747944075,0.0194186054983213,-0.000528430703913785
0.01,1,5000,73,0.0167013218067928,0.0171368592047807,-0.000435537397987896
0.01,1,5000,74,0.0146345665694128,0.0149727465635745,-0.000338179994161667
0.01,1,5000,75,0.012710388579483,0.0129517595665892,-0.000241370987106198
0.01,1,5000,76,0.0109426695088534,0.0110920834679456,-0.000149413959092128
0.01,1,5000,77,0.00933917521527021,0.00940490773768869,-6.57325224184824e-05
0.01,1,5000,78,0.00790222841533316,0.00789501583008941,7.21258524374185e-06
0.01,1,5000,79,0.00662950654426921,0.00656158147746766,6.79250668015469e-05
0.01,1,5000,80,0.00551490287680955,0.00539909665131881,0.000115806225490745
0.01,1,5000,81,0.00454939611471354,0.00439835959804272,0.000151036516670823
0.01,1,5000,82,0.00372188316292475,0.00354745928462314,0.000174423878301602
0.01,1,5000,83,0.00301994054880726,0.00283270377416012,0.000187236774647148
0.01,1,5000,84,0.0024304908475099,0.00223945302948429,0.000191037818025607
0.01,1,5000,85,0.00194036071865444,0.00175283004935685,0.000187530669297587
0.01,1,5000,86,0.00153672612422378,0.00135829692336856,0.000178429200855223
0.01,1,5000,87,0.0012074476095371,0.00104209348144226,0.000165354128094837
0.01,1,5000,88,0.00094130402967414,0.000791545158297996,0.000149758871376144
0.01,1,5000,89,0.000728136814360454,0.000595253241977585,0.000132883572382869
0.01,1,5000,90,0.000558918942979694,0.000443184841193801,0.000115734101785894
0.01,1,5000,91,0.000425763495459702,0.000326681905619992,9.90815898397096e-05
0.01,1,5000,92,0.000321886247942404,0.000238408820146484,8.34774277959194e-05
0.01,1,5000,93,0.000241535597660047,0.000172256893905368,6.92787037546787e-05
0.01,1,5000,94,0.000179901414174178,0.000123221916847302,5.66794973268758e-05
0.01,1,5000,95,0.000133012471675611,8.7268269504576e-05,4.57442021710349e-05
0.01,1,5000,96,9.76301192890464e-05,6.11901930113772e-05,3.64399262776692e-05
0.01,1,5000,97,7.11439422280363e-05,4.24780270550752e-05,2.86659151729611e-05
0.01,1,5000,98,5.14734564120221e-05,2.9194692579146e-05,2.2278763832876e-05
0.01,1,5000,99,3.69784201180097e-05,1.98655471392773e-05,1.71128729787324e-05
0.01,1,5000,100,2.63791607585697e-05,1.33830225764885e-05,1.29961381820812e-05
0.01,1,5000,101,1.86873989482519e-05,8.92616571771329e-06,9.76123323053858e-06
0.01,1,5000,102,1.31473835365017e-05,5.89430677565398e-06,7.25307676084774e-06
0.01,1,5000,103,9.18669732221148e-06,3.85351967420871e-06,5.33317764800277e-06
0.01,1,5000,104,6.37581590661655e-06,2.49424712900536e-06,3.88156877761119e-06
0.01,1,5000,105,4.39536334096594e-06,1.59837411069055e-06,2.7969892302754e-06
0.01,1,5000,106,3.00997227094365e-06,1.01408520654867e-06,1.99588706439498e-06
0.01,1,5000,107,2.04769203972878e-06,6.3698251788671e-07,1.41070952184207e-06
0.01,1,5000,108,1.38396990280512e-06,3.96129909103207e-07,9.87839993701911e-07
0.01,1,5000,109,9.29337835516971e-07,2.43896074589336e-07,6.85441760927636e-07
0.01,1,5000,110,6.20055220085728e-07,1.4867195147343e-07,4.71383268612298e-07
0.01,1,5000,111,4.11075314490884e-07,8.97243516238332e-08,3.21350962867051e-07
0.01,1,5000,112,2.70813875029759e-07,5.36103534469762e-08,2.17203521582783e-07
0.01,1,5000,113,1.77297583468185e-07,3.17134921671598e-08,1.45584091301025e-07
0.01,1,5000,114,1.15356142666168e-07,1.85736184455529e-08,9.67825242206155e-08
0.01,1,5000,115,7.4594698312791e-08,1.07697600425433e-08,6.38249382702478e-08
0.01,1,5000,116,4.79432599621245e-08,6.18262050016585e-09,4.17606394619587e-08
0.01,1,5000,117,3.06282564669047e-08,3.51395509482043e-09,2.71143013720842e-08
0.01,1,5000,118,1.94497746962361e-08,1.97731964062447e-09,1.74724550556117e-08
0.01,1,5000,119,1.22779724559903e-08,1.10157636246823e-09,1.11763960935221e-08
0.01,1,5000,120,7.7051382404356e-09,6.07588284982329e-10,7.09754995545328e-09
0.01,1,5000,121,4.80725948786447e-09,3.31788424354729e-10,4.47547106350974e-09
0.01,1,5000,122,2.98194362362688e-09,1.79378390796409e-10,2.80256523283047e-09
0.01,1,5000,123,1.83910761931676e-09,9.60143337031233e-11,1.74309328561363e-09
0.01,1,5000,124,1.12782461682156e-09,5.08814028164506e-11,1.07694321400511e-09
0.01,1,5000,125,6.87738454315737e-10,2.66955661476285e-11,6.61042888168109e-10
0.01,1,5000,126,4.17035194697244e-10,1.38667999416531e-11,4.03168394755591e-10
0.01,1,5000,127,2.51483714459253e-10,7.13132812399608e-12,2.44352386335257e-10
0.01,1,5000,128,1.5081850625237e-10,3.63096150179179e-12,1.47187544750578e-10
0.01,1,5000,129,8.9955272131363e-11,1.83033221701558e-12,8.81249399143474e-11
0.01,1,5000,130,5.33636090178077e-11,9.13472040836459e-13,5.24501369769712e-11
0.01,1,5000,131,3.14868692643589e-11,4.51354367720552e-13,3.10355148966383e-11
0.01,1,5000,132,1.84798473949231e-11,2.20798996313714e-13,1.82590483986094e-11
0.01,1,5000,133,1.07887358104945e-11,1.06938378715416e-13,1.06817974317791e-11
0.01,1,5000,134,6.26562579018814e-12,5.12775363679668e-14,6.21434825382018e-12
0.01,1,5000,135,3.61991422651902e-12,2.43432053302901e-14,3.59557102118873e-12
0.01,1,5000,136,2.08060688885562e-12,1.14415649018014e-14,2.06916532395381e-12
0.01,1,5000,137,1.18975485342958e-12,5.32414837225296e-15,1.18443070505733e-12
0.01,1,5000,138,6.76890158819827e-13,2.45285528569642e-15,6.7443730353413e-13
0.01,1,5000,139,3.83168259167179e-13,1.11879562143519e-15,3.82049463545744e-13
0.01,1,5000,140,2.15818466829561e-13,5.05227108353689e-16,2.15313239721208e-13
0.01,1,5000,141,1.20957378506377e-13,2.2588094031543e-16,1.20731497566062e-13
0.01,1,5000,142,6.74586345208686e-14,9.99837874849718e-17,6.73586507333836e-14
0.01,1,5000,143,3.74386926882447e-14,4.38163943550936e-17,3.73948762938896e-14
0.01,1,5000,144,2.06775027925869e-14,1.90108153790796e-17,2.06584919772078e-14
0.01,1,5000,145,1.13654313974043e-14,8.16623563166955e-18,1.13572651617726e-14
0.01,1,5000,146,6.2172758161779e-15,3.47296274856621e-18,6.21380285342934e-15
0.01,1,5000,147,3.38498288123753e-15,1.46229635750065e-18,3.38352058488003e-15
0.01,1,5000,148,1.83430067576344e-15,6.09575812956246e-19,1.83369109995048e-15
0.01,1,5000,149,9.89367575914679e-16,2.51580577695142e-19,9.89115995336984e-16
0.01,1,5000,150,5.31169498824645e-16,1.02797735716689e-19,5.31066701088928e-16
0.01,1,5000,151,2.83865049849706e-16,4.15859897911513e-20,2.83823463859915e-16
0.01,1,5000,152,1.5101111603574e-16,1.66558803237992e-20,1.50994460155416e-16
0.01,1,5000,153,7.9972153487534e-17,6.60457986073936e-21,7.99655489076733e-17
0.01,1,5000,154,4.21615005055888e-17,2.59286470110039e-21,4.21589076408877e-17
0.01,1,5000,155,2.21286574768295e-17,1.00779353943e-21,2.21276496832901e-17
0.01,1,5000,156,1.15629858451803e-17,3.87811193174696e-22,1.15625980339871e-17
0.01,1,5000,157,6.01554331229487e-18,1.47749549270425e-22,6.0153955627456e-18
0.01,1,5000,158,3.11590002634521e-18,5.57300002272073e-23,3.11584429634498e-18
0.01,1,5000,159,1.60697700419989e-18,2.08117682020282e-23,1.60695619243169e-18
0.01,1,5000,160,8.25214482376125e-19,7.69459862670642e-24,8.25206787777498e-19
0.01,1,5000,161,4.21957236953995e-19,2.81656654427622e-24,4.2195442038745e-19
0.01,1,5000,162,2.14846208595548e-19,1.0207305594306e-24,2.14845187864989e-19
0.01,1,5000,163,1.08932555074338e-19,3.6623451685554e-25,1.08932188839821e-19
0.01,1,5000,164,5.50010990692938e-20,1.30096161992392e-25,5.50009689731318e-20
0.01,1,5000,165,2.76555003844714e-20,4.5753755905208e-26,2.76554546307154e-20
0.01,1,5000,166,1.38484382785581e-20,1.59311113270097e-26,1.38484223474467e-20
0.01,1,5000,167,6.90624076506019e-21,5.49189783181782e-27,6.90623527316235e-21
0.01,1,5000,168,3.43017783450886e-21,1.87437240234181e-27,3.43017596013646e-21
0.01,1,5000,169,1.69682790718131e-21,6.3335378218306e-28,1.69682727382753e-21
0.01,1,5000,170,8.36021217035538e-22,2.11881925350935e-28,8.36021005153612e-22
0.01,1,5000,171,4.10267490532859e-22,7.01775994266131e-29,4.1026742035526e-22
0.01,1,5000,172,2.00539094353313e-22,2.30123070884814e-29,2.00539071341006e-22
0.01,1,5000,173,9.76393404636562e-23,7.47100227588352e-30,9.76393329926539e-23
0.01,1,5000,174,4.73539319600572e-23,2.40134540000854e-30,4.73539295587118e-23
0.01,1,5000,175,2.28772662538834e-23,7.6416554115872e-31,2.28772654897179e-23
0.01,1,5000,176,1.10098247813242e-23,2.4075611318393e-31,1.10098245405681e-23
0.01,1,5000,177,5.27832458324998e-24,7.50972877249653e-32,5.2783245081527e-24
0.01,1,5000,178,2.52093860271633e-24,2.31914677725612e-32,2.52093857952486e-24
0.01,1,5000,179,1.19947140771347e-24,7.09070266842806e-33,1.19947140062276e-24
0.01,1,5000,180,5.68577717884683e-25,2.14638373566306e-33,5.68577715738299e-25
0.01,1,5000,181,2.68517632942536e-25,6.43254033463575e-34,2.68517632299282e-25
0.01,1,5000,182,1.2634249285197e-25,1.90859913463679e-34,1.2634249266111e-25
0.01,1,5000,183,5.9228432342233e-26,5.60665692630391e-35,5.92284322861665e-26
0.01,1,5000,184,2.7664676442855e-26,1.63061073483967e-35,2.76646764265489e-26
0.01,1,5000,185,1.28749574040178e-26,4.69519535797515e-36,1.28749573993226e-26
0.01,1,5000,186,5.97036708684195e-27,1.33848679925429e-36,5.97036708550347e-27
0.01,1,5000,187,2.7586802731728e-27,3.77773572114912e-37,2.75868027279503e-27
0.01,1,5000,188,1.27015515198077e-27,1.05561635024529e-37,1.27015515187521e-27
0.01,1,5000,189,5.82743065506785e-28,2.92036879386814e-38,5.82743065477581e-28
0.01,1,5000,190,2.66423269212946e-28,7.99882775700681e-39,2.66423269204947e-28
0.01,1,5000,191,1.21381235525172e-28,2.16906240026063e-39,1.21381235523003e-28
0.01,1,5000,192,5.51092981710185e-29,5.82337559973649e-40,5.51092981704361e-29
0.01,1,5000,193,2.49345536588434e-29,1.54787046629623e-40,2.49345536586887e-29
0.01,1,5000,194,1.1243229571912e-29,4.07334767752784e-41,1.12432295718713e-29
0.01,1,5000,195,5.0524566350945e-30,1.06126881391522e-41,5.05245663508388e-30
0.01,1,5000,196,2.26279561235365e-30,2.73751419235527e-42,2.26279561235091e-30
0.01,1,5000,197,1.01001626255028e-30,6.99108224970649e-43,1.01001626254958e-30
0.01,1,5000,198,4.49325128660186e-31,1.76762241025353e-43,4.49325128660009e-31
0.01,1,5000,199,1.99228404604402e-31,4.42477958331617e-44,1.99228404604358e-31
0.01,1,5000,200,8.8045838553103e-32,1.09660655938897e-44,8.8045838553092e-32
0.01,1,5000,201,3.87830685765102e-32,2.69071123564243e-45,3.87830685765075e-32
0.01,1,5000,202,1.70278534279169e-32,6.53642677531866e-46,1.70278534279163e-32
0.01,1,5000,203,7.45196141530726e-33,1.57206595860573e-46,7.4519614153071e-33
0.01,1,5000,204,3.25074366774003e-33,3.74333057988501e-47,3.25074366773999e-33
0.01,1,5000,205,1.4135288513221e-33,8.82475497459482e-48,1.41352885132209e-33
0.01,1,5000,206,6.12695601284879e-34,2.05970102240893e-48,6.12695601284877e-34
0.01,1,5000,207,2.64734906468027e-34,4.75951575302058e-49,2.64734906468026e-34
0.01,1,5000,208,1.14028172530618e-34,1.08887595532774e-49,1.14028172530618e-34
0.01,1,5000,209,4.89616108657087e-35,2.46632952588059e-50,4.89616108657087e-35
0.01,1,5000,210,2.09579983238376e-35,5.53070954984442e-51,2.09579983238376e-35
0.01,1,5000,211,8.9433945113339e-36,1.22791316722698e-51,8.9433945113339e-36
0.01,1,5000,212,3.80470771540432e-36,2.69905364438829e-52,3.80470771540432e-36
0.01,1,5000,213,1.61366840596665e-36,5.87370906627734e-53,1.61366840596665e-36
0.01,1,5000,214,6.82321521038322e-37,1.26552404660477e-53,6.82321521038322e-37
0.01,1,5000,215,2.87642620495355e-37,2.69951302458859e-54,2.87642620495355e-37
0.01,1,5000,216,1.20896670995327e-37,5.70108489094121e-55,1.20896670995327e-37
0.01,1,5000,217,5.06617118602116e-38,1.19202851277912e-55,5.06617118602116e-38
0.01,1,5000,218,2.11668969275796e-38,2.46758905156563e-56,2.11668969275796e-38
0.01,1,5000,219,8.81766672812977e-39,5.05726930437543e-57,8.81766672812977e-39
0.01,1,5000,220,3.66249113608024e-39,1.0261630727919e-57,3.66249113608024e-39
0.01,1,5000,221,1.51681669344244e-39,2.06145442958484e-58,1.51681669344244e-39
0.01,1,5000,222,6.26369156626135e-40,4.10004053583322e-59,6.26369156626135e-40
0.01,1,5000,223,2.57914311771346e-40,8.07345850316021e-60,2.57914311771346e-40
0.01,1,5000,224,1.05894970532107e-40,1.57393987977664e-60,1.05894970532107e-40
0.01,1,5000,225,4.33547789787398e-41,3.03790169878992e-61,4.33547789787398e-41
0.01,1,5000,226,1.76997545328121e-41,5.80518880652889e-62,1.76997545328121e-41
0.01,1,5000,227,7.20564638117601e-42,1.09828749001685e-62,7.20564638117601e-42
0.01,1,5000,228,2.9252354690611e-42,2.05718230302861e-63,2.9252354690611e-42
0.01,1,5000,229,1.18423416877903e-42,3.81493003615016e-64,1.18423416877903e-42
0.01,1,5000,230,4.78090202178711e-43,7.00418213431858e-65,4.78090202178711e-43
0.01,1,5000,231,1.92479360045627e-43,1.27316689976195e-65,1.92479360045627e-43
0.01,1,5000,232,7.7279991257395e-44,2.29123852369944e-66,7.7279991257395e-44
0.01,1,5000,233,3.09431832266668e-44,4.08236960107151e-67,3.09431832266668e-44
0.01,1,5000,234,1.23561830488001e-44,7.20130815271891e-68,1.23561830488001e-44
0.01,1,5000,235,4.92075151002684e-45,1.25767238287819e-68,4.92075151002684e-45
0.01,1,5000,236,1.95439603272137e-45,2.17460663429921e-69,1.95439603272137e-45
0.01,1,5000,237,7.74165783541718e-46,3.7226392159451e-70,7.74165783541718e-46
0.01,1,5000,238,3.05845296021931e-46,6.30925735560392e-71,3.05845296021931e-46
0.01,1,5000,239,1.20509750467362e-46,1.05867484136412e-71,1.20509750467362e-46
0.01,1,5000,240,4.73588536081315e-47,1.7587495425951e-72,4.73588536081315e-47
0.01,1,5000,241,1.85628560685102e-47,2.89269375273647e-73,1.85628560685102e-47
0.01,1,5000,242,7.25703125970226e-48,4.71040200308998e-74,7.25703125970226e-48
0.01,1,5000,243,2.82976048150511e-48,7.59399913842357e-75,2.82976048150511e-48
0.01,1,5000,244,1.10058275395995e-48,1.21210479490785e-75,1.10058275395995e-48
0.01,1,5000,245,4.26956743091404e-49,1.91543249167194e-76,4.26956743091404e-49
0.01,1,5000,246,1.65210997771743e-49,2.99675049817298e-77,1.65210997771743e-49
0.01,1,5000,247,6.37666557645928e-50,4.64185294137698e-78,6.37666557645928e-50
0.01,1,5000,248,2.45501186685937e-50,7.118512039239e-79,2.45501186685937e-50
0.01,1,5000,249,9.42810537685697e-51,1.08079698745474e-79,9.42810537685697e-51
0.01,1,5000,250,3.61170025726475e-51,1.62463603677361e-80,3.61170025726475e-51
0.01,1,5000,251,1.38013296009806e-51,2.41782628291809e-81,1.38013296009806e-51
0.01,1,5000,252,5.26087011893108e-52,3.56246955400142e-82,5.26087011893108e-52
0.01,1,5000,253,2.00044714094742e-52,5.19677942467218e-83,2.00044714094742e-52
0.01,1,5000,254,7.58813076603614e-53,7.50541068645505e-84,7.58813076603614e-53
0.01,1,5000,255,2.87134972497729e-53,1.07317783406827e-84,2.87134972497729e-53
0.01,1,5000,256,1.08389253629979e-53,1.51923858479616e-85,1.08389253629979e-53
0.01,1,5000,257,4.08169409392938e-54,2.12930230833068e-86,4.08169409392938e-54
0.01,1,5000,258,1.53339476344974e-54,2.95464782465912e-87,1.53339476344974e-54
0.01,1,5000,259,5.74687767778196e-55,4.05911332650999e-88,5.74687767778196e-55
0.01,1,5000,260,2.14871839776475e-55,5.52094836215976e-89,2.14871839776475e-55
0.01,1,5000,261,8.01496625412212e-56,7.43452538968056e-90,8.01496625412212e-56
0.01,1,5000,262,2.98265879415888e-56,9.91173923786589e-91,2.98265879415888e-56
0.01,1,5000,263,1.10736329463783e-56,1.30828855468156e-91,1.10736329463783e-56
0.01,1,5000,264,4.1017227299765e-57,1.70967779580276e-92,4.1017227299765e-57
0.01,1,5000,265,1.51578293381251e-57,2.21198438021057e-93,1.51578293381251e-57
0.01,1,5000,266,5.58865290748821e-58,2.8333935151438e-94,5.58865290748821e-58
0.01,1,5000,267,2.0558030581188e-58,3.5932612209698e-95,2.0558030581188e-58
0.01,1,5000,268,7.5450985708832e-59,4.51157041954817e-96,7.5450985708832e-59
0.01,1,5000,269,2.76288065217107e-59,5.60820326279146e-97,2.76288065217107e-59
0.01,1,5000,270,1.00943381425279e-59,6.90202942012722e-98,1.00943381425279e-59
0.01,1,5000,271,3.67973692106848e-60,8.40982428520439e-99,3.67973692106848e-60
0.01,1,5000,272,1.33839262462052e-60,1.01450476808823e-99,1.33839262462052e-60
0.01,1,5000,273,4.85716380441309e-61,1.21165315773518e-100,4.85716380441309e-61
0.01,1,5000,274,1.75881025064956e-61,1.43271431314954e-101,1.75881025064956e-61
0.01,1,5000,275,6.35472535011014e-62,1.67725052285439e-102,6.35472535011014e-62
0.01,1,5000,276,2.29097654016401e-62,1.94398687055943e-103,2.29097654016401e-62
0.01,1,5000,277,8.24128673512571e-63,2.23072366254665e-104,8.24128673512571e-63
0.01,1,5000,278,2.95817844673555e-63,2.53428396651606e-105,2.95817844673555e-63
0.01,1,5000,279,1.05952966756092e-63,2.85050516990129e-106,1.05952966756092e-63
0.01,1,5000,280,3.7867465800035e-64,3.17428155282526e-107,3.7867465800035e-64
0.01,1,5000,281,1.35050105552701e-64,3.49966208663318e-108,1.35050105552701e-64
0.01,1,5000,282,4.80709572123611e-65,3.82000415438134e-109,4.80709572123611e-65
0.01,1,5000,283,1.71138227418959e-65,4.12817988138305e-110,1.71138227418959e-65
0.01,1,5000,284,6.24048902714862e-66,4.41682757925957e-111,6.24048902714862e-66
0.01,1,5000,285,2.92303273956449e-66,4.67863681725005e-112,2.92303273956449e-66
0.01,1,5000,286,3.93807743168998e-66,4.90665222880077e-113,3.93807743168998e-66
0.01,1,5000,287,1.31440282955431e-65,5.09457870396069e-114,1.31440282955431e-65
0.01,1,5000,288,5.20247264138568e-65,5.23706940547389e-115,5.20247264138568e-65
0.01,1,5000,289,2.08767452569028e-64,5.32997826927636e-116,2.08767452569028e-64
0.01,1,5000,290,8.36269636270418e-64,5.37056036502059e-117,8.36269636270418e-64
0.01,1,5000,291,3.33929053749701e-63,5.35760660852311e-118,3.33929053749701e-63
0.01,1,5000,292,1.32898923550778e-62,5.2915036010843e-119,1.32898923550778e-62
0.01,1,5000,293,5.27145151322457e-62,5.1742144632415e-120,5.27145151322457e-62
0.01,1,5000,294,2.08385031385725e-61,5.00918198881809e-121,2.08385031385725e-61
0.01,1,5000,295,8.20949784215318e-61,4.80116078590688e-122,8.20949784215318e-61
0.01,1,5000,296,3.22304588240049e-60,4.55598982411223e-123,3.22304588240049e-60
0.01,1,5000,297,1.26096216729355e-59,4.2803205646125e-124,1.26096216729355e-59
0.01,1,5000,298,4.91596683610057e-59,3.98131830975331e-125,4.91596683610057e-59
0.01,1,5000,299,1.90973271071884e-58,3.66635540525494e-126,1.90973271071884e-58
0.01,1,5000,300,7.39227654876319e-58,3.34271444179446e-127,7.39227654876319e-58
0.01,1,5000,301,2.85108919446929e-57,3.01731775770568e-128,2.85108919446929e-57
0.01,1,5000,302,1.09560792197695e-56,2.69649658687503e-129,1.09560792197695e-56
0.01,1,5000,303,4.19465107161035e-56,2.38580946010108e-130,4.19465107161035e-56
0.01,1,5000,304,1.59998959635055e-55,2.08991533590797e-131,1.59998959635055e-55
0.01,1,5000,305,6.07999483299275e-55,1.81250279355152e-132,6.07999483299275e-55
0.01,1,5000,306,2.30164238650297e-54,1.55627281600378e-133,2.30164238650297e-54
0.01,1,5000,307,8.6796992606612e-54,1.32296950503022e-134,8.6796992606612e-54
0.01,1,5000,308,3.26052147176432e-53,1.11345069562581e-135,3.26052147176432e-53
0.01,1,5000,309,1.22002327698482e-52,9.27788966348838e-137,1.22002327698482e-52
0.01,1,5000,310,4.54706002243374e-52,7.65392973641939e-138,4.54706002243374e-52
0.01,1,5000,311,1.68794140670573e-51,6.25139288159476e-139,1.68794140670573e-51
0.01,1,5000,312,6.24065941618438e-51,5.05505833754016e-140,6.24065941618438e-51
0.01,1,5000,313,2.29790508013805e-50,4.04699441541896e-141,2.29790508013805e-50
0.01,1,5000,314,8.42643657228756e-50,3.20771735220884e-142,8.42643657228756e-50
0.01,1,5000,315,3.07714237820124e-49,2.5171937051934e-143,3.07714237820124e-49
0.01,1,5000,316,1.1189848385037e-48,1.95566397502237e-144,1.1189848385037e-48
0.01,1,5000,317,4.0518625866174e-48,1.50428072134006e-145,4.0518625866174e-48
0.01,1,5000,318,1.46089745842328e-47,1.14556727492298e-146,1.46089745842328e-47
0.01,1,5000,319,5.24444577e-47,8.63712814485415e-148,5.24444577e-47
0.01,1,5000,320,1.87445197986225e-46,6.44725997139785e-149,1.87445197986225e-46
0.01,1,5000,321,6.66996561923437e-46,4.76472738214517e-150,6.66996561923437e-46
0.01,1,5000,322,2.36279917792124e-45,3.48624566290756e-151,2.36279917792124e-45
0.01,1,5000,323,8.33226407682864e-45,2.52542788782736e-152,8.33226407682864e-45
0.01,1,5000,324,2.92489963987203e-44,1.81121085430694e-153,2.92489963987203e-44
0.01,1,5000,325,1.02199562219911e-43,1.28605667407137e-154,1.02199562219911e-43
0.01,1,5000,326,3.55430979495559e-43,9.0408290644886e-156,3.55430979495559e-43
0.01,1,5000,327,1.23028974526805e-42,6.29235858293183e-157,1.23028974526805e-42
0.01,1,5000,328,4.23821286974228e-42,4.33586473071761e-158,4.23821286974228e-42
0.01,1,5000,329,1.45297572437891e-41,2.95797868936079e-159,1.45297572437891e-41
0.01,1,5000,330,4.95690745750831e-41,1.99788925916828e-160,4.95690745750831e-41
0.01,1,5000,331,1.6827375353027e-40,1.33599501770216e-161,1.6827375353027e-40
0.01,1,5000,332,5.68395922462288e-40,8.84494873646529e-163,5.68395922462288e-40
0.01,1,5000,333,1.91024918810673e-39,5.79752802910907e-164,1.91024918810673e-39
0.01,1,5000,334,6.38717332329094e-39,3.7622482510588e-165,6.38717332329094e-39
0.01,1,5000,335,2.12462212753873e-38,2.41718057861955e-166,2.12462212753873e-38
0.01,1,5000,336,7.03045337590678e-38,1.53754486968385e-167,7.03045337590678e-38
0.01,1,5000,337,2.31412866760142e-37,9.68285784652423e-169,2.31412866760142e-37
0.01,1,5000,338,7.57648383410007e-37,6.03721119591263e-170,7.57648383410007e-37
0.01,1,5000,339,2.46715820237145e-36,3.72671547411204e-171,2.46715820237145e-36
0.01,1,5000,340,7.99002321499807e-36,2.27757747873666e-172,7.99002321499807e-36
0.01,1,5000,341,2.57331553245688e-35,1.37808859333741e-173,2.57331553245688e-35
0.01,1,5000,342,8.24145279203752e-35,8.25540095828345e-175,8.24145279203752e-35
0.01,1,5000,343,2.62453020445438e-34,4.89616742424258e-176,2.62453020445438e-34
0.01,1,5000,344,8.31012056399404e-34,2.87495733387358e-177,8.31012056399404e-34
0.01,1,5000,345,2.61602236384667e-33,1.67133536513008e-178,2.61602236384667e-33
0.01,1,5000,346,8.18698373346076e-33,9.61950793084426e-180,8.18698373346076e-33
0.01,1,5000,347,2.54697248926133e-32,5.48149681848935e-181,2.54697248926133e-32
0.01,1,5000,348,7.87610443146641e-32,3.09244889201407e-182,7.87610443146641e-32
0.01,1,5000,349,2.42077331048131e-31,1.72728082015782e-183,2.42077331048131e-31
0.01,1,5000,350,7.39469564668298e-31,9.55169454194884e-185,7.39469564668298e-31
0.01,1,5000,351,2.24479975713104e-30,5.22943724366569e-186,2.24479975713104e-30
0.01,1,5000,352,6.7716287553834e-30,2.83456578640636e-187,6.7716287553834e-30
0.01,1,5000,353,2.02970781640513e-29,1.52116099633861e-188,2.02970781640513e-29
0.01,1,5000,354,6.04456264241848e-29,8.08203779163086e-190,6.04456264241848e-29
0.01,1,5000,355,1.78835134122632e-28,4.25131835352755e-191,1.78835134122632e-28
0.01,1,5000,356,5.25608694166694e-28,2.21402965533738e-192,5.25608694166694e-28
0.01,1,5000,357,1.53447069688412e-27,1.1415640795179e-193,1.53447069688412e-27
0.01,1,5000,358,4.4494379051109e-27,5.82739170107054e-195,4.4494379051109e-27
0.01,1,5000,359,1.28134423756299e-26,2.94513483558448e-196,1.28134423756299e-26
0.01,1,5000,360,3.66440725557991e-26,1.47364613487855e-197,3.66440725557991e-26
0.01,1,5000,361,1.04059448073755e-25,7.30025938428096e-199,1.04059448073755e-25
0.01,1,5000,362,2.93400802739264e-25,3.58047320773999e-200,2.93400802739264e-25
0.01,1,5000,363,8.21305448309678e-25,1.73859978083492e-201,8.21305448309678e-25
0.01,1,5000,364,2.28230075824271e-24,8.35825983392249e-203,2.28230075824271e-24
0.01,1,5000,365,6.29544538011669e-24,3.97822342728212e-204,6.29544538011669e-24
0.01,1,5000,366,1.72355691603126e-23,1.87464711725791e-205,1.72355691603126e-23
0.01,1,5000,367,4.68306380588962e-23,8.74594901602383e-207,4.68306380588962e-23
0.01,1,5000,368,1.26269663418894e-22,4.03972134895266e-208,1.26269663418894e-22
0.01,1,5000,369,3.37824576359754e-22,1.84736594235044e-209,3.37824576359754e-22
0.01,1,5000,370,8.96736918078008e-22,8.36395160585646e-211,8.96736918078008e-22
0.01,1,5000,371,2.36144772110093e-21,3.74910103985516e-212,2.36144772110093e-21
0.01,1,5000,372,6.16862773693564e-21,1.66379507293868e-213,6.16862773693564e-21
0.01,1,5000,373,1.59827972150794e-20,7.3102053682659e-215,1.59827972150794e-20
0.01,1,5000,374,4.10702821455462e-20,3.17992133961217e-216,4.10702821455462e-20
0.01,1,5000,375,1.04657306643347e-19,1.36949430807977e-217,1.04657306643347e-19
0.01,1,5000,376,2.64444381089204e-19,5.83930474650626e-219,2.64444381089204e-19
0.01,1,5000,377,6.62487488440412e-19,2.46501238664795e-220,6.62487488440412e-19
0.01,1,5000,378,1.64533709778446e-18,1.0302298425818e-221,1.64533709778446e-18
0.01,1,5000,379,4.05061551560033e-18,4.26291036578447e-223,4.05061551560033e-18
0.01,1,5000,380,9.88395780525619e-18,1.74636625675878e-224,9.88395780525619e-18
0.01,1,5000,381,2.39022654779416e-17,7.0830697231575e-226,2.39022654779416e-17
0.01,1,5000,382,5.72796011843818e-17,2.84423029229417e-227,5.72796011843818e-17
0.01,1,5000,383,1.36009083612453e-16,1.13074598252917e-228,1.36009083612453e-16
0.01,1,5000,384,3.19960982749453e-16,4.4506393607549e-230,3.19960982749453e-16
0.01,1,5000,385,7.45660977780395e-16,1.73435026360644e-231,7.45660977780395e-16
0.01,1,5000,386,1.72129452345711e-15,6.69126564876757e-233,1.72129452345711e-15
0.01,1,5000,387,3.93543238395898e-15,2.55585839613636e-234,3.93543238395898e-15
0.01,1,5000,388,8.91060965761562e-15,9.66545627353634e-236,8.91060965761562e-15
0.01,1,5000,389,1.99781104299124e-14,3.61880338075915e-237,1.99781104299124e-14
0.01,1,5000,390,4.43494196544994e-14,1.34141966734944e-238,4.43494196544994e-14
0.01,1,5000,391,9.74681611178147e-14,4.92290445335546e-240,9.74681611178147e-14
0.01,1,5000,392,2.12047894136906e-13,1.78869049549811e-241,2.12047894136906e-13
0.01,1,5000,393,4.56622112845742e-13,6.43437023933842e-243,4.56622112845742e-13
0.01,1,5000,394,9.73167398113875e-13,2.29157433604821e-244,9.73167398113875e-13
0.01,1,5000,395,2.05249518386978e-12,8.08014041387245e-246,2.05249518386978e-12
0.01,1,5000,396,4.28348879182716e-12,2.8207261261027e-247,4.28348879182716e-12
0.01,1,5000,397,8.84487210163873e-12,9.74899818348358e-249,8.84487210163873e-12
0.01,1,5000,398,1.80685024694393e-11,3.33592373262658e-250,1.80685024694393e-11
0.01,1,5000,399,3.65130794998108e-11,1.13013231106371e-251,3.65130794998108e-11
0.01,1,5000,400,7.29844498509085e-11,3.79052640009287e-253,7.29844498509085e-11
0.01,1,10000,0,6.44961939410775e-17,2.05582901131573e-15,-1.99133281737465e-15
0.01,1,10000,1,1.20673175611006e-16,3.55437478443806e-15,-3.43370160882706e-15
0.01,1,10000,2,2.24499210373456e-16,6.11459892597934e-15,-5.89009971560588e-15
0.01,1,10000,3,4.15277664135046e-16,1.04664947445577e-14,-1.00512170804227e-14
0.01,1,10000,4,7.6379082777107e-16,1.78263763593815e-14,-1.70625855316105e-14
0.01,1,10000,5,1.39673823963239e-15,3.02101867900169e-14,-2.88134485503845e-14
0.01,1,10000,6,2.53952864943091e-15,5.09415643344014e-14,-4.84020356849705e-14
0.01,1,10000,7,4.59072939033657e-15,8.54711744730544e-14,-8.08804450827179e-14
0.01,1,10000,8,8.25075927066005e-15,1.42690675423217e-13,-1.34439916152556e-13
0.01,1,10000,9,1.47429074950655e-14,2.37028213518553e-13,-2.22285306023488e-13
0.01,1,10000,10,2.61904474111729e-14,3.91771663275433e-13,-3.6558121586426e-13
0.01,1,10000,11,4.62558852435457e-14,6.44309485639594e-13,-5.98053600396049e-13
0.01,1,10000,12,8.12174464392166e-14,1.05434940549645e-12,-9.73131959057235e-13
0.01,1,10000,13,1.41769914185418e-13,1.71673443074675e-12,-1.57496451656133e-12
0.01,1,10000,14,2.46017272945538e-13,2.78131517245272e-12,-2.53529789950718e-12
0.01,1,10000,15,4.24412805239033e-13,4.48358925858533e-12,-4.0591764533463e-12
0.01,1,10000,16,7.2785941457541e-13,7.1916735070127e-12,-6.46381409243729e-12
0.01,1,10000,17,1.24090256711039e-12,1.14779051893992e-11,-1.02370026222888e-11
0.01,1,10000,18,2.10307249489413e-12,1.82273625059549e-11,-1.61242900110608e-11
0.01,1,10000,19,3.54317525127315e-12,2.88013971883593e-11,-2.52582219370861e-11
0.01,1,10000,20,5.93401344679131e-12,4.52826473977172e-11,-3.93486339509259e-11
0.01,1,10000,21,9.87910993720068e-12,7.08400061301557e-11,-6.0960896192955e-11
0.01,1,10000,22,1.63492048756117e-11,1.10269117367086e-10,-9.39199124914739e-11
0.01,1,10000,23,2.6895605997929e-11,1.70788149981785e-10,-1.43892543983856e-10
0.01,1,10000,24,4.39813441214692e-11,2.63202553052039e-10,-2.1922120893057e-10
0.01,1,10000,25,7.14915882161805e-11,4.03599842987685e-10,-3.32108254771505e-10
0.01,1,10000,26,1.15514825834588e-10,6.15801024667086e-10,-5.00286198832498e-10
0.01,1,10000,27,1.85529994166551e-10,9.34885348130708e-10,-7.49355353964156e-10
0.01,1,10000,28,2.961976961861e-10,1.41222803014292e-09,-1.11603033395682e-09
0.01,1,10000,29,4.70043575384898e-10,2.1226570310422e-09,-1.6526134556573e-09
0.01,1,10000,30,7.41449299728638e-10,3.17455866796664e-09,-2.433109368238e-09
0.01,1,10000,31,1.1625454003095e-09,4.72406009973672e-09,-3.56151469942722e-09
0.01,1,10000,32,1.81184890528494e-09,6.99481122393749e-09,-5.18296231865255e-09
0.01,1,10000,33,2.80683143790332e-09,1.03054060881223e-08,-7.498574650219e-09
0.01,1,10000,34,4.32207130741104e-09,1.51071572330562e-08,-1.07850859256451e-08
0.01,1,10000,35,6.61527563365698e-09,2.20358047807951e-08,-1.54205291471381e-08
0.01,1,10000,36,1.00643051890259e-08,3.19818521133502e-08,-2.19175469243243e-08
0.01,1,10000,37,1.52194563709184e-08,4.61856258305332e-08,-3.09661694596148e-08
0.01,1,10000,38,2.28767253158761e-08,6.63649211179146e-08,-4.34881958020385e-08
0.01,1,10000,39,3.41796862013585e-08,9.48852835606196e-08,-6.07055973592611e-08
0.01,1,10000,40,5.07600608926144e-08,1.3498566943462e-07,-8.42256085420051e-08
0.01,1,10000,41,7.49301552217718e-08,1.91075496669301e-07,-1.1614534144753e-07
0.01,1,10000,42,1.09944214298148e-07,2.69123025917017e-07,-1.59178811618869e-07
0.01,1,10000,43,1.60350538000041e-07,3.77159668050407e-07,-2.16809130050366e-07
0.01,1,10000,44,2.32462030562667e-07,5.25930261089507e-07,-2.93468230526841e-07
0.01,1,10000,45,3.3497985679597e-07,7.29725634589542e-07,-3.94745777793573e-07
0.01,1,10000,46,4.79813139129225e-07,1.00744088833089e-06,-5.27627749201665e-07
0.01,1,10000,47,6.83147208436157e-07,1.38391071313774e-06,-7.00763504701582e-07
0.01,1,10000,48,9.66823805199162e-07,1.89158166991355e-06,-9.24757864714387e-07
0.01,1,10000,49,1.36010870967967e-06,2.57259043206331e-06,-1.21248172238364e-06
0.01,1,10000,50,1.90193532794886e-06,3.4813262986687e-06,-1.57939097071983e-06
0.01,1,10000,51,2.64372638130634e-06,4.6875653919673e-06,-2.04383901066096e-06
0.01,1,10000,52,3.65290944862263e-06,6.28027231301823e-06,-2.6273628643956e-06
0.01,1,10000,53,5.01725487074922e-06,8.37217193670763e-06,-3.35491706595841e-06
0.01,1,10000,54,6.85017535694492e-06,1.11051986051417e-05,-4.25502324819675e-06
0.01,1,10000,55,9.29713416558865e-06,1.46569311773448e-05,-5.35979701175616e-06
0.01,1,10000,56,1.25433113065095e-05,1.92481189963786e-05,-6.70480768986911e-06
0.01,1,10000,57,1.68226728971297e-05,2.51513944788949e-05,-8.3287215817652e-06
0.01,1,10000,58,2.24285754340599e-05,3.2701251243082e-05,-1.02726758090221e-05
0.01,1,10000,59,2.97260119929385e-05,4.23053409419851e-05,-1.25793289490466e-05
0.01,1,10000,60,3.91655688740967e-05,5.44571057588177e-05,-1.5291536884721e-05
0.01,1,10000,61,5.12991067099392e-05,6.97497154752718e-05,-1.84506087653326e-05
0.01,1,10000,62,6.67971075842323e-05,8.88912170219437e-05,-2.20941094377114e-05
0.01,1,10000,63,8.64675378614726e-05,0.000112720729739824,-2.62531918783518e-05
0.01,1,10000,64,0.000111275964562508,0.000142225431063134,-3.09494665006262e-05
0.01,1,10000,65,0.000142366531707044,0.00017855797555045,-3.61914438434057e-05
0.01,1,10000,66,0.000181083253892879,0.000223053876622905,-4.19706227300258e-05
0.01,1,10000,67,0.000228990920934784,0.000277248257559954,-4.825733662517e-05
0.01,1,10000,68,0.000287894734911619,0.000342891249995171,-5.49965150835522e-05
0.01,1,10000,69,0.000359857626695044,0.000421961189368503,-6.21035626734592e-05
0.01,1,10000,70,0.000447214032156934,0.000516674633852301,-6.94606016953673e-05
0.01,1,10000,71,0.000552578759822867,0.000629492123746017,-7.69133639231505e-05
0.01,1,10000,72,0.000678849464356945,0.000763118510886196,-8.42690465292506e-05
0.01,1,10000,73,0.000829201167607059,0.000920496631724023,-9.12954641169641e-05
0.01,1,10000,74,0.00100707125509825,0.00110479308330028,-9.77218282020311e-05
0.01,1,10000,75,0.00121613343449036,0.00131937489825376,-0.000103241463763401
0.01,1,10000,76,0.00146025928584008,0.00156777601242171,-0.000107516726581633
0.01,1,10000,77,0.00174346627122058,0.00185365258435171,-0.000110186313131124
0.01,1,10000,78,0.00206985140937497,0.00218072646584863,-0.000110875056473667
0.01,1,10000,79,0.00244351026085484,0.00255271643934383,-0.000109206178488993
0.01,1,10000,80,0.0028684414060153,0.00297325723059073,-0.000104815824575437
0.01,1,10000,81,0.00334843722130184,0.00344580676889233,-9.73695475904885e-05
0.01,1,10000,82,0.00388696245056382,0.00397354269193195,-8.65802413681257e-05
0.01,1,10000,83,0.0044870228028401,0.00455924966347558,-7.22268606354742e-05
0.01,1,10000,84,0.00515102655492754,0.00520519966990174,-5.41731149742057e-05
0.01,1,10000,85,0.00588064285936227,0.00591302806118227,-3.23852018200045e-05
0.01,1,10000,86,0.00667666111559333,0.00668360867508848,-6.94755949514746e-06
0.01,1,10000,87,0.00753885631155753,0.00751693189860458,2.192441295295e-05
0.01,1,10000,88,0.00846586564249556,0.0084119899448311,5.38756976644541e-05
0.01,1,10000,89,0.00945508192474519,0.00936667392426119,8.84080004839947e-05
0.01,1,10000,90,0.0105025693114017,0.0103776874355149,0.000124881875886834
0.01,1,10000,91,0.0116030065597731,0.0114404813658796,0.000162525193893526
0.01,1,10000,92,0.012749662584157,0.0125492143560091,0.000200448228147921
0.01,1,10000,93,0.0139344082513054,0.0136967429337025,0.0002376653176029
0.01,1,10000,94,0.0151477673539427,0.0148746446564367,0.000273122697505943
0.01,1,10000,95,0.0163790084584794,0.0160732767298802,0.000305731728599216
0.01,1,10000,96,0.0176162779094396,0.0172818715102635,0.000334406399176125
0.01,1,10000,97,0.0188467727406421,0.0184886690841627,0.000358103656479362
0.01,1,10000,98,0.0200569506577763,0.0196810857928572,0.000375864864919102
0.01,1,10000,99,0.0212327726917317,0.0208459161822864,0.000386856509445241
0.01,1,10000,100,0.0223599726532147,0.0219695644733861,0.000390408179828577
0.01,1,10000,101,0.0234243462221011,0.0230383003253055,0.000386045896795618
0.01,1,10000,102,0.02441205144947,0.0240385324709827,0.000373518978487281
0.01,1,10000,103,0.0253099116964155,0.0249570928036152,0.000352818892800266
0.01,1,10000,104,0.0261057116280271,0.0257815227404741,0.000324188887552986
0.01,1,10000,105,0.0267884768531596,0.0265003532344029,0.000288123618756766
0.01,1,10000,106,0.0273487281617265,0.0271033696776216,0.000245358484104886
0.01,1,10000,107,0.0277787020523214,0.0275818531662706,0.000196848886050819
0.01,1,10000,108,0.0280725303354132,0.0279287901697234,0.000143740165689774
0.01,1,10000,109,0.0282263729942836,0.0281390435606505,8.73294336331161e-05
0.01,1,10000,110,0.028238500124701,0.0282094791773878,2.90209473131492e-05
0.01,1,10000,111,0.028109320580167,0.0281390435606505,-2.97229804834646e-05
0.01,1,10000,112,0.0278413568395917,0.0279287901697234,-8.7433330131715e-05
0.01,1,10000,113,0.0274391675021998,0.0275818531662706,-0.00014268566407076
0.01,1,10000,114,0.0269092206155788,0.0271033696776216,-0.000194149062042754
0.01,1,10000,115,0.0262597226783248,0.0265003532344029,-0.000240630556078029
0.01,1,10000,116,0.0255004095602114,0.0257815227404741,-0.00028111318026269
0.01,1,10000,117,0.0246423066953089,0.0249570928036152,-0.000314786108306386
0.01,1,10000,118,0.0236974666882279,0.0240385324709827,-0.000341065782754842
0.01,1,10000,119,0.0226786929094264,0.0230383003253055,-0.000359607415879114
0.01,1,10000,120,0.0215992577389868,0.0219695644733861,-0.00037030673439933
0.01,1,10000,121,0.0204726238633301,0.0208459161822864,-0.000373292318956324
0.01,1,10000,122,0.01931217646543,0.0196810857928572,-0.000368909327427159
0.01,1,10000,123,0.0181309733187311,0.0184886690841627,-0.000357695765431699
0.01,1,10000,124,0.0169415187507107,0.0172818715102635,-0.000340352759552801
0.01,1,10000,125,0.0157555662429816,0.0160732767298802,-0.000317710486898621
0.01,1,10000,126,0.014583953143191,0.0148746446564367,-0.000290691513245686
0.01,1,10000,127,0.0134364696414918,0.0136967429337025,-0.000260273292210723
0.01,1,10000,128,0.0123217628692343,0.0125492143560091,-0.000227451486774784
0.01,1,10000,129,0.0112472757616945,0.0114404813658796,-0.000193205604185055
0.01,1,10000,130,0.0102192192337061,0.0103776874355149,-0.000158468201808787
0.01,1,10000,131,0.00924257528081451,0.00936667392426119,-0.000124098643446681
0.01,1,10000,132,0.00832112786229916,0.0084119899448311,-9.08620825319419e-05
0.01,1,10000,133,0.00745751785875958,0.00751693189860458,-5.94140398449995e-05
0.01,1,10000,134,0.00665331802845934,0.00668360867508848,-3.0290646629137e-05
0.01,1,10000,135,0.00590912370664313,0.00591302806118227,-3.90435453914012e-06
0.01,1,10000,136,0.00522465498622176,0.00520519966990174,1.94553163200186e-05
0.01,1,10000,137,0.00459886626605605,0.00455924966347558,3.96166025804744e-05
0.01,1,10000,138,0.00403005932971089,0.00397354269193195,5.65166377789429e-05
0.01,1,10000,139,0.00351599649555259,0.00344580676889233,7.0189726660258e-05
0.01,1,10000,140,0.00305401083007537,0.00297325723059073,8.07535994846397e-05
0.01,1,10000,141,0.00264111091261453,0.00255271643934383,8.83944732706942e-05
0.01,1,10000,142,0.00227407815523383,0.00218072646584863,9.33516893851984e-05
0.01,1,10000,143,0.00194955519350778,0.00185365258435171,9.59026091560773e-05
0.01,1,10000,144,0.00166412435263008,0.00156777601242171,9.63483402083745e-05
0.01,1,10000,145,0.00141437564318063,0.00131937489825376,9.50007449268694e-05
0.01,1,10000,146,0.00119696414045912,0.00110479308330028,9.21710571588487e-05
0.01,1,10000,147,0.00100865694300687,0.000920496631724023,8.81603112828481e-05
0.01,1,10000,148,0.00084637018594482,0.000763118510886196,8.32516750586246e-05
0.01,1,10000,149,0.000707196802476104,0.000629492123746017,7.77046787300866e-05
0.01,1,10000,150,0.000588425884498478,0.000516674633852301,7.17512506461768e-05
0.01,1,10000,151,0.00048755459508068,0.000421961189368503,6.55934057121768e-05
0.01,1,10000,152,0.000402293637500244,0.000342891249995171,5.9402387505073e-05
0.01,1,10000,153,0.000330567294573904,0.000277248257559954,5.33190370139499e-05
0.01,1,10000,154,0.000270509025613922,0.000223053876622905,4.74551489910174e-05
0.01,1,10000,155,0.000220453554077977,0.00017855797555045,4.1895578527527e-05
0.01,1,10000,156,0.000178926304132664,0.000142225431063134,3.67008730695303e-05
0.01,1,10000,157,0.000144630955654225,0.000112720729739824,3.19102259144008e-05
0.01,1,10000,158,0.000116435790627475,8.88912170219437e-05,2.75445736055316e-05
0.01,1,10000,159,9.33594045887131e-05,6.97497154752718e-05,2.36096891134413e-05
0.01,1,10000,160,7.45562588810727e-05,5.44571057588177e-05,2.0099153122255e-05
0.01,1,10000,161,5.93024563223847e-05,4.23053409419851e-05,1.69971153803996e-05
0.01,1,10000,162,4.69820368238259e-05,3.2701251243082e-05,1.42807855807439e-05
0.01,1,10000,163,3.70740121463987e-05,2.51513944788949e-05,1.19226176675038e-05
0.01,1,10000,164,2.91402912517591e-05,1.92481189963786e-05,9.89217225538048e-06
0.01,1,10000,165,2.28145899222032e-05,1.46569311773448e-05,8.15765874485838e-06
0.01,1,10000,166,1.77923703523241e-05,1.11051986051417e-05,6.6871717471824e-06
0.01,1,10000,167,1.38218177561352e-05,8.37217193670763e-06,5.44964581942759e-06
0.01,1,10000,168,1.06958309387381e-05,6.28027231301823e-06,4.41555862571985e-06
0.01,1,10000,169,8.24498133838945e-06,4.6875653919673e-06,3.55741594642215e-06
0.01,1,10000,170,6.33137925503418e-06,3.4813262986687e-06,2.85005295636548e-06
0.01,1,10000,171,4.84337582431394e-06,2.57259043206331e-06,2.27078539225062e-06
0.01,1,10000,172,3.6910237773795e-06,1.89158166991355e-06,1.79944210746595e-06
0.01,1,10000,173,2.80221821430702e-06,1.38391071313774e-06,1.41830750116928e-06
0.01,1,10000,174,2.11943966665934e-06,1.00744088833089e-06,1.11199877832845e-06
0.01,1,10000,175,1.59702488735388e-06,7.29725634589542e-07,8.67299252764339e-07
0.01,1,10000,176,1.19889544464408e-06,5.25930261089507e-07,6.72965183554575e-07
0.01,1,10000,177,8.96679778989779e-07,3.77159668050407e-07,5.19520110939372e-07
0.01,1,10000,178,6.68170475243232e-07,2.69123025917017e-07,3.99047449326215e-07
0.01,1,10000,179,4.9606476898199e-07,1.91075496669301e-07,3.04989272312688e-07
0.01,1,10000,180,3.66942488428878e-07,1.3498566943462e-07,2.31956818994258e-07
0.01,1,10000,181,2.70441546752361e-07,9.48852835606196e-08,1.75556263191741e-07
0.01,1,10000,182,1.98596617823448e-07,6.63649211179146e-08,1.32231696705533e-07
0.01,1,10000,183,1.45311674548877e-07,4.61856258305332e-08,9.91260487183442e-08
0.01,1,10000,184,1.05941604027402e-07,3.19818521133502e-08,7.39597519140518e-08
0.01,1,10000,185,7.69621287514011e-08,2.20358047807951e-08,5.4926323970606e-08
0.01,1,10000,186,5.57107702811782e-08,1.51071572330562e-08,4.0603613048122e-08
0.01,1,10000,187,4.01846186806247e-08,1.03054060881223e-08,2.98792125925024e-08
0.01,1,10000,188,2.88832546281208e-08,6.99481122393749e-09,2.18884434041833e-08
0.01,1,10000,189,2.06873540456794e-08,4.72406009973672e-09,1.59632939459427e-08
0.01,1,10000,190,1.47653320382548e-08,3.17455866796664e-09,1.15907733702882e-08
0.01,1,10000,191,1.05018983938769e-08,2.1226570310422e-09,8.37924136283466e-09
0.01,1,10000,192,7.44364344216311e-09,1.41222803014292e-09,6.0314154120202e-09
0.01,1,10000,193,5.25779026604667e-09,9.34885348130708e-10,4.32290491791597e-09
0.01,1,10000,194,3.70107300981787e-09,6.15801024667086e-10,3.08527198515078e-09
0.01,1,10000,195,2.59636326924009e-09,4.03599842987685e-10,2.19276342625241e-09
0.01,1,10000,196,1.81519523471107e-09,2.63202553052039e-10,1.55199268165903e-09
0.01,1,10000,197,1.2647594811117e-09,1.70788149981785e-10,1.09397133112992e-09
0.01,1,10000,198,8.78265559969716e-10,1.10269117367086e-10,7.67996442602631e-10
0.01,1,10000,199,6.07832089377109e-10,7.08400061301557e-11,5.36992083246953e-10
0.01,1,10000,200,4.19264192493597e-10,4.52826473977172e-11,3.7398154509588e-10
0.01,1,10000,201,2.88233712146893e-10,2.88013971883593e-11,2.59432314958533e-10
0.01,1,10000,202,1.97497257019376e-10,1.82273625059549e-11,1.79269894513421e-10
0.01,1,10000,203,1.34878600539244e-10,1.14779051893992e-11,1.23400695349845e-10
0.01,1,10000,204,9.18115003084975e-11,7.1916735070127e-12,8.46198268014848e-11
0.01,1,10000,205,6.22916005157156e-11,4.48358925858533e-12,5.78080112571302e-11
0.01,1,10000,206,4.21256438219117e-11,2.78131517245272e-12,3.9344328649459e-11
0.01,1,10000,207,2.83958265934951e-11,1.71673443074675e-12,2.66790921627484e-11
0.01,1,10000,208,1.90791749297341e-11,1.05434940549645e-12,1.80248255242377e-11
0.01,1,10000,209,1.27781489335183e-11,6.44309485639594e-13,1.21338394478787e-11
0.01,1,10000,210,8.53072055753106e-12,3.91771663275433e-13,8.13894889425562e-12
0.01,1,10000,211,5.67700133909358e-12,2.37028213518553e-13,5.43997312557503e-12
0.01,1,10000,212,3.76594390582369e-12,1.42690675423217e-13,3.62325323040048e-12
0.01,1,10000,213,2.49032649182141e-12,8.54711744730544e-14,2.40485531734835e-12
0.01,1,10000,214,1.64161876284495e-12,5.09415643344014e-14,1.59067719851055e-12
0.01,1,10000,215,1.07876749419792e-12,3.02101867900169e-14,1.04855730740791e-12
0.01,1,10000,216,7.06689818749852e-13,1.78263763593815e-14,6.88863442390471e-13
0.01,1,10000,217,4.61510017456681e-13,1.04664947445577e-14,4.51043522712124e-13
0.01,1,10000,218,3.00462713634877e-13,6.11459892597934e-15,2.94348114708897e-13
0.01,1,10000,219,1.95012746379972e-13,3.55437478443806e-15,1.91458371595534e-13
0.01,1,10000,220,1.26183956708919e-13,2.05582901131573e-15,1.24128127697603e-13
0.01,1,10000,221,8.13991270670689e-14,1.18314858636503e-15,8.02159784807038e-14
0.01,1,10000,222,5.23498589532406e-14,6.77516873117446e-16,5.16723420801232e-14
0.01,1,10000,223,3.35658083350937e-14,3.86037477767721e-16,3.3179770857326e-14
0.01,1,10000,224,2.14570572544938e-14,2.1886048180415e-16,2.12381967726897e-14
0.01,1,10000,225,1.36754069706885e-14,1.23462128524105e-16,1.35519448421644e-14
0.01,1,10000,226,8.68986378737624e-15,6.92992759032093e-17,8.62056451147303e-15
0.01,1,10000,227,5.50546257329777e-15,3.87036711546593e-17,5.46675890214311e-15
0.01,1,10000,228,3.47766935623577e-15,2.1508204293992e-17,3.45616115194178e-15
0.01,1,10000,229,2.19029115435323e-15,1.18928152516366e-17,2.1783983391016e-15
0.01,1,10000,230,1.37543452557208e-15,6.54325309812316e-18,1.36889127247396e-15
0.01,1,10000,231,8.61207686365254e-16,3.58204711713413e-18,8.5762563924812e-16
0.01,1,10000,232,5.37664217947553e-16,1.95118027248151e-18,5.35713037675071e-16
0.01,1,10000,233,3.34699419817537e-16,1.05752836832119e-18,3.33641891449216e-16
0.01,1,10000,234,2.07751737459222e-16,5.70315511363663e-19,2.07181421947858e-16
0.01,1,10000,235,1.2858357910733e-16,3.06032019814988e-19,1.28277547087515e-16
0.01,1,10000,236,7.93565400594764e-17,1.63398129729462e-19,7.91931419297469e-17
0.01,1,10000,237,4.88361594652289e-17,8.68072146583791e-20,4.87493522505705e-17
0.01,1,10000,238,2.99686383375916e-17,4.58873617674787e-20,2.99227509758241e-17
0.01,1,10000,239,1.8338524054522e-17,2.41356436234766e-20,1.83143884108985e-17
0.01,1,10000,240,1.11902221902868e-17,1.26314500076566e-20,1.11775907402792e-17
0.01,1,10000,241,6.8091840326751e-18,6.57773023273599e-21,6.80260630244237e-18
0.01,1,10000,242,4.13179251414958e-18,3.40821855328626e-21,4.12838429559629e-18
0.01,1,10000,243,2.50019576237561e-18,1.75714395197184e-21,2.49843861842364e-18
0.01,1,10000,244,1.50871281736274e-18,9.01396308884399e-22,1.50781142105386e-18
0.01,1,10000,245,9.07906544341641e-19,4.60100532895942e-22,9.07446443808745e-19
0.01,1,10000,246,5.44857120628068e-19,2.33678214060436e-22,5.44623442414008e-19
0.01,1,10000,247,3.26088827622216e-19,1.18089760249818e-22,3.25970737861966e-19
0.01,1,10000,248,1.94628245703345e-19,5.93792604886259e-23,1.94568866442856e-19
0.01,1,10000,249,1.15850337660877e-19,2.97088510148226e-23,1.15820628809862e-19
0.01,1,10000,250,6.87725335848197e-20,1.47899073950077e-23,6.87577436774247e-20
0.01,1,10000,251,4.07158772626812e-20,7.32611246244878e-24,4.07085511502188e-20
0.01,1,10000,252,2.40407692615287e-20,3.61085654895248e-24,2.40371584049797e-20
0.01,1,10000,253,1.41570714901814e-20,1.77082407153793e-24,1.41553006661098e-20
0.01,1,10000,254,8.31464426059871e-21,8.64110189106616e-25,8.31378015040961e-21
0.01,1,10000,255,4.87039019043365e-21,4.19557378289832e-25,4.86997063305536e-21
0.01,1,10000,256,2.84536705993754e-21,2.02694576003526e-25,2.84516436536153e-21
0.01,1,10000,257,1.65795179675608e-21,9.74364425694147e-26,1.65785436031351e-21
0.01,1,10000,258,9.63538617646583e-22,4.6604648732328e-26,9.6349201299785e-22
0.01,1,10000,259,5.58514583455413e-22,2.21802065508438e-26,5.58492403248862e-22
0.01,1,10000,260,3.22903378871254e-22,1.05034134452875e-26,3.22892875457809e-22
0.01,1,10000,261,1.86203494654606e-22,4.94907303981502e-27,1.86198545581566e-22
0.01,1,10000,262,1.07098821171471e-22,2.3203088326967e-27,1.07096500862638e-22
0.01,1,10000,263,6.14423207067493e-23,1.08242110320227e-27,6.14412382856461e-23
0.01,1,10000,264,3.51593626321263e-23,5.02429621467204e-28,3.51588602025048e-23
0.01,1,10000,265,2.00682368320703e-23,2.32050628312308e-28,2.00680047814419e-23
0.01,1,10000,266,1.14255373777687e-23,1.06639669146951e-28,1.14254307380995e-23
0.01,1,10000,267,6.48854876797276e-24,4.87622073532173e-29,6.48850000576541e-24
0.01,1,10000,268,3.67558381986972e-24,2.21858694141699e-29,3.6755616340003e-24
0.01,1,10000,269,2.07690763858905e-24,1.00438004482658e-29,2.0768975947886e-24
0.01,1,10000,270,1.17064274931391e-24,4.52426699213996e-30,1.17063822504691e-24
0.01,1,10000,271,6.5819130720107e-25,2.02780833793804e-30,6.58189279392732e-25
0.01,1,10000,272,3.69151527391331e-25,9.04344934497788e-31,3.69150623046396e-25
0.01,1,10000,273,2.06531421843958e-25,4.01300632068844e-31,2.06531020543325e-25
0.01,1,10000,274,1.15265857618614e-25,1.7718791787998e-31,1.15265680430696e-25
0.01,1,10000,275,6.41730153128695e-26,7.78443135800759e-32,6.41729374685559e-26
0.01,1,10000,276,3.56406416421804e-26,3.40289234375517e-32,3.56406076132569e-26
0.01,1,10000,277,1.97462196815127e-26,1.48012383908186e-32,1.97462048802743e-26
0.01,1,10000,278,1.09136958643299e-26,6.40584498396467e-33,1.0913689458485e-26
0.01,1,10000,279,6.01745966857741e-27,2.75856564920401e-33,6.01745691001176e-27
0.01,1,10000,280,3.30987802901971e-27,1.18200346721404e-33,3.30987684701624e-27
0.01,1,10000,281,1.81623579769366e-27,5.03944494127406e-34,1.81623529374916e-27
0.01,1,10000,282,9.94255190449745e-28,2.13783993973855e-34,9.94254976665751e-28
0.01,1,10000,283,5.42991246542629e-28,9.02393993246009e-35,5.4299115630323e-28
0.01,1,10000,284,2.95842813865004e-28,3.79005692326587e-35,2.95842775964435e-28
0.01,1,10000,285,1.60807514960488e-28,1.58388555208912e-35,1.60807499121633e-28
0.01,1,10000,286,8.72032436083321e-29,6.58613137457571e-36,8.72032370222007e-29
0.01,1,10000,287,4.71784599769546e-29,2.72499374120468e-36,4.71784572519608e-29
0.01,1,10000,288,2.54649906623703e-29,1.12183544182829e-36,2.54649895405349e-29
0.01,1,10000,289,1.37131023379911e-29,4.59537895835276e-37,1.37131018784532e-29
0.01,1,10000,290,7.36756745077042e-30,1.87301835706149e-37,7.36756726346858e-30
0.01,1,10000,291,3.94923050031002e-30,7.59611032772585e-38,3.94923042434892e-30
0.01,1,10000,292,2.11205163565396e-30,3.06527202440517e-38,2.11205160500124e-30
0.01,1,10000,293,1.12694825474832e-30,1.2307654800264e-38,1.12694824244067e-30
0.01,1,10000,294,5.9994922822975e-31,4.91711221636261e-39,5.99949223312637e-31
0.01,1,10000,295,3.18668962803622e-31,1.9546700567904e-39,3.18668960848952e-31
0.01,1,10000,296,1.68882022640432e-31,7.73152791346982e-40,1.68882021867279e-31
0.01,1,10000,297,8.92995119716082e-32,3.04288629242125e-40,8.92995116673196e-32
0.01,1,10000,298,4.71129565272496e-32,1.19161139344986e-40,4.71129564080885e-32
0.01,1,10000,299,2.48005219957796e-32,4.64314341166733e-41,2.48005219493482e-32
0.01,1,10000,300,1.30260887832968e-32,1.80018888638499e-41,1.30260887652949e-32
0.01,1,10000,301,6.82658549848814e-33,6.94468548935753e-42,6.82658549154345e-33
0.01,1,10000,302,3.56970921329992e-33,2.66572666240746e-42,3.56970921063419e-33
0.01,1,10000,303,1.86253932510465e-33,1.01813924254543e-42,1.86253932408651e-33
0.01,1,10000,304,9.69671976905386e-34,3.86925422698203e-43,9.6967197651846e-34
0.01,1,10000,305,5.03726130019079e-34,1.46310630577457e-43,5.03726129872768e-34
0.01,1,10000,306,2.61106566778659e-34,5.5049455287606e-44,2.61106566723609e-34
0.01,1,10000,307,1.3505112537183e-34,2.06090843871031e-44,1.35051125351221e-34
0.01,1,10000,308,6.97010175784733e-35,7.67702397076055e-45,6.97010175707963e-35
0.01,1,10000,309,3.58958223698923e-35,2.84548056300315e-45,3.58958223670468e-35
0.01,1,10000,310,1.84465832042225e-35,1.0494140578386e-45,1.84465832031731e-35
0.01,1,10000,311,9.45929006781218e-36,3.85093917938307e-46,9.45929006742709e-36
0.01,1,10000,312,4.84033092555416e-36,1.40609598788606e-46,4.84033092541355e-36
0.01,1,10000,313,2.47154642940178e-36,5.10848127836326e-47,2.47154642935069e-36
0.01,1,10000,314,1.25933996134388e-36,1.84670349353821e-47,1.25933996132541e-36
0.01,1,10000,315,6.40325732869239e-37,6.64249235172143e-48,6.40325732862597e-37
0.01,1,10000,316,3.24897173877585e-37,2.37735196195904e-48,3.24897173875208e-37
0.01,1,10000,317,1.64505775561758e-37,8.46612020222879e-49,1.64505775560912e-37
0.01,1,10000,318,8.31208195531562e-38,2.99988015707811e-49,8.31208195528562e-38
0.01,1,10000,319,4.19116857468711e-38,1.05767419336315e-49,4.19116857467653e-38
0.01,1,10000,320,2.10892081203265e-38,3.71046584424606e-50,2.10892081202894e-38
0.01,1,10000,321,1.05898169983886e-38,1.29519003974606e-50,1.05898169983756e-38
0.01,1,10000,322,5.30668227190912e-39,4.49849333476914e-51,5.30668227190462e-39
0.01,1,10000,323,2.65380338390662e-39,1.55463769702537e-51,2.65380338390507e-39
0.01,1,10000,324,1.32445257092326e-39,5.34588774317069e-52,1.32445257092272e-39
0.01,1,10000,325,6.59738322590894e-40,1.8291065419926e-52,6.59738322590711e-40
0.01,1,10000,326,3.28176047610777e-40,6.22711231314894e-53,3.28176047610715e-40
0.01,1,10000,327,1.63483404059747e-40,2.10941933346809e-53,1.63483404059726e-40
0.01,1,10000,328,8.27846084670856e-41,7.10996844151471e-54,8.27846084670785e-41
0.01,1,10000,329,4.58146045412322e-41,2.38451990217789e-54,4.58146045412298e-41
0.01,1,10000,330,3.55660743154476e-41,7.95724550746146e-55,3.55660743154468e-41
0.01,1,10000,331,5.16238181585266e-41,2.64212336339153e-55,5.16238181585263e-41
0.01,1,10000,332,1.14717946501482e-40,8.72914992565667e-56,1.14717946501482e-40
0.01,1,10000,333,2.8932732044443e-40,2.86958663903555e-56,2.8932732044443e-40
0.01,1,10000,334,7.47083096902747e-40,9.38631787925849e-57,7.47083096902747e-40
0.01,1,10000,335,1.93143867202697e-39,3.05491901778413e-57,1.93143867202697e-39
0.01,1,10000,336,4.9779049377147e-39,9.89310625965008e-58,4.9779049377147e-39
0.01,1,10000,337,1.27791570973581e-38,3.18782280392328e-58,1.27791570973581e-38
0.01,1,10000,338,3.2671603982773e-38,1.0220783754782e-58,3.2671603982773e-38
0.01,1,10000,339,8.31817379462683e-38,3.26063926648992e-59,8.31817379462683e-38
0.01,1,10000,340,2.10892728344709e-37,1.03502260822044e-59,2.10892728344709e-37
0.01,1,10000,341,5.32426893564648e-37,3.26907922655447e-60,5.32426893564648e-37
0.01,1,10000,342,1.33848076738584e-36,1.02737639484489e-60,1.33848076738584e-36
0.01,1,10000,343,3.35048054696378e-36,3.21264137218243e-61,3.35048054696378e-36
0.01,1,10000,344,8.35091189424444e-36,9.99593538785859e-62,8.35091189424444e-36
0.01,1,10000,345,2.07243791373942e-35,3.09466155863903e-62,2.07243791373942e-35
0.01,1,10000,346,5.12081329961274e-35,9.53303983500817e-63,5.12081329961274e-35
0.01,1,10000,347,1.25978105424908e-34,2.9219863508371e-63,1.25978105424908e-34
0.01,1,10000,348,3.08559430515236e-34,8.91155487414223e-64,3.08559430515236e-34
0.01,1,10000,349,7.52417824189893e-34,2.70431524247315e-64,7.52417824189893e-34
0.01,1,10000,350,1.82660515900395e-33,8.16562955974701e-65,1.82660515900395e-33
0.01,1,10000,351,4.41452999747855e-33,2.45329943846531e-65,4.41452999747855e-33
0.01,1,10000,352,1.06210454287945e-32,7.33398424276533e-66,1.06210454287945e-32
0.01,1,10000,353,2.5437935376517e-32,2.18151354180536e-66,2.5437935376517e-32
0.01,1,10000,354,6.06480769507726e-32,6.45660742942085e-67,6.06480769507726e-32
0.01,1,10000,355,1.43933392447211e-31,1.90142577779598e-67,1.43933392447211e-31
0.01,1,10000,356,3.40019794866509e-31,5.57163811703213e-68,3.40019794866509e-31
0.01,1,10000,357,7.99528051877125e-31,1.62448218093999e-68,7.99528051877125e-31
0.01,1,10000,358,1.87128020825614e-30,4.71276224536907e-69,1.87128020825614e-30
0.01,1,10000,359,4.35921513265336e-30,1.36039377748962e-69,4.35921513265336e-30
0.01,1,10000,360,1.01072006461068e-29,3.90734960240282e-70,1.01072006461068e-29
0.01,1,10000,361,2.33235862619394e-29,1.11667921353196e-70,2.33235862619394e-29
0.01,1,10000,362,5.35661438985037e-29,3.17543422285878e-71,5.35661438985037e-29
0.01,1,10000,363,1.22434783482627e-28,8.98475703861575e-72,1.22434783482627e-28
0.01,1,10000,364,2.78501416702855e-28,2.52951979175242e-72,2.78501416702855e-28
0.01,1,10000,365,6.30444631367113e-28,7.08595440629556e-73,6.30444631367113e-28
0.01,1,10000,366,1.42020898546681e-27,1.97509119522917e-73,1.42020898546681e-27
0.01,1,10000,367,3.18370015589762e-27,5.47777866171733e-74,3.18370015589762e-27
0.01,1,10000,368,7.10191578690099e-27,1.51164681888831e-74,7.10191578690099e-27
0.01,1,10000,369,1.5764174105924e-26,4.15073222349233e-75,1.5764174105924e-26
0.01,1,10000,370,3.48183504803668e-26,1.13403804947857e-75,3.48183504803668e-26
0.01,1,10000,371,7.65200744097021e-26,3.08289734448306e-76,7.65200744097021e-26
0.01,1,10000,372,1.67325368987219e-25,8.33909705783529e-77,1.67325368987219e-25
0.01,1,10000,373,3.64046159671018e-25,2.24443752481465e-77,3.64046159671018e-25
0.01,1,10000,374,7.88040352675602e-25,6.01069292388589e-78,7.88040352675602e-25
0.01,1,10000,375,1.697176208383e-24,1.60165911210768e-78,1.697176208383e-24
0.01,1,10000,376,3.63647896012928e-24,4.24662746406288e-79,3.63647896012928e-24
0.01,1,10000,377,7.75175677684691e-24,1.12033206733056e-79,7.75175677684691e-24
0.01,1,10000,378,1.64389252694521e-23,2.94088401946135e-80,1.64389252694521e-23
0.01,1,10000,379,3.46808958410613e-23,7.68135002363658e-81,3.46808958410613e-23
0.01,1,10000,380,7.27847246590464e-23,1.99629969824438e-81,7.27847246590464e-23
0.01,1,10000,381,1.51954215353507e-22,5.16229066871991e-82,1.51954215353507e-22
0.01,1,10000,382,3.15571253664403e-22,1.32827407167332e-82,3.15571253664403e-22
0.01,1,10000,383,6.51904495966641e-22,3.40064630079636e-83,6.51904495966641e-22
0.01,1,10000,384,1.33955992734867e-21,8.66290914391262e-84,1.33955992734867e-21
0.01,1,10000,385,2.7379266649163e-21,2.19580911303389e-84,2.7379266649163e-21
0.01,1,10000,386,5.56612465176099e-21,5.53801253398364e-85,5.56612465176099e-21
0.01,1,10000,387,1.1255001481512e-20,1.38976641744131e-85,1.1255001481512e-20
0.01,1,10000,388,2.26354879567912e-20,3.47022967666583e-86,2.26354879567912e-20
0.01,1,10000,389,4.52768406677157e-20,8.62190341412371e-87,4.52768406677157e-20
0.01,1,10000,390,9.00730160042147e-20,2.13145719304675e-87,9.00730160042147e-20
0.01,1,10000,391,1.78211668123825e-19,5.24298486561438e-88,1.78211668123825e-19
0.01,1,10000,392,3.50663879489041e-19,1.28324364092049e-88,3.50663879489041e-19
0.01,1,10000,393,6.86199112363141e-19,3.12513055523649e-89,6.86199112363141e-19
0.01,1,10000,394,1.33537848901272e-18,7.57278692038918e-90,1.33537848901272e-18
0.01,1,10000,395,2.58431070018104e-18,1.82587833915701e-90,2.58431070018104e-18
0.01,1,10000,396,4.97350273076785e-18,4.38042716539761e-91,4.97350273076785e-18
0.01,1,10000,397,9.51806321881468e-18,1.04565788879091e-91,9.51806321881468e-18
0.01,1,10000,398,1.81131861823939e-17,2.48365518239245e-92,1.81131861823939e-17
0.01,1,10000,399,3.42762075843473e-17,5.86977575929191e-93,3.42762075843473e-17
0.01,1,10000,400,6.44961939410775e-17,1.38032148470256e-93,6.44961939410775e-17
0.01,1,15000,0,5.39804187532475e-23,6.79910180308118e-21,-6.74512138432793e-21
0.01,1,15000,1,9.9138987643357e-23,1.15704817979817e-20,-1.14713428103384e-20
0.01,1,15000,2,1.81381533832959e-22,1.96247301974929e-20,-1.94433486636599e-20
0.01,1,15000,3,3.30581714868622e-22,3.31747988094044e-20,-3.28442170945358e-20
0.01,1,15000,4,6.00203627291676e-22,5.58940079630976e-20,-5.52938043358059e-20
0.01,1,15000,5,1.08554879337983e-21,9.38587052392566e-20,-9.27731564458768e-20
0.01,1,15000,6,1.95581602127939e-21,1.57085542817286e-19,-1.55129726796006e-19
0.01,1,15000,7,3.51019783840494e-21,2.62029523451544e-19,-2.58519325613139e-19
0.01,1,15000,8,6.27562837831835e-21,4.35628804835384e-19,-4.29353176457066e-19
0.01,1,15000,9,1.11764019398711e-20,7.21830621907899e-19,-7.10654219968028e-19
0.01,1,15000,10,1.98272816201605e-20,1.19208264984775e-18,-1.17225536822759e-18
0.01,1,15000,11,3.50378916774391e-20,1.96213906275753e-18,-1.92710117108009e-18
0.01,1,15000,12,6.16770652095909e-20,3.21888567723876e-18,-3.15720861202917e-18
0.01,1,15000,13,1.08147816761723e-19,5.26300366825126e-18,-5.15485585148954e-18
0.01,1,15000,14,1.88893742529552e-19,8.57658003477606e-18,-8.38768629224651e-18
0.01,1,15000,15,3.28640167433922e-19,1.39298669538356e-17,-1.36012267864017e-17
0.01,1,15000,16,5.69540394962956e-19,2.25492521960258e-17,-2.19797118010628e-17
0.01,1,15000,17,9.83166019934924e-19,3.63805843985858e-17,-3.53974183786509e-17
0.01,1,15000,18,1.69053945850633e-18,5.85004962257554e-17,-5.6809956767249e-17
0.01,1,15000,19,2.89546044001058e-18,9.37565850915293e-17,-9.08611246515187e-17
0.01,1,15000,20,4.93971215524101e-18,1.49760183300976e-16,-1.44820471145735e-16
0.01,1,15000,21,8.39412068052852e-18,2.38420336745486e-16,-2.30026216064958e-16
0.01,1,15000,22,1.42081087990916e-17,3.78305436861148e-16,-3.64097328062056e-16
0.01,1,15000,23,2.39542646921247e-17,5.98265859760826e-16,-5.74311595068701e-16
0.01,1,15000,24,4.02265687564267e-17,9.42970724132959e-16,-9.02744155376532e-16
0.01,1,15000,25,6.72860210999717e-17,1.48133931981137e-15,-1.4140532987114e-15
0.01,1,15000,26,1.12102841312029e-16,2.31933372680735e-15,-2.20723088549532e-15
0.01,1,15000,27,1.86031538373285e-16,3.61929754154691e-15,-3.43326600317363e-15
0.01,1,15000,28,3.07491457940385e-16,5.6290834105547e-15,-5.32159195261431e-15
0.01,1,15000,29,5.06237669853619e-16,8.72576338035198e-15,-8.21952571049836e-15
0.01,1,15000,30,8.30136017440051e-16,1.34809820837941e-14,-1.26508460663541e-14
0.01,1,15000,31,1.35586356606169e-15,2.07583095006584e-14,-1.94024459345967e-14
0.01,1,15000,32,2.20573465456011e-15,3.18577269729743e-14,-2.96519923184142e-14
0.01,1,15000,33,3.57404288869068e-15,4.87292739701132e-14,-4.51552310814225e-14
0.01,1,15000,34,5.76811904007067e-15,7.42877914813311e-14,-6.85196724412604e-14
0.01,1,15000,35,9.27204314329163e-15,1.12874881026889e-13,-1.03602837883597e-13
0.01,1,15000,36,1.48450727031672e-14,1.70934417186217e-13,-1.56089344483049e-13
0.01,1,15000,37,2.36730284837848e-14,2.57996656201393e-13,-2.34323627717608e-13
0.01,1,15000,38,3.76000947167154e-14,3.8810656645e-13,-3.50506471733285e-13
0.01,1,15000,39,5.94821657568384e-14,5.81889145366933e-13,-5.22406979610095e-13
0.01,1,15000,40,9.37230646118026e-14,8.69524599010376e-13,-7.75801534398574e-13
0.01,1,15000,41,1.47084629591461e-13,1.29501810885961e-12,-1.14793347926815e-12
0.01,1,15000,42,2.29905044618104e-13,1.92230440774751e-12,-1.69239936312941e-12
0.01,1,15000,43,3.5792289266218e-13,2.8439426469237e-12,-2.48601975426152e-12
0.01,1,15000,44,5.54995747119947e-13,4.19345375134614e-12,-3.6384580042262e-12
0.01,1,15000,45,8.57133643675963e-13,6.16275968927937e-12,-5.30562604560341e-12
0.01,1,15000,46,1.3184562174275e-12,9.02674055944126e-12,-7.70828434201377e-12
0.01,1,15000,47,2.01995089113483e-12,1.31776824962225e-11,-1.11577316050876e-11
0.01,1,15000,48,3.08229038320107e-12,1.91734148965682e-11,-1.60911245133672e-11
0.01,1,15000,49,4.68450509990246e-12,2.78043183620028e-11,-2.31198132621003e-11
0.01,1,15000,50,7.09105995401485e-12,4.01862412158526e-11,-3.30951812618377e-11
0.01,1,15000,51,1.06909376205996e-11,5.78888434062992e-11,-4.71979057856996e-11
0.01,1,15000,52,1.60537915691323e-11,8.31121869712547e-11,-6.70583954021223e-11
0.01,1,15000,53,2.40102503715534e-11,1.18928762419664e-10,-9.4918512048111e-11
0.01,1,15000,54,3.57662269107507e-11,1.69613900200564e-10,-1.33847673289813e-10
0.01,1,15000,55,5.30648731381903e-11,2.41095072016669e-10,-1.88030198878479e-10
0.01,1,15000,56,7.84149660733068e-11,3.41560450753512e-10,-2.63145484680205e-10
0.01,1,15000,57,1.15411461971224e-10,4.822799134211e-10,-3.66868451449876e-10
0.01,1,15000,58,1.69183294384036e-10,6.78708240612358e-10,-5.09524946228321e-10
0.01,1,15000,59,2.47015967085659e-10,9.51961581803941e-10,-7.04945614718283e-10
0.01,1,15000,60,3.59213062229356e-10,1.33078554038399e-09,-9.71572478154632e-10
0.01,1,15000,61,5.20282663360283e-10,1.85416797865579e-09,-1.3338853152955e-09
0.01,1,15000,62,7.50563413419491e-10,2.574793662268e-09,-1.82423024884851e-09
0.01,1,15000,63,1.07844240351307e-09,3.56359333565593e-09,-2.48515093214286e-09
0.01,1,15000,64,1.54336569119965e-09,4.91570934866613e-09,-3.37234365746648e-09
0.01,1,15000,65,2.19990489259388e-09,6.75828662269004e-09,-4.55838173009615e-09
0.01,1,15000,66,3.12322353115707e-09,9.26060517085713e-09,-6.13738163970006e-09
0.01,1,15000,67,4.41638894105624e-09,1.26472027774999e-08,-8.23081383644368e-09
0.01,1,15000,68,6.22010463052704e-09,1.72147986365735e-08,-1.09946940060465e-08
0.01,1,15000,69,8.72560015642743e-09,2.33540262520932e-08,-1.46284260956657e-08
0.01,1,15000,70,1.21916178073673e-08,3.15772229006846e-08,-1.93856050933172e-08
0.01,1,15000,71,1.6966685886451e-08,4.25538102987524e-08,-2.55871244123014e-08
0.01,1,15000,72,2.3518176395178e-08,5.71551442747899e-08,-3.3636967879612e-08
0.01,1,15000,73,3.24700208319497e-08,7.65111182148187e-08,-4.4041097382869e-08
0.01,1,15000,74,4.46514130621487e-08,1.0208128418984e-07,-5.74298711276911e-08
0.01,1,15000,75,6.11593751159644e-08,1.35743815497526e-07,-7.45844403815615e-08
0.01,1,15000,76,8.34387132860437e-08,1.79906283199463e-07,-9.64675699134189e-08
0.01,1,15000,77,1.13383661240365e-07,2.37642964876786e-07,-1.24259303636421e-07
0.01,1,15000,78,1.53466406953481e-07,3.12864252926778e-07,-1.59397845973297e-07
0.01,1,15000,79,2.06898742988382e-07,4.1052468719474e-07,-2.03625944206358e-07
0.01,1,15000,80,2.77834274974928e-07,5.36877204954691e-07,-2.59042929979762e-07
0.01,1,15000,81,3.71619977856528e-07,6.99782379127255e-07,-3.28162401270727e-07
0.01,1,15000,82,4.95107405921824e-07,9.090826975242e-07,-4.13975291602377e-07
0.01,1,15000,83,6.57035536938113e-07,1.17705331046411e-06,-5.20017773526e-07
0.01,1,15000,84,8.68499050932208e-07,1.51894212287532e-06,-6.50443071943111e-07
0.01,1,15000,85,1.14351778823359e-06,1.9536136030759e-06,-8.10095814842308e-07
0.01,1,15000,86,1.4997251647864e-06,2.50431218694694e-06,-1.00458702216055e-06
0.01,1,15000,87,1.95919539614627e-06,3.19956262496216e-06,-1.24036722881589e-06
0.01,1,15000,88,2.54943142856716e-06,4.07422598952765e-06,-1.5247945609605e-06
0.01,1,15000,89,3.30453741037233e-06,5.17073125641444e-06,-1.86619384604211e-06
0.01,1,15000,90,4.26660125237598e-06,6.54050330699988e-06,-2.2739020546239e-06
0.01,1,15000,91,5.48731419282443e-06,8.24560876253002e-06,-2.75829456970559e-06
0.01,1,15000,92,7.02985514720759e-06,1.03606411373889e-05,-3.33078599018128e-06
0.01,1,15000,93,8.97106781040715e-06,1.2974866250664e-05,-4.00379844025686e-06
0.01,1,15000,94,1.14039577906131e-05,1.61946475165549e-05,-4.79068972594176e-06
0.01,1,15000,95,1.44405352754735e-05,2.01461684866251e-05,-5.7056332111516e-06
0.01,1,15000,96,1.82150256316712e-05,2.49784666764249e-05,-6.76344104475366e-06
0.01,1,15000,97,2.28874656833478e-05,3.08667881101844e-05,-7.97932242683654e-06
0.01,1,15000,98,2.86476969683694e-05,3.80162659998199e-05,-9.36856903145049e-06
0.01,1,15000,99,3.5719758813367e-05,4.66659193910863e-05,-1.09461605777193e-05
0.01,1,15000,100,4.43666734041826e-05,5.7092958335171e-05,-1.27262849309884e-05
0.01,1,15000,101,5.48956020049012e-05,6.96173710857592e-05,-1.47217690808581e-05
0.01,1,15000,102,6.76633360017458e-05,8.46067559310557e-05,-1.694341992931e-05
0.01,1,15000,103,8.30820685002724e-05,0.000102481345555146,-1.93992770548739e-05
0.01,1,15000,104,0.000101625371863501,0.000123719155360005,-2.20937834965044e-05
0.01,1,15000,105,0.000123834284036718,0.000148861169126182,-2.50268850894637e-05
0.01,1,15000,106,0.000150323382084416,0.000178516455997304,-2.81930739128878e-05
0.01,1,15000,107,0.000181786695534251,0.000213367092394398,-3.15803968601473e-05
0.01,1,15000,108,0.000219003285506065,0.000254172741564406,-3.51694560583405e-05
0.01,1,15000,109,0.000262842288986337,0.000301774722621919,-3.89324336355821e-05
0.01,1,15000,110,0.000314267201935544,0.000357099380847855,-4.28321789123108e-05
0.01,1,15000,111,0.000374339151284823,0.000421160552468058,-4.68214011832357e-05
0.01,1,15000,112,0.000444218885519223,0.000495060901053186,-5.08420155339637e-05
0.01,1,15000,113,0.000525167197793903,0.000579991890046834,-5.48246922529315e-05
0.01,1,15000,114,0.000618543485790852,0.000677232147789594,-5.86886619987424e-05
0.01,1,15000,115,0.000725802150221641,0.000788143978839906,-6.23418286182642e-05
0.01,1,15000,116,0.000848486540403399,0.000914167779467397,-6.56812390639977e-05
0.01,1,15000,117,0.000988220171965587,0.00105681412692836,-6.85939549627745e-05
0.01,1,15000,118,0.00114669496959478,0.00121765333244258,-7.09583628478029e-05
0.01,1,15000,119,0.00132565632765379,0.00139830227743827,-7.26459497844877e-05
0.01,1,15000,120,0.00152688483405512,0.00160040839217032,-7.35235581152073e-05
0.01,1,15000,121,0.00175217456806177,0.00182563068553361,-7.34561174718469e-05
0.01,1,15000,122,0.00200330796040206,0.00207561779475808,-7.23098343560209e-05
0.01,1,15000,123,0.0022820272933701,0.0023519830932881,-6.99557999180021e-05
0.01,1,15000,124,0.00259000301803398,0.00265627697371495,-6.62739556809688e-05
0.01,1,15000,125,0.00292879917330723,0.00298995650891281,-6.11573356055764e-05
0.01,1,15000,126,0.00329983630490193,0.0033543527868446,-5.45164819426764e-05
0.01,1,15000,127,0.00370435239798177,0.00375063631073082,-4.62839127490532e-05
0.01,1,15000,128,0.00414336245209784,0.00417978095386799,-3.64185017701513e-05
0.01,1,15000,129,0.00461761743675337,0.00464252705442387,-2.49096176705016e-05
0.01,1,15000,130,0.00512756346647081,0.00513934432679231,-1.17808603214975e-05
0.01,1,15000,131,0.00567330212114775,0.00567039534910652,2.90677204122913e-06
0.01,1,15000,132,0.00625455290645018,0.00623550045771086,1.90524487393229e-05
0.01,1,15000,133,0.0068706188958639,0.00683410493520993,3.65139606539749e-05
0.01,1,15000,134,0.00752035661707155,0.00746524941572544,5.51072013461147e-05
0.01,1,15000,135,0.00820215123739063,0.00812754444606053,7.46067913300966e-05
0.01,1,15000,136,0.00891389806370881,0.00881915013190642,9.47479318023862e-05
0.01,1,15000,137,0.0096529913002265,0.00953776176192114,0.000115229538305353
0.01,1,15000,138,0.0104163209019703,0.0102806022380883,0.000135718663882059
0.01,1,15000,139,0.0112002782242442,0.0110444220476929,0.000155856176551304
0.01,1,15000,140,0.0120007709999367,0.0118255073909459,0.000175263608990815
0.01,1,15000,141,0.012813247981134,0.0126196969301699,0.000193551050964079
0.01,1,15000,142,0.0136327333632247,0.0134224074539906,0.000210325909234109
0.01,1,15000,143,0.0144538708741513,0.0142286685566525,0.000225202317498801
0.01,1,15000,144,0.0152709771651296,0.0150331662228595,0.0002378109422701
0.01,1,15000,145,0.0160781038892557,0.015830294987777,0.000247808901478762
0.01,1,15000,146,0.016869107608675,0.0166142181161014,0.000254889492573587
0.01,1,15000,147,0.0176377264373813,0.0173789350200422,0.000258791417339064
0.01,1,15000,148,0.0183776621131498,0.018118354920643,0.000259307192506851
0.01,1,15000,149,0.0190826660061416,0.0188263755571752,0.000256290448966443
0.01,1,15000,150,0.019746627420217,0.0194969655722741,0.000249661847942936
0.01,1,15000,151,0.0203636624318874,0.0201242490525487,0.000239413379338728
0.01,1,15000,152,0.0209282014458199,0.0207025905913773,0.000225610854442622
0.01,1,15000,153,0.0214350736281782,0.0212266791673659,0.000208394460812215
0.01,1,15000,154,0.0218795864115161,0.0216916091021973,0.000187977309318885
0.01,1,15000,155,0.0222575983474762,0.0220929563777196,0.000164641969756657
0.01,1,15000,156,0.0225655837144601,0.0224268486550083,0.000138735059451767
0.01,1,15000,157,0.0228006874633867,0.0226900274471478,0.000110660016238891
0.01,1,15000,158,0.0229607693006896,0.0228799010504167,8.08682502728211e-05
0.01,1,15000,159,0.0230444359575056,0.022994587031693,4.98489258126539e-05
0.01,1,15000,160,0.0230510609701043,0.023032943298089,1.81176720152505e-05
0.01,1,15000,161,0.0229807915906109,0.022994587031693,-1.37954410821019e-05
0.01,1,15000,162,0.0228345427500772,0.0228799010504167,-4.53583003395402e-05
0.01,1,15000,163,0.022613978298749,0.0226900274471478,-7.60491483988053e-05
0.01,1,15000,164,0.022321480041919,0.0224268486550083,-0.000105368613089352
0.01,1,15000,165,0.0219601053653789,0.0220929563777196,-0.000132851012340663
0.01,1,15000,166,0.0215335344942982,0.0216916091021973,-0.000158074607899107
0.01,1,15000,167,0.0210460086464678,0.0212266791673659,-0.000180670520898124
0.01,1,15000,168,0.0205022605196067,0.0207025905913773,-0.000200330071770623
0.01,1,15000,169,0.0199074386885865,0.0201242490525487,-0.000216810363962112
0.01,1,15000,170,0.0192670275792774,0.0194969655722741,-0.000229937992996688
0.01,1,15000,171,0.0185867647300888,0.0188263755571752,-0.000239610827086394
0.01,1,15000,172,0.0178725570505881,0.018118354920643,-0.00024579787005484
0.01,1,15000,173,0.0171303977406974,0.0173789350200422,-0.000248537279344773
0.01,1,15000,174,0.0163662854471218,0.0166142181161014,-0.000247932668979642
0.01,1,15000,175,0.0155861471102582,0.015830294987777,-0.000244147877518806
0.01,1,15000,176,0.0147957658002207,0.0150331662228595,-0.000237400422638827
0.01,1,15000,177,0.0140007146608851,0.0142286685566525,-0.000227953895767387
0.01,1,15000,178,0.0132062978825433,0.0134224074539906,-0.000216109571447258
0.01,1,15000,179,0.0124174994136312,0.0126196969301699,-0.000202197516538754
0.01,1,15000,180,0.0116389399067662,0.0118255073909459,-0.000186567484179676
0.01,1,15000,181,0.010874842180462,0.0110444220476929,-0.000169579867230903
0.01,1,15000,182,0.0101290052713401,0.0102806022380883,-0.000151596966748225
0.01,1,15000,183,0.00940478695777659,0.00953776176192114,-0.000132974804144556
0.01,1,15000,184,0.00870509445922546,0.00881915013190642,-0.000114055672680967
0.01,1,15000,185,0.00803238285962287,0.00812754444606053,-9.51615864376604e-05
0.01,1,15000,186,0.00738866067101103,0.00746524941572544,-7.65887447144098e-05
0.01,1,15000,187,0.00677550184659018,0.00683410493520993,-5.86030886197486e-05
0.01,1,15000,188,0.00619406347164686,0.00623550045771086,-4.14369860639984e-05
0.01,1,15000,189,0.00564510830616134,0.00567039534910652,-2.52870429451827e-05
0.01,1,15000,190,0.00512903132352065,0.00513934432679231,-1.03130032716578e-05
0.01,1,15000,191,0.00464588938410636,0.00464252705442387,3.36232968248685e-06
0.01,1,15000,192,0.00419543319846614,0.00417978095386799,1.56522445981504e-05
0.01,1,15000,193,0.00377714076974094,0.00375063631073082,2.65044590101217e-05
0.01,1,15000,194,0.00339025155611525,0.0033543527868446,3.58987692706419e-05
0.01,1,15000,195,0.00303380065820797,0.00298995650891281,4.38441492951577e-05
0.01,1,15000,196,0.00270665241038242,0.00265627697371495,5.03754366674714e-05
0.01,1,15000,197,0.00240753283582827,0.0023519830932881,5.55497425401711e-05
0.01,1,15000,198,0.0021350605100031,0.00207561779475808,5.94427152450115e-05
0.01,1,15000,199,0.00188777546288709,0.00182563068553361,6.21447773534783e-05
0.01,1,15000,200,0.00166416583505989,0.00160040839217032,6.37574428895681e-05
0.01,1,15000,201,0.00146269208374677,0.00139830227743827,6.43898063084941e-05
0.01,1,15000,202,0.00128180861095429,0.00121765333244258,6.41552785117076e-05
0.01,1,15000,203,0.00111998275525047,0.00105681412692836,6.3168628322113e-05
0.01,1,15000,204,0.000975711150636333,0.000914167779467397,6.15433711689364e-05
0.01,1,15000,205,0.000847533509653584,0.000788143978839906,5.93895308136788e-05
0.01,1,15000,206,0.000734043933054879,0.000677232147789594,5.68117852652847e-05
0.01,1,15000,207,0.000633899884997347,0.000579991890046834,5.39079949505126e-05
0.01,1,15000,208,0.000545829001032153,0.000495060901053186,5.0768099978967e-05
0.01,1,15000,209,0.000468633916586002,0.000421160552468058,4.74733641179434e-05
0.01,1,15000,210,0.000401195316766373,0.000357099380847855,4.40959359185183e-05
0.01,1,15000,211,0.000342473414894466,0.000301774722621919,4.06986922725474e-05
0.01,1,15000,212,0.000291508067984148,0.000254172741564406,3.7335326419742e-05
0.01,1,15000,213,0.000247417733291053,0.000213367092394398,3.40506408966551e-05
0.01,1,15000,214,0.000209397461913247,0.000178516455997304,3.08810059159433e-05
0.01,1,15000,215,0.000176716114074817,0.000148861169126182,2.78549449486357e-05
0.01,1,15000,216,0.000148712966966068,0.000123719155360005,2.4993811606062e-05
0.01,1,15000,217,0.000124793870587827,0.000102481345555146,2.2312525032681e-05
0.01,1,15000,218,0.000104427090618719,8.46067559310557e-05,1.98203346876633e-05
0.01,1,15000,219,8.71389604769419e-05,6.96173710857592e-05,1.75215893911827e-05
0.01,1,15000,220,7.25094479797989e-05,5.7092958335171e-05,1.54164896446279e-05
0.01,1,15000,221,6.01677257253692e-05,4.66659193910863e-05,1.35018063342829e-05
0.01,1,15000,222,4.97878188572948e-05,3.80162659998199e-05,1.17715528574749e-05
0.01,1,15000,223,4.10843894717008e-05,3.08667881101844e-05,1.02176013615164e-05
0.01,1,15000,224,3.38087037575567e-05,2.49784666764249e-05,8.83023708113181e-06
0.01,1,15000,225,2.77448161358061e-05,2.01461684866251e-05,7.59864764918099e-06
0.01,1,15000,226,2.27059942290189e-05,1.61946475165549e-05,6.51134671246398e-06
0.01,1,15000,227,1.85313994550413e-05,1.2974866250664e-05,5.5565332043773e-06
0.01,1,15000,228,1.50830303590108e-05,1.03606411373889e-05,4.72238922162197e-06
0.01,1,15000,229,1.22429294115111e-05,8.24560876253002e-06,3.99732064898105e-06
0.01,1,15000,230,9.91064881721128e-06,6.54050330699988e-06,3.37014551021141e-06
0.01,1,15000,231,8.0009667930956e-06,5.17073125641444e-06,2.83023553668116e-06
0.01,1,15000,232,6.44184267394494e-06,4.07422598952765e-06,2.36761668441729e-06
0.01,1,15000,233,5.17259696656849e-06,3.19956262496216e-06,1.97303434160633e-06
0.01,1,15000,234,4.14230098509039e-06,2.50431218694694e-06,1.63798879814345e-06
0.01,1,15000,235,3.3083598427845e-06,1.9536136030759e-06,1.3547462397086e-06
0.01,1,15000,236,2.63527224326399e-06,1.51894212287532e-06,1.11633012038867e-06
0.01,1,15000,237,2.09355060525834e-06,1.17705331046411e-06,9.16497294794226e-07
0.01,1,15000,238,1.65878548020509e-06,9.090826975242e-07,7.49702782680894e-07
0.01,1,15000,239,1.31083890004823e-06,6.99782379127255e-07,6.11056520920972e-07
0.01,1,15000,240,1.03315215390922e-06,5.36877204954691e-07,4.96274948954525e-07
0.01,1,15000,241,8.121544767972e-07,4.1052468719474e-07,4.01629789602461e-07
0.01,1,15000,242,6.36760191078009e-07,3.12864252926778e-07,3.23895938151231e-07
0.01,1,15000,243,4.97942930903913e-07,2.37642964876786e-07,2.60299966027127e-07
0.01,1,15000,244,3.88376668333677e-07,1.79906283199463e-07,2.08470385134214e-07
0.01,1,15000,245,3.02134321917543e-07,1.35743815497526e-07,1.66390506420017e-07
0.01,1,15000,246,2.34435744993349e-07,1.0208128418984e-07,1.32354460803509e-07
0.01,1,15000,247,1.81437848271123e-07,7.65111182148187e-08,1.04926730056305e-07
0.01,1,15000,248,1.40060500556569e-07,5.71551442747899e-08,8.29053562817787e-08
0.01,1,15000,249,1.07842667590257e-07,4.25538102987524e-08,6.52888572915041e-08
0.01,1,15000,250,8.28239899534205e-08,3.15772229006846e-08,5.1246767052736e-08
0.01,1,15000,251,6.34476672220834e-08,2.33540262520932e-08,4.00936409699903e-08
0.01,1,15000,252,4.84811092791934e-08,1.72147986365735e-08,3.12663106426199e-08
0.01,1,15000,253,3.69513404899593e-08,1.26472027774999e-08,2.43041377124593e-08
0.01,1,15000,254,2.80926027879508e-08,9.26060517085713e-09,1.88319976170936e-08
0.01,1,15000,255,2.13040046502052e-08,6.75828662269004e-09,1.45457180275152e-08
0.01,1,15000,256,1.61154097827931e-08,4.91570934866613e-09,1.1199700434127e-08
0.01,1,15000,257,1.21600574823058e-08,3.56359333565593e-09,8.59646414664986e-09
0.01,1,15000,258,9.15266136931231e-09,2.574793662268e-09,6.57786770704431e-09
0.01,1,15000,259,6.87194956867987e-09,1.85416797865579e-09,5.01778159002408e-09
0.01,1,15000,260,5.14679219225582e-09,1.33078554038399e-09,3.81600665187184e-09
0.01,1,15000,261,3.84521555364109e-09,9.51961581803941e-10,2.89325397183715e-09
0.01,1,15000,262,2.86573091409884e-09,6.78708240612358e-10,2.18702267348648e-09
0.01,1,15000,263,2.13051232442921e-09,4.822799134211e-10,1.64823241100811e-09
0.01,1,15000,264,1.58004649611046e-09,3.41560450753512e-10,1.23848604535695e-09
0.01,1,15000,265,1.16895043262194e-09,2.41095072016669e-10,9.27855360605273e-10
0.01,1,15000,266,8.627122480342e-10,1.69613900200564e-10,6.93098347833637e-10
0.01,1,15000,267,6.35159334349452e-10,1.18928762419664e-10,5.16230571929787e-10
0.01,1,15000,268,4.66497651445286e-10,8.31121869712547e-11,3.83385464474031e-10
0.01,1,15000,269,3.41797974307029e-10,5.78888434062992e-11,2.8390913090073e-10
0.01,1,15000,270,2.49830773099404e-10,4.01862412158526e-11,2.09644531883551e-10
0.01,1,15000,271,1.82172144280444e-10,2.78043183620028e-11,1.54367825918441e-10
0.01,1,15000,272,1.32519794632793e-10,1.91734148965682e-11,1.13346379736224e-10
0.01,1,15000,273,9.61712866025978e-11,1.31776824962225e-11,8.29936041063753e-11
0.01,1,15000,274,6.96272298502114e-11,9.02674055944126e-12,6.06004892907701e-11
0.01,1,15000,275,5.02903832331173e-11,6.16275968927937e-12,4.41276235438379e-11
0.01,1,15000,276,3.62381499419849e-11,4.19345375134614e-12,3.20446961906387e-11
0.01,1,15000,277,2.60510618122289e-11,2.8439426469237e-12,2.32071191653052e-11
0.01,1,15000,278,1.86838453272125e-11,1.92230440774751e-12,1.6761540919465e-11
0.01,1,15000,279,1.33687742852415e-11,1.29501810885961e-12,1.20737561763818e-11
0.01,1,15000,280,9.54342953450264e-12,8.69524599010376e-13,8.67390493549226e-12
0.01,1,15000,281,6.79685416792366e-12,5.81889145366933e-13,6.21496502255672e-12
0.01,1,15000,282,4.82953223027788e-12,3.8810656645e-13,4.44142566382788e-12
0.01,1,15000,283,3.42372477585964e-12,2.57996656201393e-13,3.16572811965824e-12
0.01,1,15000,284,2.42154361046987e-12,1.70934417186217e-13,2.25060919328365e-12
0.01,1,15000,285,1.70878890982272e-12,1.12874881026889e-13,1.59591402879583e-12
0.01,1,15000,286,1.20306806887439e-12,7.42877914813311e-14,1.12878027739306e-12
0.01,1,15000,287,8.45085445430383e-13,4.87292739701132e-14,7.9635617146027e-13
0.01,1,15000,288,5.92273972430113e-13,3.18577269729743e-14,5.60416245457138e-13
0.01,1,15000,289,4.14151493076634e-13,2.07583095006584e-14,3.93393183575976e-13
0.01,1,15000,290,2.88943756465012e-13,1.34809820837941e-14,2.75462774381218e-13
0.01,1,15000,291,2.01135082559647e-13,8.72576338035198e-15,1.92409319179295e-13
0.01,1,15000,292,1.39696553235348e-13,5.6290834105547e-15,1.34067469824793e-13
0.01,1,15000,293,9.68076795027827e-14,3.61929754154691e-15,9.31883819612358e-14
0.01,1,15000,294,6.69365126264986e-14,2.31933372680735e-15,6.46171788996913e-14
0.01,1,15000,295,4.61794111513319e-14,1.48133931981137e-15,4.46980718315205e-14
0.01,1,15000,296,3.17883956287517e-14,9.42970724132959e-16,3.08454249046187e-14
0.01,1,15000,297,2.18336628416886e-14,5.98265859760826e-16,2.12353969819277e-14
0.01,1,15000,298,1.49632251668542e-14,3.78305436861148e-16,1.4584919729993e-14
0.01,1,15000,299,1.02321590733437e-14,2.38420336745486e-16,9.99373873659819e-15
0.01,1,15000,300,6.98161093182903e-15,1.49760183300976e-16,6.83185074852806e-15
0.01,1,15000,301,4.75327681163204e-15,9.37565850915293e-17,4.65952022654051e-15
0.01,1,15000,302,3.22910731851239e-15,5.85004962257554e-17,3.17060682228664e-15
0.01,1,15000,303,2.18890318698779e-15,3.63805843985858e-17,2.1525226025892e-15
0.01,1,15000,304,1.48056716263102e-15,2.25492521960258e-17,1.458017910435e-15
0.01,1,15000,305,9.99286288396485e-16,1.39298669538356e-17,9.85356421442649e-16
0.01,1,15000,306,6.7299952812005e-16,8.57658003477606e-18,6.64422948085274e-16
0.01,1,15000,307,4.52277888662772e-16,5.26300366825126e-18,4.47014884994521e-16
0.01,1,15000,308,3.03294444565689e-16,3.21888567723876e-18,3.0007555888845e-16
0.01,1,15000,309,2.0295267716445e-16,1.96213906275753e-18,2.00990538101692e-16
0.01,1,15000,310,1.35518647664176e-16,1.19208264984775e-18,1.34326565014328e-16
0.01,1,15000,311,9.02983852977124e-17,7.21830621907899e-19,8.95765546758045e-17
0.01,1,15000,312,6.0039940617507e-17,4.35628804835384e-19,5.96043118126716e-17
0.01,1,15000,313,3.98366262591837e-17,2.62029523451544e-19,3.95745967357322e-17
0.01,1,15000,314,2.63760372794032e-17,1.57085542817286e-19,2.6218951736586e-17
0.01,1,15000,315,1.74270511455599e-17,9.38587052392566e-20,1.73331924403206e-17
0.01,1,15000,316,1.14902181772822e-17,5.58940079630976e-20,1.14343241693191e-17
0.01,1,15000,317,7.56006093512414e-18,3.31747988094044e-20,7.52688613631474e-18
0.01,1,15000,318,4.96383797555757e-18,1.96247301974929e-20,4.94421324536008e-18
0.01,1,15000,319,3.25242879540032e-18,1.15704817979817e-20,3.24085831360234e-18
0.01,1,15000,320,2.12666216286573e-18,6.79910180308118e-21,2.11986306106264e-18
0.01,1,15000,321,1.38768954058493e-18,3.98202512663273e-21,1.38370751545829e-18
0.01,1,15000,322,9.03632445066518e-19,2.32438893849348e-21,9.01308056128025e-19
0.01,1,15000,323,5.87218302740089e-19,1.3522779160102e-21,5.85866024824079e-19
0.01,1,15000,324,3.80818627074931e-19,7.84107238390443e-22,3.80034519836541e-19
0.01,1,15000,325,2.46462114226703e-19,4.53145135380895e-22,2.46008969091322e-19
0.01,1,15000,326,1.59183514225905e-19,2.61006626178535e-22,1.58922507599726e-19
0.01,1,15000,327,1.0260404273907e-19,1.49836664077564e-22,1.02454206074992e-19
0.01,1,15000,328,6.60012024363072e-20,8.57308263240459e-23,6.59154716099831e-20
0.01,1,15000,329,4.23704158499464e-20,4.88886759822292e-23,4.23215271739642e-20
0.01,1,15000,330,2.71456104446913e-20,2.77863750560417e-23,2.71178240696353e-20
0.01,1,15000,331,1.73566137487154e-20,1.5740113617004e-23,1.73408736350984e-20
0.01,1,15000,332,1.10754496929712e-20,8.88661129024419e-24,1.10665630816809e-20
0.01,1,15000,333,7.05328114212075e-21,5.00053944021526e-24,7.04828060268053e-21
0.01,1,15000,334,4.48287821317581e-21,2.80446407839375e-24,4.48007374909741e-21
0.01,1,15000,335,2.84355123524409e-21,1.56760001146593e-24,2.84198363523262e-21
0.01,1,15000,336,1.80013878714112e-21,8.73319155364498e-25,1.79926546798575e-21
0.01,1,15000,337,1.13735009632534e-21,4.84912149901243e-25,1.13686518417544e-21
0.01,1,15000,338,7.17179748902512e-22,2.68352408456608e-25,7.16911396494055e-22
0.01,1,15000,339,4.51346365682957e-22,1.48013142965139e-25,4.51198352539992e-22
0.01,1,15000,340,2.83493018170219e-22,8.13668335967104e-26,2.83411651336622e-22
0.01,1,15000,341,1.77716464360841e-22,4.4580701948033e-26,1.77671883658893e-22
0.01,1,15000,342,1.11190638379836e-22,2.4344381255468e-26,1.11166293998581e-22
0.01,1,15000,343,6.94330781183408e-23,1.32496049952216e-26,6.94198285133455e-23
0.01,1,15000,344,4.32737582033016e-23,7.18719574171361e-27,4.32665710075599e-23
0.01,1,15000,345,2.6918147185708e-23,3.88569194056338e-27,2.69142614937675e-23
0.01,1,15000,346,1.67120763744086e-23,2.09377308103097e-27,1.67099826013276e-23
0.01,1,15000,347,1.03557770956088e-23,1.124457923372e-27,1.03546526376854e-23
0.01,1,15000,348,6.4047817510865e-24,6.01878954373595e-28,6.40417987213212e-24
0.01,1,15000,349,3.95364482757599e-24,3.21090501422308e-28,3.95332373707457e-24
0.01,1,15000,350,2.43593082454574e-24,1.70725388873542e-28,2.43576009915687e-24
0.01,1,15000,351,1.49798867103501e-24,9.04734423209069e-29,1.49789819759269e-24
0.01,1,15000,352,9.19455412083397e-25,4.77855369425359e-29,9.19407626546455e-25
0.01,1,15000,353,5.63292103559898e-25,2.51549916656129e-29,5.63266948568232e-25
0.01,1,15000,354,3.4444490655547e-25,1.31978818739506e-29,3.44431708673596e-25
0.01,1,15000,355,2.10228332183016e-25,6.90139123326609e-30,2.10221430791782e-25
0.01,1,15000,356,1.28070866336785e-25,3.59684241135883e-30,1.28067269494374e-25
0.01,1,15000,357,7.78752252250141e-26,1.8683512409568e-30,7.78733568737732e-26
0.01,1,15000,358,4.7265078371013e-26,9.67270607181021e-31,4.72641111004058e-26
0.01,1,15000,359,2.86335879221935e-26,4.99102572931269e-31,2.86330888196205e-26
0.01,1,15000,360,1.73144099126609e-26,2.56675240868819e-31,1.731415323742e-26
0.01,1,15000,361,1.04505311294379e-26,1.31562009850879e-31,1.04503995674281e-26
0.01,1,15000,362,6.29607625312444e-27,6.72093000533128e-32,6.29600904382438e-27
0.01,1,15000,363,3.78621052543115e-27,3.42200466466831e-32,3.78617630538451e-27
0.01,1,15000,364,2.2727150001702e-27,1.73653752977326e-32,2.27269763479491e-27
0.01,1,15000,365,1.36173673784257e-27,8.78294375972461e-33,1.36172795489881e-27
0.01,1,15000,366,8.14427918269405e-28,4.42739613618235e-33,8.14423490873269e-28
0.01,1,15000,367,4.86216641665808e-28,2.22438016275458e-33,4.86214417285645e-28
0.01,1,15000,368,2.89761951949671e-28,1.11383791376312e-33,2.89760838111757e-28
0.01,1,15000,369,1.72401033184537e-28,5.55888041956247e-34,1.72400477296495e-28
0.01,1,15000,370,1.0244762742276e-28,2.76506292185911e-34,1.02447350916468e-28
0.01,1,15000,371,6.08878081421196e-29,1.37080303437854e-34,6.08876710618162e-29
0.01,1,15000,372,3.63644977512356e-29,6.77325532902775e-35,3.63644300186823e-29
0.01,1,15000,373,2.21698107551752e-29,3.33558636085334e-35,2.21697773993116e-29
0.01,1,15000,374,1.44762774619203e-29,1.63719075304855e-35,1.44762610900128e-29
0.01,1,15000,375,1.13613568881713e-29,8.00900801897245e-36,1.13613488791633e-29
0.01,1,15000,376,1.23975691177992e-29,3.90490547656258e-36,1.23975652128937e-29
0.01,1,15000,377,1.87536682685037e-29,1.89755631920229e-36,1.87536663709474e-29
0.01,1,15000,378,3.39359170425911e-29,9.19033146366177e-37,3.3935916123558e-29
0.01,1,15000,379,6.5561470897169e-29,4.43629101451129e-37,6.55614704535399e-29
0.01,1,15000,380,1.29006601865867e-28,2.13432834265249e-37,1.29006601652434e-28
0.01,1,15000,381,2.54603322830745e-28,1.02342209154671e-37,2.54603322728402e-28
0.01,1,15000,382,5.01624597609974e-28,4.89103414753438e-38,5.01624597561063e-28
0.01,1,15000,383,9.85266184056627e-28,2.32969439160621e-38,9.8526618403333e-28
0.01,1,15000,384,1.92844848126729e-27,1.10598583607311e-38,1.92844848125623e-27
0.01,1,15000,385,3.76085264644691e-27,5.23302160629016e-39,3.76085264644168e-27
0.01,1,15000,386,7.30750517482075e-27,2.46778796724888e-39,7.30750517481828e-27
0.01,1,15000,387,1.41464680078183e-26,1.15988653951128e-39,1.41464680078171e-26
0.01,1,15000,388,2.72846097749388e-26,5.43344814133844e-40,2.72846097749382e-26
0.01,1,15000,389,5.24292984973108e-26,2.53680973706983e-40,5.24292984973105e-26
0.01,1,15000,390,1.00372093559269e-25,1.18046364708462e-40,1.00372093559269e-25
0.01,1,15000,391,1.91439143006983e-25,5.47481804972335e-41,1.91439143006983e-25
0.01,1,15000,392,3.63767235007054e-25,2.5306909685651e-41,3.63767235007054e-25
0.01,1,15000,393,6.88632957627694e-25,1.16589889775787e-41,6.88632957627694e-25
0.01,1,15000,394,1.29873269297408e-24,5.35346564456444e-42,1.29873269297408e-24
0.01,1,15000,395,2.44014644294224e-24,2.4499741379214e-42,2.44014644294224e-24
0.01,1,15000,396,4.56743745860368e-24,1.11748147317124e-42,4.56743745860368e-24
0.01,1,15000,397,8.51699572497596e-24,5.08009127125361e-43,8.51699572497596e-24
0.01,1,15000,398,1.58217275137955e-23,2.30173356178585e-43,1.58217275137955e-23
0.01,1,15000,399,2.92800371720137e-23,1.03941968429403e-43,2.92800371720137e-23
0.01,1,15000,400,5.39804187532475e-23,4.67820421339356e-44,5.39804187532475e-23
0.01,1,20000,0,1.20417689669476e-19,2.2876877952604e-26,1.20417666792598e-19
0.01,1,20000,1,8.15906692467929e-20,3.86241104325642e-26,8.15906306226825e-20
0.01,1,20000,2,5.51930261637592e-20,6.50480809961961e-26,5.51929611156782e-20
0.01,1,20000,3,3.72754574696369e-20,1.09275990400004e-25,3.72753481936465e-20
0.01,1,20000,4,2.51338128554413e-20,1.8311725842777e-25,2.51336297381828e-20
0.01,1,20000,5,1.69196722047793e-20,3.06089243262356e-25,1.6919366115536e-20
0.01,1,20000,6,1.1371696074445e-20,5.10365279715301e-25,1.13711857091653e-20
0.01,1,20000,7,7.6306204531513e-21,8.48845086720963e-25,7.62977160806458e-21
0.01,1,20000,8,5.11207725315944e-21,1.40828327213811e-24,5.11066896988731e-21
0.01,1,20000,9,3.41931977384336e-21,2.33058993169319e-24,3.41698918391167e-21
0.01,1,20000,10,2.28343702326482e-21,3.84729931335321e-24,2.27958972395146e-21
0.01,1,20000,11,1.52247029315059e-21,6.33520026091121e-24,1.51613509288968e-21
0.01,1,20000,12,1.01350458298251e-21,1.04058841010141e-23,1.00309869888149e-21
0.01,1,20000,13,6.73650618657465e-22,1.70495093314003e-23,6.56601109326065e-22
0.01,1,20000,14,4.47108432175195e-22,2.78650001136037e-23,4.19243432061591e-22
0.01,1,20000,15,2.96384222523157e-22,4.54276715598833e-23,2.50956550963274e-22
0.01,1,20000,16,1.96339560692498e-22,7.38747746352127e-23,1.22464786057286e-22
0.01,1,20000,17,1.301702943027e-22,1.19835674492754e-22,1.03346198099461e-23
0.01,1,20000,18,8.67004911028189e-23,1.93905596587348e-22,-1.07205105484529e-22
0.01,1,20000,19,5.85753677995828e-23,3.12974408463007e-22,-2.54399040663424e-22
0.01,1,20000,20,4.10750258555695e-23,5.03896769715e-22,-4.62821743859431e-22
0.01,1,20000,21,3.13682544805731e-23,8.09260951081463e-22,-7.7789269660089e-22
0.01,1,20000,22,2.80974797506811e-23,1.29643235055019e-21,-1.26833487079951e-21
0.01,1,20000,23,3.12436701751577e-23,2.07169299734801e-21,-2.04044932717286e-21
0.01,1,20000,24,4.22737386409976e-23,3.30228993036968e-21,-3.26001619172868e-21
0.01,1,20000,25,6.46331193278832e-23,5.25072491498518e-21,-5.1860917956573e-21
0.01,1,20000,26,1.04725501407222e-22,8.32794016189958e-21,-8.22321466049236e-21
0.01,1,20000,27,1.73637922022148e-22,1.31755935693714e-20,-1.30019556473493e-20
0.01,1,20000,28,2.90049127322612e-22,2.07929948955757e-20,-2.0502945768253e-20
0.01,1,20000,29,4.85043446895418e-22,3.27324239951094e-20,-3.2247380548214e-20
0.01,1,20000,30,8.100059934458e-22,5.13988678583446e-20,-5.05888618648988e-20
0.01,1,20000,31,1.34949963708944e-21,8.05087718940794e-20,-7.915927225699e-20
0.01,1,20000,32,2.24218043169496e-21,1.25790288847571e-19,-1.23548108415876e-19
0.01,1,20000,33,3.71464847406318e-21,1.96049297628206e-19,-1.92334649154143e-19
0.01,1,20000,34,6.13605155317288e-21,3.04787906478123e-19,-2.9865185492495e-19
0.01,1,20000,35,1.01058784787614e-20,4.72655194095143e-19,-4.62549315616381e-19
0.01,1,20000,36,1.6594662237315e-20,7.31148178750324e-19,-7.14553516513009e-19
0.01,1,20000,37,2.71687577871054e-20,1.12818581276032e-18,-1.10101705497321e-18
0.01,1,20000,38,4.43482826864076e-20,1.7364813742831e-18,-1.6921330915967e-18
0.01,1,20000,39,7.21752837779184e-20,2.6660843679117e-18,-2.59390908413379e-18
0.01,1,20000,40,1.17112709286883e-19,4.08311781583477e-18,-3.96600510654789e-18
0.01,1,20000,41,1.89462227112738e-19,6.23769589835372e-18,-6.04823367124098e-18
0.01,1,20000,42,3.05593157652807e-19,9.50540768953982e-18,-9.19981453188701e-18
0.01,1,20000,43,4.91435272145741e-19,1.44487927901495e-17,-1.39573575180037e-17
0.01,1,20000,44,7.87934464542077e-19,2.19081971775468e-17,-2.11202627130047e-17
0.01,1,20000,45,1.25954688791389e-18,3.31356872798438e-17,-3.18761403919299e-17
0.01,1,20000,46,2.00742105257617e-18,4.99918937424859e-17,-4.79844726899097e-17
0.01,1,20000,47,3.18978899990243e-18,7.52345725854099e-17,-7.20447835855074e-17
0.01,1,20000,48,5.05340686770317e-18,1.12940470157715e-16,-1.07887063290012e-16
0.01,1,20000,49,7.98187489349346e-18,1.69120396588934e-16,-1.6113852169544e-16
0.01,1,20000,50,1.25696575882151e-17,2.52613554176845e-16,-2.4004389658863e-16
0.01,1,20000,51,1.97351043932126e-17,3.76384364451549e-16,-3.56649260058337e-16
0.01,1,20000,52,3.08924574942982e-17,5.59397810717593e-16,-5.28505353223295e-16
0.01,1,20000,53,4.82127789174229e-17,8.29323963531155e-16,-7.81111184613732e-16
0.01,1,20000,54,7.50184703813546e-17,1.22642764284821e-15,-1.15140917246686e-15
0.01,1,20000,55,1.16377832680958e-16,1.80914722555626e-15,-1.6927693928753e-15
0.01,1,20000,56,1.79998157914487e-16,2.66207418612648e-15,-2.48207602821199e-15
0.01,1,20000,57,2.77562848514593e-16,3.90733512588501e-15,-3.62977227737042e-15
0.01,1,20000,58,4.26726746163961e-16,5.72078245090068e-15,-5.29405570473672e-15
0.01,1,20000,59,6.54083883410283e-16,8.35496178519188e-15,-7.70087790178159e-15
0.01,1,20000,60,9.99567022707757e-16,1.2171602665145e-14,-1.11720356424373e-14
0.01,1,20000,61,1.52294822433108e-15,1.76874542380495e-14,-1.61645060137184e-14
0.01,1,20000,62,2.31341206168223e-15,2.56387681839834e-14,-2.33253561223012e-14
0.01,1,20000,63,3.50360718438861e-15,3.70717634985217e-14,-3.35681563141331e-14
0.01,1,20000,64,5.29020283811624e-15,5.34691893577082e-14,-4.8178986519592e-14
0.01,1,20000,65,7.96386188546157e-15,7.69268975280637e-14,-6.89630356426022e-14
0.01,1,20000,66,1.19527985335359e-14,1.10399498156857e-13,-9.8446699623321e-14
0.01,1,20000,67,1.78858670159476e-14,1.58041173073453e-13,-1.40155306057506e-13
0.01,1,20000,68,2.66836340325956e-14,2.25677183860276e-13,-1.9899354982768e-13
0.01,1,20000,69,3.96894083641309e-14,3.21454364537682e-13,-2.81764956173551e-13
0.01,1,20000,70,5.88571278098317e-14,4.5673602041823e-13,-3.97878892608398e-13
0.01,1,20000,71,8.70198725872082e-14,6.47329596915959e-13,-5.60309724328751e-13
0.01,1,20000,72,1.28272315765393e-13,9.15166108507789e-13,-7.86893792742396e-13
0.01,1,20000,73,1.88513625578891e-13,1.29059107249933e-12,-1.10207744692044e-12
0.01,1,20000,74,2.76215539380525e-13,1.81548075089589e-12,-1.53926521151537e-12
0.01,1,20000,75,4.03505334087829e-13,2.54746897942184e-12,-2.14396364533401e-12
0.01,1,20000,76,5.87687633782597e-13,3.56566406199804e-12,-2.97797642821544e-12
0.01,1,20000,77,8.53375636942623e-13,4.97835895274852e-12,-4.1249833158059e-12
0.01,1,20000,78,1.23546568409232e-12,6.93339997082656e-12,-5.69793428673424e-12
0.01,1,20000,79,1.78327476896082e-12,9.63209073967953e-12,-7.84881597071871e-12
0.01,1,20000,80,2.56627605862671e-12,1.33477830738143e-11,-1.07815070151875e-11
0.01,1,20000,81,3.68202247872571e-12,1.84506630806228e-11,-1.47686406018971e-11
0.01,1,20000,82,5.26705566082331e-12,2.54407014082253e-11,-2.0173645747402e-11
0.01,1,20000,83,7.51187356959671e-12,3.4991329742899e-11,-2.74794561733023e-11
0.01,1,20000,84,1.06813963048848e-11,4.80071668515617e-11,-3.73257705466768e-11
0.01,1,20000,85,1.51428534282044e-11,6.57000909077942e-11,-5.05572374795898e-11
0.01,1,20000,86,2.14036529577162e-11,8.96891953982043e-11,-6.82855424404881e-11
0.01,1,20000,87,3.01626268789741e-11,1.22131741340353e-10,-9.19691144613785e-11
0.01,1,20000,88,4.23791377020182e-11,1.65894212177365e-10,-1.23515074475346e-10
0.01,1,20000,89,5.93659473331159e-11,2.24775091550662e-10,-1.65409144217546e-10
0.01,1,20000,90,8.29135838904181e-11,3.03794142491164e-10,-2.20880558600746e-10
0.01,1,20000,91,1.154563073067e-10,4.09566920173959e-10,-2.94110612867259e-10
0.01,1,20000,92,1.60292811455262e-10,5.50788181234115e-10,-3.90495369778853e-10
0.01,1,20000,93,2.21878683326157e-10,7.38853979324003e-10,-5.16975295997845e-10
0.01,1,20000,94,3.06212582828924e-10,9.88659820312234e-10,-6.82447237483309e-10
0.01,1,20000,95,4.21344372384022e-10,1.31962160178529e-09,-8.98277229401264e-10
0.01,1,20000,96,5.78041332660331e-10,1.75697754741022e-09,-1.17893621474989e-09
0.01,1,20000,97,7.90658535491423e-10,2.33344339879713e-09,-1.54278486330571e-09
0.01,1,20000,98,1.07827187096679e-09,3.09131025008292e-09,-2.01303837911613e-09
0.01,1,20000,99,1.46614769690738e-09,4.08509518927161e-09,-2.61894749236423e-09
0.01,1,20000,100,1.98764225268579e-09,5.38488002127164e-09,-3.39723776858585e-09
0.01,1,20000,101,2.68664763017688e-09,7.08050356508059e-09,-4.39385593490371e-09
0.01,1,20000,102,3.62073012865073e-09,9.28680922277647e-09,-5.66607909412574e-09
0.01,1,20000,103,4.86514228968573e-09,1.21501927054027e-08,-7.28505041571692e-09
0.01,1,20000,104,6.51793302429848e-09,1.58567460835799e-08,-9.33881305928139e-09
0.01,1,20000,105,8.70643239088612e-09,2.064235494315e-08,-1.19359225522639e-08
0.01,1,20000,106,1.15954503242552e-08,2.68051767234881e-08,-1.5209726399233e-08
0.01,1,20000,107,1.53976037056236e-08,3.47210117692768e-08,-1.93234080636532e-08
0.01,1,20000,108,2.03862755421973e-08,4.48621758119166e-08,-2.44759002697193e-08
0.01,1,20000,109,2.69118158163395e-08,5.78205951789891e-08,-3.09087793626495e-08
0.01,1,20000,110,3.5421718059396e-08,7.43359757367149e-08,-3.89142576773189e-08
0.01,1,20000,111,4.64856513357976e-08,9.53300451561405e-08,-4.88443938203429e-08
0.01,1,20000,112,6.08263966217837e-08,1.21948037294668e-07,-6.11216406728841e-08
0.01,1,20000,113,7.93579321066603e-08,1.55608778957447e-07,-7.62508468507867e-08
0.01,1,20000,114,1.03232136277645e-07,1.98064954551604e-07,-9.48328182739586e-08
0.01,1,20000,115,1.33895833186513e-07,2.51475364429622e-07,-1.17579531243109e-07
0.01,1,20000,116,1.73160193198578e-07,3.18491258943355e-07,-1.45331065744777e-07
0.01,1,20000,117,2.2328482654932e-07,4.02359122824615e-07,-1.79074296275295e-07
0.01,1,20000,118,2.87079267354949e-07,5.07042603274337e-07,-2.19963335919388e-07
0.01,1,20000,119,3.68024942720142e-07,6.37366619091672e-07,-2.6934167637153e-07
0.01,1,20000,120,4.70421154603922e-07,7.99187055345274e-07,-3.28765900741352e-07
0.01,1,20000,121,5.99559069181784e-07,9.99589835346141e-07,-4.00030766164357e-07
0.01,1,20000,122,7.61928206013073e-07,1.24712356450268e-06,-4.85195358489605e-07
0.01,1,20000,123,9.6546044189633e-07,1.55207035289251e-06,-5.86609910996181e-07
0.01,1,20000,124,1.21981708411822e-06,1.92675983710436e-06,-7.06942752986138e-07
0.01,1,20000,125,1.53672511451387e-06,2.38593182706025e-06,-8.49206712546375e-07
0.01,1,20000,126,1.93036924605257e-06,2.94715338782699e-06,-1.01678414177442e-06
0.01,1,20000,127,2.41784695097291e-06,3.63129651511262e-06,-1.21344956413971e-06
0.01,1,20000,128,3.01969409370162e-06,4.46308285885665e-06,-1.44338876515503e-06
0.01,1,20000,129,3.76048920901655e-06,5.47170217199003e-06,-1.71121296297348e-06
0.01,1,20000,130,4.66954477836912e-06,6.69151128824427e-06,-2.02196650987514e-06
0.01,1,20000,131,5.7816940432345e-06,8.16282043831211e-06,-2.38112639507761e-06
0.01,1,20000,132,7.13818191824704e-06,9.93277356963863e-06,-2.79459165139158e-06
0.01,1,20000,133,8.78766838957657e-06,1.20563290112997e-05,-3.2686606217231e-06
0.01,1,20000,134,1.07873523632738e-05,1.4597346289573e-05,-3.80999392629921e-06
0.01,1,20000,135,1.32042232195098e-05,1.76297841183723e-05,-4.4255608988625e-06
0.01,1,20000,136,1.61164462856007e-05,2.12390135275376e-05,-5.1225672419369e-06
0.01,1,20000,137,1.96148870169897e-05,2.55232487172093e-05,-5.90836170021961e-06
0.01,1,20000,138,2.38047768256351e-05,3.05950965056886e-05,-6.79031968005346e-06
0.01,1,20000,139,2.88075211771228e-05,3.65832231415155e-05,-7.77570196439273e-06
0.01,1,20000,140,3.47626477537445e-05,4.3634134752288e-05,-8.87148699854354e-06
0.01,1,20000,141,4.1829889120418e-05,5.19140647830706e-05,-1.00841756626526e-05
0.01,1,20000,142,5.01913904129139e-05,6.16109584236509e-05,-1.14195680107371e-05
0.01,1,20000,143,6.00540280849359e-05,7.29365402333373e-05,-1.28825121484014e-05
0.01,1,20000,144,7.16518207086743e-05,8.6128446952684e-05,-1.44766262440097e-05
0.01,1,20000,145,8.52484072467434e-05,0.000101452402864988,-1.6203995618245e-05
0.01,1,20000,146,0.000101139562146509,0.000119204410073242,-1.80648479267331e-05
0.01,1,20000,147,0.00011965571011806,0.000139712920743972,-2.00572106259122e-05
0.01,1,20000,148,0.000141164396636702,0.000163340952809996,-2.21765561732937e-05
0.01,1,20000,149,0.000166072663178479,0.00019048810491109,-2.44154417326114e-05
0.01,1,20000,150,0.000194829269098894,0.0002215924205969,-2.67631514980064e-05
0.01,1,20000,151,0.000227926695074306,0.000257132046152697,-2.92053510783907e-05
0.01,1,20000,152,0.00026590285634266,0.000297626620988793,-3.17237646461323e-05
0.01,1,20000,153,0.000309342447830649,0.000343638334530699,-3.42958867000499e-05
0.01,1,20000,154,0.000358877837885213,0.000395772579148998,-3.68947412637851e-05
0.01,1,20000,155,0.000415189423003373,0.000454678125079553,-3.94887020761793e-05
0.01,1,20000,156,0.000479005352952754,0.00052104674072113,-4.20413877683761e-05
0.01,1,20000,157,0.000551100534278165,0.000595612180380259,-4.45116461020941e-05
0.01,1,20000,158,0.000632294820676803,0.000679148461684281,-4.68536410074776e-05
0.01,1,20000,159,0.000723450301363768,0.000772467356719758,-4.90170553559903e-05
0.01,1,20000,160,0.000825467603586234,0.000876415024678427,-5.09474210921931e-05
0.01,1,20000,161,0.000939281133091761,0.000991867719589766,-5.25865864980054e-05
0.01,1,20000,162,0.00106585318678243,0.00111972651474214,-5.38733279597163e-05
0.01,1,20000,163,0.00120616688510537,0.00126091099575972,-5.47441106543483e-05
0.01,1,20000,164,0.001361217887989,0.00141635188708006,-5.51339990910583e-05
0.01,1,20000,165,0.00153200487730359,0.00158698259178337,-5.49777144797823e-05
0.01,1,20000,166,0.00171951881079067,0.00177372964231157,-5.42108315209058e-05
0.01,1,20000,167,0.0019247309769612,0.00197750207946851,-5.27711025073141e-05
0.01,1,20000,168,0.00214857990730455,0.00219917979902136,-5.05998917168047e-05
0.01,1,20000,169,0.002391957230875,0.00243960092895914,-4.76436980841352e-05
0.01,1,20000,170,0.00265569258642994,0.0026995483256594,-4.38557392294613e-05
0.01,1,20000,171,0.00294053773818752,0.0029797353034408,-3.9197565253279e-05
0.01,1,20000,172,0.00324715007227034,0.00328079073873383,-3.36406664634909e-05
0.01,1,20000,173,0.00357607568124872,0.0036032437168109,-2.71680355621823e-05
0.01,1,20000,174,0.00392773227307753,0.00394750791504471,-1.97756419671796e-05
0.01,1,20000,175,0.00430239216727562,0.00431386594132558,-1.14737740499523e-05
0.01,1,20000,176,0.00470016566455318,0.00470245386884435,-2.28820429116604e-06
0.01,1,20000,177,0.00512098509537636,0.0051132462281989,7.7388671774585e-06
0.01,1,20000,178,0.00556458986733612,0.00554604173397278,1.85481333633431e-05
0.01,1,20000,179,0.00603051283987571,0.00600045003484928,3.00628050264292e-05
0.01,1,20000,180,0.00651806835724341,0.00647587978329459,4.21885739488254e-05
0.01,1,20000,181,0.00702634226589615,0.00697152832226801,5.48139436281382e-05
0.01,1,20000,182,0.0075541842305547,0.00748637328178724,6.78109487674619e-05
0.01,1,20000,183,0.00810020264343688,0.00801916636709598,8.10362763408994e-05
0.01,1,20000,184,0.00866276239378816,0.00856842960239037,9.43327913977953e-05
0.01,1,20000,185,0.00923998572981426,0.0091324542694511,0.000107531460363165
0.01,1,20000,186,0.00982975640282482,0.00970930274916065,0.000120453653664173
0.01,1,20000,187,0.0104297272343733,0.0102968134359987,0.00013291379837458
0.01,1,20000,188,0.0110373311921816,0.0108926088516275,0.00014472234055409
0.01,1,20000,189,0.0116497960006324,0.0114941070342116,0.000155688966420788
0.01,1,20000,190,0.0122641622477511,0.0120985362259572,0.00016562602179398
0.01,1,20000,191,0.0128773048841827,0.0127029528234594,0.000174352060723224
0.01,1,20000,192,0.0134859579421595,0.0133042624949377,0.000181695447221748
0.01,1,20000,193,0.0140867422353772,0.0138992443065498,0.000187497928827348
0.01,1,20000,194,0.0146761957356609,0.0144845776380741,0.000191618097586733
0.01,1,20000,195,0.0152508062609244,0.0150568716077402,0.000193934653184189
0.01,1,20000,196,0.0158070460527753,0.0156126966683381,0.000194349384437261
0.01,1,20000,197,0.0163414077727151,0.0161486179833957,0.00019278978931939
0.01,1,20000,198,0.016850441404594,0.01666123014459,0.000189211260004023
0.01,1,20000,199,0.0173307915190267,0.0171471927509692,0.0001835987680575
0.01,1,20000,200,0.0177792343338555,0.017603266338215,0.000175967995640503
0.01,1,20000,201,0.018192713994235,0.0180263481230824,0.000166365871152582
0.01,1,20000,202,0.018568377497001,0.0184135070151662,0.000154870481834865
0.01,1,20000,203,0.0189036076968832,0.0187620173458469,0.00014159035103626
0.01,1,20000,204,0.019196053856747,0.0190693907730262,0.000126663083720818
0.01,1,20000,205,0.0194436592400099,0.0193334058401425,0.000110253399867481
0.01,1,20000,206,0.0196446852899837,0.0195521346987728,9.25505912109104e-05
0.01,1,20000,207,0.0197977319972019,0.0197239665453944,7.37654518074872e-05
0.01,1,20000,208,0.0199017541205736,0.0198476273738506,5.41267467229663e-05
0.01,1,20000,209,0.0199560730000284,0.0199221957047382,3.38772952901897e-05
0.01,1,20000,210,0.019960383775581,0.0199471140200716,1.32697555093354e-05
0.01,1,20000,211,0.0199147579086742,0.0199221957047382,-7.43779606404357e-06
0.01,1,20000,212,0.0198196409844412,0.0198476273738506,-2.79863894094255e-05
0.01,1,20000,213,0.0196758458562607,0.0197239665453944,-4.81206891337627e-05
0.01,1,20000,214,0.0194845412748275,0.0195521346987728,-6.75934239452586e-05
0.01,1,20000,215,0.0192472362211066,0.0193334058401425,-8.6169619035896e-05
0.01,1,20000,216,0.0189657602343225,0.0190693907730262,-0.000103630538703658
0.01,1,20000,217,0.0186422400910251,0.0187620173458469,-0.000119777254821842
0.01,1,20000,218,0.0182790732479429,0.0184135070151662,-0.00013443376722326
0.01,1,20000,219,0.017878898508709,0.0180263481230824,-0.000147449614373428
0.01,1,20000,220,0.0174445644117524,0.017603266338215,-0.000158701926462574
0.01,1,20000,221,0.0169790958631612,0.0171471927509692,-0.000168096887808021
0.01,1,20000,222,0.0164856595538104,0.01666123014459,-0.000175570590779613
0.01,1,20000,223,0.0159675287045293,0.0161486179833957,-0.000181089278866432
0.01,1,20000,224,0.0154280476767984,0.0156126966683381,-0.000184648991539643
0.01,1,20000,225,0.0148705969699328,0.0150568716077402,-0.000186274637807467
0.01,1,20000,226,0.0142985590996675,0.0144845776380741,-0.000186018538406611
0.01,1,20000,227,0.0137152858184564,0.0138992443065498,-0.000183958488093411
0.01,1,20000,228,0.013124067095734,0.0133042624949377,-0.00018019539920373
0.01,1,20000,229,0.0125281022281237,0.0127029528234594,-0.00017485059533578
0.01,1,20000,230,0.0119304733964267,0.0120985362259572,-0.000168062829530457
0.01,1,20000,231,0.0113341219295935,0.0114941070342116,-0.000159985104618177
0.01,1,20000,232,0.0107418274771542,0.0108926088516275,-0.00015078137447328
0.01,1,20000,233,0.0101561902321502,0.0102968134359987,-0.000140623203848583
0.01,1,20000,234,0.00957961628777242,0.00970930274916065,-0.000129686461388232
0.01,1,20000,235,0.00901430615391344,0.0091324542694511,-0.000118148115537658
0.01,1,20000,236,0.00846224640576805,0.00856842960239037,-0.00010618319662232
0.01,1,20000,237,0.00792520438646545,0.00801916636709598,-9.39619806305299e-05
0.01,1,20000,238,0.00740472584027917,0.00748637328178724,-8.16474415080738e-05
0.01,1,20000,239,0.0069021353129001,0.00697152832226801,-6.93930093679119e-05
0.01,1,20000,240,0.0064185391210462,0.00647587978329459,-5.73406622483858e-05
0.01,1,20000,241,0.00595483066562803,0.00600045003484928,-4.56193692212484e-05
0.01,1,20000,242,0.00551169784092908,0.00554604173397278,-3.43438930436998e-05
0.01,1,20000,243,0.00508963227677799,0.0051132462281989,-2.36139514209061e-05
0.01,1,20000,244,0.00468894014132092,0.00470245386884435,-1.35137275234275e-05
0.01,1,20000,245,0.00430975422845381,0.00431386594132558,-4.11171287176618e-06
0.01,1,20000,246,0.00395204705584271,0.00394750791504471,4.53914079800652e-06
0.01,1,20000,247,0.00361564470624878,0.0036032437168109,1.24009894378768e-05
0.01,1,20000,248,0.00330024115601686,0.00328079073873383,1.94504172830348e-05
0.01,1,20000,249,0.00300541284946572,0.0029797353034408,2.56775460249201e-05
0.01,1,20000,250,0.00273063329588626,0.0026995483256594,3.10849702268574e-05
0.01,1,20000,251,0.00247528748625375,0.00243960092895914,3.56865572946129e-05
0.01,1,20000,252,0.0022386859489389,0.00219917979902136,3.95061499175418e-05
0.01,1,20000,253,0.00202007828703241,0.00197750207946851,4.25762075638944e-05
0.01,1,20000,254,0.00181866606378445,0.00177372964231157,4.49364214728757e-05
0.01,1,20000,255,0.00163361492655935,0.00158698259178337,4.6632334775978e-05
0.01,1,20000,256,0.00146406588312589,0.00141635188708006,4.77139960458333e-05
0.01,1,20000,257,0.00130914566661875,0.00126091099575972,4.82346708590262e-05
0.01,1,20000,258,0.00116797614675488,0.00111972651474214,4.82496320127306e-05
0.01,1,20000,259,0.00103968276457748,0.000991867719589766,4.78150449877137e-05
0.01,1,20000,260,0.000923401985903989,0.000876415024678427,4.69869612255622e-05
0.01,1,20000,261,0.000818287784614175,0.000772467356719758,4.58204278944166e-05
0.01,1,20000,262,0.000723517180832094,0.000679148461684281,4.43687191478129e-05
0.01,1,20000,263,0.000638294870890612,0.000595612180380259,4.26826905103527e-05
0.01,1,20000,264,0.000561856995731015,0.00052104674072113,4.08102550098849e-05
0.01,1,20000,265,0.000493474102138031,0.000454678125079553,3.87959770584785e-05
0.01,1,20000,266,0.000432453357036298,0.000395772579148998,3.66807778872995e-05
0.01,1,20000,267,0.000378140079102548,0.000343638334530699,3.45017445718499e-05
0.01,1,20000,268,0.000329918654326879,0.000297626620988793,3.22920333380863e-05
0.01,1,20000,269,0.000287212903052348,0.000257132046152697,3.00808568996511e-05
0.01,1,20000,270,0.000249485965611411,0.0002215924205969,2.7893545014511e-05
0.01,1,20000,271,0.00021623977214236,0.00019048810491109,2.57516672312695e-05
0.01,1,20000,272,0.000187014159690953,0.000163340952809996,2.36732068809566e-05
0.01,1,20000,273,0.000161385696459738,0.000139712920743972,2.16727757157655e-05
0.01,1,20000,274,0.00013896626922985,0.000119204410073242,1.97618591566083e-05
0.01,1,20000,275,0.000119401485706349,0.000101452402864988,1.79490828413604e-05
0.01,1,20000,276,0.000102368938974136,8.6128446952684e-05,1.62404920214515e-05
0.01,1,20000,277,8.75763765282043e-05,7.29365402333373e-05,1.4639836294867e-05
0.01,1,20000,278,7.47598115746828e-05,6.16109584236509e-05,1.31488531510319e-05
0.01,1,20000,279,6.36816095870567e-05,5.19140647830706e-05,1.17675448039862e-05
0.01,1,20000,280,5.41285785281844e-05,4.3634134752288e-05,1.04944437758964e-05
0.01,1,20000,281,4.59100867807706e-05,3.65832231415155e-05,9.32686363925505e-06
0.01,1,20000,282,3.88562287195767e-05,3.05950965056886e-05,8.26113221388806e-06
0.01,1,20000,283,3.28160540468144e-05,2.55232487172093e-05,7.29280532960508e-06
0.01,1,20000,284,2.76558735243895e-05,2.12390135275376e-05,6.41685999685188e-06
0.01,1,20000,285,2.32576505883076e-05,1.76297841183723e-05,5.62786646993532e-06
0.01,1,20000,286,1.95174855273059e-05,1.4597346289573e-05,4.92013923773291e-06
0.01,1,20000,287,1.63441964470508e-05,1.20563290112997e-05,4.28786743575113e-06
0.01,1,20000,288,1.36579991136278e-05,9.93277356963863e-06,3.72522554398913e-06
0.01,1,20000,289,1.13892859606621e-05,8.16282043831211e-06,3.22646552234994e-06
0.01,1,20000,290,9.47750303412979e-06,6.69151128824427e-06,2.78599174588552e-06
0.01,1,20000,291,7.87012241559491e-06,5.47170217199003e-06,2.39842024360488e-06
0.01,1,20000,292,6.52170668405527e-06,4.46308285885665e-06,2.05862382519862e-06
0.01,1,20000,293,5.39306122350683e-06,3.63129651511262e-06,1.76176470839421e-06
0.01,1,20000,294,4.45046963211721e-06,2.94715338782699e-06,1.50331624429021e-06
0.01,1,20000,295,3.66500711422161e-06,2.38593182706025e-06,1.27907528716136e-06
0.01,1,20000,296,3.01192651374641e-06,1.92675983710436e-06,1.08516667664205e-06
0.01,1,20000,297,2.47011155389664e-06,1.55207035289251e-06,9.18041201004125e-07
0.01,1,20000,298,2.02159186134183e-06,1.24712356450268e-06,7.7446829683915e-07
0.01,1,20000,299,1.65111445378042e-06,9.99589835346141e-07,6.51524618434278e-07
0.01,1,20000,300,1.34576653962836e-06,7.99187055345274e-07,5.46579484283091e-07
0.01,1,20000,301,1.09464470157645e-06,6.37366619091672e-07,4.57278082484779e-07
0.01,1,20000,302,8.88565797746087e-07,5.07042603274337e-07,3.8152319447175e-07
0.01,1,20000,303,7.19815202891809e-07,4.02359122824615e-07,3.17456080067194e-07
0.01,1,20000,304,5.81928317098996e-07,3.18491258943355e-07,2.63437058155641e-07
0.01,1,20000,305,4.6950158194766e-07,2.51475364429622e-07,2.18026217518038e-07
0.01,1,20000,306,3.78029556953937e-07,1.98064954551604e-07,1.79964602402333e-07
0.01,1,20000,307,3.03764916468195e-07,1.55608778957447e-07,1.48156137510748e-07
0.01,1,20000,308,2.43598524571701e-07,1.21948037294668e-07,1.21650487277033e-07
0.01,1,20000,309,1.94957029450781e-07,9.53300451561405e-08,9.96269842946405e-08
0.01,1,20000,310,1.55715686779177e-07,7.43359757367149e-08,8.13797110424618e-08
0.01,1,20000,311,1.24124372166809e-07,5.78205951789891e-08,6.63037769878197e-08
0.01,1,20000,312,9.87449747868711e-08,4.48621758119166e-08,5.38827989749545e-08
0.01,1,20000,313,7.83985774907552e-08,3.47210117692768e-08,4.36775657214785e-08
0.01,1,20000,314,6.2121023137568e-08,2.68051767234881e-08,3.53158464140798e-08
0.01,1,20000,315,4.91256429377049e-08,2.064235494315e-08,2.84832879945549e-08
0.01,1,20000,316,3.87720810484691e-08,1.58567460835799e-08,2.29153349648892e-08
0.01,1,20000,317,3.0540291374772e-08,1.21501927054027e-08,1.83900986693694e-08
0.01,1,20000,318,2.40089085677531e-08,9.28680922277647e-09,1.47220993449766e-08
0.01,1,20000,319,1.88373067118357e-08,7.08050356508059e-09,1.17568031467551e-08
0.01,1,20000,320,1.47507573210855e-08,5.38488002127164e-09,9.36587729981388e-09
0.01,1,20000,321,1.15281842105704e-08,4.08509518927161e-09,7.44308902129876e-09
0.01,1,20000,322,8.992087729318e-09,3.09131025008292e-09,5.90077747923508e-09
0.01,1,20000,323,7.00027585909499e-09,2.33344339879713e-09,4.66683246029786e-09
0.01,1,20000,324,5.4390958622859e-09,1.75697754741022e-09,3.68211831487568e-09
0.01,1,20000,325,4.21790850093525e-09,1.31962160178529e-09,2.89828689914996e-09
0.01,1,20000,326,3.26458827302992e-09,9.88659820312234e-10,2.27592845271769e-09
0.01,1,20000,327,2.5218684707296e-09,7.38853979324003e-10,1.7830144914056e-09
0.01,1,20000,328,1.94437993105621e-09,5.50788181234115e-10,1.39359174982209e-09
0.01,1,20000,329,1.49625781946649e-09,4.09566920173959e-10,1.08669089929253e-09
0.01,1,20000,330,1.14921228478948e-09,3.03794142491164e-10,8.45418142298315e-10
0.01,1,20000,331,8.80976905102247e-10,2.24775091550662e-10,6.56201813551584e-10
0.01,1,20000,332,6.74063998482705e-10,1.65894212177365e-10,5.08169786305341e-10
0.01,1,20000,333,5.1476853071702e-10,1.22131741340353e-10,3.92636789376667e-10
0.01,1,20000,334,3.92372889850258e-10,8.96891953982043e-11,3.02683694452054e-10
0.01,1,20000,335,2.98513541396098e-10,6.57000909077942e-11,2.32813450488303e-10
0.01,1,20000,336,2.26677810113213e-10,4.80071668515617e-11,1.78670643261652e-10
0.01,1,20000,337,1.71804997003973e-10,3.4991329742899e-11,1.36813667261074e-10
0.01,1,20000,338,1.29970941100125e-10,2.54407014082253e-11,1.045302396919e-10
0.01,1,20000,339,9.81391514334661e-11,1.84506630806228e-11,7.96884883528433e-11
0.01,1,20000,340,7.39649152669579e-11,1.33477830738143e-11,6.06171321931437e-11
0.01,1,20000,341,5.56414608012893e-11,9.63209073967953e-12,4.60093700616098e-11
0.01,1,20000,342,4.17794226748121e-11,6.93339997082656e-12,3.48460227039855e-11
0.01,1,20000,343,3.13126158676055e-11,4.97835895274852e-12,2.6334256914857e-11
0.01,1,20000,344,2.34245425689707e-11,3.56566406199804e-12,1.98588785069727e-11
0.01,1,20000,345,1.74911990861282e-11,2.54746897942184e-12,1.49437301067064e-11
0.01,1,20000,346,1.30366672502629e-11,1.81548075089589e-12,1.1221186499367e-11
0.01,1,20000,347,9.69870935152513e-12,1.29059107249933e-12,8.4081182790258e-12
0.01,1,20000,348,7.2021722322549e-12,9.15166108507789e-13,6.28700612374711e-12
0.01,1,20000,349,5.33847333559927e-12,6.47329596915959e-13,4.69114373868332e-12
0.01,1,20000,350,3.94981256883798e-12,4.5673602041823e-13,3.49307654841975e-12
0.01,1,20000,351,2.91704779044536e-12,3.21454364537682e-13,2.59559342590768e-12
0.01,1,20000,352,2.15040398403074e-12,2.25677183860276e-13,1.92472680017047e-12
0.01,1,20000,353,1.58236921497618e-12,1.58041173073453e-13,1.42432804190273e-12
0.01,1,20000,354,1.16227433852486e-12,1.10399498156857e-13,1.051874840368e-12
0.01,1,20000,355,8.52166232172707e-13,7.69268975280637e-14,7.75239334644644e-13
0.01,1,20000,356,6.23672546964254e-13,5.34691893577082e-14,5.70203357606546e-13
0.01,1,20000,357,4.55624796432924e-13,3.70717634985217e-14,4.18553032934402e-13
0.01,1,20000,358,3.32260160537377e-13,2.56387681839834e-14,3.06621392353394e-13
0.01,1,20000,359,2.41863958638826e-13,1.76874542380495e-14,2.24176504400776e-13
0.01,1,20000,360,1.75746942250672e-13,1.2171602665145e-14,1.63575339585527e-13
0.01,1,20000,361,1.27476430891076e-13,8.35496178519188e-15,1.19121469105884e-13
0.01,1,20000,362,9.22994828585115e-14,5.72078245090068e-15,8.65787004076108e-14
0.01,1,20000,363,6.67110300874349e-14,3.90733512588501e-15,6.28036949615499e-14
0.01,1,20000,364,4.81312099780844e-14,2.66207418612648e-15,4.54691357919579e-14
0.01,1,20000,365,3.46647768576301e-14,1.80914722555626e-15,3.28556296320738e-14
0.01,1,20000,366,2.49220792059858e-14,1.22642764284821e-15,2.36956515631376e-14
0.01,1,20000,367,1.78861183870144e-14,8.29323963531155e-16,1.70567944234832e-14
0.01,1,20000,368,1.2814026666769e-14,5.59397810717593e-16,1.22546288560514e-14
0.01,1,20000,369,9.16420006335773e-15,3.76384364451549e-16,8.78781569890618e-15
0.01,1,20000,370,6.54251358536231e-15,2.52613554176845e-16,6.28990003118547e-15
0.01,1,20000,371,4.66270082117631e-15,1.69120396588934e-16,4.49358042458738e-15
0.01,1,20000,372,3.31722569157178e-15,1.12940470157715e-16,3.20428522141406e-15
0.01,1,20000,373,2.35591027352338e-15,7.52345725854099e-17,2.28067570093797e-15
0.01,1,20000,374,1.67028439992651e-15,4.99918937424859e-17,1.62029250618403e-15
0.01,1,20000,375,1.18214772179705e-15,3.31356872798438e-17,1.14901203451721e-15
0.01,1,20000,376,8.35226774256598e-16,2.19081971775468e-17,8.13318577079051e-16
0.01,1,20000,377,5.89101436973258e-16,1.44487927901495e-17,5.74652644183109e-16
0.01,1,20000,378,4.14792075286433e-16,9.50540768953982e-18,4.05286667596893e-16
0.01,1,20000,379,2.91559492640954e-16,6.23769589835372e-18,2.85321796742601e-16
0.01,1,20000,380,2.04588847609915e-16,4.08311781583477e-18,2.00505729794081e-16
0.01,1,20000,381,1.43316576196962e-16,2.6660843679117e-18,1.4065049182905e-16
0.01,1,20000,382,1.00224119373506e-16,1.7364813742831e-18,9.8487637999223e-17
0.01,1,20000,383,6.99698725924144e-17,1.12818581276032e-18,6.88416867796541e-17
0.01,1,20000,384,4.87657126471262e-17,7.31148178750324e-19,4.80345644683758e-17
0.01,1,20000,385,3.39300397906348e-17,4.72655194095143e-19,3.34573845965397e-17
0.01,1,20000,386,2.3567965998761e-17,3.04787906478123e-19,2.32631780922829e-17
0.01,1,20000,387,1.63429108284932e-17,1.96049297628206e-19,1.6146861530865e-17
0.01,1,20000,388,1.13137850244727e-17,1.25790288847571e-19,1.11879947356252e-17
0.01,1,20000,389,7.8191448940811e-18,8.05087718940794e-20,7.73863612218702e-18
0.01,1,20000,390,5.39492046272185e-18,5.13988678583446e-20,5.3435215948635e-18
0.01,1,20000,391,3.7160957255131e-18,3.27324239951094e-20,3.68336330151799e-18
0.01,1,20000,392,2.55544424667477e-18,2.07929948955757e-20,2.53465125177919e-18
0.01,1,20000,393,1.75438620382217e-18,1.31755935693714e-20,1.7412106102528e-18
0.01,1,20000,394,1.20244403627905e-18,8.32794016189958e-21,1.19411609611715e-18
0.01,1,20000,395,8.22786227226812e-19,5.25072491498518e-21,8.17535502311827e-19
0.01,1,20000,396,5.62073636830652e-19,3.30228993036968e-21,5.58771346900282e-19
0.01,1,20000,397,3.83340818805596e-19,2.07169299734801e-21,3.81269125808248e-19
0.01,1,20000,398,2.61014206178638e-19,1.29643235055019e-21,2.59717773828088e-19
0.01,1,20000,399,1.77432033343433e-19,8.09260951081463e-22,1.76622772392351e-19
0.01,1,20000,400,1.20417689669476e-19,5.03896769715e-22,1.19913792899761e-19
0.0125,1.25,5000,0,5.1880202745917e-16,1.53853795056127e-13,-1.53334993028668e-13
0.0125,1.25,5000,1,1.29558597288926e-15,3.16082346146906e-13,-3.14786760174017e-13
0.0125,1.25,5000,2,3.19667596131486e-15,6.42908729075364e-13,-6.3971205311405e-13
0.0125,1.25,5000,3,7.79177037069242e-15,1.29465919383192e-12,-1.28686742346123e-12
0.0125,1.25,5000,4,1.87593278796462e-14,2.58118214499866e-12,-2.56242281711902e-12
0.0125,1.25,5000,5,4.46048108190603e-14,5.09493795884368e-12,-5.05033314802462e-12
0.0125,1.25,5000,6,1.04729862487012e-13,9.95671790549704e-12,-9.85198804301003e-12
0.0125,1.25,5000,7,2.42787563084482e-13,1.92641814793591e-11,-1.90213939162746e-11
0.0125,1.25,5000,8,5.55640374024488e-13,3.69013261612457e-11,-3.63456857872212e-11
0.0125,1.25,5000,9,1.25521716179377e-12,6.9982659485798e-11,-6.87274423240043e-11
0.0125,1.25,5000,10,2.79865871585778e-12,1.31400181815588e-10,-1.28601523099731e-10
0.0125,1.25,5000,11,6.15796868090041e-12,2.44263482680705e-10,-2.38105513999805e-10
0.0125,1.25,5000,12,1.33700877164983e-11,4.49550183101324e-10,-4.36180095384826e-10
0.0125,1.25,5000,13,2.86414850138866e-11,8.19133840347917e-10,-7.90492355334031e-10
0.0125,1.25,5000,14,6.05311807441846e-11,1.47770795864801e-09,-1.41717677790382e-09
0.0125,1.25,5000,15,1.2619602151643e-10,2.63924320357057e-09,-2.51304718205414e-09
0.0125,1.25,5000,16,2.59512623126151e-10,4.66688679759426e-09,-4.40737417446811e-09
0.0125,1.25,5000,17,5.263613122388e-10,8.17019037854322e-09,-7.64382906630442e-09
0.0125,1.25,5000,18,1.05291051227767e-09,1.41610071301612e-08,-1.31080966178835e-08
0.0125,1.25,5000,19,2.07708123815571e-09,2.43003854108053e-08,-2.22233041726496e-08
0.0125,1.25,5000,20,4.04059851795172e-09,4.12847098863e-08,-3.72441113683483e-08
0.0125,1.25,5000,21,7.75080883903323e-09,6.94420235385535e-08,-6.16912146995203e-08
0.0125,1.25,5000,22,1.4660191642062e-08,1.15641190357978e-07,-1.00980998715916e-07
0.0125,1.25,5000,23,2.73406637359407e-08,1.90660090312281e-07,-1.6331942657634e-07
0.0125,1.25,5000,24,5.02740696718901e-08,3.11217557914894e-07,-2.60943488243004e-07
0.0125,1.25,5000,25,9.11458124493427e-08,5.02950728859244e-07,-4.11804916409902e-07
0.0125,1.25,5000,26,1.62923030795246e-07,8.04718245649231e-07,-6.41795214853985e-07
0.0125,1.25,5000,27,2.87130926496736e-07,1.27473323818334e-06,-9.87602311686608e-07
0.0125,1.25,5000,28,4.98920163642705e-07,1.99917967069228e-06,-1.50025950704958e-06
0.0125,1.25,5000,29,8.5475321925409e-07,3.10414070578502e-06,-2.24938748653093e-06
0.0125,1.25,5000,30,1.44383357373138e-06,4.77186365412049e-06,-3.32803008038911e-06
0.0125,1.25,5000,31,2.40475773487328e-06,7.26259303022525e-06,-4.85783529535197e-06
0.0125,1.25,5000,32,3.94927469058684e-06,1.09434043439801e-05,-6.99412965339322e-06
0.0125,1.25,5000,33,6.39546317185671e-06,1.63256408766242e-05,-9.9301777047675e-06
0.0125,1.25,5000,34,1.02130357710475e-05,2.41126580225993e-05,-1.38996222515518e-05
0.0125,1.25,5000,35,1.60837766654118e-05,3.52595682367445e-05,-1.91757915713327e-05
0.0125,1.25,5000,36,2.49802147078344e-05,5.10464974344186e-05,-2.60662827265842e-05
0.0125,1.25,5000,37,3.82653978721676e-05,7.31664462830311e-05,-3.49010484108635e-05
0.0125,1.25,5000,38,5.78159213432005e-05,0.000103828129566141,-4.60122082229406e-05
0.0125,1.25,5000,39,8.61690184695942e-05,0.000145873080466675,-5.97040619970804e-05
0.0125,1.25,5000,40,0.000126692418593922,0.000202904805729977,-7.62123871360549e-05
0.0125,1.25,5000,41,0.000183772725221496,0.000279425841487945,-9.56531162664486e-05
0.0125,1.25,5000,42,0.000263014274809614,0.000380976209822181,-0.000117961935012567
0.0125,1.25,5000,43,0.000371435926778407,0.000514264092305394,-0.000142828165526987
0.0125,1.25,5000,44,0.0005176482906392,0.000687276669061397,-0.000169628378422197
0.0125,1.25,5000,45,0.000711988971459455,0.000909356250159105,-0.000197367278699651
0.0125,1.25,5000,46,0.000966589134749575,0.00119122436076052,-0.000224635226010943
0.0125,1.25,5000,47,0.00129534181635396,0.00154493471343952,-0.000249592897085555
0.0125,1.25,5000,48,0.00171374175980879,0.00198373543917953,-0.000269993679370742
0.0125,1.25,5000,49,0.00223856894723306,0.00252182199151944,-0.000283253044286384
0.0125,1.25,5000,50,0.00288739403421735,0.00317396518356674,-0.000286571149349392
0.0125,1.25,5000,51,0.00367789393988062,0.00395500415893702,-0.000277110219056399
0.0125,1.25,5000,52,0.0046269797879526,0.00487920185791828,-0.00025222206996568
0.0125,1.25,5000,53,0.00574975662703682,0.00595947060688161,-0.000209713979844787
0.0125,1.25,5000,54,0.00705835369855874,0.0072064874336218,-0.000148133735063061
0.0125,1.25,5000,55,0.0085606837637456,0.00862773188265115,-6.70481189055539e-05
0.0125,1.25,5000,56,0.0102592080382494,0.0102264924563978,3.27155818516407e-05
0.0125,1.25,5000,57,0.0121497973108475,0.0120009000696986,0.000148897241148952
0.0125,1.25,5000,58,0.0142207876135288,0.013943056644536,0.000277730968992796
0.0125,1.25,5000,59,0.016452328518779,0.016038332734192,0.000413995784587024
0.0125,1.25,5000,60,0.0188161125997737,0.0182649085389022,0.000551204060871523
0.0125,1.25,5000,61,0.0212755555552994,0.0205936268719975,0.000681928683301927
0.0125,1.25,5000,62,0.0237864687928209,0.0229882140684233,0.000798254724397554
0.0125,1.25,5000,63,0.0262982317766343,0.0254059056469189,0.00089232612971539
0.0125,1.25,5000,64,0.0287554330246993,0.0277984886130996,0.00095694441159961
0.0125,1.25,5000,65,0.031099909793219,0.0301137432154804,0.000986166577738555
0.0125,1.25,5000,66,0.0332730810334357,0.0322972359667914,0.000975845066644311
0.0125,1.25,5000,67,0.0352184398067804,0.0342943855019384,0.000924054304842027
0.0125,1.25,5000,68,0.0368840530819075,0.0360526962461648,0.000831356835742723
0.0125,1.25,5000,69,0.0382249108202975,0.0375240346916938,0.000700876128603756
0.0125,1.25,5000,70,0.039204973357826,0.0386668116802849,0.00053816167754106
0.0125,1.25,5000,71,0.0397987858247798,0.0394479330907889,0.000350852733990915
0.0125,1.25,5000,72,0.0399925589291163,0.0398443914094764,0.000148167519639933
0.0125,1.25,5000,73,0.0397846539772972,0.0398443914094764,-5.97374321792341e-05
0.0125,1.25,5000,74,0.0391854528908339,0.0394479330907889,-0.000262480199954965
0.0125,1.25,5000,75,0.0382166372297507,0.0386668116802849,-0.000450174450534233
0.0125,1.25,5000,76,0.0369099400037914,0.0375240346916938,-0.00061409468790239
0.0125,1.25,5000,77,0.0353054670077636,0.0360526962461648,-0.000747229238401148
0.0125,1.25,5000,78,0.0334497080758458,0.0342943855019384,-0.000844677426092635
0.0125,1.25,5000,79,0.0313933715815827,0.0322972359667914,-0.00090386438520873
0.0125,1.25,5000,80,0.0291891774099934,0.0301137432154804,-0.00092456580548703
0.0125,1.25,5000,81,0.0268897352510978,0.0277984886130996,-0.000908753362001892
0.0125,1.25,5000,82,0.0245456180510102,0.0254059056469189,-0.000860287595908681
0.0125,1.25,5000,83,0.0222037170778914,0.0229882140684233,-0.000784496990531888
0.0125,1.25,5000,84,0.0199059379186456,0.0205936268719975,-0.000687688953351823
0.0125,1.25,5000,85,0.0176882684564347,0.0182649085389022,-0.00057664008246747
0.0125,1.25,5000,86,0.0155802228979159,0.016038332734192,-0.00045810983627604
0.0125,1.25,5000,87,0.0136046421983321,0.013943056644536,-0.000338414446203906
0.0125,1.25,5000,88,0.0117778121849037,0.0120009000696986,-0.000223087884794887
0.0125,1.25,5000,89,0.0101098471026388,0.0102264924563978,-0.000116645353758995
0.0125,1.25,5000,90,0.00860527840554729,0.00862773188265115,-2.24534771038586e-05
0.0125,1.25,5000,91,0.00726378607761561,0.0072064874336218,5.72986439938113e-05
0.0125,1.25,5000,92,0.00608101187942506,0.00595947060688161,0.000121541272543458
0.0125,1.25,5000,93,0.00504939970237422,0.00487920185791828,0.00017019784445594
0.0125,1.25,5000,94,0.00415901657168039,0.00395500415893702,0.000204012412743367
0.0125,1.25,5000,95,0.00339831766804565,0.00317396518356674,0.000224352484478905
0.0125,1.25,5000,96,0.00275482902957354,0.00252182199151944,0.000233007038054105
0.0125,1.25,5000,97,0.00221573151047721,0.00198373543917953,0.000231996071297681
0.0125,1.25,5000,98,0.00176833847729885,0.00154493471343952,0.000223403763859333
0.0125,1.25,5000,99,0.00140046719933483,0.00119122436076052,0.000209242838574312
0.0125,1.25,5000,100,0.0011007097248916,0.000909356250159105,0.000191353474732499
0.0125,1.25,5000,101,0.00085861319222838,0.000687276669061397,0.000171336523166983
0.0125,1.25,5000,102,0.000664782104990936,0.000514264092305394,0.000150518012685542
0.0125,1.25,5000,103,0.000510916304448841,0.000380976209822181,0.00012994009462666
0.0125,1.25,5000,104,0.000389798448986589,0.000279425841487945,0.000110372607498644
0.0125,1.25,5000,105,0.000295244040198026,0.000202904805729977,9.23392344680495e-05
0.0125,1.25,5000,106,0.000222025682773116,0.000145873080466675,7.61526023064416e-05
0.0125,1.25,5000,107,0.000165781573338392,0.000103828129566141,6.19534437722514e-05
0.0125,1.25,5000,108,0.00012291638343308,7.31664462830311e-05,4.97499371500488e-05
0.0125,1.25,5000,109,9.0500891017678e-05,5.10464974344186e-05,3.94543935832594e-05
0.0125,1.25,5000,110,6.61750356182287e-05,3.52595682367445e-05,3.09154673814842e-05
0.0125,1.25,5000,111,4.80575956630354e-05,2.41126580225993e-05,2.39449376404361e-05
0.0125,1.25,5000,112,3.46644491995937e-05,1.63256408766242e-05,1.83388083229695e-05
0.0125,1.25,5000,113,2.48363899397361e-05,1.09434043439801e-05,1.3892985595756e-05
0.0125,1.25,5000,114,1.76767184140989e-05,7.26259303022525e-06,1.04141253838737e-05
0.0125,1.25,5000,115,1.24982887383162e-05,4.77186365412049e-06,7.72642508419567e-06
0.0125,1.25,5000,116,8.77933364423445e-06,3.10414070578502e-06,5.67519293844943e-06
0.0125,1.25,5000,117,6.12717990482445e-06,1.99917967069228e-06,4.12800023413217e-06
0.0125,1.25,5000,118,4.24886971028549e-06,1.27473323818334e-06,2.97413647210214e-06
0.0125,1.25,5000,119,2.92769053587643e-06,8.04718245649231e-07,2.1229722902272e-06
0.0125,1.25,5000,120,2.0046604241753e-06,5.02950728859244e-07,1.50170969531606e-06
0.0125,1.25,5000,121,1.36409599034296e-06,3.11217557914894e-07,1.05287843242807e-06
0.0125,1.25,5000,122,9.22490180075458e-07,1.90660090312281e-07,7.31830089763177e-07
0.0125,1.25,5000,123,6.20033532089186e-07,1.15641190357978e-07,5.04392341731208e-07
0.0125,1.25,5000,124,4.14217824001643e-07,6.94420235385535e-08,3.44775800463089e-07
0.0125,1.25,5000,125,2.75058974768517e-07,4.12847098863e-08,2.33774264882217e-07
0.0125,1.25,5000,126,1.81563782617135e-07,2.43003854108053e-08,1.57263397206329e-07
0.0125,1.25,5000,127,1.19141101412681e-07,1.41610071301612e-08,1.04980094282519e-07
0.0125,1.25,5000,128,7.77222384053077e-08,8.17019037854322e-09,6.95520480267645e-08
0.0125,1.25,5000,129,5.04083290356103e-08,4.66688679759426e-09,4.5741442238016e-08
0.0125,1.25,5000,130,3.25053113480835e-08,2.63924320357057e-09,2.98660681445129e-08
0.0125,1.25,5000,131,2.08412041929074e-08,1.47770795864801e-09,1.93634962342594e-08
0.0125,1.25,5000,132,1.32870592501974e-08,8.19133840347917e-10,1.24679254098494e-08
0.0125,1.25,5000,133,8.42351534760037e-09,4.49550183101324e-10,7.97396516449905e-09
0.0125,1.25,5000,134,5.31051796615745e-09,2.44263482680705e-10,5.06625448347674e-09
0.0125,1.25,5000,135,3.32950526045662e-09,1.31400181815588e-10,3.19810507864103e-09
0.0125,1.25,5000,136,2.07606942407112e-09,6.9982659485798e-11,2.00608676458532e-09
0.0125,1.25,5000,137,1.28748788383167e-09,3.69013261612457e-11,1.25058655767043e-09
0.0125,1.25,5000,138,7.94150928875123e-10,1.92641814793591e-11,7.74886747395764e-10
0.0125,1.25,5000,139,4.87237623870712e-10,9.95671790549704e-12,4.77280905965215e-10
0.0125,1.25,5000,140,2.97355144252118e-10,5.09493795884368e-12,2.92260206293274e-10
0.0125,1.25,5000,141,1.80520164288687e-10,2.58118214499866e-12,1.77938982143689e-10
0.0125,1.25,5000,142,1.09020989146311e-10,1.29465919383192e-12,1.0772632995248e-10
0.0125,1.25,5000,143,6.55008477194926e-11,6.42908729075364e-13,6.48579389904172e-11
0.0125,1.25,5000,144,3.91520190603508e-11,3.16082346146906e-13,3.88359367142039e-11
0.0125,1.25,5000,145,2.32835742922463e-11,1.53853795056127e-13,2.31297204971902e-11
0.0125,1.25,5000,146,1.3776882597985e-11,7.41435269970434e-14,1.37027390709879e-11
0.0125,1.25,5000,147,8.11101935914621e-12,3.53749084760989e-14,8.07564445067011e-12
0.0125,1.25,5000,148,4.75160383411114e-12,1.67099235703838e-14,4.73489391054076e-12
0.0125,1.25,5000,149,2.76988814746433e-12,7.81467025177002e-15,2.76207347721256e-12
0.0125,1.25,5000,150,1.60678646390656e-12,3.61829445111252e-15,1.60316816945545e-12
0.0125,1.25,5000,151,9.27565346580901e-13,1.65864792706231e-15,9.25906698653839e-13
0.0125,1.25,5000,152,5.32890001511496e-13,7.52768728903099e-16,5.32137232782593e-13
0.0125,1.25,5000,153,3.04686645077075e-13,3.38240793177868e-16,3.04348404283897e-13
0.0125,1.25,5000,154,1.73383570309443e-13,1.5046914517082e-16,1.73233101164272e-13
0.0125,1.25,5000,155,9.82012078691264e-14,6.62713745596875e-17,9.81349364945667e-14
0.0125,1.25,5000,156,5.53599359198775e-14,2.8897585580299e-17,5.53310383342971e-14
0.0125,1.25,5000,157,3.10641514822703e-14,1.24753917967074e-17,3.10516760904736e-14
0.0125,1.25,5000,158,1.73509676026917e-14,5.33216873582341e-18,1.73456354339558e-14
0.0125,1.25,5000,159,9.64724093549562e-15,2.25637162552063e-18,9.6449845638701e-15
0.0125,1.25,5000,160,5.33964676948321e-15,9.45310388190285e-19,5.33870145909502e-15
0.0125,1.25,5000,161,2.94216134839476e-15,3.92098595256411e-19,2.9417692497995e-15
0.0125,1.25,5000,162,1.6139103209528e-15,1.61017543788159e-19,1.61374930340901e-15
0.0125,1.25,5000,163,8.81384679035276e-16,6.54648479902188e-20,8.81319214187286e-16
0.0125,1.25,5000,164,4.79224308735198e-16,2.63511871387429e-20,4.79197957548059e-16
0.0125,1.25,5000,165,2.5942589250154e-16,1.05014498299704e-20,2.5941539105171e-16
0.0125,1.25,5000,166,1.39830742929358e-16,4.14338599469603e-21,1.39826599543363e-16
0.0125,1.25,5000,167,7.50447720964318e-17,1.61852190216293e-21,7.50431535745296e-17
0.0125,1.25,5000,168,4.01032953590412e-17,6.25948816926015e-22,4.01026694102243e-17
0.0125,1.25,5000,169,2.1340017406215e-17,2.39671348985509e-22,2.13397777348661e-17
0.0125,1.25,5000,170,1.13077881927491e-17,9.08553431197666e-23,1.13076973374059e-17
0.0125,1.25,5000,171,5.96680290983758e-18,3.40990186628007e-23,5.96676881081892e-18
0.0125,1.25,5000,172,3.13544832700129e-18,1.26704005218224e-23,3.13543565660077e-18
0.0125,1.25,5000,173,1.64083223082163e-18,4.66117986338639e-24,1.64082756964177e-18
0.0125,1.25,5000,174,8.55160804587823e-19,1.69769017344193e-24,8.5515910689765e-19
0.0125,1.25,5000,175,4.43877197342106e-19,6.12178486524712e-25,4.43876585163619e-19
0.0125,1.25,5000,176,2.29467689258103e-19,2.18551980800008e-25,2.29467470706122e-19
0.0125,1.25,5000,177,1.18150615985655e-19,7.72482208651283e-26,1.18150538737434e-19
0.0125,1.25,5000,178,6.0592395751876e-20,2.70320685323845e-26,6.05923687198075e-20
0.0125,1.25,5000,179,3.09513613809168e-20,9.36541720828488e-27,3.09513520154996e-20
0.0125,1.25,5000,180,1.57482595702517e-20,3.21241787162144e-27,1.57482563578339e-20
0.0125,1.25,5000,181,7.98156580519848e-21,1.09092273570448e-27,7.98156471427574e-21
0.0125,1.25,5000,182,4.02956141604745e-21,3.66786217103517e-28,4.02956104926123e-21
0.0125,1.25,5000,183,2.02652936622024e-21,1.22092525572767e-28,2.02652924412771e-21
0.0125,1.25,5000,184,1.01527720366918e-21,4.02366858828069e-29,1.01527716343249e-21
0.0125,1.25,5000,185,5.06715311518365e-22,1.3128417606154e-29,5.06715298389947e-22
0.0125,1.25,5000,186,2.5194283187785e-22,4.24091549098719e-30,2.51942827636935e-22
0.0125,1.25,5000,187,1.247985041522e-22,1.35632544393313e-30,1.24798502795874e-22
0.0125,1.25,5000,188,6.15881045710612e-23,4.29462506793595e-31,6.15881041415987e-23
0.0125,1.25,5000,189,3.02813308289464e-23,1.34630561086995e-31,3.02813306943158e-23
0.0125,1.25,5000,190,1.48338608285537e-23,4.17848754454265e-32,1.48338607867689e-23
0.0125,1.25,5000,191,7.24010583491185e-24,1.28396038194759e-32,7.24010582207224e-24
0.0125,1.25,5000,192,3.5209295951232e-24,3.90608050407666e-33,3.52092959121712e-24
0.0125,1.25,5000,193,1.70608871120764e-24,1.176488839091e-33,1.70608871003115e-24
0.0125,1.25,5000,194,8.23735424470158e-25,3.5082577109656e-34,8.23735424119333e-25
0.0125,1.25,5000,195,3.96301448392637e-25,1.03574350962084e-34,3.96301448289063e-25
0.0125,1.25,5000,196,1.89987563057248e-25,3.02740140243293e-35,1.89987563026974e-25
0.0125,1.25,5000,197,9.07603143352211e-26,8.76082187230642e-36,9.07603143264602e-26
0.0125,1.25,5000,198,4.3206364630212e-26,2.51001749085346e-36,4.32063646277019e-26
0.0125,1.25,5000,199,2.04969804565022e-26,7.11976567865431e-37,2.04969804557902e-26
0.0125,1.25,5000,200,9.69018088862199e-27,1.99945534221855e-37,9.69018088842205e-27
0.0125,1.25,5000,201,4.56544412646181e-27,5.55923165727161e-38,4.56544412640621e-27
0.0125,1.25,5000,202,2.1436434400424e-27,1.53029405167451e-38,2.1436434400271e-27
0.0125,1.25,5000,203,1.00311230972269e-27,4.17053781772133e-39,1.00311230971852e-27
0.0125,1.25,5000,204,4.6782464348054e-28,1.12529474913204e-39,4.67824643479415e-28
0.0125,1.25,5000,205,2.17451343392429e-28,3.00605952609975e-40,2.17451343392128e-28
0.0125,1.25,5000,206,1.00738483395474e-28,7.95034390767109e-41,1.00738483395395e-28
0.0125,1.25,5000,207,4.65148682533101e-29,2.08176311594765e-41,4.65148682532893e-29
0.0125,1.25,5000,208,2.14072030224465e-29,5.39676812781275e-42,2.14072030224411e-29
0.0125,1.25,5000,209,9.81992999335162e-30,1.38513870072261e-42,9.81992999335024e-30
0.0125,1.25,5000,210,4.48999323492045e-30,3.51973383799537e-43,4.4899932349201e-30
0.0125,1.25,5000,211,2.04635147240518e-30,8.85489546118342e-44,2.04635147240509e-30
0.0125,1.25,5000,212,9.29651873930867e-31,2.20553578447583e-44,9.29651873930845e-31
0.0125,1.25,5000,213,4.20992442103545e-31,5.43878428316307e-45,4.20992442103539e-31
0.0125,1.25,5000,214,1.90042286986281e-31,1.32784265125475e-45,1.9004228698628e-31
0.0125,1.25,5000,215,8.55177538144689e-32,3.20958181041996e-46,8.55177538144686e-32
0.0125,1.25,5000,216,3.83619276058977e-32,7.68081563904753e-47,3.83619276058977e-32
0.0125,1.25,5000,217,1.71549947502144e-32,1.81979843421012e-47,1.71549947502144e-32
0.0125,1.25,5000,218,7.64776695886084e-33,4.26870642985316e-48,7.64776695886084e-33
0.0125,1.25,5000,219,3.39891552338034e-33,9.91348479184058e-49,3.39891552338034e-33
0.0125,1.25,5000,220,1.50596705245468e-33,2.27936280065515e-49,1.50596705245468e-33
0.0125,1.25,5000,221,6.65223491077817e-34,5.18868878929191e-50,6.65223491077817e-34
0.0125,1.25,5000,222,2.92957249906028e-34,1.16938857121044e-50,2.92957249906028e-34
0.0125,1.25,5000,223,1.28627247796471e-34,2.60925859169929e-51,1.28627247796471e-34
0.0125,1.25,5000,224,5.63068426575495e-35,5.76411257982605e-52,5.63068426575495e-35
0.0125,1.25,5000,225,2.45751508137754e-35,1.26067993893876e-52,2.45751508137754e-35
0.0125,1.25,5000,226,1.06941261799441e-35,2.72982171850007e-53,1.06941261799441e-35
0.0125,1.25,5000,227,4.63997587330722e-36,5.85222186711335e-54,4.63997587330722e-36
0.0125,1.25,5000,228,2.00731065240373e-36,1.24212223367935e-54,2.00731065240373e-36
0.0125,1.25,5000,229,8.6586260028531e-37,2.61014686136497e-55,8.6586260028531e-37
0.0125,1.25,5000,230,3.72413923060109e-37,5.43028479751283e-56,3.72413923060109e-37
0.0125,1.25,5000,231,1.59717432053476e-37,1.11850344444819e-56,1.59717432053476e-37
0.0125,1.25,5000,232,6.83022630131123e-38,2.28091499135922e-57,6.83022630131123e-38
0.0125,1.25,5000,233,2.91260137933511e-38,4.60508794597232e-58,2.91260137933511e-38
0.0125,1.25,5000,234,1.23850267582442e-38,9.20500042126628e-59,1.23850267582442e-38
0.0125,1.25,5000,235,5.25157393150024e-39,1.82165760843271e-59,5.25157393150024e-39
0.0125,1.25,5000,236,2.22057420005507e-39,3.56916599425268e-60,2.22057420005507e-39
0.0125,1.25,5000,237,9.3633431873181e-40,6.92346970508337e-61,9.3633431873181e-40
0.0125,1.25,5000,238,3.93724967138196e-40,1.32965172419985e-61,3.93724967138196e-40
0.0125,1.25,5000,239,1.65104073586022e-40,2.52818622729582e-62,1.65104073586022e-40
0.0125,1.25,5000,240,6.9044937523053e-41,4.75923638676737e-63,6.9044937523053e-41
0.0125,1.25,5000,241,2.87952898865335e-41,8.86997808313264e-64,2.87952898865335e-41
0.0125,1.25,5000,242,1.19765826848632e-41,1.63668413372789e-64,1.19765826848632e-41
0.0125,1.25,5000,243,4.96789557287181e-42,2.98995225310611e-65,4.96789557287181e-42
0.0125,1.25,5000,244,2.05516291270193e-42,5.40780084145382e-66,2.05516291270193e-42
0.0125,1.25,5000,245,8.47930830503824e-43,9.68354065351668e-67,8.47930830503824e-43
0.0125,1.25,5000,246,3.48916126974169e-43,1.71674079117805e-67,3.48916126974169e-43
0.0125,1.25,5000,247,1.43197065888066e-43,3.01323031423108e-68,1.43197065888066e-43
0.0125,1.25,5000,248,5.86145746741667e-44,5.23620914228359e-69,5.86145746741667e-44
0.0125,1.25,5000,249,2.39299312010752e-44,9.00862888833201e-70,2.39299312010752e-44
0.0125,1.25,5000,250,9.74422886082326e-45,1.5344666837685e-70,9.74422886082326e-45
0.0125,1.25,5000,251,3.9575781933325e-45,2.58769618596106e-71,3.9575781933325e-45
0.0125,1.25,5000,252,1.60322064262891e-45,4.32042194254815e-72,1.60322064262891e-45
0.0125,1.25,5000,253,6.47805396172963e-46,7.14160943751349e-73,6.47805396172963e-46
0.0125,1.25,5000,254,2.61089232752961e-46,1.16875392787831e-73,2.61089232752961e-46
0.0125,1.25,5000,255,1.04962003515701e-46,1.89368232821408e-74,1.04962003515701e-46
0.0125,1.25,5000,256,4.20900631540217e-47,3.03772338501612e-75,4.20900631540217e-47
0.0125,1.25,5000,257,1.68359209418967e-47,4.82443409233074e-76,1.68359209418967e-47
0.0125,1.25,5000,258,6.71752800818349e-48,7.58580345744927e-77,6.71752800818349e-48
0.0125,1.25,5000,259,2.67363937731007e-48,1.18090197767579e-77,2.67363937731007e-48
0.0125,1.25,5000,260,1.06150559718651e-48,1.82004937044123e-78,1.06150559718651e-48
0.0125,1.25,5000,261,4.20410158640031e-49,2.77721525918379e-79,4.20410158640031e-49
0.0125,1.25,5000,262,1.66096645271185e-49,4.19558932732859e-80,1.66096645271185e-49
0.0125,1.25,5000,263,6.54621877226709e-50,6.27528502513775e-81,6.54621877226709e-50
0.0125,1.25,5000,264,2.57375598797767e-50,9.29246632519092e-82,2.57375598797767e-50
0.0125,1.25,5000,265,1.00947737160157e-50,1.36234025863484e-82,1.00947737160157e-50
0.0125,1.25,5000,266,3.94987444022403e-51,1.97741234262559e-83,3.94987444022403e-51
0.0125,1.25,5000,267,1.5418160242713e-51,2.84161963974478e-84,1.5418160242713e-51
0.0125,1.25,5000,268,6.0041207746397e-52,4.04288796046697e-85,6.0041207746397e-52
0.0125,1.25,5000,269,2.33259253069335e-52,5.69474814072077e-86,2.33259253069335e-52
0.0125,1.25,5000,270,9.04077985290433e-53,7.94171672641426e-87,9.04077985290433e-53
0.0125,1.25,5000,271,3.49587082057955e-53,1.09650677135519e-87,3.49587082057955e-53
0.0125,1.25,5000,272,1.34862809740153e-53,1.49887459614294e-88,1.34862809740153e-53
0.0125,1.25,5000,273,5.19064363971528e-54,2.02850618005168e-89,5.19064363971528e-54
0.0125,1.25,5000,274,1.99318314309808e-54,2.71796854622607e-90,1.99318314309808e-54
0.0125,1.25,5000,275,7.63615859921306e-55,3.60553381572758e-91,7.63615859921306e-55
0.0125,1.25,5000,276,2.91883227378184e-55,4.73534662707097e-92,2.91883227378184e-55
0.0125,1.25,5000,277,1.11315204985136e-55,6.15731017480545e-93,1.11315204985136e-55
0.0125,1.25,5000,278,4.235606838374e-56,7.92660731713776e-94,4.235606838374e-56
0.0125,1.25,5000,279,1.60804131572813e-56,1.01027757036654e-94,1.60804131572813e-56
0.0125,1.25,5000,280,6.09121253032421e-57,1.2748266495577e-95,6.09121253032421e-57
0.0125,1.25,5000,281,2.30218293671091e-57,1.59264363845649e-96,2.30218293671091e-57
0.0125,1.25,5000,282,8.68180328666017e-58,1.96989530018579e-97,8.68180328666017e-58
0.0125,1.25,5000,283,3.26676996965711e-58,2.41226342493082e-98,3.26676996965711e-58
0.0125,1.25,5000,284,1.22650721086188e-58,2.92457912140241e-99,1.22650721086188e-58
0.0125,1.25,5000,285,4.59482521934766e-59,3.51041994652535e-100,4.59482521934766e-59
0.0125,1.25,5000,286,1.71759035437597e-59,4.17168806730595e-101,1.71759035437597e-59
0.0125,1.25,5000,287,6.40657963488719e-60,4.90819304694704e-102,6.40657963488719e-60
0.0125,1.25,5000,288,2.38447737320531e-60,5.71726733263372e-103,2.38447737320531e-60
0.0125,1.25,5000,289,8.85573864079763e-61,6.59344547142928e-104,8.85573864079763e-61
0.0125,1.25,5000,290,3.28189905909273e-61,7.52823891159352e-105,3.28189905909273e-61
0.0125,1.25,5000,291,1.21366462851131e-61,8.5100364959352e-106,1.21366462851131e-61
0.0125,1.25,5000,292,4.47867335209897e-62,9.52415615239876e-107,4.47867335209897e-62
0.0125,1.25,5000,293,1.64923081591773e-62,1.05530658242185e-107,1.64923081591773e-62
0.0125,1.25,5000,294,6.06036750237563e-63,1.15767816474364e-108,6.06036750237563e-63
0.0125,1.25,5000,295,2.22231708984296e-63,1.2573439377892e-109,2.22231708984296e-63
0.0125,1.25,5000,296,8.13217441906526e-64,1.35200219771232e-110,8.13217441906526e-64
0.0125,1.25,5000,297,2.96964786579681e-64,1.43932131885915e-111,2.96964786579681e-64
0.0125,1.25,5000,298,1.0821932571376e-64,1.51703350903115e-112,1.0821932571376e-64
0.0125,1.25,5000,299,3.93559365128641e-65,1.58303182056619e-113,3.93559365128641e-65
0.0125,1.25,5000,300,1.42831890577322e-65,1.63546468523616e-114,1.42831890577322e-65
0.0125,1.25,5000,301,5.17313433477371e-66,1.67282207940661e-115,5.17313433477371e-66
0.0125,1.25,5000,302,1.86983316201602e-66,1.6940077329256e-116,1.86983316201602e-66
0.0125,1.25,5000,303,6.74552234717603e-67,1.69839256560607e-117,6.74552234717603e-67
0.0125,1.25,5000,304,2.43167124898917e-67,1.68584571701655e-118,2.43167124898917e-67
0.0125,1.25,5000,305,8.89206111454532e-68,1.65674103386974e-119,8.89206111454532e-68
0.0125,1.25,5000,306,3.91181651858551e-68,1.61193856624244e-120,3.91181651858551e-68
0.0125,1.25,5000,307,4.74873496576445e-68,1.55274235058776e-121,4.74873496576445e-68
0.0125,1.25,5000,308,1.71448480067475e-67,1.48083737112163e-122,1.71448480067475e-67
0.0125,1.25,5000,309,7.71384034556292e-67,1.39820995098728e-123,7.71384034556292e-67
0.0125,1.25,5000,310,3.52883340912166e-66,1.30705681707499e-124,3.52883340912166e-66
0.0125,1.25,5000,311,1.61131380394706e-65,1.20968863259122e-125,1.61131380394706e-65
0.0125,1.25,5000,312,7.33282037198486e-65,1.10843386994546e-126,7.33282037198486e-65
0.0125,1.25,5000,313,3.32535542712382e-64,1.00554852038111e-127,3.32535542712382e-64
0.0125,1.25,5000,314,1.50265815377026e-63,9.03136365647205e-129,1.50265815377026e-63
0.0125,1.25,5000,315,6.76580698089036e-63,8.03083464197399e-130,6.76580698089036e-63
0.0125,1.25,5000,316,3.03527792245663e-62,7.07009244872177e-131,3.03527792245663e-62
0.0125,1.25,5000,317,1.35668377596585e-61,6.16235277745516e-132,1.35668377596585e-61
0.0125,1.25,5000,318,6.04145643848343e-61,5.31771522440969e-133,6.04145643848343e-61
0.0125,1.25,5000,319,2.68020937257946e-60,4.54318739455628e-134,2.68020937257946e-60
0.0125,1.25,5000,320,1.18451542321538e-59,3.84284865186219e-135,1.18451542321538e-59
0.0125,1.25,5000,321,5.21480610834281e-59,3.21812541569556e-136,5.21480610834281e-59
0.0125,1.25,5000,322,2.28686867689878e-58,2.6681467065003e-137,2.28686867689878e-58
0.0125,1.25,5000,323,9.98917694243016e-58,2.19014818731437e-138,9.98917694243016e-58
0.0125,1.25,5000,324,4.34593312616343e-57,1.77989486859671e-139,4.34593312616343e-57
0.0125,1.25,5000,325,1.88312990284428e-56,1.43209641182805e-140,1.88312990284428e-56
0.0125,1.25,5000,326,8.12643550993071e-56,1.14079397121175e-141,8.12643550993071e-56
0.0125,1.25,5000,327,3.49237401504174e-55,8.9970313412376e-143,3.49237401504174e-55
0.0125,1.25,5000,328,1.49458323631932e-54,7.02503196188413e-144,1.49458323631932e-54
0.0125,1.25,5000,329,6.36906403449849e-54,5.43068272419336e-145,6.36906403449849e-54
0.0125,1.25,5000,330,2.70249123956267e-53,4.15640264320355e-146,2.70249123956267e-53
0.0125,1.25,5000,331,1.14172820852642e-52,3.14947270606677e-147,1.14172820852642e-52
0.0125,1.25,5000,332,4.80227543463037e-52,2.36273568656765e-148,4.80227543463037e-52
0.0125,1.25,5000,333,2.01091161577166e-51,1.75488833816086e-149,2.01091161577166e-51
0.0125,1.25,5000,334,8.38254132212089e-51,1.29044913301766e-150,8.38254132212089e-51
0.0125,1.25,5000,335,3.4783234863733e-50,9.39483912168678e-152,3.4783234863733e-50
0.0125,1.25,5000,336,1.43664689067584e-49,6.77165556871786e-153,1.43664689067584e-49
0.0125,1.25,5000,337,5.90594861903953e-49,4.83233938382285e-154,5.90594861903953e-49
0.0125,1.25,5000,338,2.41636255926327e-48,3.41410639386761e-155,2.41636255926327e-48
0.0125,1.25,5000,339,9.83875313391829e-48,2.38810671098105e-156,9.83875313391829e-48
0.0125,1.25,5000,340,3.9865365908584e-47,1.65381704011618e-157,3.9865365908584e-47
0.0125,1.25,5000,341,1.60731433522172e-46,1.13390912664457e-158,1.60731433522172e-46
0.0125,1.25,5000,342,6.4480195264838e-46,7.6970816678847e-160,6.4480195264838e-46
0.0125,1.25,5000,343,2.57361069349168e-45,5.17286320089925e-161,2.57361069349168e-45
0.0125,1.25,5000,344,1.02192795853445e-44,3.44185798961464e-162,1.02192795853445e-44
0.0125,1.25,5000,345,4.03671391795909e-44,2.26731549836411e-163,4.03671391795909e-44
0.0125,1.25,5000,346,1.58611495320605e-43,1.47872706256841e-164,1.58611495320605e-43
0.0125,1.25,5000,347,6.19881186867387e-43,9.54819193903576e-166,6.19881186867387e-43
0.0125,1.25,5000,348,2.40944401186379e-42,6.10395489053682e-167,2.40944401186379e-42
0.0125,1.25,5000,349,9.31379422594977e-42,3.86330099009556e-168,9.31379422594977e-42
0.0125,1.25,5000,350,3.58017307784385e-41,2.42082184961737e-169,3.58017307784385e-41
0.0125,1.25,5000,351,1.36840446620554e-40,1.50184174176762e-170,1.36840446620554e-40
0.0125,1.25,5000,352,5.20023324719175e-40,9.22449428875833e-172,5.20023324719175e-40
0.0125,1.25,5000,353,1.96468597402268e-39,5.60942075385353e-173,1.96468597402268e-39
0.0125,1.25,5000,354,7.37885251799114e-39,3.37715133811373e-174,7.37885251799114e-39
0.0125,1.25,5000,355,2.7546887357427e-38,2.01298289179027e-175,2.7546887357427e-38
0.0125,1.25,5000,356,1.02213006495647e-37,1.18791864832323e-176,1.02213006495647e-37
0.0125,1.25,5000,357,3.76921465029375e-37,6.9404938139932e-178,3.76921465029375e-37
0.0125,1.25,5000,358,1.38123328705883e-36,4.01468151206468e-179,1.38123328705883e-36
0.0125,1.25,5000,359,5.0293777375638e-36,2.29915833056633e-180,5.0293777375638e-36
0.0125,1.25,5000,360,1.81949692168331e-35,1.30359809380223e-181,1.81949692168331e-35
0.0125,1.25,5000,361,6.53937486643431e-35,7.31771698266174e-183,6.53937486643431e-35
0.0125,1.25,5000,362,2.33467345609865e-34,4.06690994859075e-184,2.33467345609865e-34
0.0125,1.25,5000,363,8.27899062612416e-34,2.23774481050893e-185,8.27899062612416e-34
0.0125,1.25,5000,364,2.91571756775019e-33,1.2190278181347e-186,2.91571756775019e-33
0.0125,1.25,5000,365,1.01972944818653e-32,6.5746665153711e-188,1.01972944818653e-32
0.0125,1.25,5000,366,3.54119363287805e-32,3.51067718713218e-189,3.54119363287805e-32
0.0125,1.25,5000,367,1.2209348180084e-31,1.85594507862845e-190,1.2209348180084e-31
0.0125,1.25,5000,368,4.17893267866594e-31,9.71396196718545e-192,4.17893267866594e-31
0.0125,1.25,5000,369,1.41977482878399e-30,5.03366990596602e-193,1.41977482878399e-30
0.0125,1.25,5000,370,4.78745807672677e-30,2.5824392929421e-194,4.78745807672677e-30
0.0125,1.25,5000,371,1.60203212567795e-29,1.31169409972592e-195,1.60203212567795e-29
0.0125,1.25,5000,372,5.3194482618234e-29,6.59617340406752e-197,5.3194482618234e-29
0.0125,1.25,5000,373,1.75242156732962e-28,3.28404136234596e-198,1.75242156732962e-28
0.0125,1.25,5000,374,5.72708747218045e-28,1.61875911868829e-199,5.72708747218045e-28
0.0125,1.25,5000,375,1.85651285824412e-27,7.89974172266082e-201,1.85651285824412e-27
0.0125,1.25,5000,376,5.96864595762152e-27,3.8168106236149e-202,5.96864595762152e-27
0.0125,1.25,5000,377,1.90287951267152e-26,1.82576714400897e-203,1.90287951267152e-26
0.0125,1.25,5000,378,6.01516297383863e-26,8.64663681289493e-205,6.01516297383863e-26
0.0125,1.25,5000,379,1.88506485797378e-25,4.05420871560949e-206,1.88506485797378e-25
0.0125,1.25,5000,380,5.85584116911123e-25,1.88201050611657e-207,5.85584116911123e-25
0.0125,1.25,5000,381,1.80292160388796e-24,8.64958038668104e-209,1.80292160388796e-24
0.0125,1.25,5000,382,5.50083503391849e-24,3.93572812373857e-210,5.50083503391849e-24
0.0125,1.25,5000,383,1.66296650902946e-23,1.77301412812323e-211,1.66296650902946e-23
0.0125,1.25,5000,384,4.98057653915626e-23,7.90781239460987e-213,4.98057653915626e-23
0.0125,1.25,5000,385,1.47759149924212e-22,3.49186603740121e-214,1.47759149924212e-22
0.0125,1.25,5000,386,4.3415473557023e-22,1.52656691456874e-215,4.3415473557023e-22
0.0125,1.25,5000,387,1.26324099531401e-21,6.60740872471072e-217,1.26324099531401e-21
0.0125,1.25,5000,388,3.63927548414406e-21,2.83141516933682e-218,3.63927548414406e-21
0.0125,1.25,5000,389,1.0379244167327e-20,1.2012488686572e-219,1.0379244167327e-20
0.0125,1.25,5000,390,2.93003744918726e-20,5.04567744610451e-221,2.93003744918726e-20
0.0125,1.25,5000,391,8.1859944073588e-20,2.09827802126383e-222,8.1859944073588e-20
0.0125,1.25,5000,392,2.26305141331252e-19,8.63900318857569e-224,2.26305141331252e-19
0.0125,1.25,5000,393,6.18978763988568e-19,3.52144810142462e-225,6.18978763988568e-19
0.0125,1.25,5000,394,1.67474595954224e-18,1.42113719186733e-226,1.67474595954224e-18
0.0125,1.25,5000,395,4.4817482133815e-18,5.67816192974397e-228,4.4817482133815e-18
0.0125,1.25,5000,396,1.18605497739642e-17,2.24613883656175e-229,1.18605497739642e-17
0.0125,1.25,5000,397,3.10352130634432e-17,8.79675457728643e-231,3.10352130634432e-17
0.0125,1.25,5000,398,8.02843996269966e-17,3.41087190224356e-232,8.02843996269966e-17
0.0125,1.25,5000,399,2.05290334535331e-16,1.30937908170212e-233,2.05290334535331e-16
0.0125,1.25,5000,400,5.1880202745917e-16,4.97648205824712e-235,5.1880202745917e-16
0.0125,1.25,10000,0,3.14537763517687e-26,4.60100532895942e-22,-4.6006907911959e-22
0.0125,1.25,10000,1,7.38954610861783e-26,9.01396308884399e-22,-9.01322413423313e-22
0.0125,1.25,10000,2,1.72517074073424e-25,1.75714395197184e-21,-1.75697143489777e-21
0.0125,1.25,10000,3,4.00222913861565e-25,3.40821855328626e-21,-3.4078183303724e-21
0.0125,1.25,10000,4,9.22600662438523e-25,6.57773023273599e-21,-6.57680763207355e-21
0.0125,1.25,10000,5,2.11326587308264e-24,1.26314500076566e-20,-1.26293367417835e-20
0.0125,1.25,10000,6,4.80961071603796e-24,2.41356436234766e-20,-2.41308340127606e-20
0.0125,1.25,10000,7,1.08759750211892e-23,4.58873617674787e-20,-4.58764857924575e-20
0.0125,1.25,10000,8,2.44352218906242e-23,8.68072146583791e-20,-8.67827794364884e-20
0.0125,1.25,10000,9,5.45433437342678e-23,1.63398129729462e-19,-1.63343586385727e-19
0.0125,1.25,10000,10,1.20957402435639e-22,3.06032019814988e-19,-3.05911062412552e-19
0.0125,1.25,10000,11,2.66487273105233e-22,5.70315511363663e-19,-5.70049024090558e-19
0.0125,1.25,10000,12,5.83260016262619e-22,1.05752836832119e-18,-1.05694510830493e-18
0.0125,1.25,10000,13,1.26817246804309e-21,1.95118027248151e-18,-1.94991210001346e-18
0.0125,1.25,10000,14,2.73913717417632e-21,3.58204711713413e-18,-3.57930797995995e-18
0.0125,1.25,10000,15,5.8770293172722e-21,6.54325309812316e-18,-6.53737606880589e-18
0.0125,1.25,10000,16,1.25256456938253e-20,1.18928152516366e-17,-1.18802896059428e-17
0.0125,1.25,10000,17,2.65173715170115e-20,2.1508204293992e-17,-2.14816869224749e-17
0.0125,1.25,10000,18,5.57621007754072e-20,3.87036711546593e-17,-3.86479090538839e-17
0.0125,1.25,10000,19,1.16470686145783e-19,6.92992759032093e-17,-6.91828052170635e-17
0.0125,1.25,10000,20,2.41631684918763e-19,1.23462128524105e-16,-1.23220496839187e-16
0.0125,1.25,10000,21,4.97899974654024e-19,2.1886048180415e-16,-2.18362581829496e-16
0.0125,1.25,10000,22,1.01899694554666e-18,3.86037477767721e-16,-3.85018480822174e-16
0.0125,1.25,10000,23,2.07127686769288e-18,6.77516873117446e-16,-6.75445596249753e-16
0.0125,1.25,10000,24,4.1814819095176e-18,1.18314858636503e-15,-1.17896710445551e-15
0.0125,1.25,10000,25,8.38381623033322e-18,2.05582901131573e-15,-2.0474451950854e-15
0.0125,1.25,10000,26,1.6694206295789e-17,3.55437478443806e-15,-3.53768057814227e-15
0.0125,1.25,10000,27,3.30138148726397e-17,6.11459892597934e-15,-6.0815851111067e-15
0.0125,1.25,10000,28,6.48373637785296e-17,1.04664947445577e-14,-1.04016573807792e-14
0.0125,1.25,10000,29,1.26458742975065e-16,1.78263763593815e-14,-1.76999176164065e-14
0.0125,1.25,10000,30,2.44940616662076e-16,3.02101867900169e-14,-2.99652461733548e-14
0.0125,1.25,10000,31,4.71146680167453e-16,5.09415643344014e-14,-5.04704176542339e-14
0.0125,1.25,10000,32,8.99974457991701e-16,8.54711744730544e-14,-8.45712000150627e-14
0.0125,1.25,10000,33,1.70717752075368e-15,1.42690675423217e-13,-1.40983497902463e-13
0.0125,1.25,10000,34,3.21586462560877e-15,2.37028213518553e-13,-2.33812348892945e-13
0.0125,1.25,10000,35,6.01566894624135e-15,3.91771663275433e-13,-3.85755994329192e-13
0.0125,1.25,10000,36,1.11746545806164e-14,6.44309485639594e-13,-6.33134831058978e-13
0.0125,1.25,10000,37,2.06132090266172e-14,1.05434940549645e-12,-1.03373619646983e-12
0.0125,1.25,10000,38,3.77586217381009e-14,1.71673443074675e-12,-1.67897580900865e-12
0.0125,1.25,10000,39,6.86821350252111e-14,2.78131517245272e-12,-2.71263303742751e-12
0.0125,1.25,10000,40,1.2405865351732e-13,4.48358925858533e-12,-4.35953060506801e-12
0.0125,1.25,10000,41,2.22517847098242e-13,7.1916735070127e-12,-6.96915565991446e-12
0.0125,1.25,10000,42,3.96329522307526e-13,1.14779051893992e-11,-1.10815756670917e-11
0.0125,1.25,10000,43,7.00973263084143e-13,1.82273625059549e-11,-1.75263892428707e-11
0.0125,1.25,10000,44,1.23111887603915e-12,2.88013971883593e-11,-2.75702783123201e-11
0.0125,1.25,10000,45,2.14710098167653e-12,4.52826473977172e-11,-4.31355464160407e-11
0.0125,1.25,10000,46,3.71843085219753e-12,7.08400061301557e-11,-6.71215752779581e-11
0.0125,1.25,10000,47,6.39474012177779e-12,1.10269117367086e-10,-1.03874377245308e-10
0.0125,1.25,10000,48,1.09205271853462e-11,1.70788149981785e-10,-1.59867622796439e-10
0.0125,1.25,10000,49,1.85192653975119e-11,2.63202553052039e-10,-2.44683287654527e-10
0.0125,1.25,10000,50,3.11864290084331e-11,4.03599842987685e-10,-3.72413413979252e-10
0.0125,1.25,10000,51,5.21521165075535e-11,6.15801024667086e-10,-5.63648908159532e-10
0.0125,1.25,10000,52,8.66055314763481e-11,9.34885348130708e-10,-8.4827981665436e-10
0.0125,1.25,10000,53,1.4282034679514e-10,1.41222803014292e-09,-1.26940768334778e-09
0.0125,1.25,10000,54,2.33888566742408e-10,2.1226570310422e-09,-1.88876846429979e-09
0.0125,1.25,10000,55,3.80370120048007e-10,3.17455866796664e-09,-2.79418854791863e-09
0.0125,1.25,10000,56,6.14308679776352e-10,4.72406009973672e-09,-4.10975141996037e-09
0.0125,1.25,10000,57,9.85268177521185e-10,6.99481122393749e-09,-6.00954304641631e-09
0.0125,1.25,10000,58,1.5693319404436e-09,1.03054060881223e-08,-8.73607414767872e-09
0.0125,1.25,10000,59,2.48240732355083e-09,1.51071572330562e-08,-1.26247499095053e-08
0.0125,1.25,10000,60,3.89973205493075e-09,2.20358047807951e-08,-1.81360727258643e-08
0.0125,1.25,10000,61,6.08423398427832e-09,3.19818521133502e-08,-2.58976181290719e-08
0.0125,1.25,10000,62,9.42741601753319e-09,4.61856258305332e-08,-3.6758209813e-08
0.0125,1.25,10000,63,1.45077998768317e-08,6.63649211179146e-08,-5.18571212410828e-08
0.0125,1.25,10000,64,2.21737593221667e-08,9.48852835606196e-08,-7.27115242384529e-08
0.0125,1.25,10000,65,3.36599161762545e-08,1.3498566943462e-07,-1.01325753258365e-07
0.0125,1.25,10000,66,5.07492885725463e-08,1.91075496669301e-07,-1.40326208096755e-07
0.0125,1.25,10000,67,7.59972133842278e-08,2.69123025917017e-07,-1.93125812532789e-07
0.0125,1.25,10000,68,1.13037868388876e-07,3.77159668050407e-07,-2.64121799661531e-07
0.0125,1.25,10000,69,1.67000153620499e-07,5.25930261089507e-07,-3.58930107469009e-07
0.0125,1.25,10000,70,2.45066908819264e-07,7.29725634589542e-07,-4.84658725770278e-07
0.0125,1.25,10000,71,3.57220077041022e-07,1.00744088833089e-06,-6.50220811289869e-07
0.0125,1.25,10000,72,5.1722456398052e-07,1.38391071313774e-06,-8.6668614915722e-07
0.0125,1.25,10000,73,7.43915211535025e-07,1.89158166991355e-06,-1.14766645837852e-06
0.0125,1.25,10000,74,1.06286442644508e-06,2.57259043206331e-06,-1.50972600561823e-06
0.0125,1.25,10000,75,1.50852236797577e-06,3.4813262986687e-06,-1.97280393069292e-06
0.0125,1.25,10000,76,2.12693681240688e-06,4.6875653919673e-06,-2.56062857956042e-06
0.0125,1.25,10000,77,2.97917526550628e-06,6.28027231301823e-06,-3.30109704751194e-06
0.0125,1.25,10000,78,4.14558671285814e-06,8.37217193670763e-06,-4.22658522384949e-06
0.0125,1.25,10000,79,5.73105340735502e-06,1.11051986051417e-05,-5.37414519778665e-06
0.0125,1.25,10000,80,7.87139279221898e-06,1.46569311773448e-05,-6.78553838512583e-06
0.0125,1.25,10000,81,1.07410742096453e-05,1.92481189963786e-05,-8.50704478673329e-06
0.0125,1.25,10000,82,1.45624122917621e-05,2.51513944788949e-05,-1.05889821871328e-05
0.0125,1.25,10000,83,1.9616386439979e-05,3.2701251243082e-05,-1.30848648031031e-05
0.0125,1.25,10000,84,2.62552109497331e-05,4.23053409419851e-05,-1.6050129992252e-05
0.0125,1.25,10000,85,3.49167404492384e-05,5.44571057588177e-05,-1.95403653095793e-05
0.0125,1.25,10000,86,4.61407378297854e-05,6.97497154752718e-05,-2.36089776454864e-05
0.0125,1.25,10000,87,6.05869545308478e-05,8.88912170219437e-05,-2.83042624910959e-05
0.0125,1.25,10000,88,7.90548742966935e-05,0.000112720729739824,-3.36658554431309e-05
0.0125,1.25,10000,89,0.000102504850647681,0.000142225431063134,-3.97205804154535e-05
0.0125,1.25,10000,90,0.000132080225849843,0.00017855797555045,-4.64777497006068e-05
0.0125,1.25,10000,91,0.000169129857214932,0.000223053876622905,-5.39240194079732e-05
0.0125,1.25,10000,92,0.000215230299053938,0.000277248257559954,-6.20179585060156e-05
0.0125,1.25,10000,93,0.000272206701537389,0.000342891249995171,-7.06845484577817e-05
0.0125,1.25,10000,94,0.000342151299269408,0.000421961189368503,-7.98098900990951e-05
0.0125,1.25,10000,95,0.000427438182919865,0.000516674633852301,-8.92364509324361e-05
0.0125,1.25,10000,96,0.000530732889138124,0.000629492123746017,-9.87592346078935e-05
0.0125,1.25,10000,97,0.000654995221177835,0.000763118510886196,-0.00010812328970836
0.0125,1.25,10000,98,0.000803473640226692,0.000920496631724023,-0.000117022991497332
0.0125,1.25,10000,99,0.000979689560648926,0.00110479308330028,-0.00012510352265135
0.0125,1.25,10000,100,0.00118740995578237,0.00131937489825376,-0.000131964942471387
0.0125,1.25,10000,101,0.00143060684730577,0.00156777601242171,-0.000137169165115941
0.0125,1.25,10000,102,0.00171340252014805,0.00185365258435171,-0.000140250064203655
0.0125,1.25,10000,103,0.00203999968177347,0.00218072646584863,-0.000140726784075161
0.0125,1.25,10000,104,0.00241459626928709,0.00255271643934383,-0.000138120170056745
0.0125,1.25,10000,105,0.00284128519354515,0.00297325723059073,-0.000131972037045582
0.0125,1.25,10000,106,0.00332393998255604,0.00344580676889233,-0.000121866786336288
0.0125,1.25,10000,107,0.00386608802570509,0.00397354269193195,-0.00010745466622686
0.0125,1.25,10000,108,0.00447077389725606,0.00455924966347558,-8.84757662195151e-05
0.0125,1.25,10000,109,0.00514041601715467,0.00520519966990174,-6.47836527470688e-05
0.0125,1.25,10000,110,0.00587666064911148,0.00591302806118227,-3.63674120707888e-05
0.0125,1.25,10000,111,0.0066802378965666,0.00668360867508848,-3.37077852188145e-06
0.0125,1.25,10000,112,0.0075508248916086,0.00751693189860458,3.38929930040165e-05
0.0125,1.25,10000,113,0.00848692173695681,0.0084119899448311,7.49317921257056e-05
0.0125,1.25,10000,114,0.00948574591788787,0.00936667392426119,0.000119071993626678
0.0125,1.25,10000,115,0.0105431508180164,0.0103776874355149,0.000165463382501486
0.0125,1.25,10000,116,0.0116535736287473,0.0114404813658796,0.000213092262867769
0.0125,1.25,10000,117,0.0128100173280395,0.0125492143560091,0.000260802972030389
0.0125,1.25,10000,118,0.0140040705250383,0.0136967429337025,0.000307327591335779
0.0125,1.25,10000,119,0.0152259678434186,0.0148746446564367,0.000351323186981859
0.0125,1.25,10000,120,0.0164646921832673,0.0160732767298802,0.000391415453387143
0.0125,1.25,10000,121,0.0177081187085223,0.0172818715102635,0.000426247198258824
0.0125,1.25,10000,122,0.0189431988159824,0.0184886690841627,0.000454529731819617
0.0125,1.25,10000,123,0.0201561807236349,0.0196810857928572,0.000475094930777676
0.0125,1.25,10000,124,0.021332861747034,0.0208459161822864,0.000486945564747526
0.0125,1.25,10000,125,0.0224588658906613,0.0219695644733861,0.000489301417275156
0.0125,1.25,10000,126,0.0235199391414955,0.0230383003253055,0.000481638816190021
0.0125,1.25,10000,127,0.0245022538817284,0.0240385324709827,0.000463721410745674
0.0125,1.25,10000,128,0.0253927131922929,0.0249570928036152,0.000435620388677647
0.0125,1.25,10000,129,0.0261792455389213,0.0257815227404741,0.000397722798447176
0.0125,1.25,10000,130,0.0268510804401545,0.0265003532344029,0.00035072720575164
0.0125,1.25,10000,131,0.0273989962148001,0.0271033696776216,0.000295626537178524
0.0125,1.25,10000,132,0.0278155317774495,0.0275818531662706,0.000233678611178949
0.0125,1.25,10000,133,0.0280951556582394,0.0279287901697234,0.000166365488515993
0.0125,1.25,10000,134,0.0282343869131925,0.0281390435606505,9.53433525419829e-05
0.0125,1.25,10000,135,0.0282318642960926,0.0282094791773878,2.23851187047437e-05
0.0125,1.25,10000,136,0.0280883619034001,0.0281390435606505,-5.06816572504176e-05
0.0125,1.25,10000,137,0.0278067513957555,0.0279287901697234,-0.00012203877396795
0.0125,1.25,10000,138,0.0273919127574822,0.0275818531662706,-0.00018994040878843
0.0125,1.25,10000,139,0.0268505972970249,0.0271033696776216,-0.000252772380596671
0.0125,1.25,10000,140,0.0261912481421619,0.0265003532344029,-0.000309105092240997
0.0125,1.25,10000,141,0.0254237847814641,0.0257815227404741,-0.000357737959010018
0.0125,1.25,10000,142,0.0245593591998063,0.0249570928036152,-0.000397733603808972
0.0125,1.25,10000,143,0.0236100918193013,0.0240385324709827,-0.000428440651681381
0.0125,1.25,10000,144,0.0225887957738808,0.0230383003253055,-0.00044950455142468
0.0125,1.25,10000,145,0.0215086980193041,0.0219695644733861,-0.000460866454082026
0.0125,1.25,10000,146,0.0203831654303189,0.0208459161822864,-0.000462750751967552
0.0125,1.25,10000,147,0.019225443396953,0.0196810857928572,-0.000455642395904204
0.0125,1.25,10000,148,0.0180484135480073,0.0184886690841627,-0.000440255536155485
0.0125,1.25,10000,149,0.0168643761557005,0.0172818715102635,-0.000417495354563001
0.0125,1.25,10000,150,0.0156848615700834,0.0160732767298802,-0.000388415159796734
0.0125,1.25,10000,151,0.0145204737558975,0.0148746446564367,-0.000354170900539248
0.0125,1.25,10000,152,0.013380767717009,0.0136967429337025,-0.000315975216693539
0.0125,1.25,10000,153,0.0122741613489263,0.0125492143560091,-0.00027505300708278
0.0125,1.25,10000,154,0.0112078811058742,0.0114404813658796,-0.000232600260005343
0.0125,1.25,10000,155,0.0101879398445512,0.0103776874355149,-0.000189747590963662
0.0125,1.25,10000,156,0.00921914434137579,0.00936667392426119,-0.000147529582885398
0.0125,1.25,10000,157,0.00830512929290677,0.0084119899448311,-0.000106860651924336
0.0125,1.25,10000,158,0.00744841410928521,0.00751693189860458,-6.85177893193735e-05
0.0125,1.25,10000,159,0.00665047849768397,0.00668360867508848,-3.31301774045096e-05
0.0125,1.25,10000,160,0.00591185269821869,0.00591302806118227,-1.17536296358016e-06
0.0125,1.25,10000,161,0.00523221826302419,0.00520519966990174,2.70185931224532e-05
0.0125,1.25,10000,162,0.0046105154393577,0.00455924966347558,5.12657758821224e-05
0.0125,1.25,10000,163,0.00404505350515224,0.00397354269193195,7.15108132202926e-05
0.0125,1.25,10000,164,0.00353362078392347,0.00344580676889233,8.78140150311411e-05
0.0125,1.25,10000,165,0.00307359150840035,0.00297325723059073,0.000100334277809618
0.0125,1.25,10000,166,0.00266202718268032,0.00255271643934383,0.000109310743336485
0.0125,1.25,10000,167,0.00229577058709284,0.00218072646584863,0.000115044121244204
0.0125,1.25,10000,168,0.0019715310571451,0.00185365258435171,0.000117878472793399
0.0125,1.25,10000,169,0.00168596013020943,0.00156777601242171,0.000118184117787718
0.0125,1.25,10000,170,0.00143571707702697,0.00131937489825376,0.000116342178773212
0.0125,1.25,10000,171,0.00121752420949785,0.00110479308330028,0.000112731126197577
0.0125,1.25,10000,172,0.00102821217513435,0.000920496631724023,0.000107715543410323
0.0125,1.25,10000,173,0.000864755708886714,0.000763118510886196,0.000101637198000518
0.0125,1.25,10000,174,0.000724300514688292,0.000629492123746017,9.48083909422749e-05
0.0125,1.25,10000,175,0.00060418209435323,0.000516674633852301,8.75074605009289e-05
0.0125,1.25,10000,176,0.000501937434675623,0.000421961189368503,7.99762453071203e-05
0.0125,1.25,10000,177,0.000415310510400576,0.000342891249995171,7.24192604054048e-05
0.0125,1.25,10000,178,0.000342252567733288,0.000277248257559954,6.50043101733338e-05
0.0125,1.25,10000,179,0.000280918127221214,0.000223053876622905,5.78642505983088e-05
0.0125,1.25,10000,180,0.000229657593222906,0.00017855797555045,5.10996176724563e-05
0.0125,1.25,10000,181,0.000187007286517674,0.000142225431063134,4.47818554545405e-05
0.0125,1.25,10000,182,0.000151677633135386,0.000112720729739824,3.89569033955617e-05
0.0125,1.25,10000,183,0.000122540151716744,8.88912170219437e-05,3.36489346948004e-05
0.0125,1.25,10000,184,9.86137883675843e-05,6.97497154752718e-05,2.88640728923125e-05
0.0125,1.25,10000,185,7.90510559129112e-05,5.44571057588177e-05,2.45939501540935e-05
0.0125,1.25,10000,186,6.31243467108329e-05,4.23053409419851e-05,2.08190057688478e-05
0.0125,1.25,10000,187,5.02127069768359e-05,3.2701251243082e-05,1.75114557337538e-05
0.0125,1.25,10000,188,3.97892873919975e-05,2.51513944788949e-05,1.46378929131026e-05
0.0125,1.25,10000,189,3.14096204864037e-05,1.92481189963786e-05,1.21615014900252e-05
0.0125,1.25,10000,190,2.47008202286853e-05,1.46569311773448e-05,1.00438890513405e-05
0.0125,1.25,10000,191,1.93517533113638e-05,1.11051986051417e-05,8.24655470622212e-06
0.0125,1.25,10000,192,1.51041943669212e-05,8.37217193670763e-06,6.73202243021355e-06
0.0125,1.25,10000,193,1.17449481117107e-05,6.28027231301823e-06,5.46467579869248e-06
0.0125,1.25,10000,194,9.09889937031499e-06,4.6875653919673e-06,4.41133397834769e-06
0.0125,1.25,10000,195,7.02293617423486e-06,3.4813262986687e-06,3.54160987556616e-06
0.0125,1.25,10000,196,5.40068072225225e-06,2.57259043206331e-06,2.82809029018893e-06
0.0125,1.25,10000,197,4.13795702086076e-06,1.89158166991355e-06,2.24637535094722e-06
0.0125,1.25,10000,198,3.15892162961554e-06,1.38391071313774e-06,1.7750109164778e-06
0.0125,1.25,10000,199,2.4027843312166e-06,1.00744088833089e-06,1.39534344288571e-06
0.0125,1.25,10000,200,1.82104803185657e-06,7.29725634589542e-07,1.09132239726702e-06
0.0125,1.25,10000,201,1.37520117163589e-06,5.25930261089507e-07,8.4927091054638e-07
0.0125,1.25,10000,202,1.03480088157827e-06,3.77159668050407e-07,6.57641213527862e-07
0.0125,1.25,10000,203,7.7589064909862e-07,2.69123025917017e-07,5.06767623181603e-07
0.0125,1.25,10000,204,5.7970201910784e-07,1.91075496669301e-07,3.88626522438539e-07
0.0125,1.25,10000,205,4.3159561109819e-07,1.3498566943462e-07,2.9660994166357e-07
0.0125,1.25,10000,206,3.20202287843763e-07,9.48852835606196e-08,2.25317004283144e-07
0.0125,1.25,10000,207,2.36730539381616e-07,6.63649211179146e-08,1.70365618263701e-07
0.0125,1.25,10000,208,1.74410963722084e-07,4.61856258305332e-08,1.28225337891551e-07
0.0125,1.25,10000,209,1.28053087450445e-07,3.19818521133502e-08,9.60712353370952e-08
0.0125,1.25,10000,210,9.3693658053894e-08,2.20358047807951e-08,7.16578532730989e-08
0.0125,1.25,10000,211,6.83189600480035e-08,1.51071572330562e-08,5.32118028149473e-08
0.0125,1.25,10000,212,4.96466788071214e-08,1.03054060881223e-08,3.93412727189991e-08
0.0125,1.25,10000,213,3.59553897598961e-08,6.99481122393749e-09,2.89605785359586e-08
0.0125,1.25,10000,214,2.59519228516751e-08,4.72406009973672e-09,2.12278627519384e-08
0.0125,1.25,10000,215,1.86686824893603e-08,3.17455866796664e-09,1.54941238213936e-08
0.0125,1.25,10000,216,1.33845317941348e-08,2.1226570310422e-09,1.12618747630926e-08
0.0125,1.25,10000,217,9.56411601931066e-09,1.41222803014292e-09,8.15188798916775e-09
0.0125,1.25,10000,218,6.811540295688e-09,9.34885348130708e-10,5.8766549475573e-09
0.0125,1.25,10000,219,4.83516528590191e-09,6.15801024667086e-10,4.21936426123482e-09
0.0125,1.25,10000,220,3.42097129964086e-09,4.03599842987685e-10,3.01737145665317e-09
0.0125,1.25,10000,221,2.41249384321456e-09,2.63202553052039e-10,2.14929129016252e-09
0.0125,1.25,10000,222,1.69577486378371e-09,1.70788149981785e-10,1.52498671380193e-09
0.0125,1.25,10000,223,1.18812420785056e-09,1.10269117367086e-10,1.07785509048347e-09
0.0125,1.25,10000,224,8.29762104866743e-10,7.08400061301557e-11,7.58922098736587e-10
0.0125,1.25,10000,225,5.77630125080862e-10,4.52826473977172e-11,5.32347477683145e-10
0.0125,1.25,10000,226,4.00826936772696e-10,2.88013971883593e-11,3.72025539584337e-10
0.0125,1.25,10000,227,2.77256086145903e-10,1.82273625059549e-11,2.59028723639948e-10
0.0125,1.25,10000,228,1.91173923722481e-10,1.14779051893992e-11,1.79696018533082e-10
0.0125,1.25,10000,229,1.31403159192753e-10,7.1916735070127e-12,1.24211485685741e-10
0.0125,1.25,10000,230,9.00365227375154e-11,4.48358925858533e-12,8.55529334789301e-11
0.0125,1.25,10000,231,6.1499771269187e-11,2.78131517245272e-12,5.87184560967343e-11
0.0125,1.25,10000,232,4.18770662513021e-11,1.71673443074675e-12,4.01603318205554e-11
0.0125,1.25,10000,233,2.84271289944766e-11,1.05434940549645e-12,2.73727795889802e-11
0.0125,1.25,10000,234,1.92375496326813e-11,6.44309485639594e-13,1.85932401470417e-11
0.0125,1.25,10000,235,1.29787380282146e-11,3.91771663275433e-13,1.25869663649392e-11
0.0125,1.25,10000,236,8.72945351706964e-12,2.37028213518553e-13,8.49242530355108e-12
0.0125,1.25,10000,237,5.8535509260023e-12,1.42690675423217e-13,5.71086025057908e-12
0.0125,1.25,10000,238,3.91322965375275e-12,8.54711744730544e-14,3.8277584792797e-12
0.0125,1.25,10000,239,2.60819860215356e-12,5.09415643344014e-14,2.55725703781916e-12
0.0125,1.25,10000,240,1.73316984416243e-12,3.02101867900169e-14,1.70295965737241e-12
0.0125,1.25,10000,241,1.14826585935843e-12,1.78263763593815e-14,1.13043948299904e-12
0.0125,1.25,10000,242,7.58490807911751e-13,1.04664947445577e-14,7.48024313167194e-13
0.0125,1.25,10000,243,4.99540119162144e-13,6.11459892597934e-15,4.93425520236164e-13
0.0125,1.25,10000,244,3.2802595454388e-13,3.55437478443806e-15,3.24471579759442e-13
0.0125,1.25,10000,245,2.14767909916267e-13,2.05582901131573e-15,2.12712080904951e-13
0.0125,1.25,10000,246,1.40203691264976e-13,1.18314858636503e-15,1.39020542678611e-13
0.0125,1.25,10000,247,9.12607153299937e-14,6.77516873117446e-16,9.05831984568762e-14
0.0125,1.25,10000,248,5.92308690949524e-14,3.86037477767721e-16,5.88448316171847e-14
0.0125,1.25,10000,249,3.83316551852774e-14,2.1886048180415e-16,3.81127947034733e-14
0.0125,1.25,10000,250,2.47353266874127e-14,1.23462128524105e-16,2.46118645588886e-14
0.0125,1.25,10000,251,1.59159908736737e-14,6.92992759032093e-17,1.58466915977704e-14
0.0125,1.25,10000,252,1.0212003907663e-14,3.87036711546593e-17,1.01733002365083e-14
0.0125,1.25,10000,253,6.53363388121607e-15,2.1508204293992e-17,6.51212567692207e-15
0.0125,1.25,10000,254,4.16840957481873e-15,1.18928152516366e-17,4.15651675956709e-15
0.0125,1.25,10000,255,2.65193542000119e-15,6.54325309812316e-18,2.64539216690306e-15
0.0125,1.25,10000,256,1.68243245927848e-15,3.58204711713413e-18,1.67885041216134e-15
0.0125,1.25,10000,257,1.06438709696102e-15,1.95118027248151e-18,1.06243591668854e-15
0.0125,1.25,10000,258,6.71512234542652e-16,1.05752836832119e-18,6.70454706174331e-16
0.0125,1.25,10000,259,4.22479546576595e-16,5.70315511363663e-19,4.21909231065231e-16
0.0125,1.25,10000,260,2.65069591071577e-16,3.06032019814988e-19,2.64763559051762e-16
0.0125,1.25,10000,261,1.65852333491787e-16,1.63398129729462e-19,1.65688935362057e-16
0.0125,1.25,10000,262,1.03489356733516e-16,8.68072146583791e-20,1.03402549518858e-16
0.0125,1.25,10000,263,6.44001892261321e-17,4.58873617674787e-20,6.43543018643646e-17
0.0125,1.25,10000,264,3.99669358588016e-17,2.41356436234766e-20,3.99428002151781e-17
0.0125,1.25,10000,265,2.47366956021602e-17,1.26314500076566e-20,2.47240641521526e-17
0.0125,1.25,10000,266,1.52691363322289e-17,6.57773023273599e-21,1.52625586019962e-17
0.0125,1.25,10000,267,9.39991704141706e-18,3.40821855328626e-21,9.39650882286377e-18
0.0125,1.25,10000,268,5.77131928216299e-18,1.75714395197184e-21,5.76956213821101e-18
0.0125,1.25,10000,269,3.53404808941383e-18,9.01396308884399e-22,3.53314669310495e-18
0.0125,1.25,10000,270,2.15834463551325e-18,4.60100532895942e-22,2.15788453498035e-18
0.0125,1.25,10000,271,1.31469433873573e-18,2.33678214060436e-22,1.31446066052167e-18
0.0125,1.25,10000,272,7.98709970386962e-19,1.18089760249818e-22,7.98591880626712e-19
0.0125,1.25,10000,273,4.83969898185569e-19,5.93792604886259e-23,4.8391051892508e-19
0.0125,1.25,10000,274,2.92494103705611e-19,2.97088510148226e-23,2.92464394854596e-19
0.0125,1.25,10000,275,1.76315284173943e-19,1.47899073950077e-23,1.76300494266548e-19
0.0125,1.25,10000,276,1.06008677815049e-19,7.32611246244878e-24,1.06001351702587e-19
0.0125,1.25,10000,277,6.35734801046589e-20,3.61085654895248e-24,6.35698692481099e-20
0.0125,1.25,10000,278,3.80275317946186e-20,1.77082407153793e-24,3.80257609705471e-20
0.0125,1.25,10000,279,2.26888413196807e-20,8.64110189106616e-25,2.26879772094916e-20
0.0125,1.25,10000,280,1.35027721747817e-20,4.19557378289832e-25,1.35023526174035e-20
0.0125,1.25,10000,281,8.01556964682444e-21,2.02694576003526e-25,8.01536695224843e-21
0.0125,1.25,10000,282,4.74625461637684e-21,9.74364425694147e-26,4.74615717993427e-21
0.0125,1.25,10000,283,2.80334915998724e-21,4.6604648732328e-26,2.8033025553385e-21
0.0125,1.25,10000,284,1.65164678741847e-21,2.21802065508438e-26,1.65162460721192e-21
0.0125,1.25,10000,285,9.70678166362383e-22,1.05034134452875e-26,9.70667662948938e-22
0.0125,1.25,10000,286,5.69056901373313e-22,4.94907303981502e-27,5.69051952300273e-22
0.0125,1.25,10000,287,3.32784201476404e-22,2.3203088326967e-27,3.32781881167572e-22
0.0125,1.25,10000,288,1.9413349552563e-22,1.08242110320227e-27,1.94132413104526e-22
0.0125,1.25,10000,289,1.12972616168591e-22,5.02429621467204e-28,1.12972113738969e-22
0.0125,1.25,10000,290,6.55820486241514e-23,2.32050628312308e-28,6.55818165735231e-23
0.0125,1.25,10000,291,3.79786890996765e-23,1.06639669146951e-28,3.79785824600074e-23
0.0125,1.25,10000,292,2.19402843549913e-23,4.87622073532173e-29,2.19402355927839e-23
0.0125,1.25,10000,293,1.26443319860848e-23,2.21858694141699e-29,1.26443098002153e-23
0.0125,1.25,10000,294,7.26950643669869e-24,1.00438004482658e-29,7.26949639289824e-24
0.0125,1.25,10000,295,4.16939819237171e-24,4.52426699213996e-30,4.16939366810471e-24
0.0125,1.25,10000,296,2.38564174606763e-24,2.02780833793804e-30,2.3856397182593e-24
0.0125,1.25,10000,297,1.36177214880017e-24,9.04344934497788e-31,1.36177124445524e-24
0.0125,1.25,10000,298,7.75487819446757e-25,4.01300632068844e-31,7.75487418146125e-25
0.0125,1.25,10000,299,4.40575905316963e-25,1.7718791787998e-31,4.40575728129045e-25
0.0125,1.25,10000,300,2.49715572015022e-25,7.78443135800759e-32,2.49715494170709e-25
0.0125,1.25,10000,301,1.41206113247719e-25,3.40289234375517e-32,1.41206079218795e-25
0.0125,1.25,10000,302,7.96614502945664e-26,1.48012383908186e-32,7.9661435493328e-26
0.0125,1.25,10000,303,4.48366933438413e-26,6.40584498396467e-33,4.48366869379963e-26
0.0125,1.25,10000,304,2.51775461257724e-26,2.75856564920401e-33,2.51775433672068e-26
0.0125,1.25,10000,305,1.41055964808346e-26,1.18200346721404e-33,1.41055952988311e-26
0.0125,1.25,10000,306,7.88445166831208e-27,5.03944494127406e-34,7.88445116436759e-27
0.0125,1.25,10000,307,4.39700792350089e-27,2.13783993973855e-34,4.3970077097169e-27
0.0125,1.25,10000,308,2.44654056789536e-27,9.02393993246009e-35,2.44654047765596e-27
0.0125,1.25,10000,309,1.35819053495422e-27,3.79005692326587e-35,1.35819049705365e-27
0.0125,1.25,10000,310,7.52290789541068e-28,1.58388555208912e-35,7.52290773702213e-28
0.0125,1.25,10000,311,4.15748984307844e-28,6.58613137457571e-36,4.15748977721713e-28
0.0125,1.25,10000,312,2.29245423474356e-28,2.72499374120468e-36,2.29245420749363e-28
0.0125,1.25,10000,313,1.26124011001628e-28,1.12183544182829e-36,1.26124009879792e-28
0.0125,1.25,10000,314,6.92350595050332e-29,4.59537895835276e-37,6.92350590454953e-29
0.0125,1.25,10000,315,3.79218150788098e-29,1.87301835706149e-37,3.7921814891508e-29
0.0125,1.25,10000,316,2.07248046198349e-29,7.59611032772585e-38,2.07248045438738e-29
0.0125,1.25,10000,317,1.13014343801025e-29,3.06527202440517e-38,1.13014343494498e-29
0.0125,1.25,10000,318,6.14924752021713e-30,1.2307654800264e-38,6.14924750790947e-30
0.0125,1.25,10000,319,3.3385596141968e-30,4.91711221636261e-39,3.33855960927969e-30
0.0125,1.25,10000,320,1.80862487390814e-30,1.9546700567904e-39,1.80862487195347e-30
0.0125,1.25,10000,321,9.77672714878682e-31,7.73152791346982e-40,9.77672714105529e-31
0.0125,1.25,10000,322,5.27348276259357e-31,3.04288629242125e-40,5.27348275955069e-31
0.0125,1.25,10000,323,2.83833723925935e-31,1.19161139344986e-40,2.83833723806774e-31
0.0125,1.25,10000,324,1.5243905815662e-31,4.64314341166733e-41,1.52439058110189e-31
0.0125,1.25,10000,325,8.16954114349077e-32,1.80018888638499e-41,8.16954114169058e-32
0.0125,1.25,10000,326,4.36889439265804e-32,6.94468548935753e-42,4.36889439196358e-32
0.0125,1.25,10000,327,2.33142373814221e-32,2.66572666240746e-42,2.33142373787564e-32
0.0125,1.25,10000,328,1.24150924071814e-32,1.01813924254543e-42,1.24150924061633e-32
0.0125,1.25,10000,329,6.59722118804577e-33,3.86925422698203e-43,6.59722118765884e-33
0.0125,1.25,10000,330,3.49830549632151e-33,1.46310630577457e-43,3.4983054961752e-33
0.0125,1.25,10000,331,1.85115699174919e-33,5.5049455287606e-44,1.85115699169414e-33
0.0125,1.25,10000,332,9.77509119211579e-34,2.06090843871031e-44,9.77509119190969e-34
0.0125,1.25,10000,333,5.15102462852706e-34,7.67702397076055e-45,5.15102462845029e-34
0.0125,1.25,10000,334,2.70872462300758e-34,2.84548056300315e-45,2.70872462297913e-34
0.0125,1.25,10000,335,1.4214698900327e-34,1.0494140578386e-45,1.42146989002221e-34
0.0125,1.25,10000,336,7.44415136392909e-35,3.85093917938307e-46,7.44415136389058e-35
0.0125,1.25,10000,337,3.89045655698391e-35,1.40609598788606e-46,3.89045655696985e-35
0.0125,1.25,10000,338,2.02906937012252e-35,5.10848127836326e-47,2.02906937011742e-35
0.0125,1.25,10000,339,1.05610538637579e-35,1.84670349353821e-47,1.05610538637394e-35
0.0125,1.25,10000,340,5.48573378530893e-36,6.64249235172143e-48,5.48573378530229e-36
0.0125,1.25,10000,341,2.84369070950632e-36,2.37735196195904e-48,2.84369070950394e-36
0.0125,1.25,10000,342,1.47113722931588e-36,8.46612020222879e-49,1.47113722931504e-36
0.0125,1.25,10000,343,7.59539260113742e-37,2.99988015707811e-49,7.59539260113442e-37
0.0125,1.25,10000,344,3.9136004345916e-37,1.05767419336315e-49,3.91360043459055e-37
0.0125,1.25,10000,345,2.01249559984229e-37,3.71046584424606e-50,2.01249559984192e-37
0.0125,1.25,10000,346,1.03282932986811e-37,1.29519003974606e-50,1.03282932986798e-37
0.0125,1.25,10000,347,5.29005640778481e-38,4.49849333476914e-51,5.29005640778436e-38
0.0125,1.25,10000,348,2.70416442751406e-38,1.55463769702537e-51,2.7041644275139e-38
0.0125,1.25,10000,349,1.37958942858923e-38,5.34588774317069e-52,1.37958942858918e-38
0.0125,1.25,10000,350,7.02446886276131e-39,1.8291065419926e-52,7.02446886276113e-39
0.0125,1.25,10000,351,3.56966025673825e-39,6.22711231314894e-53,3.56966025673819e-39
0.0125,1.25,10000,352,1.81047658443754e-39,2.10941933346809e-53,1.81047658443752e-39
0.0125,1.25,10000,353,9.1646203893583e-40,7.10996844151471e-54,9.16462038935823e-40
0.0125,1.25,10000,354,4.63014646992313e-40,2.38451990217789e-54,4.63014646992311e-40
0.0125,1.25,10000,355,2.33473875990454e-40,7.95724550746146e-55,2.33473875990453e-40
0.0125,1.25,10000,356,1.17505657509666e-40,2.64212336339153e-55,1.17505657509666e-40
0.0125,1.25,10000,357,5.90368466021662e-41,8.72914992565667e-56,5.90368466021661e-41
0.0125,1.25,10000,358,2.96356341571328e-41,2.86958663903555e-56,2.96356341571327e-41
0.0125,1.25,10000,359,1.49405814408835e-41,9.38631787925849e-57,1.49405814408834e-41
0.0125,1.25,10000,360,7.78923378103299e-42,3.05491901778413e-57,7.78923378103299e-42
0.0125,1.25,10000,361,4.84256897406626e-42,9.89310625965008e-58,4.84256897406626e-42
0.0125,1.25,10000,362,5.2100966258923e-42,3.18782280392328e-58,5.2100966258923e-42
0.0125,1.25,10000,363,1.07210710015953e-41,1.0220783754782e-58,1.07210710015953e-41
0.0125,1.25,10000,364,2.88200137189607e-41,3.26063926648992e-59,2.88200137189607e-41
0.0125,1.25,10000,365,8.18528549638684e-41,1.03502260822044e-59,8.18528549638684e-41
0.0125,1.25,10000,366,2.3382799508568e-40,3.26907922655447e-60,2.3382799508568e-40
0.0125,1.25,10000,367,6.65869966994498e-40,1.02737639484489e-60,6.65869966994498e-40
0.0125,1.25,10000,368,1.88722747443288e-39,3.21264137218243e-61,1.88722747443288e-39
0.0125,1.25,10000,369,5.32192800361987e-39,9.99593538785859e-62,5.32192800361987e-39
0.0125,1.25,10000,370,1.49309542174212e-38,3.09466155863903e-62,1.49309542174212e-38
0.0125,1.25,10000,371,4.16735389443299e-38,9.53303983500817e-63,4.16735389443299e-38
0.0125,1.25,10000,372,1.15709951627955e-37,2.9219863508371e-63,1.15709951627955e-37
0.0125,1.25,10000,373,3.195966978032e-37,8.91155487414223e-64,3.195966978032e-37
0.0125,1.25,10000,374,8.78089719320541e-37,2.70431524247315e-64,8.78089719320541e-37
0.0125,1.25,10000,375,2.39974078943454e-36,8.16562955974701e-65,2.39974078943454e-36
0.0125,1.25,10000,376,6.52322549956391e-36,2.45329943846531e-65,6.52322549956391e-36
0.0125,1.25,10000,377,1.7636680506078e-35,7.33398424276533e-66,1.7636680506078e-35
0.0125,1.25,10000,378,4.74254522811291e-35,2.18151354180536e-66,4.74254522811291e-35
0.0125,1.25,10000,379,1.26832361745553e-34,6.45660742942085e-67,1.26832361745553e-34
0.0125,1.25,10000,380,3.37331145708016e-34,1.90142577779598e-67,3.37331145708016e-34
0.0125,1.25,10000,381,8.92224993495522e-34,5.57163811703213e-68,8.92224993495522e-34
0.0125,1.25,10000,382,2.34675500787778e-33,1.62448218093999e-68,2.34675500787778e-33
0.0125,1.25,10000,383,6.13790868169774e-33,4.71276224536907e-69,6.13790868169774e-33
0.0125,1.25,10000,384,1.59630659724826e-32,1.36039377748962e-69,1.59630659724826e-32
0.0125,1.25,10000,385,4.12799699147966e-32,3.90734960240282e-70,4.12799699147966e-32
0.0125,1.25,10000,386,1.06138667043445e-31,1.11667921353196e-70,1.06138667043445e-31
0.0125,1.25,10000,387,2.71333337433031e-31,3.17543422285878e-71,2.71333337433031e-31
0.0125,1.25,10000,388,6.89623576972987e-31,8.98475703861575e-72,6.89623576972987e-31
0.0125,1.25,10000,389,1.7425477369587e-30,2.52951979175242e-72,1.7425477369587e-30
0.0125,1.25,10000,390,4.37728894561771e-30,7.08595440629556e-73,4.37728894561771e-30
0.0125,1.25,10000,391,1.09309547088079e-29,1.97509119522917e-73,1.09309547088079e-29
0.0125,1.25,10000,392,2.71348749863265e-29,5.47777866171733e-74,2.71348749863265e-29
0.0125,1.25,10000,393,6.6957467347812e-29,1.51164681888831e-74,6.6957467347812e-29
0.0125,1.25,10000,394,1.64231479265056e-28,4.15073222349233e-75,1.64231479265056e-28
0.0125,1.25,10000,395,4.00391493305439e-28,1.13403804947857e-75,4.00391493305439e-28
0.0125,1.25,10000,396,9.70217989674474e-28,3.08289734448306e-76,9.70217989674474e-28
0.0125,1.25,10000,397,2.33665710230617e-27,8.33909705783529e-77,2.33665710230617e-27
0.0125,1.25,10000,398,5.5930296392526e-27,2.24443752481465e-77,5.5930296392526e-27
0.0125,1.25,10000,399,1.33048867461205e-26,6.01069292388589e-78,1.33048867461205e-26
0.0125,1.25,10000,400,3.14537763517687e-26,1.60165911210768e-78,3.14537763517687e-26
0.0125,1.25,15000,0,1.80873875732625e-26,1.3448821018867e-30,1.80860426911607e-26
0.0125,1.25,15000,1,1.10297359643578e-26,2.59340846268244e-30,1.10271425558951e-26
0.0125,1.25,15000,2,6.71418170117307e-27,4.9843666920345e-30,6.70919733448103e-27
0.0125,1.25,15000,3,4.08001563917023e-27,9.54775790536907e-30,4.07046788126486e-27
0.0125,1.25,15000,4,2.47498963424727e-27,1.82282578530513e-29,2.45676137639421e-27
0.0125,1.25,15000,5,1.49875213581759e-27,3.46849665562073e-29,1.46406716926138e-27
0.0125,1.25,15000,6,9.06010435135952e-28,6.5779375873179e-29,8.40231059262773e-28
0.0125,1.25,15000,7,5.46746151047705e-28,1.24334189783186e-28,4.22411961264519e-28
0.0125,1.25,15000,8,3.29374569897494e-28,2.34230659128155e-28,9.51439107693387e-29
0.0125,1.25,15000,9,1.98084513423983e-28,4.39793963567086e-28,-2.41709450143102e-28
0.0125,1.25,15000,10,1.18926227661913e-28,8.23013841833687e-28,-7.04087614171774e-28
0.0125,1.25,15000,11,7.12860768103916e-29,1.53503176347061e-27,-1.46374568666022e-27
0.0125,1.25,15000,12,4.26725017956549e-29,2.85351359024035e-27,-2.81084108844469e-27
0.0125,1.25,15000,13,2.55344296448926e-29,5.28682427918221e-27,-5.26128984953732e-27
0.0125,1.25,15000,14,1.53265645490768e-29,9.7625249771343e-27,-9.74719841258522e-27
0.0125,1.25,15000,15,9.3417337242472e-30,1.79672574993079e-26,-1.79579157655837e-26
0.0125,1.25,15000,16,6.02161555285762e-30,3.29574633399585e-26,-3.29514417244056e-26
0.0125,1.25,15000,17,4.58058279687889e-30,6.02529222723256e-26,-6.02483416895287e-26
0.0125,1.25,15000,18,4.86527932711901e-30,1.09787982450872e-25,-1.09783117171545e-25
0.0125,1.25,15000,19,7.45137157266276e-30,1.99381034528063e-25,-1.99373583156491e-25
0.0125,1.25,15000,20,1.40782242307026e-29,3.6088201391077e-25,-3.60867935686539e-25
0.0125,1.25,15000,21,2.86868950294472e-29,6.51026972420475e-25,-6.50998285525446e-25
0.0125,1.25,15000,22,5.9637859175664e-29,1.17053681675502e-24,-1.17047717889584e-24
0.0125,1.25,15000,23,1.24298687387322e-28,2.09760411262227e-24,-2.09747981393488e-24
0.0125,1.25,15000,24,2.58416222599947e-28,3.74640155764278e-24,-3.74614314142018e-24
0.0125,1.25,15000,25,5.35129444025054e-28,6.66895023393462e-24,-6.66841510449059e-24
0.0125,1.25,15000,26,1.10333157907608e-27,1.18318588361981e-23,-1.1830755504619e-23
0.0125,1.25,15000,27,2.26468997534264e-27,2.09218861372642e-23,-2.09196214472889e-23
0.0125,1.25,15000,28,4.62753344512693e-27,3.68723689396161e-23,-3.6867741406171e-23
0.0125,1.25,15000,29,9.41284811817478e-27,6.47669728156912e-23,-6.4757559967573e-23
0.0125,1.25,15000,30,1.90598150905301e-26,1.13385758235856e-22,-1.13366698420765e-22
0.0125,1.25,15000,31,3.84183605393944e-26,1.9784075933337e-22,-1.9780234097283e-22
0.0125,1.25,15000,32,7.70864743481668e-26,3.44053027312423e-22,-3.43975940838075e-22
0.0125,1.25,15000,33,1.53969116518118e-25,5.96330947895669e-22,-5.96176978779151e-22
0.0125,1.25,15000,34,3.06127347381643e-25,1.0301528428428e-21,-1.02984671549542e-21
0.0125,1.25,15000,35,6.05871921524787e-25,1.77365167699305e-21,-1.77304580507153e-21
0.0125,1.25,15000,36,1.19362232872775e-24,3.04359844884576e-21,-3.04240482651703e-21
0.0125,1.25,15000,37,2.3407648564415e-24,5.20545535474967e-21,-5.20311458989323e-21
0.0125,1.25,15000,38,4.56931222989327e-24,8.87324452392671e-21,-8.86867521169681e-21
0.0125,1.25,15000,39,8.87858249649219e-24,1.50750418039717e-20,-1.50661632214752e-20
0.0125,1.25,15000,40,1.71725131793976e-23,2.55262461173058e-20,-2.55090736041264e-20
0.0125,1.25,15000,41,3.30612518074547e-23,4.30792100659686e-20,-4.30461488141612e-20
0.0125,1.25,15000,42,6.33574718634856e-23,7.2460422458146e-20,-7.23970649862825e-20
0.0125,1.25,15000,43,1.2085580369756e-22,1.21474842331653e-19,-1.21353986527955e-19
0.0125,1.25,15000,44,2.29470275244714e-22,2.02966413715374e-19,-2.02736943440129e-19
0.0125,1.25,15000,45,4.33683461496094e-22,3.37998181629957e-19,-3.37564498168461e-19
0.0125,1.25,15000,46,8.1584027714653e-22,5.60992301348561e-19,-5.60176461071414e-19
0.0125,1.25,15000,47,1.52764258183908e-21,9.28008150557081e-19,-9.26480507975242e-19
0.0125,1.25,15000,48,2.84722173651289e-21,1.53002677720655e-18,-1.52717955547003e-18
0.0125,1.25,15000,49,5.28204932839181e-21,2.51419306549764e-18,-2.50891101616925e-18
0.0125,1.25,15000,50,9.75358028066454e-21,4.11766080643571e-18,-4.10790722615505e-18
0.0125,1.25,15000,51,1.79268942954432e-20,6.72132452261952e-18,-6.70339762832408e-18
0.0125,1.25,15000,52,3.27962726948879e-20,1.09348168318786e-17,-1.09020205591837e-17
0.0125,1.25,15000,53,5.97202371249032e-20,1.77304807839655e-17,-1.76707605468406e-17
0.0125,1.25,15000,54,1.08241909188204e-19,2.86537761335395e-17,-2.85455342243513e-17
0.0125,1.25,15000,55,1.95274550567342e-19,4.61525356619334e-17,-4.5957261111366e-17
0.0125,1.25,15000,56,3.50648224676759e-19,7.40903457243671e-17,-7.37396974996904e-17
0.0125,1.25,15000,57,6.26719289820524e-19,1.18544122932454e-16,-1.17917403642633e-16
0.0125,1.25,15000,58,1.11493523229541e-18,1.89038727856083e-16,-1.87923792623788e-16
0.0125,1.25,15000,59,1.97424583162851e-18,3.00451167524964e-16,-2.98476921693335e-16
0.0125,1.25,15000,60,3.47958779293475e-18,4.75936878237512e-16,-4.72457290444578e-16
0.0125,1.25,15000,61,6.10420941386842e-18,7.51410347014683e-16,-7.45306137600815e-16
0.0125,1.25,15000,62,1.06587505132992e-17,1.18238071107428e-15,-1.17172196056098e-15
0.0125,1.25,15000,63,1.85250213643258e-17,1.85434207706632e-15,-1.83581705570199e-15
0.0125,1.25,15000,64,3.20469791455001e-17,2.89850945660432e-15,-2.86646247745882e-15
0.0125,1.25,15000,65,5.51813039801536e-17,4.51556337549865e-15,-4.4603820715185e-15
0.0125,1.25,15000,66,9.45744733800435e-17,7.01134784878218e-15,-6.91677337540213e-15
0.0125,1.25,15000,67,1.61336917256013e-16,1.08503422620454e-14,-1.06890053447894e-14
0.0125,1.25,15000,68,2.73950610862077e-16,1.67354622780923e-14,-1.64615116672302e-14
0.0125,1.25,15000,69,4.63010074164366e-16,2.57267152970558e-14,-2.52637052228914e-14
0.0125,1.25,15000,70,7.78913649666482e-16,3.94169774948749e-14,-3.86380638452084e-14
0.0125,1.25,15000,71,1.30427766673083e-15,6.01914284551528e-14,-5.88871507884219e-14
0.0125,1.25,15000,72,2.17387184167232e-15,9.16090400865121e-14,-8.94351682448398e-14
0.0125,1.25,15000,73,3.60646997839031e-15,1.3896145942743e-13,-1.3535498944904e-13
0.0125,1.25,15000,74,5.9554787738547e-15,2.10088728408011e-13,-2.04133249634156e-13
0.0125,1.25,15000,75,9.789005841983e-15,3.16565432416935e-13,-3.06776426574952e-13
0.0125,1.25,15000,76,1.60158396382454e-14,4.75419049399041e-13,-4.59403209760795e-13
0.0125,1.25,15000,77,2.60826565060776e-14,7.1160996383572e-13,-6.85527307329642e-13
0.0125,1.25,15000,78,4.22811493621339e-14,1.06159731913774e-12,-1.0193161697756e-12
0.0125,1.25,15000,79,6.82239030150846e-14,1.57844683130108e-12,-1.510222928286e-12
0.0125,1.25,15000,80,1.09577959442002e-13,2.33911973911097e-12,-2.22954177966897e-12
0.0125,1.25,15000,81,1.75189824256033e-13,3.45483492925868e-12,-3.27964510500265e-12
0.0125,1.25,15000,82,2.78801950723197e-13,5.08574407076071e-12,-4.80694212003752e-12
0.0125,1.25,15000,83,4.41658237800929e-13,7.46163589261029e-12,-7.01997765480936e-12
0.0125,1.25,15000,84,6.9643867599689e-13,1.09110351777333e-11,-1.02145965017364e-11
0.0125,1.25,15000,85,1.09317063427287e-12,1.59019436738877e-11,-1.48087730396148e-11
0.0125,1.25,15000,86,1.70806408053043e-12,2.3098661652523e-11,-2.13905975719925e-11
0.0125,1.25,15000,87,2.65664897090904e-12,3.34407320267537e-11,-3.07840830558447e-11
0.0125,1.25,15000,88,4.11320889643119e-12,4.82521962747043e-11,-4.41389873782731e-11
0.0125,1.25,15000,89,6.33938003888985e-12,6.93922145351437e-11,-6.30528344962538e-11
0.0125,1.25,15000,90,9.72602027123265e-12,9.9461902234703e-11,-8.97358819634703e-11
0.0125,1.25,15000,91,1.48541883146128e-11,1.42087255664122e-10,-1.27233067349509e-10
0.0125,1.25,15000,92,2.25834944616646e-11,2.02304639713764e-10,-1.79721145252099e-10
0.0125,1.25,15000,93,3.41794438677872e-11,2.87083949147653e-10,-2.52904505279866e-10
0.0125,1.25,15000,94,5.14960258985229e-11,4.06035805011104e-10,-3.54539779112581e-10
0.0125,1.25,15000,95,7.72361519762147e-11,5.72363728760442e-10,-4.95127576784227e-10
0.0125,1.25,15000,96,1.15321192357738e-10,8.04141041647977e-10,-6.88819849290239e-10
0.0125,1.25,15000,97,1.71412568799813e-10,1.12601636843883e-09,-9.54603799639012e-10
0.0125,1.25,15000,98,2.53644107658486e-10,1.57148243464354e-09,-1.31783832698505e-09
0.0125,1.25,15000,99,3.73644907594281e-10,2.18588198102983e-09,-1.81223707343554e-09
0.0125,1.25,15000,100,5.47960432830785e-10,3.03037406717209e-09,-2.48241363434131e-09
0.0125,1.25,15000,101,8.00016432833457e-10,4.18714618206842e-09,-3.38712974923496e-09
0.0125,1.25,15000,102,1.16281864727569e-09,5.76623526065971e-09,-4.60341661338402e-09
0.0125,1.25,15000,103,1.68264422424716e-09,7.91441726438623e-09,-6.23177304013907e-09
0.0125,1.25,15000,104,2.42406221991101e-09,1.08267443279418e-08,-8.40268210803076e-09
0.0125,1.25,15000,105,3.47672515290344e-09,1.47614551210039e-08,-1.12847299681005e-08
0.0125,1.25,15000,106,4.96450700412017e-09,2.00591631920841e-08,-1.50946561879639e-08
0.0125,1.25,15000,107,7.05773200130536e-09,2.71674454964016e-08,-2.01097134950962e-08
0.0125,1.25,15000,108,9.98945090654701e-09,3.66722155826587e-08,-2.66827646761117e-08
0.0125,1.25,15000,109,1.40769864975647e-08,4.93375801944549e-08,-3.52605936968902e-08
0.0125,1.25,15000,110,1.97502979813977e-08,6.61562520780891e-08,-4.64059540966914e-08
0.0125,1.25,15000,111,2.75891169974695e-08,8.84130337819005e-08,-6.08239167844309e-08
0.0125,1.25,15000,112,3.83712986908524e-08,1.17764405652769e-07,-7.93931069619165e-08
0.0125,1.25,15000,113,5.31354241656397e-08,1.56337854553832e-07,-1.03202430388193e-07
0.0125,1.25,15000,114,7.32614003267336e-08,2.0685527615705e-07,-1.33593875830316e-07
0.0125,1.25,15000,115,1.00573644857189e-07,2.72785580294326e-07,-1.72211935437137e-07
0.0125,1.25,15000,116,1.37472432689849e-07,3.58532531661e-07,-2.21060098971151e-07
0.0125,1.25,15000,117,1.87100129444028e-07,4.69664870907302e-07,-2.82564741463274e-07
0.0125,1.25,15000,118,2.5355035821848e-07,6.13196884593792e-07,-3.59646526375312e-07
0.0125,1.25,15000,119,3.42129646461386e-07,7.97928823407578e-07,-4.55799176946192e-07
0.0125,1.25,15000,120,4.59682781594284e-07,1.03485789809511e-06,-5.75175116500823e-07
0.0125,1.25,15000,121,6.14994962519301e-07,1.33767199703126e-06,-7.22677034511958e-07
0.0125,1.25,15000,122,8.19285854370197e-07,1.72333974571799e-06,-9.04053891347791e-07
0.0125,1.25,15000,123,1.08681280909705e-06,2.21281203509009e-06,-1.12599922599303e-06
0.0125,1.25,15000,124,1.43560276321215e-06,2.83185163993748e-06,-1.39624887672534e-06
0.0125,1.25,15000,125,1.88833460734906e-06,3.61200897659002e-06,-1.72367436924096e-06
0.0125,1.25,15000,126,2.4733960611808e-06,4.59176334244335e-06,-2.11836728126255e-06
0.0125,1.25,15000,127,3.22614118015333e-06,5.81785005670393e-06,-2.5917088765506e-06
0.0125,1.25,15000,128,4.19037644132594e-06,7.34679468453769e-06,-3.15641824321175e-06
0.0125,1.25,15000,129,5.42010475241009e-06,9.24667586290897e-06,-3.82657111049888e-06
0.0125,1.25,15000,130,6.98155752266002e-06,1.15991380281298e-05,-4.61758050546974e-06
0.0125,1.25,15000,131,8.95554492301393e-06,1.4501674431078e-05,-5.54612950806404e-06
0.0125,1.25,15000,132,1.14401534192888e-05,1.80701990631202e-05,-6.63004564383149e-06
0.0125,1.25,15000,133,1.4553817341087e-05,2.24419233424966e-05,-7.88810600140952e-06
0.0125,1.25,15000,134,1.84387873928917e-05,2.77785494617967e-05,-9.33976206890498e-06
0.0125,1.25,15000,135,2.32650133615384e-05,3.42697870084418e-05,-1.10047736469034e-05
0.0125,1.25,15000,136,2.92344505724263e-05,4.2137192686911e-05,-1.29027421144847e-05
0.0125,1.25,15000,137,3.65857896632808e-05,5.16383245563495e-05,-1.50525348930687e-05
0.0125,1.25,15000,138,4.55995967841599e-05,6.30711920398953e-05,-1.74715952557354e-05
0.0125,1.25,15000,139,5.6603836256229e-05,7.67789709904979e-05,-2.01751347342689e-05
0.0125,1.25,15000,140,6.99797299652611e-05,9.31549392902092e-05,-2.3175209324948e-05
0.0125,1.25,15000,141,8.6167887360142e-05,0.000112647572856471,-2.64796854963291e-05
0.0125,1.25,15000,142,0.000105674617019511,0.000135765724645484,-3.0091107625973e-05
0.0125,1.25,15000,143,0.000129078305624444,0.000163083790482122,-3.40054848576786e-05
0.0125,1.25,15000,144,0.000157035723268168,0.000195246745608916,-3.82110223407475e-05
0.0125,1.25,15000,145,0.000190288085947881,0.000232974915141151,-4.268682919327e-05
0.0125,1.25,15000,146,0.000229666677595816,0.000277068320662055,-4.74016430662399e-05
0.0125,1.25,15000,147,0.000276097806069498,0.000328410424627921,-5.23126185584228e-05
0.0125,1.25,15000,148,0.000330606841255754,0.000387971074827823,-5.73642335720692e-05
0.0125,1.25,15000,149,0.000394321060122877,0.000456808433712695,-6.24873735898176e-05
0.0125,1.25,15000,150,0.000468471004578845,0.000536069662922589,-6.75986583437448e-05
0.0125,1.25,15000,151,0.000554390044845954,0.000626990122820509,-7.26000779745548e-05
0.0125,1.25,15000,152,0.000653511835267533,0.000730890841353029,-7.73790060854964e-05
0.0125,1.25,15000,153,0.000767365352522385,0.000849174007180435,-8.18086546580492e-05
0.0125,1.25,15000,154,0.000897567219549378,0.000983316249801381,-8.57490302520034e-05
0.0125,1.25,15000,155,0.00104581104332346,0.00113485948531267,-8.90484419892095e-05
0.0125,1.25,15000,156,0.00121385353197429,0.00130539913133976,-9.15455993654739e-05
0.0125,1.25,15000,157,0.00140349720726887,0.00149656952921279,-9.30723219439238e-05
0.0125,1.25,15000,158,0.00161656959245235,0.00171002645607315,-9.34568636207999e-05
0.0125,1.25,15000,159,0.00185489883263765,0.00194742666441212,-9.25278317744759e-05
0.0125,1.25,15000,160,0.00212028579459558,0.00221040445135728,-9.01186567617055e-05
0.0125,1.25,15000,161,0.00241447279358061,0.00250054533424059,-8.60725406599842e-05
0.0125,1.25,15000,162,0.0027391092047807,0.00281935699158777,-8.02477868070699e-05
0.0125,1.25,15000,163,0.00309571433354777,0.0031682377182055,-7.2523384657735e-05
0.0125,1.25,15000,164,0.00348563803861489,0.00354844273760711,-6.28046989922179e-05
0.0125,1.25,15000,165,0.00391001972238704,0.00396104881226986,-5.10290898828106e-05
0.0125,1.25,15000,166,0.00436974641802764,0.00440691768942066,-3.71712713930234e-05
0.0125,1.25,15000,167,0.00486541081006775,0.00488665901411504,-2.12482040472823e-05
0.0125,1.25,15000,168,0.00539727011909255,0.00540059342895216,-3.32330985960538e-06
0.0125,1.25,15000,169,0.00596520685717063,0.00594871665732697,1.64901998436608e-05
0.0125,1.25,15000,170,0.00656869251474075,0.00653066543107079,3.80270836699646e-05
0.0125,1.25,15000,171,0.00720675526770224,0.00714568617016026,6.10690975419784e-05
0.0125,1.25,15000,172,0.0078779527920985,0.00779260734858305,8.53454435154515e-05
0.0125,1.25,15000,173,0.00858035124044429,0.0084698164835038,0.000110534756940487
0.0125,1.25,15000,174,0.00931151136677833,0.00917524266215986,0.00013626870461847
0.0125,1.25,15000,175,0.010068482686363,0.00990634547067453,0.000162137215688517
0.0125,1.25,15000,176,0.0108478064212449,0.0106601111102387,0.000187695311006181
0.0125,1.25,15000,177,0.0116455278165271,0.01143305637881,0.000212471437717082
0.0125,1.25,15000,178,0.0124572182173649,0.012221241061523,0.000235977155841869
0.0125,1.25,15000,179,0.0132780070777803,0.0130202891123395,0.000257717965440839
0.0125,1.25,15000,180,0.0141026238349415,0.0138254188260687,0.000277205008872771
0.0125,1.25,15000,181,0.0149254493330961,0.0146314819977526,0.0002939673353435
0.0125,1.25,15000,182,0.0157405762271928,0.0154330118504497,0.000307564376743123
0.0125,1.25,15000,183,0.016541877545218,0.0162242792884064,0.000317598256811571
0.0125,1.25,15000,184,0.0173230823485325,0.0169993568068514,0.000323725541681117
0.0125,1.25,15000,185,0.0180778572090713,0.0177521891690254,0.000325668040045923
0.0125,1.25,15000,186,0.018799892028891,0.018476669752623,0.000323222276267989
0.0125,1.25,15000,187,0.0194829885682537,0.0191667212785994,0.000316267289654382
0.0125,1.25,15000,188,0.0201211499293198,0.0198163794720205,0.000304770457299264
0.0125,1.25,15000,189,0.0207086691684615,0.020419878073487,0.000288791094974584
0.0125,1.25,15000,190,0.0212402151846508,0.0209717335259889,0.000268481658661935
0.0125,1.25,15000,191,0.0217109140561665,0.0214668276101794,0.000244086445987092
0.0125,1.25,15000,192,0.0221164240731777,0.0219004862940283,0.000215937779149335
0.0125,1.25,15000,193,0.0224530028380163,0.0222685531023056,0.000184449735710749
0.0125,1.25,15000,194,0.0227175649749121,0.0225674553974684,0.000150109577443689
0.0125,1.25,15000,195,0.0229077292018096,0.0227942620948774,0.000113467106932216
0.0125,1.25,15000,196,0.0230218537623752,0.0229467315088554,7.51222535197923e-05
0.0125,1.25,15000,197,0.0230590594890505,0.0230233482374913,3.57112515592187e-05
0.0125,1.25,15000,198,0.0230192400597065,0.0230233482374913,-4.10817778478609e-06
0.0125,1.25,15000,199,0.0229030593122179,0.0229467315088554,-4.3672196637496e-05
0.0125,1.25,15000,200,0.0227119357839712,0.0227942620948774,-8.23263109062493e-05
0.0125,1.25,15000,201,0.0224480149378779,0.0225674553974684,-0.00011944045959042
0.0125,1.25,15000,202,0.0221141298142536,0.0222685531023056,-0.00015442328805201
0.0125,1.25,15000,203,0.0217137511009883,0.0219004862940283,-0.000186735193040029
0.0125,1.25,15000,204,0.0212509278358664,0.0214668276101794,-0.000215899774312942
0.0125,1.25,15000,205,0.0207302201389351,0.0209717335259889,-0.000241513387053804
0.0125,1.25,15000,206,0.0201566255151513,0.020419878073487,-0.000263252558335644
0.0125,1.25,15000,207,0.0195355003652989,0.0198163794720205,-0.000280879106721654
0.0125,1.25,15000,208,0.0188724783950612,0.0191667212785994,-0.000294242883538163
0.0125,1.25,15000,209,0.0181733876184024,0.018476669752623,-0.000303282134220623
0.0125,1.25,15000,210,0.0174441676137287,0.0177521891690254,-0.000308021555296665
0.0125,1.25,15000,211,0.0166907886127189,0.0169993568068514,-0.000308568194132525
0.0125,1.25,15000,212,0.0159191738864131,0.0162242792884064,-0.000305105401993362
0.0125,1.25,15000,213,0.0151351267462937,0.0154330118504497,-0.000297885104155952
0.0125,1.25,15000,214,0.0143442633055662,0.0146314819977526,-0.000287218692186409
0.0125,1.25,15000,215,0.0135519519540115,0.0138254188260687,-0.000273466872057171
0.0125,1.25,15000,216,0.0127632602952435,0.0130202891123395,-0.000257028817095949
0.0125,1.25,15000,217,0.0119829100845325,0.012221241061523,-0.000238330976990511
0.0125,1.25,15000,218,0.0112152404949174,0.01143305637881,-0.000217815883892612
0.0125,1.25,15000,219,0.0104641798350115,0.0106601111102387,-0.000195931275227251
0.0125,1.25,15000,220,0.00973322564901822,0.00990634547067453,-0.000173119821656314
0.0125,1.25,15000,221,0.00902543295255243,0.00917524266215986,-0.000149809709607429
0.0125,1.25,15000,222,0.00834341020061557,0.0084698164835038,-0.000126406282888233
0.0125,1.25,15000,223,0.0076893224492969,0.00779260734858305,-0.000103284899286142
0.0125,1.25,15000,224,0.00706490106234511,0.00714568617016026,-8.07851078151534e-05
0.0125,1.25,15000,225,0.00647145922864005,0.00653066543107079,-5.92062024307363e-05
0.0125,1.25,15000,226,0.00590991249690795,0.00594871665732697,-3.88041604190183e-05
0.0125,1.25,15000,227,0.00538080349908292,0.00540059342895216,-1.97899298692381e-05
0.0125,1.25,15000,228,0.00488433002216327,0.00488665901411504,-2.32899195177095e-06
0.0125,1.25,15000,229,0.0044203755983005,0.00440691768942066,1.34579088798357e-05
0.0125,1.25,15000,230,0.00398854181179684,0.00396104881226986,2.7492999526986e-05
0.0125,1.25,15000,231,0.00358818156694983,0.00354844273760711,3.97388293427287e-05
0.0125,1.25,15000,232,0.00321843261934295,0.0031682377182055,5.01949011374502e-05
0.0125,1.25,15000,233,0.00287825074222281,0.00281935699158777,5.88937506350398e-05
0.0125,1.25,15000,234,0.00256644197603683,0.00250054533424059,6.58966417962335e-05
0.0125,1.25,15000,235,0.00228169349015471,0.00221040445135728,7.12890387974344e-05
0.0125,1.25,15000,236,0.00202260266858597,0.00194742666441212,7.51760041738517e-05
0.0125,1.25,15000,237,0.00178770411372045,0.00171002645607315,7.76776576472964e-05
0.0125,1.25,15000,238,0.00157549434164995,0.00149656952921279,7.89248124371629e-05
0.0125,1.25,15000,239,0.00138445401770998,0.00130539913133976,7.90548863702117e-05
0.0125,1.25,15000,240,0.00121306765009221,0.00113485948531267,7.82081647795418e-05
0.0125,1.25,15000,241,0.00105984072165924,0.000983316249801381,7.65244718578637e-05
0.0125,1.25,15000,242,0.000923314294717267,0.000849174007180435,7.41402875368324e-05
0.0125,1.25,15000,243,0.000802077170067014,0.000730890841353029,7.11863287139842e-05
0.0125,1.25,15000,244,0.000694775720038817,0.000626990122820509,6.77855972183088e-05
0.0125,1.25,15000,245,0.000600121545559973,0.000536069662922589,6.40518826373832e-05
0.0125,1.25,15000,246,0.000516897129946804,0.000456808433712695,6.00886962341092e-05
0.0125,1.25,15000,247,0.000443959677577653,0.000387971074827823,5.59886027498305e-05
0.0125,1.25,15000,248,0.0003802433345327,0.000328410424627921,5.18329099047785e-05
0.0125,1.25,15000,249,0.000324759991418865,0.000277068320662055,4.76916707568094e-05
0.0125,1.25,15000,250,0.000276598866723647,0.000232974915141151,4.36239515824969e-05
0.0125,1.25,15000,251,0.000234925062971561,0.000195246745608916,3.96783173626455e-05
0.0125,1.25,15000,252,0.000198977278494757,0.000163083790482122,3.5893488012635e-05
0.0125,1.25,15000,253,0.000168064845547749,0.000135765724645484,3.22991209022652e-05
0.0125,1.25,15000,254,0.000141564251517338,0.000112647572856471,2.89166786608664e-05
0.0125,1.25,15000,255,0.000118915284761168,9.31549392902092e-05,2.57603454709586e-05
0.0125,1.25,15000,256,9.96169307363981e-05,7.67789709904979e-05,2.28379597459003e-05
0.0125,1.25,15000,257,8.32231280589296e-05,6.30711920398953e-05,2.01519360190343e-05
0.0125,1.25,15000,258,6.93384783876578e-05,5.16383245563495e-05,1.77001538313082e-05
0.0125,1.25,15000,259,5.7613988900994e-05,4.2137192686911e-05,1.5476796214083e-05
0.0125,1.25,15000,260,4.77429118916396e-05,3.42697870084418e-05,1.34731248831978e-05
0.0125,1.25,15000,261,3.94567328461963e-05,2.77785494617967e-05,1.16781833843996e-05
0.0125,1.25,15000,262,3.25213464300686e-05,2.24419233424966e-05,1.00794230875721e-05
0.0125,1.25,15000,263,2.67334491399797e-05,1.80701990631202e-05,8.66325007685942e-06
0.0125,1.25,15000,264,2.19171680423015e-05,1.4501674431078e-05,7.41549361122356e-06
0.0125,1.25,15000,265,1.79209369709442e-05,1.15991380281298e-05,6.32179894281442e-06
0.0125,1.25,15000,266,1.46146247669194e-05,9.24667586290897e-06,5.36794890401039e-06
0.0125,1.25,15000,267,1.18869145311824e-05,7.34679468453769e-06,4.54011984664469e-06
0.0125,1.25,15000,268,9.64292834318807e-06,5.81785005670393e-06,3.82507828648415e-06
0.0125,1.25,15000,269,7.80208836812422e-06,4.59176334244335e-06,3.21032502568087e-06
0.0125,1.25,15000,270,6.29620262776777e-06,3.61200897659002e-06,2.68419365117775e-06
0.0125,1.25,15000,271,5.06776183299758e-06,2.83185163993748e-06,2.23591019306009e-06
0.0125,1.25,15000,272,4.06843246137996e-06,2.21281203509009e-06,1.85562042628987e-06
0.0125,1.25,15000,273,3.2577306065083e-06,1.72333974571799e-06,1.53439086079031e-06
0.0125,1.25,15000,274,2.6018609290405e-06,1.33767199703126e-06,1.26418893200924e-06
0.0125,1.25,15000,275,2.07270521278725e-06,1.03485789809511e-06,1.03784731469214e-06
0.0125,1.25,15000,276,1.64694549185057e-06,7.97928823407578e-07,8.4901666844299e-07
0.0125,1.25,15000,277,1.30530739519497e-06,6.13196884593792e-07,6.92110510601175e-07
0.0125,1.25,15000,278,1.03191019110961e-06,4.69664870907302e-07,5.62245320202305e-07
0.0125,1.25,15000,279,8.13710952961054e-07,3.58532531661e-07,4.55178421300054e-07
0.0125,1.25,15000,280,6.40031265345037e-07,2.72785580294326e-07,3.67245685050711e-07
0.0125,1.25,15000,281,5.0215591020864e-07,2.0685527615705e-07,2.95300634051591e-07
0.0125,1.25,15000,282,3.92993987045085e-07,1.56337854553832e-07,2.36656132491252e-07
0.0125,1.25,15000,283,3.06793907689147e-07,1.17764405652769e-07,1.89029502036378e-07
0.0125,1.25,15000,284,2.38904648070382e-07,8.84130337819005e-08,1.50491614288482e-07
0.0125,1.25,15000,285,1.85576524883745e-07,6.61562520780891e-08,1.19420272805656e-07
0.0125,1.25,15000,286,1.43795586964485e-07,4.93375801944549e-08,9.44580067700302e-08
0.0125,1.25,15000,287,1.11146465012345e-07,3.66722155826587e-08,7.44742494296861e-08
0.0125,1.25,15000,288,8.56992077004578e-08,2.71674454964016e-08,5.85317622040562e-08
0.0125,1.25,15000,289,6.59162477353659e-08,2.00591631920841e-08,4.58570845432818e-08
0.0125,1.25,15000,290,5.05761903092199e-08,1.47614551210039e-08,3.5814735188216e-08
0.0125,1.25,15000,291,3.8711601961435e-08,1.08267443279418e-08,2.78848576334932e-08
0.0125,1.25,15000,292,2.95584042889637e-08,7.91441726438623e-09,2.16439870245774e-08
0.0125,1.25,15000,293,2.25148488385392e-08,5.76623526065971e-09,1.67486135778795e-08
0.0125,1.25,15000,294,1.71083717457297e-08,4.18714618206842e-09,1.29212255636613e-08
0.0125,1.25,15000,295,1.29689041661746e-08,3.03037406717209e-09,9.9385300990025e-09
0.0125,1.25,15000,296,9.8074520868444e-09,2.18588198102983e-09,7.62157010581458e-09
0.0125,1.25,15000,297,7.39896131705029e-09,1.57148243464354e-09,5.82747888240675e-09
0.0125,1.25,15000,298,5.56865466855079e-09,1.12601636843883e-09,4.44263830011196e-09
0.0125,1.25,15000,299,4.1811725436899e-09,8.04141041647977e-10,3.37703150204192e-09
0.0125,1.25,15000,300,3.13196901081936e-09,5.72363728760442e-10,2.55960528205892e-09
0.0125,1.25,15000,301,2.34051624803087e-09,4.06035805011104e-10,1.93448044301977e-09
0.0125,1.25,15000,302,1.74495391433908e-09,2.87083949147653e-10,1.45786996519143e-09
0.0125,1.25,15000,303,1.29788915447306e-09,2.02304639713764e-10,1.09558451475929e-09
0.0125,1.25,15000,304,9.63109829552442e-10,1.42087255664122e-10,8.2102257388832e-10
0.0125,1.25,15000,305,7.13020163087123e-10,9.9461902234703e-11,6.1355826085242e-10
0.0125,1.25,15000,306,5.26646000004655e-10,6.93922145351437e-11,4.57253785469512e-10
0.0125,1.25,15000,307,3.88087751174766e-10,4.82521962747043e-11,3.39835554900061e-10
0.0125,1.25,15000,308,2.85324074892695e-10,3.34407320267537e-11,2.51883342865942e-10
0.0125,1.25,15000,309,2.09289476035034e-10,2.3098661652523e-11,1.86190814382511e-10
0.0125,1.25,15000,310,1.5316516188631e-10,1.59019436738877e-11,1.37263218212422e-10
0.0125,1.25,15000,311,1.11835415017613e-10,1.09110351777333e-11,1.0092437983988e-10
0.0125,1.25,15000,312,8.14720379295866e-11,7.46163589261029e-12,7.40104020369763e-11
0.0125,1.25,15000,313,5.92175954529693e-11,5.08574407076071e-12,5.41318513822086e-11
0.0125,1.25,15000,314,4.2944643553769e-11,3.45483492925868e-12,3.94898086245103e-11
0.0125,1.25,15000,315,3.10732263207404e-11,2.33911973911097e-12,2.87341065816295e-11
0.0125,1.25,15000,316,2.24329226824404e-11,1.57844683130108e-12,2.08544758511393e-11
0.0125,1.25,15000,317,1.61588546814571e-11,1.06159731913774e-12,1.50972573623193e-11
0.0125,1.25,15000,318,1.16135105974659e-11,7.1160996383572e-13,1.09019006336302e-11
0.0125,1.25,15000,319,8.3281340350419e-12,4.75419049399041e-13,7.85271498564286e-12
0.0125,1.25,15000,320,5.95890043631207e-12,3.16565432416935e-13,5.64233500389514e-12
0.0125,1.25,15000,321,4.25423790037194e-12,2.10088728408011e-13,4.04414917196393e-12
0.0125,1.25,15000,322,3.0305231438889e-12,1.3896145942743e-13,2.89156168446147e-12
0.0125,1.25,15000,323,2.15405398106378e-12,9.16090400865121e-14,2.06244494097727e-12
0.0125,1.25,15000,324,1.52771255160411e-12,6.01914284551528e-14,1.46752112314895e-12
0.0125,1.25,15000,325,1.0811245407141e-12,3.94169774948749e-14,1.04170756321923e-12
0.0125,1.25,15000,326,7.63416836376369e-13,2.57267152970558e-14,7.37690121079313e-13
0.0125,1.25,15000,327,5.37901272730079e-13,1.67354622780923e-14,5.21165810451986e-13
0.0125,1.25,15000,328,3.78182238290504e-13,1.08503422620454e-14,3.67331896028458e-13
0.0125,1.25,15000,329,2.65314066417844e-13,7.01134784878218e-15,2.58302718569061e-13
0.0125,1.25,15000,330,1.85730349998243e-13,4.51556337549865e-15,1.81214786622745e-13
0.0125,1.25,15000,331,1.29739368302006e-13,2.89850945660432e-15,1.26840858845402e-13
0.0125,1.25,15000,332,9.04335992953344e-14,1.85434207706632e-15,8.85792572182681e-14
0.0125,1.25,15000,333,6.29013274025764e-14,1.18238071107428e-15,6.17189466915021e-14
0.0125,1.25,15000,334,4.36580737288294e-14,7.51410347014683e-16,4.29066633818147e-14
0.0125,1.25,15000,335,3.0237570255373e-14,4.75936878237512e-16,2.97616333771355e-14
0.0125,1.25,15000,336,2.08982324031614e-14,3.00451167524964e-16,2.05977812356365e-14
0.0125,1.25,15000,337,1.44130313784126e-14,1.89038727856083e-16,1.42239926505565e-14
0.0125,1.25,15000,338,9.91943601474642e-15,1.18544122932454e-16,9.80089189181397e-15
0.0125,1.25,15000,339,6.81251142555747e-15,7.40903457243671e-17,6.7384210798331e-15
0.0125,1.25,15000,340,4.6689460309591e-15,4.61525356619334e-17,4.62279349529716e-15
0.0125,1.25,15000,341,3.1931883074085e-15,2.86537761335395e-17,3.16453453127496e-15
0.0125,1.25,15000,342,2.17934998496415e-15,1.77304807839655e-17,2.16161950418018e-15
0.0125,1.25,15000,343,1.48432463970965e-15,1.09348168318786e-17,1.47338982287777e-15
0.0125,1.25,15000,344,1.00886478557543e-15,6.72132452261952e-18,1.00214346105281e-15
0.0125,1.25,15000,345,6.84292608689894e-16,4.11766080643571e-18,6.80174947883458e-16
0.0125,1.25,15000,346,4.63188972988296e-16,2.51419306549764e-18,4.60674779922798e-16
0.0125,1.25,15000,347,3.12884966529073e-16,1.53002677720655e-18,3.11354939751867e-16
0.0125,1.25,15000,348,2.10922998826601e-16,9.28008150557081e-19,2.09994990676044e-16
0.0125,1.25,15000,349,1.41898745174425e-16,5.60992301348561e-19,1.41337752873077e-16
0.0125,1.25,15000,350,9.52689017890133e-17,3.37998181629957e-19,9.49309036073834e-17
0.0125,1.25,15000,351,6.38328663911758e-17,2.02966413715374e-19,6.36298999774604e-17
0.0125,1.25,15000,352,4.26835668381168e-17,1.21474842331653e-19,4.25620919957851e-17
0.0125,1.25,15000,353,2.84841198561566e-17,7.2460422458146e-20,2.84116594336985e-17
0.0125,1.25,15000,354,1.89702568305077e-17,4.30792100659686e-20,1.89271776204417e-17
0.0125,1.25,15000,355,1.26088208119728e-17,2.55262461173058e-20,1.25832945658555e-17
0.0125,1.25,15000,356,8.36390574752928e-18,1.50750418039717e-20,8.34883070572531e-18
0.0125,1.25,15000,357,5.53706612379151e-18,8.87324452392671e-21,5.52819287926759e-18
0.0125,1.25,15000,358,3.6583792760399e-18,5.20545535474967e-21,3.65317382068515e-18
0.0125,1.25,15000,359,2.41234095270883e-18,3.04359844884576e-21,2.40929735425999e-18
0.0125,1.25,15000,360,1.58756709009259e-18,1.77365167699305e-21,1.58579343841559e-18
0.0125,1.25,15000,361,1.04272888402687e-18,1.0301528428428e-21,1.04169873118403e-18
0.0125,1.25,15000,362,6.83532406578418e-19,5.96330947895669e-22,6.82936075630522e-19
0.0125,1.25,15000,363,4.47195746503334e-19,3.44053027312423e-22,4.46851693476021e-19
0.0125,1.25,15000,364,2.92004481191803e-19,1.9784075933337e-22,2.9180664043247e-19
0.0125,1.25,15000,365,1.9029926184056e-19,1.13385758235856e-22,1.90185876082324e-19
0.0125,1.25,15000,366,1.23777826640009e-19,6.47669728156912e-23,1.23713059667193e-19
0.0125,1.25,15000,367,8.03543106137471e-20,3.68723689396161e-23,8.03174382448075e-20
0.0125,1.25,15000,368,5.20641147570717e-20,2.09218861372642e-23,5.20431928709345e-20
0.0125,1.25,15000,369,3.36692291939485e-20,1.18318588361981e-23,3.36573973351123e-20
0.0125,1.25,15000,370,2.17317959852422e-20,6.66895023393462e-24,2.17251270350082e-20
0.0125,1.25,15000,371,1.400000520422e-20,3.74640155764278e-24,1.39962588026623e-20
0.0125,1.25,15000,372,9.00188104265663e-21,2.09760411262227e-24,8.99978343854401e-21
0.0125,1.25,15000,373,5.77714393798845e-21,1.17053681675502e-24,5.7759734011717e-21
0.0125,1.25,15000,374,3.70058423174923e-21,6.51026972420475e-25,3.69993320477681e-21
0.0125,1.25,15000,375,2.36595738288414e-21,3.6088201391077e-25,2.36559650087023e-21
0.0125,1.25,15000,376,1.50982071353532e-21,1.99381034528063e-25,1.5096213325008e-21
0.0125,1.25,15000,377,9.61674253225842e-22,1.09787982450872e-25,9.61564465243391e-22
0.0125,1.25,15000,378,6.11388191161985e-22,6.02529222723256e-26,6.11327938239713e-22
0.0125,1.25,15000,379,3.87967048141439e-22,3.29574633399585e-26,3.87934090678099e-22
0.0125,1.25,15000,380,2.45733095327347e-22,1.79672574993079e-26,2.45715128069847e-22
0.0125,1.25,15000,381,1.5535518320043e-22,9.7625249771343e-27,1.55345420675453e-22
0.0125,1.25,15000,382,9.80355045672592e-23,5.28682427918221e-27,9.803021774298e-23
0.0125,1.25,15000,383,6.17502646498017e-23,2.85351359024035e-27,6.17474111362114e-23
0.0125,1.25,15000,384,3.8823464782773e-23,1.53503176347061e-27,3.88219297510095e-23
0.0125,1.25,15000,385,2.43641924699815e-23,8.23013841833687e-28,2.43633694561397e-23
0.0125,1.25,15000,386,1.52620978670813e-23,4.39793963567086e-28,1.52616580731178e-23
0.0125,1.25,15000,387,9.54296076726136e-24,2.34230659128155e-28,9.54272653660223e-24
0.0125,1.25,15000,388,5.95608565139915e-24,1.24334189783186e-28,5.95596131720937e-24
0.0125,1.25,15000,389,3.71064846702778e-24,6.5779375873179e-29,3.71058268765191e-24
0.0125,1.25,15000,390,2.30755443227662e-24,3.46849665562073e-29,2.30751974731006e-24
0.0125,1.25,15000,391,1.43241720898773e-24,1.82282578530513e-29,1.43239898072988e-24
0.0125,1.25,15000,392,8.87574265370744e-25,9.54775790536907e-30,8.87564717612839e-25
0.0125,1.25,15000,393,5.48983917098306e-25,4.9843666920345e-30,5.48978932731614e-25
0.0125,1.25,15000,394,3.38950620127634e-25,2.59340846268244e-30,3.38948026719171e-25
0.0125,1.25,15000,395,2.08899436594166e-25,1.3448821018867e-30,2.08898091712064e-25
0.0125,1.25,15000,396,1.28518087318577e-25,6.95104109094145e-31,1.28517392214468e-25
0.0125,1.25,15000,397,7.89258926172012e-26,3.58069928478183e-31,7.89255345472727e-26
0.0125,1.25,15000,398,4.83843733648812e-26,1.83839231091474e-31,4.83841895256501e-26
0.0125,1.25,15000,399,2.96089635759566e-26,9.40721114831895e-32,2.96088695038451e-26
0.0125,1.25,15000,400,1.80873875732625e-26,4.79773151555452e-32,1.80873395959474e-26
0.0125,1.25,20000,0,5.56887281739608e-12,3.99941387850341e-39,5.56887281739608e-12
0.0125,1.25,20000,1,4.1401109402829e-12,7.65147025837255e-39,4.1401109402829e-12
0.0125,1.25,20000,2,3.07252551311326e-12,1.46018439693407e-38,3.07252551311326e-12
0.0125,1.25,20000,3,2.27624844947941e-12,2.77961582863581e-38,2.27624844947941e-12
0.0125,1.25,20000,4,1.68339593687535e-12,5.27808175122644e-38,1.68339593687535e-12
0.0125,1.25,20000,5,1.24278821598736e-12,9.99727671109273e-38,1.24278821598736e-12
0.0125,1.25,20000,6,9.1591254365706e-13,1.88886786057456e-37,9.1591254365706e-13
0.0125,1.25,20000,7,6.7384296183219e-13,3.55988283932716e-37,6.7384296183219e-13
0.0125,1.25,20000,8,4.94894891889051e-13,6.69243399627144e-37,4.94894891889051e-13
0.0125,1.25,20000,9,3.62842875262597e-13,1.25500874542673e-36,3.62842875262597e-13
0.0125,1.25,20000,10,2.65568979727258e-13,2.34759767898757e-36,2.65568979727258e-13
0.0125,1.25,20000,11,1.94039865088869e-13,4.38041093615321e-36,1.94039865088869e-13
0.0125,1.25,20000,12,1.41534138936611e-13,8.15305367419834e-36,1.41534138936611e-13
0.0125,1.25,20000,13,1.03059924245926e-13,1.51370070121646e-35,1.03059924245926e-13
0.0125,1.25,20000,14,7.49166825657138e-14,2.80332846315196e-35,7.49166825657138e-14
0.0125,1.25,20000,15,5.43662147575814e-14,5.17871754810418e-35,5.43662147575814e-14
0.0125,1.25,20000,16,3.93861219005693e-14,9.54299567318395e-35,3.93861219005693e-14
0.0125,1.25,20000,17,2.84854202660638e-14,1.7541288554828e-34,2.84854202660638e-14
0.0125,1.25,20000,18,2.056690975509e-14,3.21627016731787e-34,2.056690975509e-14
0.0125,1.25,20000,19,1.48246402288185e-14,5.882444195455e-34,1.48246402288185e-14
0.0125,1.25,20000,20,1.06676729822727e-14,1.07319186783153e-33,1.06676729822727e-14
0.0125,1.25,20000,21,7.66350302500367e-15,1.95304025203833e-33,7.66350302500367e-15
0.0125,1.25,20000,22,5.49615245442464e-15,3.54535133421403e-33,5.49615245442464e-15
0.0125,1.25,20000,23,3.93518987075386e-15,6.41980190973797e-33,3.93518987075386e-15
0.0125,1.25,20000,24,2.81287073363111e-15,1.15957338862806e-32,2.81287073363111e-15
0.0125,1.25,20000,25,2.0073018843545e-15,2.08924377227132e-32,2.0073018843545e-15
0.0125,1.25,20000,26,1.43006610185738e-15,3.75486438624826e-32,1.43006610185738e-15
0.0125,1.25,20000,27,1.01714225351972e-15,6.73152805434973e-32,1.01714225351972e-15
0.0125,1.25,20000,28,7.22255900807894e-16,1.20378056591965e-31,7.22255900807894e-16
0.0125,1.25,20000,29,5.12018874481278e-16,2.14731253396798e-31,5.12018874481278e-16
0.0125,1.25,20000,30,3.62383116618869e-16,3.8208277057936e-31,3.62383116618869e-16
0.0125,1.25,20000,31,2.56058202565911e-16,6.78162721966567e-31,2.5605820256591e-16
0.0125,1.25,20000,32,1.80634130886279e-16,1.20067270000427e-30,1.80634130886278e-16
0.0125,1.25,20000,33,1.27219283885701e-16,2.1204577454936e-30,1.27219283885699e-16
0.0125,1.25,20000,34,8.94539891317218e-17,3.73550113794176e-30,8.9453989131718e-17
0.0125,1.25,20000,35,6.27974092380679e-17,6.56420880307701e-30,6.27974092380613e-17
0.0125,1.25,20000,36,4.40129623677293e-17,1.15061535442407e-29,4.40129623677178e-17
0.0125,1.25,20000,37,3.07976754295229e-17,2.01183429414035e-29,3.07976754295028e-17
0.0125,1.25,20000,38,2.15156929449511e-17,3.50887997133065e-29,2.1515692944916e-17
0.0125,1.25,20000,39,1.50070176767634e-17,6.10462627863833e-29,1.50070176767024e-17
0.0125,1.25,20000,40,1.04504909819357e-17,1.05940962675468e-28,1.04504909818297e-17
0.0125,1.25,20000,41,7.26580641236837e-18,1.83393108551758e-28,7.26580641218498e-18
0.0125,1.25,20000,42,5.04356188666492e-18,3.1667689109153e-28,5.04356188634824e-18
0.0125,1.25,20000,43,3.49541593295168e-18,5.45461367852241e-28,3.49541593240621e-18
0.0125,1.25,20000,44,2.41863264701699e-18,9.37186201170905e-28,2.41863264607981e-18
0.0125,1.25,20000,45,1.67090616971484e-18,1.60620893581072e-27,1.67090616810864e-18
0.0125,1.25,20000,46,1.15251575940598e-18,2.74594891590891e-27,1.15251575666003e-18
0.0125,1.25,20000,47,7.93699105281594e-19,4.68270860414244e-27,7.93699100598886e-19
0.0125,1.25,20000,48,5.4573356010676e-19,7.96555566350483e-27,5.45733552141204e-19
0.0125,1.25,20000,49,3.74647401680904e-19,1.35160342661922e-26,3.74647388164869e-19
0.0125,1.25,20000,50,2.56793256339844e-19,2.2876877952604e-26,2.56793233462966e-19
0.0125,1.25,20000,51,1.75737668048698e-19,3.86241104325642e-26,1.75737629424588e-19
0.0125,1.25,20000,52,1.20079254410639e-19,6.50480809961961e-26,1.20079189362558e-19
0.0125,1.25,20000,53,8.19208600441869e-20,1.09275990400004e-25,8.19207507681965e-20
0.0125,1.25,20000,54,5.58015077497874e-20,1.8311725842777e-25,5.5801324632529e-20
0.0125,1.25,20000,55,3.79510488031053e-20,3.06089243262356e-25,3.79507427138621e-20
0.0125,1.25,20000,56,2.57708980167911e-20,5.10365279715301e-25,2.57703876515113e-20
0.0125,1.25,20000,57,1.74728899531155e-20,8.48845086720963e-25,1.74720411080288e-20
0.0125,1.25,20000,58,1.18285318888359e-20,1.40828327213811e-24,1.18271236055638e-20
0.0125,1.25,20000,59,7.9952004319335e-21,2.33058993169319e-24,7.99286984200181e-21
0.0125,1.25,20000,60,5.39587364822749e-21,3.84729931335321e-24,5.39202634891414e-21
0.0125,1.25,20000,61,3.63604805428449e-21,6.33520026091121e-24,3.62971285402358e-21
0.0125,1.25,20000,62,2.44643948330404e-21,1.04058841010141e-23,2.43603359920303e-21
0.0125,1.25,20000,63,1.64353198437487e-21,1.70495093314003e-23,1.62648247504347e-21
0.0125,1.25,20000,64,1.10246049244261e-21,2.78650001136037e-23,1.07459549232901e-21
0.0125,1.25,20000,65,7.3840230406454e-22,4.54276715598833e-23,6.92974632504657e-22
0.0125,1.25,20000,66,4.93828788291821e-22,7.38747746352127e-23,4.19954013656609e-22
0.0125,1.25,20000,67,3.2978656871475e-22,1.19835674492754e-22,2.09950894221996e-22
0.0125,1.25,20000,68,2.19944991373084e-22,1.93905596587348e-22,2.60393947857362e-23
0.0125,1.25,20000,69,1.4654000909259e-22,3.12974408463007e-22,-1.66434399370417e-22
0.0125,1.25,20000,70,9.76168506273421e-23,5.03896769715e-22,-4.06279919087658e-22
0.0125,1.25,20000,71,6.51622166494275e-23,8.09260951081463e-22,-7.44098734432036e-22
0.0125,1.25,20000,72,4.38473239690731e-23,1.29643235055019e-21,-1.25258502658112e-21
0.0125,1.25,20000,73,3.0194266496153e-23,2.07169299734801e-21,-2.04149873085186e-21
0.0125,1.25,20000,74,2.20430080758804e-23,3.30228993036968e-21,-3.2802469222938e-21
0.0125,1.25,20000,75,1.82446108110951e-23,5.25072491498518e-21,-5.23248030417409e-21
0.0125,1.25,20000,76,1.85458457169007e-23,8.32794016189958e-21,-8.30939431618268e-21
0.0125,1.25,20000,77,2.36683158780125e-23,1.31755935693714e-20,-1.31519252534934e-20
0.0125,1.25,20000,78,3.56295742414293e-23,2.07929948955757e-20,-2.07573653213342e-20
0.0125,1.25,20000,79,5.8414821691396e-23,3.27324239951094e-20,-3.2674009173418e-20
0.0125,1.25,20000,80,9.92008854329458e-23,5.13988678583446e-20,-5.12996669729116e-20
0.0125,1.25,20000,81,1.70483118903127e-22,8.05087718940794e-20,-8.03382887751763e-20
0.0125,1.25,20000,82,2.9369878470625e-22,1.25790288847571e-19,-1.25496590062865e-19
0.0125,1.25,20000,83,5.0533906371908e-22,1.96049297628206e-19,-1.95543958564487e-19
0.0125,1.25,20000,84,8.67195961342496e-22,3.04787906478123e-19,-3.03920710516781e-19
0.0125,1.25,20000,85,1.48346153734471e-21,4.72655194095143e-19,-4.71171732557798e-19
0.0125,1.25,20000,86,2.52914534286527e-21,7.31148178750324e-19,-7.28619033407459e-19
0.0125,1.25,20000,87,4.2971197013595e-21,1.12818581276032e-18,-1.12388869305896e-18
0.0125,1.25,20000,88,7.27571022314776e-21,1.7364813742831e-18,-1.72920566405996e-18
0.0125,1.25,20000,89,1.2276186244156e-20,2.6660843679117e-18,-2.65380818166755e-18
0.0125,1.25,20000,90,2.0641463821138e-20,4.08311781583477e-18,-4.06247635201364e-18
0.0125,1.25,20000,91,3.45864855384448e-20,6.23769589835372e-18,-6.20310941281528e-18
0.0125,1.25,20000,92,5.77512947355331e-20,9.50540768953982e-18,-9.44765639480429e-18
0.0125,1.25,20000,93,9.60963744962247e-20,1.44487927901495e-17,-1.43526964156533e-17
0.0125,1.25,20000,94,1.59346675953979e-19,2.19081971775468e-17,-2.17488505015928e-17
0.0125,1.25,20000,95,2.63311937099529e-19,3.31356872798438e-17,-3.28723753427442e-17
0.0125,1.25,20000,96,4.33601204880322e-19,4.99918937424859e-17,-4.95582925376056e-17
0.0125,1.25,20000,97,7.11547191220792e-19,7.52345725854099e-17,-7.45230253941891e-17
0.0125,1.25,20000,98,1.16362000562427e-18,1.12940470157715e-16,-1.11776850152091e-16
0.0125,1.25,20000,99,1.89632984523655e-18,1.69120396588934e-16,-1.67224066743697e-16
0.0125,1.25,20000,100,3.07973139583803e-18,2.52613554176845e-16,-2.49533822781007e-16
0.0125,1.25,20000,101,4.9843568690621e-18,3.76384364451549e-16,-3.71400007582487e-16
0.0125,1.25,20000,102,8.03903383311237e-18,5.59397810717593e-16,-5.5135877688448e-16
0.0125,1.25,20000,103,1.29210608283984e-17,8.29323963531155e-16,-8.16402902702757e-16
0.0125,1.25,20000,104,2.06963262334319e-17,1.22642764284821e-15,-1.20573131661478e-15
0.0125,1.25,20000,105,3.30362204292597e-17,1.80914722555626e-15,-1.776111005127e-15
0.0125,1.25,20000,106,5.25521777769108e-17,2.66207418612648e-15,-2.60952200834957e-15
0.0125,1.25,20000,107,8.33097159675013e-17,3.90733512588501e-15,-3.82402540991751e-15
0.0125,1.25,20000,108,1.31615338220188e-16,5.72078245090068e-15,-5.5891671126805e-15
0.0125,1.25,20000,109,2.07216649768399e-16,8.35496178519188e-15,-8.14774513542348e-15
0.0125,1.25,20000,110,3.25125849980995e-16,1.2171602665145e-14,-1.18464768151641e-14
0.0125,1.25,20000,111,5.08380067476498e-16,1.76874542380495e-14,-1.7179074170573e-14
0.0125,1.25,20000,112,7.92204267309572e-16,2.56387681839834e-14,-2.48465639166738e-14
0.0125,1.25,20000,113,1.23026597566938e-15,3.70717634985217e-14,-3.58414975228523e-14
0.0125,1.25,20000,114,1.90403786452417e-15,5.34691893577082e-14,-5.1565151493184e-14
0.0125,1.25,20000,115,2.93676011433682e-15,7.69268975280637e-14,-7.39901374137269e-14
0.0125,1.25,20000,116,4.51418463671897e-15,1.10399498156857e-13,-1.05885313520138e-13
0.0125,1.25,20000,117,6.91528013565102e-15,1.58041173073453e-13,-1.51125892937802e-13
0.0125,1.25,20000,118,1.05575111001439e-14,2.25677183860276e-13,-2.15119672760132e-13
0.0125,1.25,20000,119,1.60633585228248e-14,3.21454364537682e-13,-3.05391006014857e-13
0.0125,1.25,20000,120,2.43576819834701e-14,4.5673602041823e-13,-4.3237833843476e-13
0.0125,1.25,20000,121,3.68096890870575e-14,6.47329596915959e-13,-6.10519907828901e-13
0.0125,1.25,20000,122,5.54391746693993e-14,9.15166108507789e-13,-8.5972693383839e-13
0.0125,1.25,20000,123,8.32150028256354e-14,1.29059107249933e-12,-1.2073760696737e-12
0.0125,1.25,20000,124,1.24485469914405e-13,1.81548075089589e-12,-1.69099528098149e-12
0.0125,1.25,20000,125,1.85596492583231e-13,2.54746897942184e-12,-2.36187248683861e-12
0.0125,1.25,20000,126,2.75776263376392e-13,3.56566406199804e-12,-3.28988779862165e-12
0.0125,1.25,20000,127,4.08396482444599e-13,4.97835895274852e-12,-4.56996247030392e-12
0.0125,1.25,20000,128,6.02763711763407e-13,6.93339997082656e-12,-6.33063625906315e-12
0.0125,1.25,20000,129,8.86654111960729e-13,9.63209073967953e-12,-8.7454366277188e-12
0.0125,1.25,20000,130,1.2998865646615e-12,1.33477830738143e-11,-1.20478965091528e-11
0.0125,1.25,20000,131,1.89934060963618e-12,1.84506630806228e-11,-1.65513224709867e-11
0.0125,1.25,20000,132,2.76597687115669e-12,2.54407014082253e-11,-2.26747245370686e-11
0.0125,1.25,20000,133,4.01462206690641e-12,3.4991329742899e-11,-3.09767076759926e-11
0.0125,1.25,20000,134,5.80755579773391e-12,4.80071668515617e-11,-4.21996110538278e-11
0.0125,1.25,20000,135,8.37330495752065e-12,6.57000909077942e-11,-5.73267859502735e-11
0.0125,1.25,20000,136,1.20325434456556e-11,8.96891953982043e-11,-7.76566519525487e-11
0.0125,1.25,20000,137,1.72336482311293e-11,1.22131741340353e-10,-1.04898093109223e-10
0.0125,1.25,20000,138,2.46013269544808e-11,1.65894212177365e-10,-1.41292885222884e-10
0.0125,1.25,20000,139,3.50028701220974e-11,2.24775091550662e-10,-1.89772221428565e-10
0.0125,1.25,20000,140,4.96380726135925e-11,3.03794142491164e-10,-2.54156069877572e-10
0.0125,1.25,20000,141,7.01608159622175e-11,4.09566920173959e-10,-3.39406104211741e-10
0.0125,1.25,20000,142,9.88428320814396e-11,5.50788181234115e-10,-4.51945349152676e-10
0.0125,1.25,20000,143,1.3879344017163e-10,7.38853979324003e-10,-6.00060539152372e-10
0.0125,1.25,20000,144,1.94253259685378e-10,9.88659820312234e-10,-7.94406560626855e-10
0.0125,1.25,20000,145,2.70985298597938e-10,1.31962160178529e-09,-1.04863630318735e-09
0.0125,1.25,20000,146,3.76793699152811e-10,1.75697754741022e-09,-1.38018384825741e-09
0.0125,1.25,20000,147,5.22209160865816e-10,2.33344339879713e-09,-1.81123423793132e-09
0.0125,1.25,20000,148,7.2139109978082e-10,3.09131025008292e-09,-2.3699191503021e-09
0.0125,1.25,20000,149,9.93310482772631e-10,4.08509518927161e-09,-3.09178470649898e-09
0.0125,1.25,20000,150,1.3632946417562e-09,5.38488002127164e-09,-4.02158537951544e-09
0.0125,1.25,20000,151,1.86503699300492e-09,7.08050356508059e-09,-5.21546657207567e-09
0.0125,1.25,20000,152,2.54320136825451e-09,9.28680922277647e-09,-6.74360785452195e-09
0.0125,1.25,20000,153,3.45678366940608e-09,1.21501927054027e-08,-8.69340903599658e-09
0.0125,1.25,20000,154,4.68343402227859e-09,1.58567460835799e-08,-1.11733120613013e-08
0.0125,1.25,20000,155,6.32499194970102e-09,2.064235494315e-08,-1.4317362993449e-08
0.0125,1.25,20000,156,8.51454693431894e-09,2.68051767234881e-08,-1.82906297891692e-08
0.0125,1.25,20000,157,1.14254089322463e-08,3.47210117692768e-08,-2.32956028370304e-08
0.0125,1.25,20000,158,1.52824599819489e-08,4.48621758119166e-08,-2.95797158299677e-08
0.0125,1.25,20000,159,2.03764612947935e-08,5.78205951789891e-08,-3.74441338841955e-08
0.0125,1.25,20000,160,2.70820125841524e-08,7.43359757367149e-08,-4.72539631525625e-08
0.0125,1.25,20000,161,3.58800045388398e-08,9.53300451561405e-08,-5.94500406173007e-08
0.0125,1.25,20000,162,4.73855740668972e-08,1.21948037294668e-07,-7.45624632277706e-08
0.0125,1.25,20000,163,6.23827681078932e-08,1.55608778957447e-07,-9.32260108495538e-08
0.0125,1.25,20000,164,8.18673483279175e-08,1.98064954551604e-07,-1.16197606223686e-07
0.0125,1.25,20000,165,1.07099428674154e-07,2.51475364429622e-07,-1.44375935755469e-07
0.0125,1.25,20000,166,1.39667933160814e-07,3.18491258943355e-07,-1.78823325782541e-07
0.0125,1.25,20000,167,1.81569194594911e-07,4.02359122824615e-07,-2.20789928229704e-07
0.0125,1.25,20000,168,2.35302387870657e-07,5.07042603274337e-07,-2.7174021540368e-07
0.0125,1.25,20000,169,3.03984904812913e-07,6.37366619091672e-07,-3.33381714278759e-07
0.0125,1.25,20000,170,3.91491231124547e-07,7.99187055345274e-07,-4.07695824220726e-07
0.0125,1.25,20000,171,5.0261937822851e-07,9.99589835346141e-07,-4.96970457117631e-07
0.0125,1.25,20000,172,6.4328945044997e-07,1.24712356450268e-06,-6.03834114052708e-07
0.0125,1.25,20000,173,8.20779485776036e-07,1.55207035289251e-06,-7.31290867116474e-07
0.0125,1.25,20000,174,1.04400428866499e-06,1.92675983710436e-06,-8.82755548439367e-07
0.0125,1.25,20000,175,1.32384356555632e-06,2.38593182706025e-06,-1.06208826150393e-06
0.0125,1.25,20000,176,1.67352626417499e-06,2.94715338782699e-06,-1.27362712365201e-06
0.0125,1.25,20000,177,2.10907858919548e-06,3.63129651511262e-06,-1.52221792591714e-06
0.0125,1.25,20000,178,2.64984369822674e-06,4.46308285885665e-06,-1.8132391606299e-06
0.0125,1.25,20000,179,3.31908154815464e-06,5.47170217199003e-06,-2.15262062383538e-06
0.0125,1.25,20000,180,4.1446577330826e-06,6.69151128824427e-06,-2.54685355516167e-06
0.0125,1.25,20000,181,5.15983039753097e-06,8.16282043831211e-06,-3.00299004078113e-06
0.0125,1.25,20000,182,6.40414438401426e-06,9.93277356963863e-06,-3.52862918562437e-06
0.0125,1.25,20000,183,7.92444164045216e-06,1.20563290112997e-05,-4.13188737084751e-06
0.0125,1.25,20000,184,9.77599652443467e-06,1.4597346289573e-05,-4.82134976513834e-06
0.0125,1.25,20000,185,1.20237839497517e-05,1.76297841183723e-05,-5.6060001686206e-06
0.0125,1.25,20000,186,1.47438872756735e-05,2.12390135275376e-05,-6.4951262518641e-06
0.0125,1.25,20000,187,1.80250513906515e-05,2.55232487172093e-05,-7.49819732655774e-06
0.0125,1.25,20000,188,2.19703845399898e-05,3.05950965056886e-05,-8.62471196569881e-06
0.0125,1.25,20000,189,2.66992100452974e-05,3.65832231415155e-05,-9.88401309621811e-06
0.0125,1.25,20000,190,3.23490661211475e-05,4.3634134752288e-05,-1.12850686311405e-05
0.0125,1.25,20000,191,3.90778484780999e-05,5.19140647830706e-05,-1.28362163049706e-05
0.0125,1.25,20000,192,4.70660862883684e-05,6.16109584236509e-05,-1.45448721352825e-05
0.0125,1.25,20000,193,5.65193373715782e-05,7.29365402333373e-05,-1.64172028617591e-05
0.0125,1.25,20000,194,6.76706831403219e-05,8.6128446952684e-05,-1.84577638123621e-05
0.0125,1.25,20000,195,8.07832979549619e-05,0.000101452402864988,-2.06691049100265e-05
0.0125,1.25,20000,196,9.61530611229597e-05,0.000119204410073242,-2.30513489502824e-05
0.0125,1.25,20000,197,0.000114111172913351,0.000139712920743972,-2.56017478306214e-05
0.0125,1.25,20000,198,0.000135026728742249,0.000163340952809996,-2.83142240677468e-05
0.0125,1.25,20000,199,0.000159309198249491,0.00019048810491109,-3.1178906661599e-05
0.0125,1.25,20000,200,0.00018741074848835,0.0002215924205969,-3.41816721085506e-05
0.0125,1.25,20000,201,0.000219828343077719,0.000257132046152697,-3.73037030749782e-05
0.0125,1.25,20000,202,0.000257105542136034,0.000297626620988793,-4.05210788527586e-05
0.0125,1.25,20000,203,0.000299833921371333,0.000343638334530699,-4.38044131593655e-05
0.0125,1.25,20000,204,0.0003486540231081,0.000395772579148998,-4.71185560408979e-05
0.0125,1.25,20000,205,0.000404255747572566,0.000454678125079553,-5.0422377506987e-05
0.0125,1.25,20000,206,0.000467378089729363,0.00052104674072113,-5.36686509917664e-05
0.0125,1.25,20000,207,0.000538808125663403,0.000595612180380259,-5.68040547168564e-05
0.0125,1.25,20000,208,0.000619379153225961,0.000679148461684281,-5.97693084583195e-05
0.0125,1.25,20000,209,0.000709967894693163,0.000772467356719758,-6.24994620265954e-05
0.0125,1.25,20000,210,0.000811490674771749,0.000876415024678427,-6.49243499066779e-05
0.0125,1.25,20000,211,0.00092489849564737,0.000991867719589766,-6.69692239423962e-05
0.0125,1.25,20000,212,0.00105117094207114,0.00111972651474214,-6.85555726710001e-05
0.0125,1.25,20000,213,0.00119130886382553,0.00126091099575972,-6.96021319341882e-05
0.0125,1.25,20000,214,0.00134632580033262,0.00141635188708006,-7.0026086747434e-05
0.0125,1.25,20000,215,0.0015172381326158,0.00158698259178337,-6.97444591675742e-05
0.0125,1.25,20000,216,0.00170505397115527,0.00177372964231157,-6.86756711563057e-05
0.0125,1.25,20000,217,0.00191076081414787,0.00197750207946851,-6.67412653206395e-05
0.0125,1.25,20000,218,0.00213531203894596,0.00219917979902136,-6.38677600754028e-05
0.0125,1.25,20000,219,0.00237961231955981,0.00243960092895914,-5.99886093993317e-05
0.0125,1.25,20000,220,0.00264450209451202,0.0026995483256594,-5.50462311473825e-05
0.0125,1.25,20000,221,0.00293074124138162,0.0029797353034408,-4.89940620591834e-05
0.0125,1.25,20000,222,0.00323899214633743,0.00328079073873383,-4.17985923964015e-05
0.0125,1.25,20000,223,0.00356980238802576,0.0036032437168109,-3.34413287851375e-05
0.0125,1.25,20000,224,0.00392358728448454,0.00394750791504471,-2.39206305601642e-05
0.0125,1.25,20000,225,0.00430061257840559,0.00431386594132558,-1.32533629199835e-05
0.0125,1.25,20000,226,0.00470097755915067,0.00470245386884435,-1.47630969367894e-06
0.0125,1.25,20000,227,0.00512459893855092,0.0051132462281989,1.13527103520212e-05
0.0125,1.25,20000,228,0.0055711958108343,0.00554604173397278,2.51540768615192e-05
0.0125,1.25,20000,229,0.00604027603425428,0.00600045003484928,3.98259994050052e-05
0.0125,1.25,20000,230,0.00653112437246209,0.00647587978329459,5.52445891675041e-05
0.0125,1.25,20000,231,0.00704279272682967,0.00697152832226801,7.12644045616547e-05
0.0125,1.25,20000,232,0.00757409277640554,0.00748637328178724,8.77194946182968e-05
0.0125,1.25,20000,233,0.00812359131976225,0.00801916636709598,0.000104424952666268
0.0125,1.25,20000,234,0.0086896085826643,0.00856842960239037,0.000121178980273933
0.0125,1.25,20000,235,0.00927021971745316,0.0091324542694511,0.000137765448002067
0.0125,1.25,20000,236,0.00986325967473176,0.00970930274916065,0.000153956925571111
0.0125,1.25,20000,237,0.010466331575981,0.0102968134359987,0.000169518139982248
0.0125,1.25,20000,238,0.0110768186580107,0.0108926088516275,0.000184209806383175
0.0125,1.25,20000,239,0.0116918997976992,0.0114941070342116,0.000197792763487539
0.0125,1.25,20000,240,0.0123085685595473,0.0120985362259572,0.000210032333590179
0.0125,1.25,20000,241,0.0129236556405624,0.0127029528234594,0.000220702817102963
0.0125,1.25,20000,242,0.0135338545184075,0.0133042624949377,0.000229592023469781
0.0125,1.25,20000,243,0.0141357500412038,0.0138992443065498,0.000236505734653931
0.0125,1.25,20000,244,0.0147258496324915,0.0144845776380741,0.000241271994417341
0.0125,1.25,20000,245,0.0153006167242774,0.0150568716077402,0.000243745116537198
0.0125,1.25,20000,246,0.0158565059763915,0.0156126966683381,0.000243809308053436
0.0125,1.25,20000,247,0.0163899997930351,0.0161486179833957,0.000241381809639361
0.0125,1.25,20000,248,0.0168976456087476,0.01666123014459,0.000236415464157605
0.0125,1.25,20000,249,0.0173760933872025,0.0171471927509692,0.000228900636233306
0.0125,1.25,20000,250,0.0178221327581836,0.017603266338215,0.000218866419968593
0.0125,1.25,20000,251,0.0182327292114534,0.0180263481230824,0.000206381088371021
0.0125,1.25,20000,252,0.0186050587713935,0.0184135070151662,0.000191551756227336
0.0125,1.25,20000,253,0.0189365405933559,0.0187620173458469,0.000174523247509044
0.0125,1.25,20000,254,0.0192248669514076,0.0190693907730262,0.000155476178381384
0.0125,1.25,20000,255,0.019468030127053,0.0193334058401425,0.000134624286910502
0.0125,1.25,20000,256,0.0196643457587871,0.0195521346987728,0.000112211060014324
0.0125,1.25,20000,257,0.0198124722718861,0.0197239665453944,8.85057264916854e-05
0.0125,1.25,20000,258,0.0199114260753697,0.0198476273738506,6.37987015190758e-05
0.0125,1.25,20000,259,0.019960592287062,0.0199221957047382,3.83965823237756e-05
0.0125,1.25,20000,260,0.019959730826446,0.0199471140200716,1.26168063743458e-05
0.0125,1.25,20000,261,0.0199089777967626,0.0199221957047382,-1.32179079756281e-05
0.0125,1.25,20000,262,0.0198088421606945,0.0198476273738506,-3.87852131560756e-05
0.0125,1.25,20000,263,0.0196601977961165,0.0197239665453944,-6.37687492778954e-05
0.0125,1.25,20000,264,0.0194642710979633,0.0195521346987728,-8.78636008094964e-05
0.0125,1.25,20000,265,0.0192226243675114,0.0193334058401425,-0.000110781472631088
0.0125,1.25,20000,266,0.0189371352996864,0.0190693907730262,-0.00013225547333982
0.0125,1.25,20000,267,0.0186099729409485,0.0187620173458469,-0.000152044404898435
0.0125,1.25,20000,268,0.0182435705436618,0.0184135070151662,-0.000169936471504331
0.0125,1.25,20000,269,0.0178405957866198,0.0180263481230824,-0.000185752336462602
0.0125,1.25,20000,270,0.0174039188648649,0.017603266338215,-0.000199347473350053
0.0125,1.25,20000,271,0.0169365789746425,0.0171471927509692,-0.000210613776326678
0.0125,1.25,20000,272,0.0164417497310967,0.01666123014459,-0.000219480413493314
0.0125,1.25,20000,273,0.0159227040572379,0.0161486179833957,-0.000225913926157777
0.0125,1.25,20000,274,0.0153827790731508,0.0156126966683381,-0.000229917595187304
0.0125,1.25,20000,275,0.014825341494951,0.0150568716077402,-0.000231530112789194
0.0125,1.25,20000,276,0.0142537540244672,0.0144845776380741,-0.000230823613606932
0.0125,1.25,20000,277,0.0136713431739995,0.0138992443065498,-0.000227901132550322
0.0125,1.25,20000,278,0.013081368926952,0.0133042624949377,-0.000222893567985778
0.0125,1.25,20000,279,0.0124869965858996,0.0127029528234594,-0.000215956237559805
0.0125,1.25,20000,280,0.0118912711060767,0.0120985362259572,-0.000207265119880477
0.0125,1.25,20000,281,0.0112970941557263,0.0114941070342116,-0.000197012878485392
0.0125,1.25,20000,282,0.0107072040866038,0.0108926088516275,-0.000185404765023699
0.0125,1.25,20000,283,0.0101241589395086,0.0102968134359987,-0.000172654496490097
0.0125,1.25,20000,284,0.0095503225522876,0.00970930274916065,-0.000158980196873052
0.0125,1.25,20000,285,0.00898785378248076,0.0091324542694511,-0.000144600486970336
0.0125,1.25,20000,286,0.00843869880468929,0.00856842960239037,-0.000129730797701075
0.0125,1.25,20000,287,0.00790458639475121,0.00801916636709598,-0.000114579972344769
0.0125,1.25,20000,288,0.00738702606963978,0.00748637328178724,-9.93472121474616e-05
0.0125,1.25,20000,289,0.0068873089142393,0.00697152832226801,-8.42194080287158e-05
0.0125,1.25,20000,290,0.00640651089421003,0.00647587978329459,-6.93688890845571e-05
0.0125,1.25,20000,291,0.00594549842827368,0.00600045003484928,-5.49516065755954e-05
0.0125,1.25,20000,292,0.00550493597351929,0.00554604173397278,-4.11057604534897e-05
0.0125,1.25,20000,293,0.00508529536368428,0.0051132462281989,-2.79508645146184e-05
0.0125,1.25,20000,294,0.00468686663260544,0.00470245386884435,-1.5587236238907e-05
0.0125,1.25,20000,295,0.00430977005284324,0.00431386594132558,-4.09588848233888e-06
0.0125,1.25,20000,296,0.00395396912244035,0.00394750791504471,6.46120739563813e-06
0.0125,1.25,20000,297,0.00361928424037666,0.0036032437168109,1.60405235657621e-05
0.0125,1.25,20000,298,0.00330540682296853,0.00328079073873383,2.46160842346981e-05
0.0125,1.25,20000,299,0.0030119136286182,0.0029797353034408,3.21783251773988e-05
0.0125,1.25,20000,300,0.00273828107632383,0.0026995483256594,3.8732750664427e-05
0.0125,1.25,20000,301,0.00248389936357318,0.00243960092895914,4.42984346140443e-05
0.0125,1.25,20000,302,0.00224808621104235,0.00219917979902136,4.8906412020992e-05
0.0125,1.25,20000,303,0.00203010008430412,0.00197750207946851,5.25980048356051e-05
0.0125,1.25,20000,304,0.00182915276595906,0.00177372964231157,5.54231236474835e-05
0.0125,1.25,20000,305,0.00164442117472158,0.00158698259178337,5.74385829382044e-05
0.0125,1.25,20000,306,0.00147505835056562,0.00141635188708006,5.87064634855622e-05
0.0125,1.25,20000,307,0.00132020354666372,0.00126091099575972,5.92925509040037e-05
0.0125,1.25,20000,308,0.00117899138920497,0.00111972651474214,5.92648744628236e-05
0.0125,1.25,20000,309,0.00105056008498537,0.000991867719589766,5.86923653956039e-05
0.0125,1.25,20000,310,0.000934058673723981,0.000876415024678427,5.76436490455538e-05
0.0125,1.25,20000,311,0.000828653337228997,0.000772467356719758,5.61859805092387e-05
0.0125,1.25,20000,312,0.000733532790736787,0.000679148461684281,5.43843290525063e-05
0.0125,1.25,20000,313,0.000647912792943519,0.000595612180380259,5.23006125632597e-05
0.0125,1.25,20000,314,0.000571039820461884,0.00052104674072113,4.99930797407538e-05
0.0125,1.25,20000,315,0.00050219395972366,0.000454678125079553,4.75158346441069e-05
0.0125,1.25,20000,316,0.000440691074806806,0.000395772579148998,4.49184956578079e-05
0.0125,1.25,20000,317,0.000385884313415869,0.000343638334530699,4.22459788851708e-05
0.0125,1.25,20000,318,0.000337165015430832,0.000297626620988793,3.95383944420395e-05
0.0125,1.25,20000,319,0.000293963089221649,0.000257132046152697,3.68310430689522e-05
0.0125,1.25,20000,320,0.000255746920472639,0.0002215924205969,3.41544998757382e-05
0.0125,1.25,20000,321,0.000222022876745956,0.00019048810491109,3.15347718348652e-05
0.0125,1.25,20000,322,0.00019233446860936,0.000163340952809996,2.8993515799364e-05
0.0125,1.25,20000,323,0.000166261225028863,0.000139712920743972,2.65483042848905e-05
0.0125,1.25,20000,324,0.00014341733704194,0.000119204410073242,2.42129269686984e-05
0.0125,1.25,20000,325,0.000123450119631926,0.000101452402864988,2.19977167669379e-05
0.0125,1.25,20000,326,0.000106038337356201,8.6128446952684e-05,1.99098904035165e-05
0.0125,1.25,20000,327,9.08904347633165e-05,7.29365402333373e-05,1.79538945299792e-05
0.0125,1.25,20000,328,7.77427080757517e-05,6.16109584236509e-05,1.61317496521008e-05
0.0125,1.25,20000,329,6.63574501088906e-05,5.19140647830706e-05,1.444338532582e-05
0.0125,1.25,20000,330,5.65210960214072e-05,4.3634134752288e-05,1.28869612691192e-05
0.0125,1.25,20000,331,4.80423933110329e-05,3.65832231415155e-05,1.14591701695174e-05
0.0125,1.25,20000,332,4.07506155325464e-05,3.05950965056886e-05,1.01555190268579e-05
0.0125,1.25,20000,333,3.44938355586102e-05,2.55232487172093e-05,8.97058684140095e-06
0.0125,1.25,20000,334,2.91372708540055e-05,2.12390135275376e-05,7.89825732646794e-06
0.0125,1.25,20000,335,2.45617102046623e-05,1.76297841183723e-05,6.93192608628998e-06
0.0125,1.25,20000,336,2.06620286403323e-05,1.4597346289573e-05,6.06468235075928e-06
0.0125,1.25,20000,337,1.73457949117508e-05,1.20563290112997e-05,5.28946590045114e-06
0.0125,1.25,20000,338,1.45319738211786e-05,9.93277356963863e-06,4.59920025154001e-06
0.0125,1.25,20000,339,1.21497239456606e-05,8.16282043831211e-06,3.98690350734848e-06
0.0125,1.25,20000,340,1.0137289817508e-05,6.69151128824427e-06,3.44577852926374e-06
0.0125,1.25,20000,341,8.44098641585741e-06,5.47170217199003e-06,2.96928424386738e-06
0.0125,1.25,20000,342,7.01427285414213e-06,4.46308285885665e-06,2.55118999528548e-06
0.0125,1.25,20000,343,5.8169113973222e-06,3.63129651511262e-06,2.18561488220958e-06
0.0125,1.25,20000,344,4.81420738575154e-06,2.94715338782699e-06,1.86705399792455e-06
0.0125,1.25,20000,345,3.97632525585215e-06,2.38593182706025e-06,1.5903934287919e-06
0.0125,1.25,20000,346,3.27767560827733e-06,1.92675983710436e-06,1.35091577117298e-06
0.0125,1.25,20000,347,2.69636816005401e-06,1.55207035289251e-06,1.1442978071615e-06
0.0125,1.25,20000,348,2.21372540778045e-06,1.24712356450268e-06,9.66601843277772e-07
0.0125,1.25,20000,349,1.81385190540964e-06,9.99589835346141e-07,8.14262070063496e-07
0.0125,1.25,20000,350,1.48325420529491e-06,7.99187055345274e-07,6.84067149949641e-07
0.0125,1.25,20000,351,1.21050670963279e-06,6.37366619091672e-07,5.73140090541119e-07
0.0125,1.25,20000,352,9.85958917629193e-07,5.07042603274337e-07,4.78916314354856e-07
0.0125,1.25,20000,353,8.01479819822946e-07,4.02359122824615e-07,3.99120696998331e-07
0.0125,1.25,20000,354,6.50235474894981e-07,3.18491258943355e-07,3.31744215951625e-07
0.0125,1.25,20000,355,5.26496097432336e-07,2.51475364429622e-07,2.75020733002714e-07
0.0125,1.25,20000,356,4.25469280429174e-07,1.98064954551604e-07,2.2740432587757e-07
0.0125,1.25,20000,357,3.43156268056765e-07,1.55608778957447e-07,1.87547489099318e-07
0.0125,1.25,20000,358,2.76228477884027e-07,1.21948037294668e-07,1.54280440589359e-07
0.0125,1.25,20000,359,2.21921743804286e-07,9.53300451561405e-08,1.26591698648146e-07
0.0125,1.25,20000,360,1.77946008871408e-07,7.43359757367149e-08,1.03610033134693e-07
0.0125,1.25,20000,361,1.42408439312403e-07,5.78205951789891e-08,8.45878441334135e-08
0.0125,1.25,20000,362,1.13748156077564e-07,4.48621758119166e-08,6.88859802656476e-08
0.0125,1.25,20000,363,9.06809878841976e-08,3.47210117692768e-08,5.59599761149208e-08
0.0125,1.25,20000,364,7.21528397303675e-08,2.68051767234881e-08,4.53476630068794e-08
0.0125,1.25,20000,365,5.73004435864685e-08,2.064235494315e-08,3.66580886433185e-08
0.0125,1.25,20000,366,4.54184139795742e-08,1.58567460835799e-08,2.95616678959943e-08
0.0125,1.25,20000,367,3.59316712416236e-08,1.21501927054027e-08,2.37814785362209e-08
0.0125,1.25,20000,368,2.83724202180644e-08,9.28680922277647e-09,1.90856109952879e-08
0.0125,1.25,20000,369,2.23609832453717e-08,7.08050356508059e-09,1.52804796802911e-08
0.0125,1.25,20000,370,1.75898842743251e-08,5.38488002127164e-09,1.22050042530534e-08
0.0125,1.25,20000,371,1.38106672307694e-08,4.08509518927161e-09,9.72557204149779e-09
0.0125,1.25,20000,372,1.08230071482735e-08,3.09131025008292e-09,7.73169689819061e-09
0.0125,1.25,20000,373,8.46573832978306e-09,2.33344339879713e-09,6.13229493098593e-09
0.0125,1.25,20000,374,6.60948080494934e-09,1.75697754741022e-09,4.85250325753913e-09
0.0125,1.25,20000,375,5.15059559679989e-09,1.31962160178529e-09,3.83097399501461e-09
0.0125,1.25,20000,376,4.00624168240932e-09,9.88659820312234e-10,3.01758186209709e-09
0.0125,1.25,20000,377,3.11034384570559e-09,7.38853979324003e-10,2.37148986638159e-09
0.0125,1.25,20000,378,2.41031162508615e-09,5.50788181234115e-10,1.85952344385204e-09
0.0125,1.25,20000,379,1.8643759330692e-09,4.09566920173959e-10,1.45480901289524e-09
0.0125,1.25,20000,380,1.43943228087367e-09,3.03794142491164e-10,1.13563813838251e-09
0.0125,1.25,20000,381,1.10929842379006e-09,2.24775091550662e-10,8.84523332239398e-10
0.0125,1.25,20000,382,8.533101384549e-10,1.65894212177365e-10,6.87415926277535e-10
0.0125,1.25,20000,383,6.55192178691664e-10,1.22131741340353e-10,5.33060437351311e-10
0.0125,1.25,20000,384,5.0215260801144e-10,8.96891953982043e-11,4.12463412613235e-10
0.0125,1.25,20000,385,3.84158001967142e-10,6.57000909077942e-11,3.18457911059348e-10
0.0125,1.25,20000,386,2.93354736932366e-10,4.80071668515617e-11,2.45347570080804e-10
0.0125,1.25,20000,387,2.23607979436138e-10,3.4991329742899e-11,1.88616649693239e-10
0.0125,1.25,20000,388,1.70135273398874e-10,2.54407014082253e-11,1.44694571990649e-10
0.0125,1.25,20000,389,1.29215972523826e-10,1.84506630806228e-11,1.10765309443203e-10
0.0125,1.25,20000,390,9.79613360212229e-11,1.33477830738143e-11,8.46135529474087e-11
0.0125,1.25,20000,391,7.41330287708849e-11,9.63209073967953e-12,6.45009380312054e-11
0.0125,1.25,20000,392,5.60001527048856e-11,6.93339997082656e-12,4.9066752734059e-11
0.0125,1.25,20000,393,4.2226877870103e-11,4.97835895274852e-12,3.72485189173544e-11
0.0125,1.25,20000,394,3.17843175426473e-11,3.56566406199804e-12,2.82186534806493e-11
0.0125,1.25,20000,395,2.38815672973703e-11,2.54746897942184e-12,2.13340983179485e-11
0.0125,1.25,20000,396,1.791185753747e-11,1.81548075089589e-12,1.60963767865741e-11
0.0125,1.25,20000,397,1.34105978481959e-11,1.29059107249933e-12,1.21200067756966e-11
0.0125,1.25,20000,398,1.0022757024197e-11,9.15166108507789e-13,9.1075909156892e-12
0.0125,1.25,20000,399,7.47755553269722e-12,6.47329596915959e-13,6.83022593578127e-12
0.0125,1.25,20000,400,5.56887281739608e-12,4.5673602041823e-13,5.11213679697785e-12
0.015,1.5,5000,0,1.9143363947569e-24,8.16623563166955e-18,-8.16623371733315e-18
0.015,1.5,5000,1,7.08583611309674e-24,1.90108153790796e-17,-1.90108082932435e-17
0.015,1.5,5000,2,2.58789245996093e-23,4.38163943550936e-17,-4.3816368476169e-17
0.015,1.5,5000,3,9.32270620380914e-23,9.99837874849718e-17,-9.99836942579097e-17
0.015,1.5,5000,4,3.31158065809316e-22,2.2588094031543e-16,-2.25880609157364e-16
0.015,1.5,5000,5,1.15953028052785e-21,5.05227108353689e-16,-5.05225948823409e-16
0.015,1.5,5000,6,4.00071399966185e-21,1.11879562143519e-15,-1.11879162072119e-15
0.015,1.5,5000,7,1.35974257227004e-20,2.45285528569642e-15,-2.4528416882707e-15
0.015,1.5,5000,8,4.55087835126245e-20,5.32414837225296e-15,-5.32410286346945e-15
0.015,1.5,5000,9,1.49937308439507e-19,1.14415649018014e-14,-1.14414149644929e-14
0.015,1.5,5000,10,4.86136749688055e-19,2.43432053302901e-14,-2.43427191935404e-14
0.015,1.5,5000,11,1.55060845843136e-18,5.12775363679668e-14,-5.12759857595084e-14
0.015,1.5,5000,12,4.86412364472473e-18,1.06938378715416e-13,-1.06933514591772e-13
0.015,1.5,5000,13,1.50014589473333e-17,2.20798996313714e-13,-2.20783994854767e-13
0.015,1.5,5000,14,4.5473787197363e-17,4.51354367720552e-13,-4.51308893933354e-13
0.015,1.5,5000,15,1.35445687562383e-16,9.13472040836459e-13,-9.13336595148897e-13
0.015,1.5,5000,16,3.96304961104956e-16,1.83033221701558e-12,-1.82993591205447e-12
0.015,1.5,5000,17,1.13879307242028e-15,3.63096150179179e-12,-3.62982270871937e-12
0.015,1.5,5000,18,3.21298996440168e-15,7.13132812399608e-12,-7.12811513403167e-12
0.015,1.5,5000,19,8.89876239409921e-15,1.38667999416531e-11,-1.3857901179259e-11
0.015,1.5,5000,20,2.4189156385729e-14,2.66955661476285e-11,-2.66713769912428e-11
0.015,1.5,5000,21,6.45218920931438e-14,5.08814028164506e-11,-5.08168809243574e-11
0.015,1.5,5000,22,1.68858416473757e-13,9.60143337031233e-11,-9.58454752866496e-11
0.015,1.5,5000,23,4.33522296373365e-13,1.79378390796409e-10,-1.78944868500035e-10
0.015,1.5,5000,24,1.09176004620801e-12,3.31788424354729e-10,-3.30696664308521e-10
0.015,1.5,5000,25,2.69670878779228e-12,6.07588284982329e-10,-6.04891576194536e-10
0.015,1.5,5000,26,6.53290251769826e-12,1.10157636246823e-09,-1.09504345995053e-09
0.015,1.5,5000,27,1.55212878757959e-11,1.97731964062447e-09,-1.96179835274867e-09
0.015,1.5,5000,28,3.61653555114795e-11,3.51395509482043e-09,-3.47778973930895e-09
0.015,1.5,5000,29,8.26427166393905e-11,6.18262050016585e-09,-6.09997778352646e-09
0.015,1.5,5000,30,1.85214880237394e-10,1.07697600425433e-08,-1.05845451623059e-08
0.015,1.5,5000,31,4.07125117881797e-10,1.85736184455529e-08,-1.81664933276711e-08
0.015,1.5,5000,32,8.77789077220805e-10,3.17134921671598e-08,-3.0835703089939e-08
0.015,1.5,5000,33,1.8565213333868e-09,5.36103534469762e-08,-5.17538321135894e-08
0.015,1.5,5000,34,3.8521362739545e-09,8.97243516238332e-08,-8.58722153498787e-08
0.015,1.5,5000,35,7.8423519898448e-09,1.4867195147343e-07,-1.40829599483585e-07
0.015,1.5,5000,36,1.566719133529e-08,2.43896074589336e-07,-2.28228883254046e-07
0.015,1.5,5000,37,3.07184108818857e-08,3.96129909103207e-07,-3.65411498221322e-07
0.015,1.5,5000,38,5.91203157212837e-08,6.3698251788671e-07,-5.77862202165426e-07
0.015,1.5,5000,39,1.11706179265559e-07,1.01408520654867e-06,-9.02379027283115e-07
0.015,1.5,5000,40,2.07250731430582e-07,1.59837411069055e-06,-1.39112337925997e-06
0.015,1.5,5000,41,3.77635451792532e-07,2.49424712900536e-06,-2.11661167721283e-06
0.015,1.5,5000,42,6.75911140500891e-07,3.85351967420871e-06,-3.17760853370782e-06
0.015,1.5,5000,43,1.18858836797352e-06,5.89430677565398e-06,-4.70571840768046e-06
0.015,1.5,5000,44,2.05392860892777e-06,8.92616571771329e-06,-6.87223710878553e-06
0.015,1.5,5000,45,3.48850949078611e-06,1.33830225764885e-05,-9.89451308570243e-06
0.015,1.5,5000,46,5.82485667496298e-06,1.98655471392773e-05,-1.40406904643143e-05
0.015,1.5,5000,47,9.56340338918285e-06,2.9194692579146e-05,-1.96312891899632e-05
0.015,1.5,5000,48,1.5442353377242e-05,4.24780270550752e-05,-2.70356736778331e-05
0.015,1.5,5000,49,2.45290456879285e-05,6.11901930113772e-05,-3.66611473234487e-05
0.015,1.5,5000,50,3.83359820990334e-05,8.7268269504576e-05,-4.89322874055426e-05
0.015,1.5,5000,51,5.89635960768782e-05,0.000123221916847302,-6.42583207704237e-05
0.015,1.5,5000,52,8.92699405072499e-05,0.000172256893905368,-8.2986953398118e-05
0.015,1.5,5000,53,0.000133064617527772,0.000238408820146484,-0.000105344202618712
0.015,1.5,5000,54,0.000195320420753728,0.000326681905619992,-0.000131361484866264
0.015,1.5,5000,55,0.000282391392348943,0.000443184841193801,-0.000160793448844858
0.015,1.5,5000,56,0.000402220571380743,0.000595253241977585,-0.000193032670596843
0.015,1.5,5000,57,0.000564515081446962,0.000791545158297996,-0.000227030076851034
0.015,1.5,5000,58,0.000780861031601397,0.00104209348144226,-0.000261232449840862
0.015,1.5,5000,59,0.00106474681148319,0.00135829692336856,-0.000293550111885374
0.015,1.5,5000,60,0.00143146167392907,0.00175283004935685,-0.000321368375427787
0.015,1.5,5000,61,0.00189783792917009,0.00223945302948429,-0.000341615100314197
0.015,1.5,5000,62,0.00248181038444604,0.00283270377416012,-0.000350893389714076
0.015,1.5,5000,63,0.00320177630404828,0.00354745928462314,-0.000345682980574866
0.015,1.5,5000,64,0.00407575313507553,0.00439835959804272,-0.000322606462967188
0.015,1.5,5000,65,0.00512034897494047,0.00539909665131881,-0.000278747676378334
0.015,1.5,5000,66,0.00634958106404738,0.00656158147746766,-0.000212000413420275
0.015,1.5,5000,67,0.00777359870666247,0.00789501583008941,-0.000121417123426944
0.015,1.5,5000,68,0.00939738673883471,0.00940490773768869,-7.52099885398087e-06
0.015,1.5,5000,69,0.0112195415261507,0.0110920834679456,0.000127458058205163
0.015,1.5,5000,70,0.0132312210956697,0.0129517595665892,0.000279461529080567
0.015,1.5,5000,71,0.0154153723782162,0.0149727465635745,0.000442625814641683
0.015,1.5,5000,72,0.0177463303504301,0.0171368592047807,0.00060947114564933
0.015,1.5,5000,73,0.0201898657662177,0.0194186054983213,0.000771260267896409
0.015,1.5,5000,74,0.0227037309061697,0.0217852177032551,0.000918513202914622
0.015,1.5,5000,75,0.0252387182233173,0.0241970724519143,0.00104164577140297
0.015,1.5,5000,76,0.0277402077808856,0.0266085249898755,0.00113168279101016
0.015,1.5,5000,77,0.0301501395258353,0.0289691552761483,0.00118098424968706
0.015,1.5,5000,78,0.0324093096033233,0.0312253933366761,0.00118391626664721
0.015,1.5,5000,79,0.0344598598449522,0.03332246028918,0.00113739955577227
0.015,1.5,5000,80,0.0362478094337532,0.03520653267643,0.0010412767573232
0.015,1.5,5000,81,0.0377254697738077,0.0368270140303323,0.000898455743475329
0.015,1.5,5000,82,0.038853588750801,0.0381387815460524,0.000714807204748563
0.015,1.5,5000,83,0.039603088487856,0.0391042693975456,0.000498819090310382
0.015,1.5,5000,84,0.0399562897013029,0.0396952547477012,0.00026103495360176
0.015,1.5,5000,85,0.0399075530688653,0.0398942280401433,1.3325028722061e-05
0.015,1.5,5000,86,0.0394633100986172,0.0396952547477012,-0.000231944649083944
0.015,1.5,5000,87,0.0386414989384764,0.0391042693975456,-0.000462770459069194
0.015,1.5,5000,88,0.0374704605815353,0.0381387815460524,-0.000668320964517154
0.015,1.5,5000,89,0.0359873846732318,0.0368270140303323,-0.000839629357100531
0.015,1.5,5000,90,0.0342364190857122,0.03520653267643,-0.000970113590717733
0.015,1.5,5000,91,0.032266572074537,0.03332246028918,-0.00105588821464298
0.015,1.5,5000,92,0.0301295397388489,0.0312253933366761,-0.0010958535978272
0.015,1.5,5000,93,0.0278775852663101,0.0289691552761483,-0.0010915700098382
0.015,1.5,5000,94,0.0255615815286644,0.0266085249898755,-0.00104694346121113
0.015,1.5,5000,95,0.0232293071068226,0.0241970724519143,-0.000967765345091756
0.015,1.5,5000,96,0.0209240602246988,0.0217852177032551,-0.000861157478556293
0.015,1.5,5000,97,0.018683627889046,0.0194186054983213,-0.000734977609275302
0.015,1.5,5000,98,0.0165396211162852,0.0171368592047807,-0.000597238088495485
0.015,1.5,5000,99,0.0145171634423427,0.0149727465635745,-0.000455583121231739
0.015,1.5,5000,100,0.012634900409247,0.0129517595665892,-0.000316859157342177
0.015,1.5,5000,101,0.0109052832809954,0.0110920834679456,-0.000186800186950109
0.015,1.5,5000,102,0.00933507117465631,0.00940490773768869,-6.98365630323813e-05
0.015,1.5,5000,103,0.00792599191371311,0.00789501583008941,3.09760836236985e-05
0.015,1.5,5000,104,0.00667550263407451,0.00656158147746766,0.000113921156606852
0.015,1.5,5000,105,0.00557759563922102,0.00539909665131881,0.000178498987902218
0.015,1.5,5000,106,0.00462360220285728,0.00439835959804272,0.000225242604814561
0.015,1.5,5000,107,0.00380295591861954,0.00354745928462314,0.000255496633996396
0.015,1.5,5000,108,0.00310388682741264,0.00283270377416012,0.000271183053252524
0.015,1.5,5000,109,0.00251402708224742,0.00223945302948429,0.00027457405276313
0.015,1.5,5000,110,0.00202091768722194,0.00175283004935685,0.000268087637865081
0.015,1.5,5000,111,0.00161241341828107,0.00135829692336856,0.000254116494912504
0.015,1.5,5000,112,0.00127698913767313,0.00104209348144226,0.000234895656230867
0.015,1.5,5000,113,0.00100395526135566,0.000791545158297996,0.000212410103057665
0.015,1.5,5000,114,0.000783593177322832,0.000595253241977585,0.000188339935345247
0.015,1.5,5000,115,0.00060722309294193,0.000443184841193801,0.00016403825174813
0.015,1.5,5000,116,0.000467217325598056,0.000326681905619992,0.000140535419978064
0.015,1.5,5000,117,0.000356971689174979,0.000238408820146484,0.000118562869028495
0.015,1.5,5000,118,0.0002708466185987,0.000172256893905368,9.85897246933323e-05
0.015,1.5,5000,119,0.000204088248020651,0.000123221916847302,8.08663311733494e-05
0.015,1.5,5000,120,0.000152738016331478,8.7268269504576e-05,6.5469746826902e-05
0.015,1.5,5000,121,0.000113537679197232,6.11901930113772e-05,5.2347486185855e-05
0.015,1.5,5000,122,8.38349817184047e-05,4.24780270550752e-05,4.13569546633295e-05
0.015,1.5,5000,123,6.149377344143e-05,2.9194692579146e-05,3.22990808622839e-05
0.015,1.5,5000,124,4.48110769946157e-05,1.98655471392773e-05,2.49455298553384e-05
0.015,1.5,5000,125,3.24425742358044e-05,1.33830225764885e-05,1.90595516593159e-05
0.015,1.5,5000,126,2.3337149218955e-05,8.92616571771329e-06,1.44109835012417e-05
0.015,1.5,5000,127,1.66805101969894e-05,5.89430677565398e-06,1.07862034213354e-05
0.015,1.5,5000,128,1.1847478587927e-05,3.85351967420871e-06,7.99395891371826e-06
0.015,1.5,5000,129,8.36225195546163e-06,2.49424712900536e-06,5.86800482645627e-06
0.015,1.5,5000,130,5.86579011396101e-06,1.59837411069055e-06,4.26741600327046e-06
0.015,1.5,5000,131,4.08940943787638e-06,1.01408520654867e-06,3.07532423132771e-06
0.015,1.5,5000,132,2.83367439145997e-06,6.3698251788671e-07,2.19669187357326e-06
0.015,1.5,5000,133,1.95172518694133e-06,3.96129909103207e-07,1.55559527783812e-06
0.015,1.5,5000,134,1.33625852675637e-06,2.43896074589336e-07,1.09236245216704e-06
0.015,1.5,5000,135,9.09470854894273e-07,1.4867195147343e-07,7.60798903420844e-07
0.015,1.5,5000,136,6.15370365912054e-07,8.97243516238332e-08,5.25646014288221e-07
0.015,1.5,5000,137,4.13958251776692e-07,5.36103534469762e-08,3.60347898329716e-07
0.015,1.5,5000,138,2.76866891852835e-07,3.17134921671598e-08,2.45153399685675e-07
0.015,1.5,5000,139,1.84120452469104e-07,1.85736184455529e-08,1.65546834023551e-07
0.015,1.5,5000,140,1.21750641325233e-07,1.07697600425433e-08,1.1098088128269e-07
0.015,1.5,5000,141,8.00571397372383e-08,6.18262050016585e-09,7.38745192370725e-08
0.015,1.5,5000,142,5.23491376358149e-08,3.51395509482043e-09,4.88351825409945e-08
0.015,1.5,5000,143,3.40424181401966e-08,1.97731964062447e-09,3.20650984995722e-08
0.015,1.5,5000,144,2.20167463761134e-08,1.10157636246823e-09,2.09151700136451e-08
0.015,1.5,5000,145,1.41621083495549e-08,6.07588284982329e-10,1.35545200645726e-08
0.015,1.5,5000,146,9.06075948875188e-09,3.31788424354729e-10,8.72897106439715e-09
0.015,1.5,5000,147,5.76610849035522e-09,1.79378390796409e-10,5.58673009955882e-09
0.015,1.5,5000,148,3.65007559119558e-09,9.60143337031233e-11,3.55406125749245e-09
0.015,1.5,5000,149,2.29848040098447e-09,5.08814028164506e-11,2.24759899816802e-09
0.015,1.5,5000,150,1.43985393845691e-09,2.66955661476285e-11,1.41315837230928e-09
0.015,1.5,5000,151,8.97332278552545e-10,1.38667999416531e-11,8.83465478610891e-10
0.015,1.5,5000,152,5.5636991186574e-10,7.13132812399608e-12,5.49238583741744e-10
0.015,1.5,5000,153,3.43215979925088e-10,3.63096150179179e-12,3.39585018423297e-10
0.015,1.5,5000,154,2.10660283582583e-10,1.83033221701558e-12,2.08829951365567e-10
0.015,1.5,5000,155,1.28654999816799e-10,9.13472040836459e-13,1.27741527775963e-10
0.015,1.5,5000,156,7.81838074197429e-11,4.51354367720552e-13,7.77324530520223e-11
0.015,1.5,5000,157,4.72792065029848e-11,2.20798996313714e-13,4.70584075066711e-11
0.015,1.5,5000,158,2.84513974381628e-11,1.06938378715416e-13,2.83444590594474e-11
0.015,1.5,5000,159,1.70385921469872e-11,5.12775363679668e-14,1.69873146106193e-11
0.015,1.5,5000,160,1.01549291180358e-11,2.43432053302901e-14,1.01305859127055e-11
0.015,1.5,5000,161,6.02350613053975e-12,1.14415649018014e-14,6.01206456563795e-12
0.015,1.5,5000,162,3.55604349588895e-12,5.32414837225296e-15,3.5507193475167e-12
0.015,1.5,5000,163,2.08951641984722e-12,2.45285528569642e-15,2.08706356456152e-12
0.015,1.5,5000,164,1.22208409890794e-12,1.11879562143519e-15,1.2209653032865e-12
0.015,1.5,5000,165,7.11456488913121e-13,5.05227108353689e-16,7.10951261804767e-13
0.015,1.5,5000,166,4.12289914616801e-13,2.2588094031543e-16,4.12064033676486e-13
0.015,1.5,5000,167,2.37836863396824e-13,9.99837874849718e-17,2.37736879609339e-13
0.015,1.5,5000,168,1.36581696705476e-13,4.38163943550936e-17,1.36537880311121e-13
0.015,1.5,5000,169,7.80831483115784e-14,1.90108153790796e-17,7.80641374961993e-14
0.015,1.5,5000,170,4.44414297916023e-14,8.16623563166955e-18,4.44332635559707e-14
0.015,1.5,5000,171,2.51825011424449e-14,3.47296274856621e-18,2.51790281796964e-14
0.015,1.5,5000,172,1.42070495541926e-14,1.46229635750065e-18,1.42055872578351e-14
0.015,1.5,5000,173,7.98025941471885e-15,6.09575812956246e-19,7.97964983890589e-15
0.015,1.5,5000,174,4.4632572703051e-15,2.51580577695142e-19,4.4630056897274e-15
0.015,1.5,5000,175,2.48554814747244e-15,1.02797735716689e-19,2.48544534973672e-15
0.015,1.5,5000,176,1.3782917966521e-15,4.15859897911513e-20,1.37825021066231e-15
0.015,1.5,5000,177,7.61065642951285e-16,1.66558803237992e-20,7.61048987070961e-16
0.015,1.5,5000,178,4.18483250493474e-16,6.60457986073936e-21,4.18476645913613e-16
0.015,1.5,5000,179,2.29151111706632e-16,2.59286470110039e-21,2.29148518841931e-16
0.015,1.5,5000,180,1.24958710344085e-16,1.00779353943e-21,1.24957702550546e-16
0.015,1.5,5000,181,6.78616444360139e-17,3.87811193174696e-22,6.78612566248207e-17
0.015,1.5,5000,182,3.67035402416276e-17,1.47749549270425e-22,3.67033924920783e-17
0.015,1.5,5000,183,1.97710425648366e-17,5.57300002272073e-23,1.97709868348363e-17
0.015,1.5,5000,184,1.06072153577296e-17,2.08117682020282e-23,1.06071945459614e-17
0.015,1.5,5000,185,5.66807284012293e-18,7.69459862670642e-24,5.66806514552431e-18
0.015,1.5,5000,186,3.01677945195084e-18,2.81656654427622e-24,3.0167766353843e-18
0.015,1.5,5000,187,1.59932802132178e-18,1.0207305594306e-24,1.59932700059122e-18
0.015,1.5,5000,188,8.44557041980653e-19,3.6623451685554e-25,8.44556675746136e-19
0.015,1.5,5000,189,4.44251968641053e-19,1.30096161992392e-25,4.44251838544891e-19
0.015,1.5,5000,190,2.32782331223518e-19,4.5753755905208e-26,2.32782285469762e-19
0.015,1.5,5000,191,1.21507241519795e-19,1.59311113270097e-26,1.21507225588683e-19
0.015,1.5,5000,192,6.31825132728215e-20,5.49189783181782e-27,6.31825077809237e-20
0.015,1.5,5000,193,3.27299383309755e-20,1.87437240234181e-27,3.27299364566031e-20
0.015,1.5,5000,194,1.68910977398074e-20,6.3335378218306e-28,1.68910971064536e-20
0.015,1.5,5000,195,8.68451730067157e-21,2.11881925350935e-28,8.68451708878964e-21
0.015,1.5,5000,196,4.44855762903112e-21,7.01775994266131e-29,4.44855755885352e-21
0.015,1.5,5000,197,2.27032991687651e-21,2.30123070884814e-29,2.2703298938642e-21
0.015,1.5,5000,198,1.15442390330169e-21,7.47100227588352e-30,1.15442389583069e-21
0.015,1.5,5000,199,5.84868856560868e-22,2.40134540000854e-30,5.84868854159523e-22
0.015,1.5,5000,200,2.95242366362202e-22,7.6416554115872e-31,2.95242365598036e-22
0.015,1.5,5000,201,1.48503227390072e-22,2.4075611318393e-31,1.48503227149316e-22
0.015,1.5,5000,202,7.44286377745291e-23,7.50972877249653e-32,7.44286376994318e-23
0.015,1.5,5000,203,3.71707253234142e-23,2.31914677725612e-32,3.71707253002227e-23
0.015,1.5,5000,204,1.84981589347051e-23,7.09070266842806e-33,1.84981589276144e-23
0.015,1.5,5000,205,9.17343732533459e-24,2.14638373566306e-33,9.17343732318821e-24
0.015,1.5,5000,206,4.53337164319246e-24,6.43254033463575e-34,4.53337164254921e-24
0.015,1.5,5000,207,2.23257263051498e-24,1.90859913463679e-34,2.23257263032412e-24
0.015,1.5,5000,208,1.09570648014322e-24,5.60665692630391e-35,1.09570648008715e-24
0.015,1.5,5000,209,5.35915652688835e-25,1.63061073483967e-35,5.35915652672529e-25
0.015,1.5,5000,210,2.61228978553146e-25,4.69519535797515e-36,2.61228978548451e-25
0.015,1.5,5000,211,1.26904782084839e-25,1.33848679925429e-36,1.269047820835e-25
0.015,1.5,5000,212,6.14434058859493e-26,3.77773572114912e-37,6.14434058855715e-26
0.015,1.5,5000,213,2.96498208767869e-26,1.05561635024529e-37,2.96498208766814e-26
0.015,1.5,5000,214,1.42602492647893e-26,2.92036879386814e-38,1.42602492647601e-26
0.015,1.5,5000,215,6.83595305290763e-27,7.99882775700681e-39,6.83595305289964e-27
0.015,1.5,5000,216,3.26622810363687e-27,2.16906240026063e-39,3.2662281036347e-27
0.015,1.5,5000,217,1.55552832380904e-27,5.82337559973649e-40,1.55552832380846e-27
0.015,1.5,5000,218,7.38417038493975e-28,1.54787046629623e-40,7.3841703849382e-28
0.015,1.5,5000,219,3.49402643233374e-28,4.07334767752784e-41,3.49402643233333e-28
0.015,1.5,5000,220,1.64800903496486e-28,1.06126881391522e-41,1.64800903496475e-28
0.015,1.5,5000,221,7.74836495583306e-29,2.73751419235527e-42,7.74836495583278e-29
0.015,1.5,5000,222,3.63149706490585e-29,6.99108224970649e-43,3.63149706490578e-29
0.015,1.5,5000,223,1.69665862070649e-29,1.76762241025353e-43,1.69665862070647e-29
0.015,1.5,5000,224,7.90213224681745e-30,4.42477958331617e-44,7.90213224681741e-30
0.015,1.5,5000,225,3.66896027922056e-30,1.09660655938897e-44,3.66896027922055e-30
0.015,1.5,5000,226,1.69823730675804e-30,2.69071123564243e-45,1.69823730675803e-30
0.015,1.5,5000,227,7.83642676903305e-31,6.53642677531866e-46,7.83642676903304e-31
0.015,1.5,5000,228,3.60503700512569e-31,1.57206595860573e-46,3.60503700512568e-31
0.015,1.5,5000,229,1.65341112976061e-31,3.74333057988501e-47,1.65341112976061e-31
0.015,1.5,5000,230,7.56029832874028e-32,8.82475497459482e-48,7.56029832874028e-32
0.015,1.5,5000,231,3.44660369575264e-32,2.05970102240893e-48,3.44660369575264e-32
0.015,1.5,5000,232,1.56655421163998e-32,4.75951575302058e-49,1.56655421163998e-32
0.015,1.5,5000,233,7.09918386047764e-33,1.08887595532774e-49,7.09918386047764e-33
0.015,1.5,5000,234,3.20765403550413e-33,2.46632952588059e-50,3.20765403550413e-33
0.015,1.5,5000,235,1.44507316601524e-33,5.53070954984442e-51,1.44507316601524e-33
0.015,1.5,5000,236,6.49116160862892e-34,1.22791316722698e-51,6.49116160862892e-34
0.015,1.5,5000,237,2.90731615457351e-34,2.69905364438829e-52,2.90731615457351e-34
0.015,1.5,5000,238,1.29839332952798e-34,5.87370906627734e-53,1.29839332952798e-34
0.015,1.5,5000,239,5.78190990643459e-35,1.26552404660477e-53,5.78190990643459e-35
0.015,1.5,5000,240,2.56740384840862e-35,2.69951302458859e-54,2.56740384840862e-35
0.015,1.5,5000,241,1.13679357081442e-35,5.70108489094121e-55,1.13679357081442e-35
0.015,1.5,5000,242,5.01926645583524e-36,1.19202851277912e-55,5.01926645583524e-36
0.015,1.5,5000,243,2.20992087296189e-36,2.46758905156563e-56,2.20992087296189e-36
0.015,1.5,5000,244,9.70281103763554e-37,5.05726930437543e-57,9.70281103763554e-37
0.015,1.5,5000,245,4.24824239843159e-37,1.0261630727919e-57,4.24824239843159e-37
0.015,1.5,5000,246,1.85489059845968e-37,2.06145442958484e-58,1.85489059845968e-37
0.015,1.5,5000,247,8.07664470880765e-38,4.10004053583322e-59,8.07664470880765e-38
0.015,1.5,5000,248,3.50714434070157e-38,8.07345850316021e-60,3.50714434070157e-38
0.015,1.5,5000,249,1.51877186403504e-38,1.57393987977664e-60,1.51877186403504e-38
0.015,1.5,5000,250,6.55924556623477e-39,3.03790169878992e-61,6.55924556623477e-39
0.015,1.5,5000,251,2.82516508527265e-39,5.80518880652889e-62,2.82516508527265e-39
0.015,1.5,5000,252,1.21358012936702e-39,1.09828749001685e-62,1.21358012936702e-39
0.015,1.5,5000,253,5.19916751181688e-40,2.05718230302861e-63,5.19916751181688e-40
0.015,1.5,5000,254,2.22149774971238e-40,3.81493003615016e-64,2.22149774971238e-40
0.015,1.5,5000,255,9.46696114013916e-41,7.00418213431858e-65,9.46696114013916e-41
0.015,1.5,5000,256,4.02377644551278e-41,1.27316689976195e-65,4.02377644551278e-41
0.015,1.5,5000,257,1.70577387616483e-41,2.29123852369944e-66,1.70577387616483e-41
0.015,1.5,5000,258,7.21239031125979e-42,4.08236960107151e-67,7.21239031125979e-42
0.015,1.5,5000,259,3.04167538712325e-42,7.20130815271891e-68,3.04167538712325e-42
0.015,1.5,5000,260,1.27946399442464e-42,1.25767238287819e-68,1.27946399442464e-42
0.015,1.5,5000,261,5.3682220543987e-43,2.17460663429921e-69,5.3682220543987e-43
0.015,1.5,5000,262,2.2465995084947e-43,3.7226392159451e-70,2.2465995084947e-43
0.015,1.5,5000,263,9.37819310308868e-44,6.30925735560392e-71,9.37819310308868e-44
0.015,1.5,5000,264,3.90495918116207e-44,1.05867484136412e-71,3.90495918116207e-44
0.015,1.5,5000,265,1.62189632068789e-44,1.7587495425951e-72,1.62189632068789e-44
0.015,1.5,5000,266,6.71961423724602e-45,2.89269375273647e-73,6.71961423724602e-45
0.015,1.5,5000,267,2.77706223638196e-45,4.71040200308998e-74,2.77706223638196e-45
0.015,1.5,5000,268,1.14485955413467e-45,7.59399913842357e-75,1.14485955413467e-45
0.015,1.5,5000,269,4.70814043013436e-46,1.21210479490785e-75,4.70814043013436e-46
0.015,1.5,5000,270,1.93144533785968e-46,1.91543249167194e-76,1.93144533785968e-46
0.015,1.5,5000,271,7.9041729259405e-47,2.99675049817298e-77,7.9041729259405e-47
0.015,1.5,5000,272,3.22683366858496e-47,4.64185294137698e-78,3.22683366858496e-47
0.015,1.5,5000,273,1.31415912958241e-47,7.118512039239e-79,1.31415912958241e-47
0.015,1.5,5000,274,5.33919296257675e-48,1.08079698745474e-79,5.33919296257675e-48
0.015,1.5,5000,275,2.16403645809412e-48,1.62463603677361e-80,2.16403645809412e-48
0.015,1.5,5000,276,8.75023661548712e-49,2.41782628291809e-81,8.75023661548712e-49
0.015,1.5,5000,277,3.52976847177838e-49,3.56246955400142e-82,3.52976847177838e-49
0.015,1.5,5000,278,1.42052451428826e-49,5.19677942467218e-83,1.42052451428826e-49
0.015,1.5,5000,279,5.70337843133888e-50,7.50541068645505e-84,5.70337843133888e-50
0.015,1.5,5000,280,2.28455386007023e-50,1.07317783406827e-84,2.28455386007023e-50
0.015,1.5,5000,281,9.12979750477687e-51,1.51923858479616e-85,9.12979750477687e-51
0.015,1.5,5000,282,3.64012382767594e-51,2.12930230833068e-86,3.64012382767594e-51
0.015,1.5,5000,283,1.44800858858117e-51,2.95464782465912e-87,1.44800858858117e-51
0.015,1.5,5000,284,5.7468617351609e-52,4.05911332650999e-88,5.7468617351609e-52
0.015,1.5,5000,285,2.27561933522718e-52,5.52094836215976e-89,2.27561933522718e-52
0.015,1.5,5000,286,8.99046857160026e-53,7.43452538968056e-90,8.99046857160026e-53
0.015,1.5,5000,287,3.54391615091036e-53,9.91173923786589e-91,3.54391615091036e-53
0.015,1.5,5000,288,1.39382248185217e-53,1.30828855468156e-91,1.39382248185217e-53
0.015,1.5,5000,289,5.46964187619809e-54,1.70967779580276e-92,5.46964187619809e-54
0.015,1.5,5000,290,2.14161877673441e-54,2.21198438021057e-93,2.14161877673441e-54
0.015,1.5,5000,291,8.36684456208681e-55,2.8333935151438e-94,8.36684456208681e-55
0.015,1.5,5000,292,3.26153374523742e-55,3.5932612209698e-95,3.26153374523742e-55
0.015,1.5,5000,293,1.26860680971943e-55,4.51157041954817e-96,1.26860680971943e-55
0.015,1.5,5000,294,4.92358567679774e-56,5.60820326279146e-97,4.92358567679774e-56
0.015,1.5,5000,295,1.90673149414376e-56,6.90202942012722e-98,1.90673149414376e-56
0.015,1.5,5000,296,7.36809822404493e-57,8.40982428520439e-99,7.36809822404493e-57
0.015,1.5,5000,297,2.84107903270065e-57,1.01450476808823e-99,2.84107903270065e-57
0.015,1.5,5000,298,1.09314418252869e-57,1.21165315773518e-100,1.09314418252869e-57
0.015,1.5,5000,299,4.19702887503418e-58,1.43271431314954e-101,4.19702887503418e-58
0.015,1.5,5000,300,1.6079811864854e-58,1.67725052285439e-102,1.6079811864854e-58
0.015,1.5,5000,301,6.1475002587041e-59,1.94398687055943e-103,6.1475002587041e-59
0.015,1.5,5000,302,2.34530210743498e-59,2.23072366254665e-104,2.34530210743498e-59
0.015,1.5,5000,303,8.92864809451605e-60,2.53428396651606e-105,8.92864809451605e-60
0.015,1.5,5000,304,3.39205817957468e-60,2.85050516990129e-106,3.39205817957468e-60
0.015,1.5,5000,305,1.28598387085447e-60,3.17428155282526e-107,1.28598387085447e-60
0.015,1.5,5000,306,4.86526313400625e-61,3.49966208663318e-108,4.86526313400625e-61
0.015,1.5,5000,307,1.83687515526589e-61,3.82000415438134e-109,1.83687515526589e-61
0.015,1.5,5000,308,6.92084819471614e-62,4.12817988138305e-110,6.92084819471614e-62
0.015,1.5,5000,309,2.60225131957785e-62,4.41682757925957e-111,2.60225131957785e-62
0.015,1.5,5000,310,9.76457192051296e-63,4.67863681725005e-112,9.76457192051296e-63
0.015,1.5,5000,311,3.65657962437305e-63,4.90665222880077e-113,3.65657962437305e-63
0.015,1.5,5000,312,1.36652785059712e-63,5.09457870396069e-114,1.36652785059712e-63
0.015,1.5,5000,313,5.09667932354187e-64,5.23706940547389e-115,5.09667932354187e-64
0.015,1.5,5000,314,1.89707812928028e-64,5.32997826927636e-116,1.89707812928028e-64
0.015,1.5,5000,315,7.04718871150704e-65,5.37056036502059e-117,7.04718871150704e-65
0.015,1.5,5000,316,2.61266077386131e-65,5.35760660852311e-118,2.61266077386131e-65
0.015,1.5,5000,317,9.66696676101682e-66,5.2915036010843e-119,9.66696676101682e-66
0.015,1.5,5000,318,3.56977722198598e-66,5.1742144632415e-120,3.56977722198598e-66
0.015,1.5,5000,319,1.31564668869567e-66,5.00918198881809e-121,1.31564668869567e-66
0.015,1.5,5000,320,4.8393638344896e-67,4.80116078590688e-122,4.8393638344896e-67
0.015,1.5,5000,321,1.7766081178816e-67,4.55598982411223e-123,1.7766081178816e-67
0.015,1.5,5000,322,6.50957882617204e-68,4.2803205646125e-124,6.50957882617204e-68
0.015,1.5,5000,323,2.38054011877447e-68,3.98131830975331e-125,2.38054011877447e-68
0.015,1.5,5000,324,8.68886296758656e-69,3.66635540525494e-126,8.68886296758656e-69
0.015,1.5,5000,325,3.16532760124644e-69,3.34271444179446e-127,3.16532760124644e-69
0.015,1.5,5000,326,1.15092281175051e-69,3.01731775770568e-128,1.15092281175051e-69
0.015,1.5,5000,327,4.17687094457239e-70,2.69649658687503e-129,4.17687094457239e-70
0.015,1.5,5000,328,1.51311276373016e-70,2.38580946010108e-130,1.51311276373016e-70
0.015,1.5,5000,329,5.47869196635344e-71,2.08991533590797e-131,5.47869196635344e-71
0.015,1.5,5000,330,2.02484753278626e-71,1.81250279355152e-132,2.02484753278626e-71
0.015,1.5,5000,331,1.00996456094376e-71,1.55627281600378e-133,1.00996456094376e-71
0.015,1.5,5000,332,2.00652892884563e-71,1.32296950503022e-134,2.00652892884563e-71
0.015,1.5,5000,333,1.03130467152708e-70,1.11345069562581e-135,1.03130467152708e-70
0.015,1.5,5000,334,5.95054407553195e-70,9.27788966348838e-137,5.95054407553195e-70
0.015,1.5,5000,335,3.44894023263043e-69,7.65392973641939e-138,3.44894023263043e-69
0.015,1.5,5000,336,1.99318543422754e-68,6.25139288159476e-139,1.99318543422754e-68
0.015,1.5,5000,337,1.14794717804063e-67,5.05505833754016e-140,1.14794717804063e-67
0.015,1.5,5000,338,6.58829129772921e-67,4.04699441541896e-141,6.58829129772921e-67
0.015,1.5,5000,339,3.76769536407514e-66,3.20771735220884e-142,3.76769536407514e-66
0.015,1.5,5000,340,2.14687317663607e-65,2.5171937051934e-143,2.14687317663607e-65
0.015,1.5,5000,341,1.21881999087291e-64,1.95566397502237e-144,1.21881999087291e-64
0.015,1.5,5000,342,6.89365636752175e-64,1.50428072134006e-145,6.89365636752175e-64
0.015,1.5,5000,343,3.88427733654144e-63,1.14556727492298e-146,3.88427733654144e-63
0.015,1.5,5000,344,2.1801899877924e-62,8.63712814485415e-148,2.1801899877924e-62
0.015,1.5,5000,345,1.21891726533891e-61,6.44725997139785e-149,1.21891726533891e-61
0.015,1.5,5000,346,6.78768113840113e-61,4.76472738214517e-150,6.78768113840113e-61
0.015,1.5,5000,347,3.76449509981182e-60,3.48624566290756e-151,3.76449509981182e-60
0.015,1.5,5000,348,2.07921855745404e-59,2.52542788782736e-152,2.07921855745404e-59
0.015,1.5,5000,349,1.14359131093072e-58,1.81121085430694e-153,1.14359131093072e-58
0.015,1.5,5000,350,6.26306915593795e-58,1.28605667407137e-154,6.26306915593795e-58
0.015,1.5,5000,351,3.41520451166284e-57,9.0408290644886e-156,3.41520451166284e-57
0.015,1.5,5000,352,1.85406931835477e-56,6.29235858293183e-157,1.85406931835477e-56
0.015,1.5,5000,353,1.00202977819374e-55,4.33586473071761e-158,1.00202977819374e-55
0.015,1.5,5000,354,5.3907029582883e-55,2.95797868936079e-159,5.3907029582883e-55
0.015,1.5,5000,355,2.88658263427626e-54,1.99788925916828e-160,2.88658263427626e-54
0.015,1.5,5000,356,1.53836389815936e-53,1.33599501770216e-161,1.53836389815936e-53
0.015,1.5,5000,357,8.1589121756379e-53,8.84494873646529e-163,8.1589121756379e-53
0.015,1.5,5000,358,4.30590082562997e-52,5.79752802910907e-164,4.30590082562997e-52
0.015,1.5,5000,359,2.26106846995122e-51,3.7622482510588e-165,2.26106846995122e-51
0.015,1.5,5000,360,1.18124362876558e-50,2.41718057861955e-166,1.18124362876558e-50
0.015,1.5,5000,361,6.13900841554253e-50,1.53754486968385e-167,6.13900841554253e-50
0.015,1.5,5000,362,3.17355179057111e-49,9.68285784652423e-169,3.17355179057111e-49
0.015,1.5,5000,363,1.63168326807945e-48,6.03721119591263e-170,1.63168326807945e-48
0.015,1.5,5000,364,8.34299446687133e-48,3.72671547411204e-171,8.34299446687133e-48
0.015,1.5,5000,365,4.24185053946064e-47,2.27757747873666e-172,4.24185053946064e-47
0.015,1.5,5000,366,2.14430264641687e-46,1.37808859333741e-173,2.14430264641687e-46
0.015,1.5,5000,367,1.07761238964951e-45,8.25540095828345e-175,1.07761238964951e-45
0.015,1.5,5000,368,5.38309087343141e-45,4.89616742424258e-176,5.38309087343141e-45
0.015,1.5,5000,369,2.67262913440696e-44,2.87495733387358e-177,2.67262913440696e-44
0.015,1.5,5000,370,1.31864238634162e-43,1.67133536513008e-178,1.31864238634162e-43
0.015,1.5,5000,371,6.46455189761787e-43,9.61950793084426e-180,6.46455189761787e-43
0.015,1.5,5000,372,3.14856565741054e-42,5.48149681848935e-181,3.14856565741054e-42
0.015,1.5,5000,373,1.52330888692375e-41,3.09244889201407e-182,1.52330888692375e-41
0.015,1.5,5000,374,7.31981445986377e-41,1.72728082015782e-183,7.31981445986377e-41
0.015,1.5,5000,375,3.49287446874135e-40,9.55169454194884e-185,3.49287446874135e-40
0.015,1.5,5000,376,1.6548875984207e-39,5.22943724366569e-186,1.6548875984207e-39
0.015,1.5,5000,377,7.78370307793124e-39,2.83456578640636e-187,7.78370307793124e-39
0.015,1.5,5000,378,3.63382161240949e-38,1.52116099633861e-188,3.63382161240949e-38
0.015,1.5,5000,379,1.68354811958989e-37,8.08203779163086e-190,1.68354811958989e-37
0.015,1.5,5000,380,7.73917444535891e-37,4.25131835352755e-191,7.73917444535891e-37
0.015,1.5,5000,381,3.52931967799593e-36,2.21402965533738e-192,3.52931967799593e-36
0.015,1.5,5000,382,1.59636477009993e-35,1.1415640795179e-193,1.59636477009993e-35
0.015,1.5,5000,383,7.16032800297406e-35,5.82739170107054e-195,7.16032800297406e-35
0.015,1.5,5000,384,3.18423779723574e-34,2.94513483558448e-196,3.18423779723574e-34
0.015,1.5,5000,385,1.40365126132192e-33,1.47364613487855e-197,1.40365126132192e-33
0.015,1.5,5000,386,6.13197810837048e-33,7.30025938428096e-199,6.13197810837048e-33
0.015,1.5,5000,387,2.65419723905519e-32,3.58047320773999e-200,2.65419723905519e-32
0.015,1.5,5000,388,1.13804020033192e-31,1.73859978083492e-201,1.13804020033192e-31
0.015,1.5,5000,389,4.83249466805202e-31,8.35825983392249e-203,4.83249466805202e-31
0.015,1.5,5000,390,2.03174412271765e-30,3.97822342728212e-204,2.03174412271765e-30
0.015,1.5,5000,391,8.45554989094997e-30,1.87464711725791e-205,8.45554989094997e-30
0.015,1.5,5000,392,3.48239595817897e-29,8.74594901602383e-207,3.48239595817897e-29
0.015,1.5,5000,393,1.41893658412103e-28,4.03972134895266e-208,1.41893658412103e-28
0.015,1.5,5000,394,5.71844996740692e-28,1.84736594235044e-209,5.71844996740692e-28
0.015,1.5,5000,395,2.27878328900441e-27,8.36395160585646e-211,2.27878328900441e-27
0.015,1.5,5000,396,8.97662103596996e-27,3.74910103985516e-212,8.97662103596996e-27
0.015,1.5,5000,397,3.49446541720975e-26,1.66379507293868e-213,3.49446541720975e-26
0.015,1.5,5000,398,1.34392968006334e-25,7.3102053682659e-215,1.34392968006334e-25
0.015,1.5,5000,399,5.10466797812455e-25,3.17992133961217e-216,5.10466797812455e-25
0.015,1.5,5000,400,1.9143363947569e-24,1.36949430807977e-217,1.9143363947569e-24
0.015,1.5,10000,0,1.96519869487226e-41,4.52426699213996e-30,-4.52426699212031e-30
0.015,1.5,10000,1,6.76788990191213e-41,1.00438004482658e-29,-1.00438004481982e-29
0.015,1.5,10000,2,2.31386301387375e-40,2.21858694141699e-29,-2.21858694139385e-29
0.015,1.5,10000,3,7.85217314473601e-40,4.87622073532173e-29,-4.8762207352432e-29
0.015,1.5,10000,4,2.64466303010671e-39,1.06639669146951e-28,-1.06639669144306e-28
0.015,1.5,10000,5,8.83982906296872e-39,2.32050628312308e-28,-2.32050628303468e-28
0.015,1.5,10000,6,2.93208116529225e-38,5.02429621467204e-28,-5.02429621437883e-28
0.015,1.5,10000,7,9.6501158231195e-38,1.08242110320227e-27,-1.08242110310577e-27
0.015,1.5,10000,8,3.15122581230971e-37,2.3203088326967e-27,-2.32030883238157e-27
0.015,1.5,10000,9,1.02090019097097e-36,4.94907303981502e-27,-4.94907303879412e-27
0.015,1.5,10000,10,3.28103146926707e-36,1.05034134452875e-26,-1.05034134420064e-26
0.015,1.5,10000,11,1.04599059446173e-35,2.21802065508438e-26,-2.21802065403839e-26
0.015,1.5,10000,12,3.30752190948092e-35,4.6604648732328e-26,-4.66046486992528e-26
0.015,1.5,10000,13,1.03729660040115e-34,9.74364425694147e-26,-9.7436442465685e-26
0.015,1.5,10000,14,3.22623959876667e-34,2.02694576003526e-25,-2.02694575680902e-25
0.015,1.5,10000,15,9.95067128324599e-34,4.19557378289832e-25,-4.19557377294765e-25
0.015,1.5,10000,16,3.04326270266457e-33,8.64110189106616e-25,-8.64110186063353e-25
0.015,1.5,10000,17,9.22842513988049e-33,1.77082407153793e-24,-1.77082406230951e-24
0.015,1.5,10000,18,2.77451604467338e-32,3.61085654895248e-24,-3.61085652120732e-24
0.015,1.5,10000,19,8.26969442922852e-32,7.32611246244878e-24,-7.32611237975184e-24
0.015,1.5,10000,20,2.4434645676167e-31,1.47899073950077e-23,-1.47899071506612e-23
0.015,1.5,10000,21,7.15664586759346e-31,2.97088510148226e-23,-2.9708850299158e-23
0.015,1.5,10000,22,2.07765404741582e-30,5.93792604886259e-23,-5.93792584109719e-23
0.015,1.5,10000,23,5.97821213260748e-30,1.18089760249818e-22,-1.18089754271606e-22
0.015,1.5,10000,24,1.70482109708398e-29,2.33678214060436e-22,-2.33678197012225e-22
0.015,1.5,10000,25,4.81805360282006e-29,4.60100532895942e-22,-4.60100484715406e-22
0.015,1.5,10000,26,1.34935627262947e-28,9.01396308884399e-22,-9.01396173948772e-22
0.015,1.5,10000,27,3.74473989625066e-28,1.75714395197184e-21,-1.75714357749785e-21
0.015,1.5,10000,28,1.02975885846737e-27,3.40821855328626e-21,-3.4082175235274e-21
0.015,1.5,10000,29,2.80574457636908e-27,6.57773023273599e-21,-6.57772742699141e-21
0.015,1.5,10000,30,7.57426269156639e-27,1.26314500076566e-20,-1.26314424333939e-20
0.015,1.5,10000,31,2.02578910143727e-26,2.41356436234766e-20,-2.41356233655856e-20
0.015,1.5,10000,32,5.36775686001252e-26,4.58873617674787e-20,-4.58873080899101e-20
0.015,1.5,10000,33,1.40903053013702e-25,8.68072146583791e-20,-8.68070737553261e-20
0.015,1.5,10000,34,3.66405762736779e-25,1.63398129729462e-19,-1.63397763323699e-19
0.015,1.5,10000,35,9.43854447669276e-25,3.06032019814988e-19,-3.0603107596054e-19
0.015,1.5,10000,36,2.40844245476118e-24,5.70315511363663e-19,-5.70313102921208e-19
0.015,1.5,10000,37,6.08758287672981e-24,1.05752836832119e-18,-1.05752228073832e-18
0.015,1.5,10000,38,1.52412606591479e-23,1.95118027248151e-18,-1.95116503122085e-18
0.015,1.5,10000,39,3.77968399044208e-23,3.58204711713413e-18,-3.58200932029422e-18
0.015,1.5,10000,40,9.28412703094108e-23,6.54325309812316e-18,-6.54316025685285e-18
0.015,1.5,10000,41,2.25876579380866e-22,1.18928152516366e-17,-1.18925893750572e-17
0.015,1.5,10000,42,5.44302852574231e-22,2.1508204293992e-17,-2.15076599911394e-17
0.015,1.5,10000,43,1.29910782075496e-21,3.87036711546593e-17,-3.87023720468386e-17
0.015,1.5,10000,44,3.07101555152007e-21,6.92992759032093e-17,-6.92962048876578e-17
0.015,1.5,10000,45,7.19033723147958e-21,1.23462128524105e-16,-1.23454938186874e-16
0.015,1.5,10000,46,1.66742477105909e-20,2.1886048180415e-16,-2.1884380755644e-16
0.015,1.5,10000,47,3.82977635622159e-20,3.86037477767721e-16,-3.85999180004158e-16
0.015,1.5,10000,48,8.71228899790941e-20,6.77516873117446e-16,-6.77429750227466e-16
0.015,1.5,10000,49,1.96302312884158e-19,1.18314858636503e-15,-1.18295228405214e-15
0.015,1.5,10000,50,4.38083080310374e-19,2.05582901131573e-15,-2.05539092823542e-15
0.015,1.5,10000,51,9.68345017764847e-19,3.55437478443806e-15,-3.5534064394203e-15
0.015,1.5,10000,52,2.12007878038584e-18,6.11459892597934e-15,-6.11247884719895e-15
0.015,1.5,10000,53,4.59757409242273e-18,1.04664947445577e-14,-1.04618971704653e-14
0.015,1.5,10000,54,9.87570034480164e-18,1.78263763593815e-14,-1.78165006590367e-14
0.015,1.5,10000,55,2.10125123726097e-17,3.02101867900169e-14,-3.01891742776443e-14
0.015,1.5,10000,56,4.42861919252817e-17,5.09415643344014e-14,-5.08972781424761e-14
0.015,1.5,10000,57,9.2458999597465e-17,8.54711744730544e-14,-8.5378715473457e-14
0.015,1.5,10000,58,1.91219236853494e-16,1.42690675423217e-13,-1.42499456186363e-13
0.015,1.5,10000,59,3.91766541126285e-16,2.37028213518553e-13,-2.36636446977427e-13
0.015,1.5,10000,60,7.95150007401442e-16,3.91771663275433e-13,-3.90976513268032e-13
0.015,1.5,10000,61,1.59885866804382e-15,6.44309485639594e-13,-6.42710626971551e-13
0.015,1.5,10000,62,3.18510961664647e-15,1.05434940549645e-12,-1.05116429587981e-12
0.015,1.5,10000,63,6.28646742995733e-15,1.71673443074675e-12,-1.71044796331679e-12
0.015,1.5,10000,64,1.22934066404271e-14,2.78131517245272e-12,-2.76902176581229e-12
0.015,1.5,10000,65,2.38197406869148e-14,4.48358925858533e-12,-4.45976951789842e-12
0.015,1.5,10000,66,4.57317160506459e-14,7.1916735070127e-12,-7.14594179096206e-12
0.015,1.5,10000,67,8.70022885768857e-14,1.14779051893992e-11,-1.13909029008223e-11
0.015,1.5,10000,68,1.64018975931294e-13,1.82273625059549e-11,-1.80633435300236e-11
0.015,1.5,10000,69,3.0642610897307e-13,2.88013971883593e-11,-2.84949710793862e-11
0.015,1.5,10000,70,5.67340972963448e-13,4.52826473977172e-11,-4.47153064247538e-11
0.015,1.5,10000,71,1.04104170139042e-12,7.08400061301557e-11,-6.97989644287652e-11
0.015,1.5,10000,72,1.89328927816444e-12,1.10269117367086e-10,-1.08375828088921e-10
0.015,1.5,10000,73,3.41279608228371e-12,1.70788149981785e-10,-1.67375353899502e-10
0.015,1.5,10000,74,6.09773017969955e-12,2.63202553052039e-10,-2.5710482287234e-10
0.015,1.5,10000,75,1.07996794697653e-11,4.03599842987685e-10,-3.9280016351792e-10
0.015,1.5,10000,76,1.89608986897805e-11,6.15801024667086e-10,-5.96840125977305e-10
0.015,1.5,10000,77,3.30014646458692e-11,9.34885348130708e-10,-9.01883883484839e-10
0.015,1.5,10000,78,5.69449029150216e-11,1.41222803014292e-09,-1.3552831272279e-09
0.015,1.5,10000,79,9.74193358363945e-11,2.1226570310422e-09,-2.0252376952058e-09
0.015,1.5,10000,80,1.65243984122556e-10,3.17455866796664e-09,-3.00931468384408e-09
0.015,1.5,10000,81,2.7791886977946e-10,4.72406009973672e-09,-4.44614122995726e-09
0.015,1.5,10000,82,4.63494040468857e-10,6.99481122393749e-09,-6.53131718346864e-09
0.015,1.5,10000,83,7.6652445225245e-10,1.03054060881223e-08,-9.53888163586987e-09
0.015,1.5,10000,84,1.25714603855318e-09,1.51071572330562e-08,-1.3850011194503e-08
0.015,1.5,10000,85,2.04477501916509e-09,2.20358047807951e-08,-1.999102976163e-08
0.015,1.5,10000,86,3.2985853273375e-09,3.19818521133502e-08,-2.86832667860127e-08
0.015,1.5,10000,87,5.27782139630279e-09,4.61856258305332e-08,-4.09078044342304e-08
0.015,1.5,10000,88,8.37623530236547e-09,6.63649211179146e-08,-5.79886858155491e-08
0.015,1.5,10000,89,1.31865972311909e-08,9.48852835606196e-08,-8.16986863294287e-08
0.015,1.5,10000,90,2.05934360333271e-08,1.3498566943462e-07,-1.14392233401292e-07
0.015,1.5,10000,91,3.19050634891323e-08,1.91075496669301e-07,-1.59170433180169e-07
0.015,1.5,10000,92,4.90396838179402e-08,2.69123025917017e-07,-2.20083342099077e-07
0.015,1.5,10000,93,7.4785168481815e-08,3.77159668050407e-07,-3.02374499568592e-07
0.015,1.5,10000,94,1.13158075953845e-07,5.25930261089507e-07,-4.12772185135662e-07
0.015,1.5,10000,95,1.69894907417552e-07,7.29725634589542e-07,-5.59830727171991e-07
0.015,1.5,10000,96,2.53117586754041e-07,1.00744088833089e-06,-7.54323301576849e-07
0.015,1.5,10000,97,3.74225872439049e-07,1.38391071313774e-06,-1.00968484069869e-06
0.015,1.5,10000,98,5.49081917855991e-07,1.89158166991355e-06,-1.34249975205756e-06
0.015,1.5,10000,99,7.99566458161035e-07,2.57259043206331e-06,-1.77302397390228e-06
0.015,1.5,10000,100,1.15560193137866e-06,3.4813262986687e-06,-2.32572436729004e-06
0.015,1.5,10000,101,1.6577548572396e-06,4.6875653919673e-06,-3.0298105347277e-06
0.015,1.5,10000,102,2.36054736907577e-06,6.28027231301823e-06,-3.91972494394246e-06
0.015,1.5,10000,103,3.33662499153751e-06,8.37217193670763e-06,-5.03554694517012e-06
0.015,1.5,10000,104,4.68194330411247e-06,1.11051986051417e-05,-6.4232553010292e-06
0.015,1.5,10000,105,6.52214837263149e-06,1.46569311773448e-05,-8.13478280471331e-06
0.015,1.5,10000,106,9.02033272119993e-06,1.92481189963786e-05,-1.02277862751786e-05
0.015,1.5,10000,107,1.23863477315027e-05,2.51513944788949e-05,-1.27650467473922e-05
0.015,1.5,10000,108,1.68878419474331e-05,3.2701251243082e-05,-1.5813409295649e-05
0.015,1.5,10000,109,2.28631698574026e-05,4.23053409419851e-05,-1.94421710845825e-05
0.015,1.5,10000,110,3.07362742771598e-05,5.44571057588177e-05,-2.37208314816579e-05
0.015,1.5,10000,111,4.1033584548103e-05,6.97497154752718e-05,-2.87161309271688e-05
0.015,1.5,10000,112,5.4402889881274e-05,8.88912170219437e-05,-3.44883271406697e-05
0.015,1.5,10000,113,7.16340405050557e-05,0.000112720729739824,-4.10866892347687e-05
0.015,1.5,10000,114,9.36811980624257e-05,0.000142225431063134,-4.85442330007083e-05
0.015,1.5,10000,115,0.000121686201623625,0.00017855797555045,-5.68717739268242e-05
0.015,1.5,10000,116,0.000157002439186889,0.000223053876622905,-6.60514374360162e-05
0.015,1.5,10000,117,0.000201218421185256,0.000277248257559954,-7.60298363746977e-05
0.015,1.5,10000,118,0.000256180049183901,0.000342891249995171,-8.67112008112695e-05
0.015,1.5,10000,119,0.000324010368964395,0.000421961189368503,-9.79508204041078e-05
0.015,1.5,10000,120,0.000407125404265718,0.000516674633852301,-0.000109549229586583
0.015,1.5,10000,121,0.000508244499445937,0.000629492123746017,-0.000121247624300081
0.015,1.5,10000,122,0.000630393471775499,0.000763118510886196,-0.000132725039110696
0.015,1.5,10000,123,0.000776898803473726,0.000920496631724023,-0.000143597828250298
0.015,1.5,10000,124,0.000951371106491211,0.00110479308330028,-0.000153421976809066
0.015,1.5,10000,125,0.00115767618486489,0.00131937489825376,-0.000161698713388867
0.015,1.5,10000,126,0.00139989221329809,0.00156777601242171,-0.00016788379912362
0.015,1.5,10000,127,0.00168225185578638,0.00185365258435171,-0.000171400728565321
0.015,1.5,10000,128,0.00200906856890392,0.00218072646584863,-0.000171657896944709
0.015,1.5,10000,129,0.00238464686880219,0.00255271643934383,-0.00016806957054164
0.015,1.5,10000,130,0.00281317697985324,0.00297325723059073,-0.000160080250737497
0.015,1.5,10000,131,0.00329861500917711,0.00344580676889233,-0.000147191759715215
0.015,1.5,10000,132,0.00384455058007015,0.00397354269193195,-0.000128992111861799
0.015,1.5,10000,133,0.00445406467611587,0.00455924966347558,-0.000105184987359709
0.015,1.5,10000,134,0.00512958125751842,0.00520519966990174,-7.56184123833258e-05
0.015,1.5,10000,135,0.00587271696805036,0.00591302806118227,-4.03110931319096e-05
0.015,1.5,10000,136,0.0066841339083156,0.00668360867508848,5.25233227122862e-07
0.015,1.5,10000,137,0.00756340096203491,0.00751693189860458,4.64690634303282e-05
0.015,1.5,10000,138,0.00850886948283679,0.0084119899448311,9.68795380056828e-05
0.015,1.5,10000,139,0.00951756924154619,0.00936667392426119,0.000150895317284995
0.015,1.5,10000,140,0.0105851303690728,0.0103776874355149,0.0002074429335579
0.015,1.5,10000,141,0.0117057365901661,0.0114404813658796,0.000265255224286533
0.015,1.5,10000,142,0.012872114324727,0.0125492143560091,0.000322899968717903
0.015,1.5,10000,143,0.0140755612474314,0.0136967429337025,0.000378818313728902
0.015,1.5,10000,144,0.0153060166702325,0.0148746446564367,0.000431372013795754
0.015,1.5,10000,145,0.0165521746882063,0.0160732767298802,0.000478897958326074
0.015,1.5,10000,146,0.0178016394633098,0.0172818715102635,0.000519767953046365
0.015,1.5,10000,147,0.0190411203803003,0.0184886690841627,0.000552451296137582
0.015,1.5,10000,148,0.0202566631696162,0.0196810857928572,0.000575577376759031
0.015,1.5,10000,149,0.0214339115326174,0.0208459161822864,0.000587995350330953
0.015,1.5,10000,150,0.022558392403789,0.0219695644733861,0.000588827930402849
0.015,1.5,10000,151,0.0236158168157203,0.0230383003253055,0.000577516490414844
0.015,1.5,10000,152,0.0245923874596005,0.0240385324709827,0.000553854988617805
0.015,1.5,10000,153,0.0254751035067883,0.0249570928036152,0.000518010703173109
0.015,1.5,10000,154,0.0262520531090589,0.0257815227404741,0.000470530368584864
0.015,1.5,10000,155,0.0269126842407632,0.0265003532344029,0.00041233100636031
0.015,1.5,10000,156,0.027448045179657,0.0271033696776216,0.000344675502035451
0.015,1.5,10000,157,0.0278509869189434,0.0275818531662706,0.000269133752672783
0.015,1.5,10000,158,0.0281163211169996,0.0279287901697234,0.000187530947276204
0.015,1.5,10000,159,0.0282409287631735,0.0281390435606505,0.000101885202523005
0.015,1.5,10000,160,0.0282238164951997,0.0282094791773878,1.4337317811846e-05
0.015,1.5,10000,161,0.0280661193650667,0.0281390435606505,-7.29241955838116e-05
0.015,1.5,10000,162,0.027771050730585,0.0279287901697234,-0.000157739439138448
0.015,1.5,10000,163,0.0273438017653815,0.0275818531662706,-0.000238051400889089
0.015,1.5,10000,164,0.0267913947518995,0.0271033696776216,-0.000311974925722047
0.015,1.5,10000,165,0.0261224957810106,0.0265003532344029,-0.000377857453392211
0.015,1.5,10000,166,0.025347193671687,0.0257815227404741,-0.000434329068787095
0.015,1.5,10000,167,0.0244767528037707,0.0249570928036152,-0.000480339999844519
0.015,1.5,10000,168,0.0235233481019405,0.0240385324709827,-0.000515184369042177
0.015,1.5,10000,169,0.0224997906124487,0.0230383003253055,-0.000538509712856815
0.015,1.5,10000,170,0.0214192519856675,0.0219695644733861,-0.000550312487718571
0.015,1.5,10000,171,0.0202949957416796,0.0208459161822864,-0.000550920440606832
0.015,1.5,10000,172,0.0191401224907199,0.0196810857928572,-0.000540963302137275
0.015,1.5,10000,173,0.0179673353529714,0.0184886690841627,-0.000521333731191388
0.015,1.5,10000,174,0.0167887307276775,0.0172818715102635,-0.00049314078258594
0.015,1.5,10000,175,0.0156156183580186,0.0160732767298802,-0.000457658371861605
0.015,1.5,10000,176,0.0144583733843018,0.0148746446564367,-0.000416271272134892
0.015,1.5,10000,177,0.0133263218297016,0.0136967429337025,-0.000370421104000975
0.015,1.5,10000,178,0.0122276597708046,0.0125492143560091,-0.000321554585204489
0.015,1.5,10000,179,0.0111694053530662,0.0114404813658796,-0.000271076012813398
0.015,1.5,10000,180,0.0101573818537326,0.0103776874355149,-0.000220305581782293
0.015,1.5,10000,181,0.00919622919707416,0.00936667392426119,-0.000170444727187033
0.015,1.5,10000,182,0.00828944070433428,0.0084119899448311,-0.00012254924049682
0.015,1.5,10000,183,0.00743942141960986,0.00751693189860458,-7.751047899472e-05
0.015,1.5,10000,184,0.00664756409021652,0.00668360867508848,-3.60445848719597e-05
0.015,1.5,10000,185,0.00591433878569414,0.00591302806118227,1.31072451186719e-06
0.015,1.5,10000,186,0.00523939219707815,0.00520519966990174,3.41925271764038e-05
0.015,1.5,10000,187,0.00462165284641165,0.00455924966347558,6.24031829360707e-05
0.015,1.5,10000,188,0.00405943873172395,0.00397354269193195,8.58960397919989e-05
0.015,1.5,10000,189,0.00355056430940714,0.00344580676889233,0.000104757540514811
0.015,1.5,10000,190,0.00309244414857951,0.00297325723059073,0.000119186917988779
0.015,1.5,10000,191,0.00268219105627295,0.00255271643934383,0.000129474616929115
0.015,1.5,10000,192,0.00231670694588516,0.00218072646584863,0.000135980480036523
0.015,1.5,10000,193,0.00199276518490429,0.00185365258435171,0.000139112600552587
0.015,1.5,10000,194,0.00170708359537263,0.00156777601242171,0.000139307582950924
0.015,1.5,10000,195,0.00145638767938475,0.00131937489825376,0.000137012781130989
0.015,1.5,10000,196,0.00123746399316039,0.00110479308330028,0.000132670909860113
0.015,1.5,10000,197,0.00104720389134469,0.000920496631724023,0.000126707259620668
0.015,1.5,10000,198,0.000882638105718931,0.000763118510886196,0.000119519594832735
0.015,1.5,10000,199,0.000740962809698535,0.000629492123746017,0.000111470685952518
0.015,1.5,10000,200,0.000619557954318818,0.000516674633852301,0.000102883320466517
0.015,1.5,10000,201,0.00051599874705667,0.000421961189368503,9.40375576881672e-05
0.015,1.5,10000,202,0.000428061187236924,0.000342891249995171,8.51699372417529e-05
0.015,1.5,10000,203,0.000353722577123768,0.000277248257559954,7.64743195638143e-05
0.015,1.5,10000,204,0.000291157902655356,0.000223053876622905,6.81040260324513e-05
0.015,1.5,10000,205,0.000238732928698672,0.00017855797555045,6.01749531482229e-05
0.015,1.5,10000,206,0.000194994786951006,0.000142225431063134,5.2769355887872e-05
0.015,1.5,10000,207,0.000158660755958426,0.000112720729739824,4.59400262186012e-05
0.015,1.5,10000,208,0.000128605847269225,8.88912170219437e-05,3.97146302472816e-05
0.015,1.5,10000,209,0.000103849723853934,6.97497154752718e-05,3.41000083786621e-05
0.015,1.5,10000,210,8.35433901827517e-05,5.44571057588177e-05,2.9086284423934e-05
0.015,1.5,10000,211,6.69560105597251e-05,4.23053409419851e-05,2.465066961774e-05
0.015,1.5,10000,212,5.34621355401813e-05,3.2701251243082e-05,2.07608842970992e-05
0.015,1.5,10000,213,4.25295469062344e-05,2.51513944788949e-05,1.73781524273396e-05
0.015,1.5,10000,214,3.37078705630655e-05,1.92481189963786e-05,1.44597515666869e-05
0.015,1.5,10000,215,2.66180541729232e-05,1.46569311773448e-05,1.19611229955784e-05
0.015,1.5,10000,216,2.09427622935607e-05,1.11051986051417e-05,9.83756368841902e-06
0.015,1.5,10000,217,1.64177058561149e-05,8.37217193670763e-06,8.04553391940725e-06
0.015,1.5,10000,218,1.28238944056013e-05,6.28027231301823e-06,6.54362209258307e-06
0.015,1.5,10000,219,9.98077789022368e-06,4.6875653919673e-06,5.29321249825638e-06
0.015,1.5,10000,220,7.74022909661977e-06,3.4813262986687e-06,4.25890279795107e-06
0.015,1.5,10000,221,5.98130723107375e-06,2.57259043206331e-06,3.40871679901044e-06
0.015,1.5,10000,222,4.60573679853475e-06,1.89158166991355e-06,2.7141551286212e-06
0.015,1.5,10000,223,3.53403303289246e-06,1.38391071313774e-06,2.15012231975472e-06
0.015,1.5,10000,224,2.70220494999164e-06,1.00744088833089e-06,1.69476406166075e-06
0.015,1.5,10000,225,2.05896897511803e-06,7.29725634589542e-07,1.32924334052849e-06
0.015,1.5,10000,226,1.56340947086646e-06,5.25930261089507e-07,1.03747920977695e-06
0.015,1.5,10000,227,1.18302687827713e-06,3.77159668050407e-07,8.05867210226722e-07
0.015,1.5,10000,228,8.92119187120395e-07,2.69123025917017e-07,6.22996161203378e-07
0.015,1.5,10000,229,6.70447752033192e-07,1.91075496669301e-07,4.7937225536389e-07
0.015,1.5,10000,230,5.02143822615323e-07,1.3498566943462e-07,3.67158153180704e-07
0.015,1.5,10000,231,3.7481737257156e-07,9.48852835606196e-08,2.7993208901094e-07
0.015,1.5,10000,232,2.78834763691407e-07,6.63649211179146e-08,2.12469842573492e-07
0.015,1.5,10000,233,2.06736377285435e-07,4.61856258305332e-08,1.60550751454902e-07
0.015,1.5,10000,234,1.52769536861983e-07,3.19818521133502e-08,1.20787684748633e-07
0.015,1.5,10000,235,1.12515807721205e-07,2.20358047807951e-08,9.04800029404102e-08
0.015,1.5,10000,236,8.25950895776918e-08,1.51071572330562e-08,6.74879323446357e-08
0.015,1.5,10000,237,6.04318307425803e-08,1.03054060881223e-08,5.0126424654458e-08
0.015,1.5,10000,238,4.40712110395561e-08,6.99481122393749e-09,3.70763998156186e-08
0.015,1.5,10000,239,3.20352965957881e-08,4.72406009973672e-09,2.73112364960514e-08
0.015,1.5,10000,240,2.32109977910976e-08,3.17455866796664e-09,2.00364391231309e-08
0.015,1.5,10000,241,1.67631981926888e-08,2.1226570310422e-09,1.46405411616466e-08
0.015,1.5,10000,242,1.2067703094593e-08,1.41222803014292e-09,1.06554750644501e-08
0.015,1.5,10000,243,8.65971555436174e-09,9.34885348130708e-10,7.72483020623103e-09
0.015,1.5,10000,244,6.19441738822172e-09,6.15801024667086e-10,5.57861636355464e-09
0.015,1.5,10000,245,4.41694137055724e-09,4.03599842987685e-10,4.01334152756955e-09
0.015,1.5,10000,246,3.1395946955155e-09,2.63202553052039e-10,2.87639214246346e-09
0.015,1.5,10000,247,2.22465527258118e-09,1.70788149981785e-10,2.05386712259939e-09
0.015,1.5,10000,248,1.57143128928522e-09,1.10269117367086e-10,1.46116217191813e-09
0.015,1.5,10000,249,1.10656749353788e-09,7.08400061301557e-11,1.03572748740772e-09
0.015,1.5,10000,250,7.76813050289482e-10,4.52826473977172e-11,7.31530402891765e-10
0.015,1.5,10000,251,5.43647526107431e-10,2.88013971883593e-11,5.14846128919071e-10
0.015,1.5,10000,252,3.79303434628785e-10,1.82273625059549e-11,3.6107607212283e-10
0.015,1.5,10000,253,2.63833963119644e-10,1.14779051893992e-11,2.52356057930245e-10
0.015,1.5,10000,254,1.82959623324109e-10,7.1916735070127e-12,1.75767949817096e-10
0.015,1.5,10000,255,1.26492990971823e-10,4.48358925858533e-12,1.22009401713237e-10
0.015,1.5,10000,256,8.71907243571325e-11,2.78131517245272e-12,8.44094091846798e-11
0.015,1.5,10000,257,5.99201174120037e-11,1.71673443074675e-12,5.8203382981257e-11
0.015,1.5,10000,258,4.10562664568299e-11,1.05434940549645e-12,4.00019170513335e-11
0.015,1.5,10000,259,2.80476523472565e-11,6.44309485639594e-13,2.74033428616169e-11
0.015,1.5,10000,260,1.9104234310662e-11,3.91771663275433e-13,1.87124626473865e-11
0.015,1.5,10000,261,1.29743187732765e-11,2.37028213518553e-13,1.27372905597579e-11
0.015,1.5,10000,262,8.78551059253949e-12,1.42690675423217e-13,8.64281991711628e-12
0.015,1.5,10000,263,5.93174711664169e-12,8.54711744730544e-14,5.84627594216864e-12
0.015,1.5,10000,264,3.99334699836398e-12,5.09415643344014e-14,3.94240543402958e-12
0.015,1.5,10000,265,2.68062369316242e-12,3.02101867900169e-14,2.6504135063724e-12
0.015,1.5,10000,266,1.79425668880765e-12,1.78263763593815e-14,1.77643031244827e-12
0.015,1.5,10000,267,1.19753637428504e-12,1.04664947445577e-14,1.18706987954048e-12
0.015,1.5,10000,268,7.96991571636293e-13,6.11459892597934e-15,7.90876972710314e-13
0.015,1.5,10000,269,5.28913968016032e-13,3.55437478443806e-15,5.25359593231594e-13
0.015,1.5,10000,270,3.50016094561086e-13,2.05582901131573e-15,3.47960265549771e-13
0.015,1.5,10000,271,2.30976609523333e-13,1.18314858636503e-15,2.29793460936968e-13
0.015,1.5,10000,272,1.51995348797861e-13,6.77516873117446e-16,1.51317831924744e-13
0.015,1.5,10000,273,9.9742480511689e-14,3.86037477767721e-16,9.93564430339213e-14
0.015,1.5,10000,274,6.52713843642133e-14,2.1886048180415e-16,6.50525238824091e-14
0.015,1.5,10000,275,4.25954746211766e-14,1.23462128524105e-16,4.24720124926525e-14
0.015,1.5,10000,276,2.77208936133921e-14,6.92992759032093e-17,2.76515943374889e-14
0.015,1.5,10000,277,1.79911625781152e-14,3.87036711546593e-17,1.79524589069606e-14
0.015,1.5,10000,278,1.16445991235564e-14,2.1508204293992e-17,1.16230909192624e-14
0.015,1.5,10000,279,7.51637096770028e-15,1.18928152516366e-17,7.50447815244865e-15
0.015,1.5,10000,280,4.83854988820688e-15,6.54325309812316e-18,4.83200663510876e-15
0.015,1.5,10000,281,3.10635123187193e-15,3.58204711713413e-18,3.10276918475479e-15
0.015,1.5,10000,282,1.98892838777629e-15,1.95118027248151e-18,1.98697720750381e-15
0.015,1.5,10000,283,1.27006480426274e-15,1.05752836832119e-18,1.26900727589442e-15
0.015,1.5,10000,284,8.08864221418192e-16,5.70315511363663e-19,8.08293905906829e-16
0.015,1.5,10000,285,5.13775284067154e-16,3.06032019814988e-19,5.13469252047339e-16
0.015,1.5,10000,286,3.25479336889418e-16,1.63398129729462e-19,3.25315938759689e-16
0.015,1.5,10000,287,2.05651096650276e-16,8.68072146583791e-20,2.05564289435618e-16
0.015,1.5,10000,288,1.29598733448629e-16,4.58873617674787e-20,1.29552846086861e-16
0.015,1.5,10000,289,8.14586671237749e-17,2.41356436234766e-20,8.14345314801514e-17
0.015,1.5,10000,290,5.10675848215961e-17,1.26314500076566e-20,5.10549533715885e-17
0.015,1.5,10000,291,3.19322444296759e-17,6.57773023273599e-21,3.19256666994431e-17
0.015,1.5,10000,292,1.99156403858728e-17,3.40821855328626e-21,1.99122321673195e-17
0.015,1.5,10000,293,1.23892317624486e-17,1.75714395197184e-21,1.23874746184966e-17
0.015,1.5,10000,294,7.68748505830973e-18,9.01396308884399e-22,7.68658366200085e-18
0.015,1.5,10000,295,4.75793496834765e-18,4.60100532895942e-22,4.75747486781475e-18
0.015,1.5,10000,296,2.93732161905285e-18,2.33678214060436e-22,2.93708794083879e-18
0.015,1.5,10000,297,1.80878824648312e-18,1.18089760249818e-22,1.80867015672287e-18
0.015,1.5,10000,298,1.11104485078767e-18,5.93792604886259e-23,1.11098547152718e-18
0.015,1.5,10000,299,6.80749726246992e-19,2.97088510148226e-23,6.80720017395977e-19
0.015,1.5,10000,300,4.1606361067189e-19,1.47899073950077e-23,4.16048820764495e-19
0.015,1.5,10000,301,2.53660409661354e-19,7.32611246244878e-24,2.53653083548891e-19
0.015,1.5,10000,302,1.54266148808334e-19,3.61085654895248e-24,1.54262537951785e-19
0.015,1.5,10000,303,9.35874995563782e-20,1.77082407153793e-24,9.35857287323067e-20
0.015,1.5,10000,304,5.66367789468087e-20,8.64110189106616e-25,5.66359148366196e-20
0.015,1.5,10000,305,3.41914054536847e-20,4.19557378289832e-25,3.41909858963064e-20
0.015,1.5,10000,306,2.05909908673099e-20,2.02694576003526e-25,2.05907881727339e-20
0.015,1.5,10000,307,1.23703953159197e-20,9.74364425694147e-26,1.23702978794771e-20
0.015,1.5,10000,308,7.41378652069038e-21,4.6604648732328e-26,7.41373991604164e-21
0.015,1.5,10000,309,4.43252137609572e-21,2.21802065508438e-26,4.43249919588917e-21
0.015,1.5,10000,310,2.64374727521713e-21,1.05034134452875e-26,2.64373677180369e-21
0.015,1.5,10000,311,1.57308219962854e-21,4.94907303981502e-27,1.5730772505555e-21
0.015,1.5,10000,312,9.33790166823816e-22,2.3203088326967e-27,9.33787846514983e-22
0.015,1.5,10000,313,5.52990369689162e-22,1.08242110320227e-27,5.52989287268058e-22
0.015,1.5,10000,314,3.26708323169115e-22,5.02429621467204e-28,3.26707820739494e-22
0.015,1.5,10000,315,1.9256667358772e-22,2.32050628312308e-28,1.92566441537092e-22
0.015,1.5,10000,316,1.13235935572086e-22,1.06639669146951e-28,1.13235828932417e-22
0.015,1.5,10000,317,6.64314177551065e-23,4.87622073532173e-29,6.64313689928991e-23
0.015,1.5,10000,318,3.88823708836586e-23,2.21858694141699e-29,3.88823486977892e-23
0.015,1.5,10000,319,2.2705222639755e-23,1.00438004482658e-29,2.27052125959546e-23
0.015,1.5,10000,320,1.32280678920899e-23,4.52426699213996e-30,1.32280633678229e-23
0.015,1.5,10000,321,7.68897556360562e-24,2.02780833793804e-30,7.68897353579729e-24
0.015,1.5,10000,322,4.45908476143909e-24,9.04344934497788e-31,4.45908385709416e-24
0.015,1.5,10000,323,2.58007243787461e-24,4.01300632068844e-31,2.58007203657398e-24
0.015,1.5,10000,324,1.48946641228806e-24,1.7718791787998e-31,1.48946623510015e-24
0.015,1.5,10000,325,8.57918173951304e-25,7.78443135800759e-32,8.5791809610699e-25
0.015,1.5,10000,326,4.93038725904941e-25,3.40289234375517e-32,4.93038691876017e-25
0.015,1.5,10000,327,2.8270914471116e-25,1.48012383908186e-32,2.82709129909921e-25
0.015,1.5,10000,328,1.61743176027536e-25,6.40584498396467e-33,1.61743169621691e-25
0.015,1.5,10000,329,9.23300277024867e-26,2.75856564920401e-33,9.23300249439211e-26
0.015,1.5,10000,330,5.25889421345769e-26,1.18200346721404e-33,5.25889409525734e-26
0.015,1.5,10000,331,2.98871106752349e-26,5.03944494127406e-34,2.98871101712904e-26
0.015,1.5,10000,332,1.69478648994236e-26,2.13783993973855e-34,1.69478646856396e-26
0.015,1.5,10000,333,9.58939335462384e-27,9.02393993246009e-35,9.58939326438444e-27
0.015,1.5,10000,334,5.41397000454929e-27,3.79005692326587e-35,5.41396996664872e-27
0.015,1.5,10000,335,3.04994915402232e-27,1.58388555208912e-35,3.04994913818346e-27
0.015,1.5,10000,336,1.71445008372362e-27,6.58613137457571e-36,1.71445007713749e-27
0.015,1.5,10000,337,9.61647731305579e-28,2.72499374120468e-36,9.61647728580585e-28
0.015,1.5,10000,338,5.3823198837263e-28,1.12183544182829e-36,5.38231987250795e-28
0.015,1.5,10000,339,3.00599818174659e-28,4.59537895835276e-37,3.00599817715121e-28
0.015,1.5,10000,340,1.67523987571961e-28,1.87301835706149e-37,1.6752398738466e-28
0.015,1.5,10000,341,9.31617667312988e-29,7.59611032772585e-38,9.31617666553377e-29
0.015,1.5,10000,342,5.16980521888372e-29,3.06527202440517e-38,5.16980521581845e-29
0.015,1.5,10000,343,2.86279138052483e-29,1.2307654800264e-38,2.86279137929407e-29
0.015,1.5,10000,344,1.58193109178885e-29,4.91711221636261e-39,1.58193109129714e-29
0.015,1.5,10000,345,8.7231035656876e-30,1.9546700567904e-39,8.72310356373293e-30
0.015,1.5,10000,346,4.80002331548503e-30,7.73152791346982e-40,4.80002331471187e-30
0.015,1.5,10000,347,2.63577140827314e-30,3.04288629242125e-40,2.63577140796886e-30
0.015,1.5,10000,348,1.44433329460941e-30,1.19161139344986e-40,1.44433329449025e-30
0.015,1.5,10000,349,7.89815358587427e-31,4.64314341166733e-41,7.89815358540995e-31
0.015,1.5,10000,350,4.31008035842046e-31,1.80018888638499e-41,4.31008035824044e-31
0.015,1.5,10000,351,2.34719921109543e-31,6.94468548935753e-42,2.34719921102599e-31
0.015,1.5,10000,352,1.27562333562234e-31,2.66572666240746e-42,1.27562333559568e-31
0.015,1.5,10000,353,6.91840520499709e-32,1.01813924254543e-42,6.91840520489527e-32
0.015,1.5,10000,354,3.74458473583325e-32,3.86925422698203e-43,3.74458473579456e-32
0.015,1.5,10000,355,2.02263973810835e-32,1.46310630577457e-43,2.02263973809371e-32
0.015,1.5,10000,356,1.09031922814381e-32,5.5049455287606e-44,1.0903192281383e-32
0.015,1.5,10000,357,5.86559549552139e-33,2.06090843871031e-44,5.86559549550078e-33
0.015,1.5,10000,358,3.14917557115602e-33,7.67702397076055e-45,3.14917557114834e-33
0.015,1.5,10000,359,1.68737250485977e-33,2.84548056300315e-45,1.68737250485692e-33
0.015,1.5,10000,360,9.02313343759279e-34,1.0494140578386e-45,9.02313343758229e-34
0.015,1.5,10000,361,4.81547440842154e-34,3.85093917938307e-46,4.81547440841769e-34
0.015,1.5,10000,362,2.56483256193923e-34,1.40609598788606e-46,2.56483256193782e-34
0.015,1.5,10000,363,1.36339009365932e-34,5.10848127836326e-47,1.36339009365881e-34
0.015,1.5,10000,364,7.23311457231776e-35,1.84670349353821e-47,7.23311457231592e-35
0.015,1.5,10000,365,3.82981284541926e-35,6.64249235172143e-48,3.8298128454186e-35
0.015,1.5,10000,366,2.02385614993192e-35,2.37735196195904e-48,2.02385614993168e-35
0.015,1.5,10000,367,1.06741789981848e-35,8.46612020222879e-49,1.06741789981839e-35
0.015,1.5,10000,368,5.61881748893145e-36,2.99988015707811e-49,5.61881748893115e-36
0.015,1.5,10000,369,2.95198271148886e-36,1.05767419336315e-49,2.95198271148875e-36
0.015,1.5,10000,370,1.54790375570108e-36,3.71046584424606e-50,1.54790375570104e-36
0.015,1.5,10000,371,8.10099124102062e-37,1.29519003974606e-50,8.10099124102049e-37
0.015,1.5,10000,372,4.2315475350912e-37,4.49849333476914e-51,4.23154753509116e-37
0.015,1.5,10000,373,2.20612395513607e-37,1.55463769702537e-51,2.20612395513605e-37
0.015,1.5,10000,374,1.14797645087458e-37,5.34588774317069e-52,1.14797645087457e-37
0.015,1.5,10000,375,5.96226358445301e-38,1.8291065419926e-52,5.96226358445299e-38
0.015,1.5,10000,376,3.09077374345704e-38,6.22711231314894e-53,3.09077374345703e-38
0.015,1.5,10000,377,1.59920381610565e-38,2.10941933346809e-53,1.59920381610565e-38
0.015,1.5,10000,378,8.25892794802604e-39,7.10996844151471e-54,8.25892794802603e-39
0.015,1.5,10000,379,4.25725314020477e-39,2.38451990217789e-54,4.25725314020477e-39
0.015,1.5,10000,380,2.19040224025111e-39,7.95724550746146e-55,2.19040224025111e-39
0.015,1.5,10000,381,1.12488863707769e-39,2.64212336339153e-55,1.12488863707769e-39
0.015,1.5,10000,382,5.76619168553722e-40,8.72914992565667e-56,5.76619168553722e-40
0.015,1.5,10000,383,2.95029289949874e-40,2.86958663903555e-56,2.95029289949874e-40
0.015,1.5,10000,384,1.50674692174953e-40,9.38631787925849e-57,1.50674692174953e-40
0.015,1.5,10000,385,7.68099010273178e-41,3.05491901778413e-57,7.68099010273178e-41
0.015,1.5,10000,386,3.90839449541945e-41,9.89310625965008e-58,3.90839449541945e-41
0.015,1.5,10000,387,1.98511858587837e-41,3.18782280392328e-58,1.98511858587837e-41
0.015,1.5,10000,388,1.00643112225368e-41,1.0220783754782e-58,1.00643112225368e-41
0.015,1.5,10000,389,5.09324513824405e-42,3.26063926648992e-59,5.09324513824405e-42
0.015,1.5,10000,390,2.5729225755505e-42,1.03502260822044e-59,2.5729225755505e-42
0.015,1.5,10000,391,1.29756191252424e-42,3.26907922655447e-60,1.29756191252424e-42
0.015,1.5,10000,392,6.53775820430207e-43,1.02737639484489e-60,6.53775820430207e-43
0.015,1.5,10000,393,3.30894107983681e-43,3.21264137218243e-61,3.30894107983681e-43
0.015,1.5,10000,394,1.74679956504393e-43,9.99593538785859e-62,1.74679956504393e-43
0.015,1.5,10000,395,1.18778623915775e-43,3.09466155863903e-62,1.18778623915775e-43
0.015,1.5,10000,396,1.71079273795037e-43,9.53303983500817e-63,1.71079273795037e-43
0.015,1.5,10000,397,4.81002041579826e-43,2.9219863508371e-63,4.81002041579826e-43
0.015,1.5,10000,398,1.63088295605236e-42,8.91155487414223e-64,1.63088295605236e-42
0.015,1.5,10000,399,5.66861864911787e-42,2.70431524247315e-64,5.66861864911787e-42
0.015,1.5,10000,400,1.96519869487226e-41,8.16562955974701e-65,1.96519869487226e-41
0.015,1.5,15000,0,1.16168981047476e-18,2.4499741379214e-42,1.16168981047476e-18
0.015,1.5,15000,1,7.67517465368978e-19,5.35346564456444e-42,7.67517465368978e-19
0.015,1.5,15000,2,5.06142455799194e-19,1.16589889775787e-41,5.06142455799194e-19
0.015,1.5,15000,3,3.33154767270011e-19,2.5306909685651e-41,3.33154767270011e-19
0.015,1.5,15000,4,2.18882175855227e-19,5.47481804972335e-41,2.18882175855227e-19
0.015,1.5,15000,5,1.43538429324245e-19,1.18046364708462e-40,1.43538429324245e-19
0.015,1.5,15000,6,9.39553953637482e-20,2.53680973706983e-40,9.39553953637482e-20
0.015,1.5,15000,7,6.13865612223005e-20,5.43344814133844e-40,6.13865612223005e-20
0.015,1.5,15000,8,4.00336535141979e-20,1.15988653951128e-39,4.00336535141979e-20
0.015,1.5,15000,9,2.60603214214913e-20,2.46778796724888e-39,2.60603214214913e-20
0.015,1.5,15000,10,1.69332063963914e-20,5.23302160629016e-39,1.69332063963914e-20
0.015,1.5,15000,11,1.0982615732219e-20,1.10598583607311e-38,1.0982615732219e-20
0.015,1.5,15000,12,7.1101993407381e-21,2.32969439160621e-38,7.1101993407381e-21
0.015,1.5,15000,13,4.59482955024464e-21,4.89103414753438e-38,4.59482955024464e-21
0.015,1.5,15000,14,2.96395020122088e-21,1.02342209154671e-37,2.96395020122088e-21
0.015,1.5,15000,15,1.90848383402374e-21,2.13432834265249e-37,1.90848383402374e-21
0.015,1.5,15000,16,1.22666044542784e-21,4.43629101451129e-37,1.22666044542784e-21
0.015,1.5,15000,17,7.87010862093539e-22,9.19033146366177e-37,7.87010862093538e-22
0.015,1.5,15000,18,5.04033923107879e-22,1.89755631920229e-36,5.04033923107877e-22
0.015,1.5,15000,19,3.22228283990786e-22,3.90490547656258e-36,3.22228283990782e-22
0.015,1.5,15000,20,2.05633831166938e-22,8.00900801897245e-36,2.0563383116693e-22
0.015,1.5,15000,21,1.30994978396621e-22,1.63719075304855e-35,1.30994978396605e-22
0.015,1.5,15000,22,8.33002003141249e-23,3.33558636085334e-35,8.33002003140916e-23
0.015,1.5,15000,23,5.28774979095694e-23,6.77325532902775e-35,5.28774979095017e-23
0.015,1.5,15000,24,3.35066744309926e-23,1.37080303437854e-34,3.35066744308555e-23
0.015,1.5,15000,25,2.11948061316239e-23,2.76506292185911e-34,2.11948061313474e-23
0.015,1.5,15000,26,1.33834281004693e-23,5.55888041956247e-34,1.33834280999134e-23
0.015,1.5,15000,27,8.43620620580595e-24,1.11383791376312e-33,8.43620620469212e-24
0.015,1.5,15000,28,5.30848976149614e-24,2.22438016275458e-33,5.30848975927176e-24
0.015,1.5,15000,29,3.3345776793872e-24,4.42739613618235e-33,3.33457767495981e-24
0.015,1.5,15000,30,2.09102303786949e-24,8.78294375972461e-33,2.09102302908654e-24
0.015,1.5,15000,31,1.30896181639465e-24,1.73653752977326e-32,1.30896179902927e-24
0.015,1.5,15000,32,8.179888191598e-25,3.42200466466831e-32,8.17988784939754e-25
0.015,1.5,15000,33,5.10295836091549e-25,6.72093000533128e-32,5.10295768882249e-25
0.015,1.5,15000,34,3.17799330812704e-25,1.31562009850879e-31,3.17799199250694e-25
0.015,1.5,15000,35,1.97579666753597e-25,2.56675240868819e-31,1.97579410078356e-25
0.015,1.5,15000,36,1.22628621355259e-25,4.99102572931269e-31,1.22628122252686e-25
0.015,1.5,15000,37,7.5980784133418e-26,9.67270607181021e-31,7.59798168628108e-26
0.015,1.5,15000,38,4.69980692919253e-26,1.8683512409568e-30,4.69962009406844e-26
0.015,1.5,15000,39,2.90216811885508e-26,3.59684241135883e-30,2.90180843461394e-26
0.015,1.5,15000,40,1.78909496938804e-26,6.90139123326609e-30,1.78840483026471e-26
0.015,1.5,15000,41,1.10106882201928e-26,1.31978818739506e-29,1.09974903383188e-26
0.015,1.5,15000,42,6.7649989803167e-27,2.51549916656129e-29,6.73984398865109e-27
0.015,1.5,15000,43,4.14949411164137e-27,4.77855369425359e-29,4.10170857469883e-27
0.015,1.5,15000,44,2.54096483924583e-27,9.04734423209069e-29,2.45049139692492e-27
0.015,1.5,15000,45,1.55338881651464e-27,1.70725388873542e-28,1.3826634276411e-27
0.015,1.5,15000,46,9.4807267594148e-28,3.21090501422308e-28,6.26982174519172e-28
0.015,1.5,15000,47,5.77676814139811e-28,6.01878954373595e-28,-2.42021402337847e-29
0.015,1.5,15000,48,3.51408289458012e-28,1.124457923372e-27,-7.7304963391399e-28
0.015,1.5,15000,49,2.13414898824337e-28,2.09377308103097e-27,-1.88035818220663e-27
0.015,1.5,15000,50,1.29397260152408e-28,3.88569194056338e-27,-3.75629468041097e-27
0.015,1.5,15000,51,7.83276608363626e-29,7.18719574171361e-27,-7.10886808087725e-27
0.015,1.5,15000,52,4.73366824701557e-29,1.32496049952216e-26,-1.32022683127514e-26
0.015,1.5,15000,53,2.8561364604985e-29,2.4344381255468e-26,-2.4315819890863e-26
0.015,1.5,15000,54,1.72058781339027e-29,4.4580701948033e-26,-4.45634960698991e-26
0.015,1.5,15000,55,1.03504674886809e-29,8.13668335967104e-26,-8.13564831292217e-26
0.015,1.5,15000,56,6.22155566962668e-30,1.48013142965139e-25,-1.48006921409469e-25
0.015,1.5,15000,57,3.74603373240863e-30,2.68352408456608e-25,-2.68348662422876e-25
0.015,1.5,15000,58,2.28144897202283e-30,4.84912149901243e-25,-4.84909868452271e-25
0.015,1.5,15000,59,1.45737145481277e-30,8.73319155364498e-25,-8.73317697993044e-25
0.015,1.5,15000,60,1.09259469866798e-30,1.56760001146593e-24,-1.56759891887123e-24
0.015,1.5,15000,61,1.1765553625764e-30,2.80446407839375e-24,-2.80446290183839e-24
0.015,1.5,15000,62,1.9306099284643e-30,5.00053944021526e-24,-5.00053750960533e-24
0.015,1.5,15000,63,4.00980871964927e-30,8.88661129024419e-24,-8.88660728043548e-24
0.015,1.5,15000,64,8.99608976192155e-30,1.5740113617004e-23,-1.57401046209142e-23
0.015,1.5,15000,65,2.05271631963881e-29,2.77863750560417e-23,-2.77863545288785e-23
0.015,1.5,15000,66,4.68255789855436e-29,4.88886759822292e-23,-4.88886291566502e-23
0.015,1.5,15000,67,1.06305090095564e-28,8.57308263240459e-23,-8.57307200189558e-23
0.015,1.5,15000,68,2.39903204263384e-28,1.49836664077564e-22,-1.4983642417436e-22
0.015,1.5,15000,69,5.38021839339428e-28,2.61006626178535e-22,-2.61006088156695e-22
0.015,1.5,15000,70,1.19898442449198e-27,4.53145135380895e-22,-4.5314393639647e-22
0.015,1.5,15000,71,2.65503449746907e-27,7.84107238390443e-22,-7.84104583355945e-22
0.015,1.5,15000,72,5.8421105417045e-27,1.3522779160102e-21,-1.35227207389966e-21
0.015,1.5,15000,73,1.27736292650372e-26,2.32438893849348e-21,-2.32437616486422e-21
0.015,1.5,15000,74,2.77527781189876e-26,3.98202512663273e-21,-3.98199737385461e-21
0.015,1.5,15000,75,5.9916897293597e-26,6.79910180308118e-21,-6.79904188618388e-21
0.015,1.5,15000,76,1.28542352402491e-25,1.15704817979817e-20,-1.15703532556293e-20
0.015,1.5,15000,77,2.74031759246754e-25,1.96247301974929e-20,-1.96244561657336e-20
0.015,1.5,15000,78,5.80520013890764e-25,3.31747988094044e-20,-3.31742182893905e-20
0.015,1.5,15000,79,1.222079074745e-24,5.58940079630976e-20,-5.58927858840228e-20
0.015,1.5,15000,80,2.55653445472854e-24,9.38587052392566e-20,-9.38561487048019e-20
0.015,1.5,15000,81,5.31470159353508e-24,1.57085542817286e-19,-1.57080228115692e-19
0.015,1.5,15000,82,1.0979584631077e-23,2.62029523451544e-19,-2.62018543866913e-19
0.015,1.5,15000,83,2.25412427250789e-23,4.35628804835384e-19,-4.35606263592659e-19
0.015,1.5,15000,84,4.59896466873437e-23,7.21830621907899e-19,-7.21784632261212e-19
0.015,1.5,15000,85,9.32477014755322e-23,1.19208264984775e-18,-1.19198940214628e-18
0.015,1.5,15000,86,1.87896126314858e-22,1.96213906275753e-18,-1.96195116663122e-18
0.015,1.5,15000,87,3.76274803822889e-22,3.21888567723876e-18,-3.21850940243494e-18
0.015,1.5,15000,88,7.48869702336931e-22,5.26300366825126e-18,-5.26225479854892e-18
0.015,1.5,15000,89,1.48124732502052e-21,8.57658003477606e-18,-8.57509878745104e-18
0.015,1.5,15000,90,2.9118947117957e-21,1.39298669538356e-17,-1.39269550591238e-17
0.015,1.5,15000,91,5.6892796540338e-21,2.25492521960258e-17,-2.25435629163717e-17
0.015,1.5,15000,92,1.10478902951538e-20,3.63805843985858e-17,-3.63695365082906e-17
0.015,1.5,15000,93,2.1323033199816e-20,5.85004962257554e-17,-5.84791731925556e-17
0.015,1.5,15000,94,4.09047212795911e-20,9.37565850915293e-17,-9.37156803702497e-17
0.015,1.5,15000,95,7.79938108975394e-20,1.49760183300976e-16,-1.49682189490079e-16
0.015,1.5,15000,96,1.47814374440187e-19,2.38420336745486e-16,-2.38272522371046e-16
0.015,1.5,15000,97,2.78452259760205e-19,3.78305436861148e-16,-3.78026984601388e-16
0.015,1.5,15000,98,5.21399050736761e-19,5.98265859760826e-16,-5.97744460710089e-16
0.015,1.5,15000,99,9.70472285536365e-19,9.42970724132959e-16,-9.42000251847422e-16
0.015,1.5,15000,100,1.79555031635618e-18,1.48133931981137e-15,-1.47954376949502e-15
0.015,1.5,15000,101,3.30234024036452e-18,2.31933372680735e-15,-2.31603138656699e-15
0.015,1.5,15000,102,6.03759837849046e-18,3.61929754154691e-15,-3.61325994316842e-15
0.015,1.5,15000,103,1.09731995475781e-17,5.6290834105547e-15,-5.61811021100712e-15
0.015,1.5,15000,104,1.9826113162578e-17,8.72576338035198e-15,-8.7059372671894e-15
0.015,1.5,15000,105,3.56111361129716e-17,1.34809820837941e-14,-1.34453709476812e-14
0.015,1.5,15000,106,6.3589706236386e-17,2.07583095006584e-14,-2.0694719794422e-14
0.015,1.5,15000,107,1.12888431270232e-16,3.18577269729743e-14,-3.17448385417041e-14
0.015,1.5,15000,108,1.99242813137504e-16,4.87292739701132e-14,-4.85300311569757e-14
0.015,1.5,15000,109,3.49619430520014e-16,7.42877914813311e-14,-7.39381720508111e-14
0.015,1.5,15000,110,6.09954257343732e-16,1.12874881026889e-13,-1.12264926769545e-13
0.015,1.5,15000,111,1.05802760201313e-15,1.70934417186217e-13,-1.69876389584203e-13
0.015,1.5,15000,112,1.82475280165267e-15,2.57996656201393e-13,-2.5617190339974e-13
0.015,1.5,15000,113,3.12915979973127e-15,3.8810656645e-13,-3.84977406650269e-13
0.015,1.5,15000,114,5.33552943488257e-15,5.81889145366933e-13,-5.76553615932051e-13
0.015,1.5,15000,115,9.0461303923333e-15,8.69524599010376e-13,-8.60478468618043e-13
0.015,1.5,15000,116,1.52508214387091e-14,1.29501810885961e-12,-1.27976728742091e-12
0.015,1.5,15000,117,2.55669117500369e-14,1.92230440774751e-12,-1.89673749599747e-12
0.015,1.5,15000,118,4.26213863046638e-14,2.8439426469237e-12,-2.80132126061904e-12
0.015,1.5,15000,119,7.06562843901318e-14,4.19345375134614e-12,-4.12279746695601e-12
0.015,1.5,15000,120,1.16481685034465e-13,6.16275968927937e-12,-6.04627800424491e-12
0.015,1.5,15000,121,1.90966792823278e-13,9.02674055944126e-12,-8.83577376661799e-12
0.015,1.5,15000,122,3.11358834014e-13,1.31776824962225e-11,-1.28663236622085e-11
0.015,1.5,15000,123,5.04867545262478e-13,1.91734148965682e-11,-1.86685473513058e-11
0.015,1.5,15000,124,8.14172556072193e-13,2.78043183620028e-11,-2.69901458059306e-11
0.015,1.5,15000,125,1.30583424042003e-12,4.01862412158526e-11,-3.88804069754326e-11
0.015,1.5,15000,126,2.08306151010917e-12,5.78888434062992e-11,-5.580578189619e-11
0.015,1.5,15000,127,3.30497717140601e-12,8.31121869712547e-11,-7.98072097998486e-11
0.015,1.5,15000,128,5.21551324804299e-12,1.18928762419664e-10,-1.13713249171621e-10
0.015,1.5,15000,129,8.18649052026326e-12,1.69613900200564e-10,-1.614274096803e-10
0.015,1.5,15000,130,1.27814611830003e-11,2.41095072016669e-10,-2.28313610833669e-10
0.015,1.5,15000,131,1.9849757032239e-11,3.41560450753512e-10,-3.21710693721273e-10
0.015,1.5,15000,132,3.06642079555133e-11,4.822799134211e-10,-4.51615705465587e-10
0.015,1.5,15000,133,4.71216071007673e-11,6.78708240612358e-10,-6.31586633511591e-10
0.015,1.5,15000,134,7.20327740201249e-11,9.51961581803941e-10,-8.79928807783817e-10
0.015,1.5,15000,135,1.09539764810273e-10,1.33078554038399e-09,-1.22124577557371e-09
0.015,1.5,15000,136,1.65712395053724e-10,1.85416797865579e-09,-1.68845558360206e-09
0.015,1.5,15000,137,2.49396072780777e-10,2.574793662268e-09,-2.32539758948723e-09
0.015,1.5,15000,138,3.73409654649656e-10,3.56359333565593e-09,-3.19018368100628e-09
0.015,1.5,15000,139,5.56227771964247e-10,4.91570934866613e-09,-4.35948157670188e-09
0.015,1.5,15000,140,8.24329522643508e-10,6.75828662269004e-09,-5.93395710004653e-09
0.015,1.5,15000,141,1.21545797209413e-09,9.26060517085713e-09,-8.04514719876301e-09
0.015,1.5,15000,142,1.78311674389036e-09,1.26472027774999e-08,-1.08640860336096e-08
0.015,1.5,15000,143,2.60273625675981e-09,1.72147986365735e-08,-1.46120623798137e-08
0.015,1.5,15000,144,3.78007912307139e-09,2.33540262520932e-08,-1.95739471290218e-08
0.015,1.5,15000,145,5.46262935545946e-09,3.15772229006846e-08,-2.61145935452251e-08
0.015,1.5,15000,146,7.85493220072508e-09,4.25538102987524e-08,-3.46988780980273e-08
0.015,1.5,15000,147,1.12391309912973e-08,5.71551442747899e-08,-4.59160132834927e-08
0.015,1.5,15000,148,1.60022962904908e-08,7.65111182148187e-08,-6.05088219243279e-08
0.015,1.5,15000,149,2.26725742900797e-08,1.0208128418984e-07,-7.94087098997601e-08
0.015,1.5,15000,150,3.19667108622457e-08,1.35743815497526e-07,-1.0377710463528e-07
0.015,1.5,15000,151,4.48521511201454e-08,1.79906283199463e-07,-1.35054132079317e-07
0.015,1.5,15000,152,6.2627688977687e-08,2.37642964876786e-07,-1.75015275899099e-07
0.015,1.5,15000,153,8.7027564578298e-08,3.12864252926778e-07,-2.2583668834848e-07
0.015,1.5,15000,154,1.20354996751835e-07,4.1052468719474e-07,-2.90169690442905e-07
0.015,1.5,15000,155,1.65652408592608e-07,5.36877204954691e-07,-3.71224796362082e-07
0.015,1.5,15000,156,2.2691706978725e-07,6.99782379127255e-07,-4.72865309340004e-07
0.015,1.5,15000,157,3.09372547967848e-07,9.090826975242e-07,-5.99710149556352e-07
0.015,1.5,15000,158,4.19808235168765e-07,1.17705331046411e-06,-7.57245075295347e-07
0.015,1.5,15000,159,5.67001287651432e-07,1.51894212287532e-06,-9.51940835223886e-07
0.015,1.5,15000,160,7.62237569667441e-07,1.9536136030759e-06,-1.19137603340846e-06
0.015,1.5,15000,161,1.01995059147422e-06,2.50431218694694e-06,-1.48436159547272e-06
0.015,1.5,15000,162,1.3584999288956e-06,3.19956262496216e-06,-1.84106269606656e-06
0.015,1.5,15000,163,1.80111313506199e-06,4.07422598952765e-06,-2.27311285446566e-06
0.015,1.5,15000,164,2.37701761012181e-06,5.17073125641444e-06,-2.79371364629263e-06
0.015,1.5,15000,165,3.12279116079001e-06,6.54050330699988e-06,-3.41771214620987e-06
0.015,1.5,15000,166,4.0839619092868e-06,8.24560876253002e-06,-4.16164685324322e-06
0.015,1.5,15000,167,5.31688962166296e-06,1.03606411373889e-05,-5.04375151572592e-06
0.015,1.5,15000,168,6.89096121039071e-06,1.2974866250664e-05,-6.0839050402733e-06
0.015,1.5,15000,169,8.89113288933238e-06,1.61946475165549e-05,-7.30351462722251e-06
0.015,1.5,15000,170,1.14208499605634e-05,2.01461684866251e-05,-8.7253185260617e-06
0.015,1.5,15000,171,1.46053722135657e-05,2.49784666764249e-05,-1.03730944628592e-05
0.015,1.5,15000,172,1.85955281297958e-05,3.08667881101844e-05,-1.22712599803885e-05
0.015,1.5,15000,173,2.35719142227693e-05,3.80162659998199e-05,-1.44443517770506e-05
0.015,1.5,15000,174,2.97495466342211e-05,4.66659193910863e-05,-1.69163727568652e-05
0.015,1.5,15000,175,3.73829603114585e-05,5.7092958335171e-05,-1.97099980237125e-05
0.015,1.5,15000,176,4.6771736522027e-05,6.96173710857592e-05,-2.28456345637322e-05
0.015,1.5,15000,177,5.82664220043268e-05,8.46067559310557e-05,-2.63403339267289e-05
0.015,1.5,15000,178,7.2274782687277e-05,0.000102481345555146,-3.02065628678693e-05
0.015,1.5,15000,179,8.92683117372901e-05,0.000123719155360005,-3.44508436227154e-05
0.015,1.5,15000,180,0.000109788885946057,0.000148861169126182,-3.90722831801246e-05
0.015,1.5,15000,181,0.000134455436557899,0.000178516455997304,-4.40610194394048e-05
0.015,1.5,15000,182,0.000163970471127644,0.000213367092394398,-4.93966212667541e-05
0.015,1.5,15000,183,0.000199126252663922,0.000254172741564406,-5.50464889004844e-05
0.015,1.5,15000,184,0.000240810412105012,0.000301774722621919,-6.09643105169074e-05
0.015,1.5,15000,185,0.000290010741238389,0.000357099380847855,-6.70886396094656e-05
0.015,1.5,15000,186,0.000347818886826349,0.000421160552468058,-7.33416656417092e-05
0.015,1.5,15000,187,0.000415432644399734,0.000495060901053186,-7.96282566534518e-05
0.015,1.5,15000,188,0.00049415653349849,0.000579991890046834,-8.58353565483441e-05
0.015,1.5,15000,189,0.000585400326697538,0.000677232147789594,-9.18318210920564e-05
0.015,1.5,15000,190,0.000690675204180452,0.000788143978839906,-9.74687746594537e-05
0.015,1.5,15000,191,0.00081158721545598,0.000914167779467397,-0.000102580564011417
0.015,1.5,15000,192,0.000949827751440437,0.00105681412692836,-0.000106986375487925
0.015,1.5,15000,193,0.00110716076469558,0.00121765333244258,-0.000110492567747
0.015,1.5,15000,194,0.00128540652392852,0.00139830227743827,-0.000112895753509759
0.015,1.5,15000,195,0.0014864217513222,0.00160040839217032,-0.000113986640848128
0.015,1.5,15000,196,0.00171207606777031,0.00182563068553361,-0.000113554617763303
0.015,1.5,15000,197,0.00196422476097594,0.00207561779475808,-0.000111393033782145
0.015,1.5,15000,198,0.00224467799336197,0.0023519830932881,-0.00010730509992613
0.015,1.5,15000,199,0.00255516667891828,0.00265627697371495,-0.000101110294796671
0.015,1.5,15000,200,0.00289730537791674,0.00298995650891281,-9.26511309960729e-05
0.015,1.5,15000,201,0.00327255268268969,0.0033543527868446,-8.18001041549173e-05
0.015,1.5,15000,202,0.00368216969266096,0.00375063631073082,-6.84666180698614e-05
0.015,1.5,15000,203,0.00412717729835132,0.00417978095386799,-5.26036555166731e-05
0.015,1.5,15000,204,0.00460831310761683,0.00464252705442387,-3.4213946807039e-05
0.015,1.5,15000,205,0.00512598894819744,0.00513934432679231,-1.33553785948695e-05
0.015,1.5,15000,206,0.00568024996401416,0.00567039534910652,9.85461490763621e-06
0.015,1.5,15000,207,0.00627073638399729,0.00623550045771086,3.52359262864258e-05
0.015,1.5,15000,208,0.00689664907737786,0.00683410493520993,6.25441421679288e-05
0.015,1.5,15000,209,0.00755672001474123,0.00746524941572544,9.14705990157994e-05
0.015,1.5,15000,210,0.00824918872692237,0.00812754444606053,0.000121644280861834
0.015,1.5,15000,211,0.00897178579217566,0.00881915013190642,0.000152635660269233
0.015,1.5,15000,212,0.00972172428525936,0.00953776176192114,0.000183962523338214
0.015,1.5,15000,213,0.010495699990632,0.0102806022380883,0.000215097752543742
0.015,1.5,15000,214,0.0112899010176752,0.0110444220476929,0.000245478969982296
0.015,1.5,15000,215,0.012100027261834,0.0118255073909459,0.000274519870888104
0.015,1.5,15000,216,0.0129213199361964,0.0126196969301699,0.000301623006026533
0.015,1.5,15000,217,0.0137486011588587,0.0134224074539906,0.000326193704868102
0.015,1.5,15000,218,0.0145763233290364,0.0142286685566525,0.00034765477238393
0.015,1.5,15000,219,0.0153986277666569,0.0150331662228595,0.00036546154379742
0.015,1.5,15000,220,0.0162094118340796,0.015830294987777,0.000379116846302638
0.015,1.5,15000,221,0.0170024035128686,0.0166142181161014,0.000388185396767191
0.015,1.5,15000,222,0.0177712421814076,0.0173789350200422,0.000392307161365402
0.015,1.5,15000,223,0.0185095641384668,0.018118354920643,0.000391209217823832
0.015,1.5,15000,224,0.0192110912508281,0.0188263755571752,0.000384715693652882
0.015,1.5,15000,225,0.0198697209759981,0.0194969655722741,0.000372755403724036
0.015,1.5,15000,226,0.0204796159289439,0.0201242490525487,0.000355366876395275
0.015,1.5,15000,227,0.0210352911282723,0.0207025905913773,0.00033270053689503
0.015,1.5,15000,228,0.0215316970743528,0.0212266791673659,0.000305017906986872
0.015,1.5,15000,229,0.0219642968798588,0.0216916091021973,0.000272687777661526
0.015,1.5,15000,230,0.0223291357906491,0.0220929563777196,0.000236179412929562
0.015,1.5,15000,231,0.0226229015987031,0.0224268486550083,0.000196052943694829
0.015,1.5,15000,232,0.0228429746542538,0.0226900274471478,0.000152947207105937
0.015,1.5,15000,233,0.0229874664252084,0.0228799010504167,0.000107565374791622
0.015,1.5,15000,234,0.0230552458210871,0.022994587031693,6.06587893940864e-05
0.015,1.5,15000,235,0.023045952787832,0.023032943298089,1.3009489742994e-05
0.015,1.5,15000,236,0.0229599989801073,0.022994587031693,-3.45880515856857e-05
0.015,1.5,15000,237,0.0227985556200321,0.0228799010504167,-8.13454303846169e-05
0.015,1.5,15000,238,0.0225635289466261,0.0226900274471478,-0.000126498500521748
0.015,1.5,15000,239,0.0222575239399495,0.0224268486550083,-0.000169324715058823
0.015,1.5,15000,240,0.0218837972600465,0.0220929563777196,-0.000209159117673056
0.015,1.5,15000,241,0.0214462005663487,0.0216916091021973,-0.000245408535848587
0.015,1.5,15000,242,0.0209491155723788,0.0212266791673659,-0.000277563594987148
0.015,1.5,15000,243,0.0203973823389613,0.0207025905913773,-0.000305208252415971
0.015,1.5,15000,244,0.0197962224137307,0.0201242490525487,-0.00032802663881791
0.015,1.5,15000,245,0.0191511584840785,0.0194969655722741,-0.000345807088195593
0.015,1.5,15000,246,0.0184679322248624,0.0188263755571752,-0.000358443332312813
0.015,1.5,15000,247,0.0177524219927164,0.018118354920643,-0.000365932927926541
0.015,1.5,15000,248,0.0170105619484897,0.0173789350200422,-0.000368373071552529
0.015,1.5,15000,249,0.0162482640821864,0.0166142181161014,-0.000365954033914997
0.015,1.5,15000,250,0.01547134447574,0.015830294987777,-0.000358950512036953
0.015,1.5,15000,251,0.0146854549737138,0.0150331662228595,-0.000347711249145698
0.015,1.5,15000,252,0.0138960212467609,0.0142286685566525,-0.000332647309891566
0.015,1.5,15000,253,0.0131081880338359,0.0134224074539906,-0.000314219420154657
0.015,1.5,15000,254,0.0123267721431735,0.0126196969301699,-0.0002929247869964
0.015,1.5,15000,255,0.0115562235851833,0.0118255073909459,-0.000269283805762627
0.015,1.5,15000,256,0.0108005950084844,0.0110444220476929,-0.000243827039208517
0.015,1.5,15000,257,0.0100635194185836,0.0102806022380883,-0.000217082819504714
0.015,1.5,15000,258,0.00934819598173731,0.00953776176192114,-0.000189565780183828
0.015,1.5,15000,259,0.00865738355807316,0.00881915013190642,-0.000161766573833261
0.015,1.5,15000,260,0.00799340147095602,0.00812754444606053,-0.000134142975104506
0.015,1.5,15000,261,0.00735813690585282,0.00746524941572544,-0.000107112509872614
0.015,1.5,15000,262,0.00675305824267855,0.00683410493520993,-8.10466925313764e-05
0.015,1.5,15000,263,0.00617923356106017,0.00623550045771086,-5.62668966506879e-05
0.015,1.5,15000,264,0.00563735351762821,0.00567039534910652,-3.30418314783143e-05
0.015,1.5,15000,265,0.0051277577771503,0.00513934432679231,-1.15865496420047e-05
0.015,1.5,15000,266,0.00465046418329737,0.00464252705442387,7.93712887349387e-06
0.015,1.5,15000,267,0.00420519987785856,0.00417978095386799,2.54189239905639e-05
0.015,1.5,15000,268,0.003791433616737,0.00375063631073082,4.07973060061804e-05
0.015,1.5,15000,269,0.00340840858428298,0.0033543527868446,5.40557974383787e-05
0.015,1.5,15000,270,0.00305517507156921,0.00298995650891281,6.52185626564064e-05
0.015,1.5,15000,271,0.00273062245619658,0.00265627697371495,7.4345482481628e-05
0.015,1.5,15000,272,0.00243350999834466,0.0023519830932881,8.15269050565589e-05
0.015,1.5,15000,273,0.00216249604742698,0.00207561779475808,8.68782526688939e-05
0.015,1.5,15000,274,0.00191616533348914,0.00182563068553361,9.05346479555282e-05
0.015,1.5,15000,275,0.00169305409529764,0.00160040839217032,9.26457031273163e-05
0.015,1.5,15000,276,0.00149167287111867,0.00139830227743827,9.33705936803934e-05
0.015,1.5,15000,277,0.00131052684702696,0.00121765333244258,9.28735145843758e-05
0.015,1.5,15000,278,0.00114813372009527,0.00105681412692836,9.13195931669041e-05
0.015,1.5,15000,279,0.00100303908920466,0.000914167779467397,8.88713097372639e-05
0.015,1.5,15000,280,0.000873829434001694,0.000788143978839906,8.56854551617883e-05
0.015,1.5,15000,281,0.000759142782511234,0.000677232147789594,8.19106347216401e-05
0.015,1.5,15000,282,0.000657677200140877,0.000579991890046834,7.76853100940428e-05
0.015,1.5,15000,283,0.000568197257547225,0.000495060901053186,7.31363564940384e-05
0.015,1.5,15000,284,0.000489538652511115,0.000421160552468058,6.83781000430564e-05
0.015,1.5,15000,285,0.000420611172159717,0.000357099380847855,6.35117913118624e-05
0.015,1.5,15000,286,0.000360400187247524,0.000301774722621919,5.86254646256051e-05
0.015,1.5,15000,287,0.000307966870497264,0.000254172741564406,5.37941289328586e-05
0.015,1.5,15000,288,0.000262447326968357,0.000213367092394398,4.90802345739596e-05
0.015,1.5,15000,289,0.000223050816829579,0.000178516455997304,4.4534360832275e-05
0.015,1.5,15000,290,0.000189057240508069,0.000148861169126182,4.01960713818872e-05
0.015,1.5,15000,291,0.000159814043672463,0.000123719155360005,3.60948883124572e-05
0.015,1.5,15000,292,0.000134732685531973,0.000102481345555146,3.2251339976827e-05
0.015,1.5,15000,293,0.000113284799078683,8.46067559310557e-05,2.86780431476272e-05
0.015,1.5,15000,294,9.49981566774215e-05,6.96173710857592e-05,2.53807855916623e-05
0.015,1.5,15000,295,7.94525392514392e-05,5.7092958335171e-05,2.23595809162682e-05
0.015,1.5,15000,296,6.62755925818776e-05,4.66659193910863e-05,1.96096731907914e-05
0.015,1.5,15000,297,5.51387402208032e-05,3.80162659998199e-05,1.71224742209834e-05
0.015,1.5,15000,298,4.57532094282377e-05,3.08667881101844e-05,1.48864213180534e-05
0.015,1.5,15000,299,3.78662145369206e-05,2.49784666764249e-05,1.28877478604957e-05
0.015,1.5,15000,300,3.12573313216757e-05,2.01461684866251e-05,1.11111628350506e-05
0.015,1.5,15000,301,2.57350863513358e-05,1.61946475165549e-05,9.54043883478088e-06
0.015,1.5,15000,302,2.11337769367814e-05,1.2974866250664e-05,8.15891068611742e-06
0.015,1.5,15000,303,1.73105301312665e-05,1.03606411373889e-05,6.94988899387761e-06
0.015,1.5,15000,304,1.41426032345126e-05,8.24560876253002e-06,5.89699447198262e-06
0.015,1.5,15000,305,1.15249233255039e-05,6.54050330699988e-06,4.984420018504e-06
0.015,1.5,15000,306,9.36785941179051e-06,5.17073125641444e-06,4.19712815537607e-06
0.015,1.5,15000,307,7.59521773784257e-06,4.07422598952765e-06,3.52099174831491e-06
0.015,1.5,15000,308,6.1424485396743e-06,3.19956262496216e-06,2.94288591471214e-06
0.015,1.5,15000,309,4.95505096516311e-06,2.50431218694694e-06,2.45073877821616e-06
0.015,1.5,15000,310,3.98716189926373e-06,1.9536136030759e-06,2.03354829618783e-06
0.015,1.5,15000,311,3.20031394559835e-06,1.51894212287532e-06,1.68137182272303e-06
0.015,1.5,15000,312,2.56234773216671e-06,1.17705331046411e-06,1.38529442170259e-06
0.015,1.5,15000,313,2.04646394839339e-06,9.090826975242e-07,1.13738125086919e-06
0.015,1.5,15000,314,1.63040101104831e-06,6.99782379127255e-07,9.30618631921055e-07
0.015,1.5,15000,315,1.295724934073e-06,5.36877204954691e-07,7.5884772911831e-07
0.015,1.5,15000,316,1.02721878700025e-06,4.1052468719474e-07,6.16694099805506e-07
0.015,1.5,15000,317,8.12360021794149e-07,3.12864252926778e-07,4.99495768867371e-07
0.015,1.5,15000,318,6.40874889744612e-07,2.37642964876786e-07,4.03231924867826e-07
0.015,1.5,15000,319,5.04360126938803e-07,1.79906283199463e-07,3.24453843739341e-07
0.015,1.5,15000,320,3.95963033743406e-07,1.35743815497526e-07,2.6021921824588e-07
0.015,1.5,15000,321,3.10111991385003e-07,1.0208128418984e-07,2.08030707195163e-07
0.015,1.5,15000,322,2.4229033285624e-07,7.65111182148187e-08,1.65779214641421e-07
0.015,1.5,15000,323,1.88847306034851e-07,5.71551442747899e-08,1.31692161760061e-07
0.015,1.5,15000,324,1.46840627704772e-07,4.25538102987524e-08,1.04286817406019e-07
0.015,1.5,15000,325,1.13905824682072e-07,3.15772229006846e-08,8.23286017813877e-08
0.015,1.5,15000,326,8.8148191403303e-08,2.33540262520932e-08,6.47941651512098e-08
0.015,1.5,15000,327,6.80537629021811e-08,1.72147986365735e-08,5.08389642656076e-08
0.015,1.5,15000,328,5.24162102450215e-08,1.26472027774999e-08,3.97690074675216e-08
0.015,1.5,15000,329,4.02770153826641e-08,9.26060517085713e-09,3.1016410211807e-08
0.015,1.5,15000,330,3.0876677853814e-08,6.75828662269004e-09,2.4118391231124e-08
0.015,1.5,15000,331,2.36150511022577e-08,4.91570934866613e-09,1.86993417535915e-08
0.015,1.5,15000,332,1.80192058085501e-08,3.56359333565593e-09,1.44556124728941e-08
0.015,1.5,15000,333,1.37174760771708e-08,2.574793662268e-09,1.11426824149028e-08
0.015,1.5,15000,334,1.04185659584304e-08,1.85416797865579e-09,8.56439797977461e-09
0.015,1.5,15000,335,7.8947828265148e-09,1.33078554038399e-09,6.56399728613081e-09
0.015,1.5,15000,336,5.96862453264595e-09,9.51961581803941e-10,5.016662950842e-09
0.015,1.5,15000,337,4.50208266152942e-09,6.78708240612358e-10,3.82337442091706e-09
0.015,1.5,15000,338,3.38813797836045e-09,4.822799134211e-10,2.90585806493935e-09
0.015,1.5,15000,339,2.54401927565397e-09,3.41560450753512e-10,2.20245882490046e-09
0.015,1.5,15000,340,1.90587600544276e-09,2.41095072016669e-10,1.6647809334261e-09
0.015,1.5,15000,341,1.42458069472303e-09,1.69613900200564e-10,1.25496679452247e-09
0.015,1.5,15000,342,1.06243128027437e-09,1.18928762419664e-10,9.43502517854704e-10
0.015,1.5,15000,343,7.90567982477274e-10,8.31121869712547e-11,7.07455795506019e-10
0.015,1.5,15000,344,5.86955738772524e-10,5.78888434062992e-11,5.29066895366225e-10
0.015,1.5,15000,345,4.34812885443318e-10,4.01862412158526e-11,3.94626644227465e-10
0.015,1.5,15000,346,3.21390862264951e-10,2.78043183620028e-11,2.93586543902948e-10
0.015,1.5,15000,347,2.37029193666233e-10,1.91734148965682e-11,2.17855778769664e-10
0.015,1.5,15000,348,1.74425694325796e-10,1.31776824962225e-11,1.61248011829574e-10
0.015,1.5,15000,349,1.28074445376864e-10,9.02674055944126e-12,1.19047704817422e-10
0.015,1.5,15000,350,9.38341637637694e-11,6.16275968927937e-12,8.767140407449e-11
0.015,1.5,15000,351,6.85976179273564e-11,4.19345375134614e-12,6.44041641760103e-11
0.015,1.5,15000,352,5.00391208234535e-11,2.8439426469237e-12,4.71951781765298e-11
0.015,1.5,15000,353,3.64221790159428e-11,1.92230440774751e-12,3.44998746081952e-11
0.015,1.5,15000,354,2.64533580648806e-11,1.29501810885961e-12,2.5158339956021e-11
0.015,1.5,15000,355,1.91715543786242e-11,8.69524599010376e-13,1.83020297796138e-11
0.015,1.5,15000,356,1.38643161218157e-11,5.81889145366933e-13,1.32824269764488e-11
0.015,1.5,15000,357,1.00047710774451e-11,3.8810656645e-13,9.61666451099506e-12
0.015,1.5,15000,358,7.20421038394849e-12,2.57996656201393e-13,6.94621372774709e-12
0.015,1.5,15000,359,5.17653411515501e-12,1.70934417186217e-13,5.0055996979688e-12
0.015,1.5,15000,360,3.71165973686618e-12,1.12874881026889e-13,3.59878485583929e-12
0.015,1.5,15000,361,2.65568473371112e-12,7.42877914813311e-14,2.58139694222979e-12
0.015,1.5,15000,362,1.89612538758589e-12,4.87292739701132e-14,1.84739611361577e-12
0.015,1.5,15000,363,1.35096045898902e-12,3.18577269729743e-14,1.31910273201604e-12
0.015,1.5,15000,364,9.60519376612554e-13,2.07583095006584e-14,9.39761067111895e-13
0.015,1.5,15000,365,6.81491391650007e-13,1.34809820837941e-14,6.68010409566213e-13
0.015,1.5,15000,366,4.82512089529556e-13,8.72576338035198e-15,4.73786326149204e-13
0.015,1.5,15000,367,3.40919952726129e-13,5.6290834105547e-15,3.35290869315574e-13
0.015,1.5,15000,368,2.40378618745197e-13,3.61929754154691e-15,2.3675932120365e-13
0.015,1.5,15000,369,1.69138016049061e-13,2.31933372680735e-15,1.66818682322254e-13
0.015,1.5,15000,370,1.18765795253995e-13,1.48133931981137e-15,1.17284455934184e-13
0.015,1.5,15000,371,8.3224086967572e-14,9.42970724132959e-16,8.2281116243439e-14
0.015,1.5,15000,372,5.81991912275623e-14,5.98265859760826e-16,5.76009253678014e-14
0.015,1.5,15000,373,4.06160645228344e-14,3.78305436861148e-16,4.02377590859732e-14
0.015,1.5,15000,374,2.82874908608299e-14,2.38420336745486e-16,2.80490705240844e-14
0.015,1.5,15000,375,1.96611723106173e-14,1.49760183300976e-16,1.95114121273163e-14
0.015,1.5,15000,376,1.36378363777586e-14,9.37565850915293e-17,1.35440797926671e-14
0.015,1.5,15000,377,9.44072394943343e-15,5.85004962257554e-17,9.38222345320768e-15
0.015,1.5,15000,378,6.52216135797391e-15,3.63805843985858e-17,6.48578077357533e-15
0.015,1.5,15000,379,4.49683386077754e-15,2.25492521960258e-17,4.47428460858151e-15
0.015,1.5,15000,380,3.09423890454458e-15,1.39298669538356e-17,3.08030903759075e-15
0.015,1.5,15000,381,2.12488366633787e-15,8.57658003477606e-18,2.11630708630309e-15
0.015,1.5,15000,382,1.45630854114838e-15,5.26300366825126e-18,1.45104553748013e-15
0.015,1.5,15000,383,9.96118832896817e-16,3.21888567723876e-18,9.92899947219578e-16
0.015,1.5,15000,384,6.80003271138548e-16,1.96213906275753e-18,6.78041132075791e-16
0.015,1.5,15000,385,4.63292763275441e-16,1.19208264984775e-18,4.62100680625593e-16
0.015,1.5,15000,386,3.15026617057353e-16,7.21830621907899e-19,3.14304786435445e-16
0.015,1.5,15000,387,2.1379066727154e-16,4.35628804835384e-19,2.13355038466705e-16
0.015,1.5,15000,388,1.44804655734034e-16,2.62029523451544e-19,1.44542626210582e-16
0.015,1.5,15000,389,9.78883738852021e-17,1.57085542817286e-19,9.77312883423848e-17
0.015,1.5,15000,390,6.60445541645758e-17,9.38587052392566e-20,6.59506954593365e-17
0.015,1.5,15000,391,4.4473643785777e-17,5.58940079630976e-20,4.44177497778139e-17
0.015,1.5,15000,392,2.98903289599969e-17,3.31747988094044e-20,2.98571541611875e-17
0.015,1.5,15000,393,2.00504176931666e-17,1.96247301974929e-20,2.00307929629691e-17
0.015,1.5,15000,394,1.3424043691567e-17,1.15704817979817e-20,1.3412473209769e-17
0.015,1.5,15000,395,8.97042326581628e-18,6.79910180308118e-21,8.9636241640132e-18
0.015,1.5,15000,396,5.98293921831545e-18,3.98202512663273e-21,5.97895719318882e-18
0.015,1.5,15000,397,3.98282057201553e-18,2.32438893849348e-21,3.98049618307704e-18
0.015,1.5,15000,398,2.64632875125451e-18,1.3522779160102e-21,2.6449764733385e-18
0.015,1.5,15000,399,1.75499606416055e-18,7.84107238390443e-22,1.75421195692216e-18
0.015,1.5,15000,400,1.16168981047476e-18,4.53145135380895e-22,1.16123666533938e-18
0.015,1.5,20000,0,1.62633744227061e-06,1.34975651229429e-54,1.62633744227061e-06
0.015,1.5,20000,1,1.33143206108456e-06,2.92611093355667e-54,1.33143206108456e-06
0.015,1.5,20000,2,1.08790778617555e-06,6.32762023302385e-54,1.08790778617555e-06
0.015,1.5,20000,3,8.87221605372176e-07,1.36491085925003e-53,8.87221605372176e-07
0.015,1.5,20000,4,7.2217308489979e-07,2.93685453313867e-53,7.2217308489979e-07
0.015,1.5,20000,5,5.86707795936656e-07,6.30339969469379e-53,5.86707795936656e-07
0.015,1.5,20000,6,4.75746922102528e-07,1.34952682219414e-52,4.75746922102528e-07
0.015,1.5,20000,7,3.85040019059547e-07,2.88205628991302e-52,3.85040019059547e-07
0.015,1.5,20000,8,3.11038167974372e-07,6.13956583613491e-52,3.11038167974372e-07
0.015,1.5,20000,9,2.50785025280383e-07,1.30462929584964e-51,2.50785025280383e-07
0.015,1.5,20000,10,2.01823519365243e-07,2.76535477492221e-51,2.01823519365243e-07
0.015,1.5,20000,11,1.62116178634679e-07,5.84694285605219e-51,1.62116178634679e-07
0.015,1.5,20000,12,1.2997729366328e-07,1.23316476294029e-50,1.2997729366328e-07
0.015,1.5,20000,13,1.04015318178699e-07,2.59434439464595e-50,1.04015318178699e-07
0.015,1.5,20000,14,8.30840992261605e-08,5.44437977663868e-50,8.30840992261605e-08
0.015,1.5,20000,15,6.62416961758085e-08,1.13968140032758e-49,6.62416961758085e-08
0.015,1.5,20000,16,5.27157016984898e-08,2.37975787651029e-49,5.27157016984898e-08
0.015,1.5,20000,17,4.18741160932961e-08,4.95674239592029e-49,4.18741160932961e-08
0.015,1.5,20000,18,3.32009502050604e-08,1.02985051120447e-48,3.32009502050604e-08
0.015,1.5,20000,19,2.62758425307187e-08,2.13435321492658e-48,2.62758425307187e-08
0.015,1.5,20000,20,2.07570739526632e-08,4.41237748729741e-48,2.07570739526632e-08
0.015,1.5,20000,21,1.63674498577568e-08,9.09899217105062e-48,1.63674498577568e-08
0.015,1.5,20000,22,1.28825952079067e-08,1.8716652899425e-47,1.28825952079067e-08
0.015,1.5,20000,23,1.01212744084326e-08,3.84040781952377e-47,1.01212744084326e-08
0.015,1.5,20000,24,7.93740552500028e-09,7.86032979302866e-47,7.93740552500028e-09
0.015,1.5,20000,25,6.21348843237423e-09,1.60479090520998e-46,6.21348843237423e-09
0.015,1.5,20000,26,4.85520968690821e-09,3.26821338765933e-46,4.85520968690821e-09
0.015,1.5,20000,27,3.7870240870327e-09,6.63921325627375e-46,3.7870240870327e-09
0.015,1.5,20000,28,2.94854474619861e-09,1.34535561782121e-45,2.94854474619861e-09
0.015,1.5,20000,29,2.2916007110363e-09,2.71939214158154e-45,2.2916007110363e-09
0.015,1.5,20000,30,1.7778443111568e-09,5.48303279694486e-45,1.7778443111568e-09
0.015,1.5,20000,31,1.37681006249997e-09,1.10276789223792e-44,1.37681006249997e-09
0.015,1.5,20000,32,1.064343542062e-09,2.21238979165808e-44,1.064343542062e-09
0.015,1.5,20000,33,8.21332632643163e-10,4.42744773059171e-44,8.21332632643163e-10
0.015,1.5,20000,34,6.32685276142209e-10,8.83811205126763e-44,6.32685276142209e-10
0.015,1.5,20000,35,4.86507701001653e-10,1.75986691899768e-43,4.86507701001653e-10
0.015,1.5,20000,36,3.73445289900562e-10,3.49554112485324e-43,3.73445289900562e-10
0.015,1.5,20000,37,2.86155076160494e-10,6.92569350361304e-43,2.86155076160494e-10
0.015,1.5,20000,38,2.18884516243464e-10,1.36875709617763e-42,2.18884516243464e-10
0.015,1.5,20000,39,1.67135865822265e-10,2.69838406390638e-42,1.67135865822265e-10
0.015,1.5,20000,40,1.27399346324434e-10,5.30634406957608e-42,1.27399346324434e-10
0.015,1.5,20000,41,9.69414624576224e-11,1.04088155797382e-41,9.69414624576224e-11
0.015,1.5,20000,42,7.36374335770174e-11,2.03667383876392e-41,7.36374335770174e-11
0.015,1.5,20000,43,5.58388297906614e-11,3.97517195383554e-41,5.58388297906614e-11
0.015,1.5,20000,44,4.22692391294118e-11,7.73935233148114e-41,4.22692391294118e-11
0.015,1.5,20000,45,3.19422035641764e-11,1.50302976304987e-40,3.19422035641764e-11
0.015,1.5,20000,46,2.40968065690962e-11,2.91168779986824e-40,2.40968065690962e-11
0.015,1.5,20000,47,1.81472212054262e-11,5.62647374566018e-40,1.81472212054262e-11
0.015,1.5,20000,48,1.36432751493084e-11,1.08453120013032e-39,1.36432751493084e-11
0.015,1.5,20000,49,1.02396906882316e-11,2.08526890886067e-39,1.02396906882316e-11
0.015,1.5,20000,50,7.67214069859211e-12,3.99941387850341e-39,7.67214069859211e-12
0.015,1.5,20000,51,5.7386484058277e-12,7.65147025837255e-39,5.7386484058277e-12
0.015,1.5,20000,52,4.2851677118209e-12,1.46018439693407e-38,4.2851677118209e-12
0.015,1.5,20000,53,3.19442709752175e-12,2.77961582863581e-38,3.19442709752175e-12
0.015,1.5,20000,54,2.37731584318021e-12,5.27808175122644e-38,2.37731584318021e-12
0.015,1.5,20000,55,1.76624653280417e-12,9.99727671109273e-38,1.76624653280417e-12
0.015,1.5,20000,56,1.31005061434038e-12,1.88886786057456e-37,1.31005061434038e-12
0.015,1.5,20000,57,9.70060714130904e-13,3.55988283932716e-37,9.70060714130904e-13
0.015,1.5,20000,58,7.1710972743015e-13,6.69243399627144e-37,7.1710972743015e-13
0.015,1.5,20000,59,5.29236666489677e-13,1.25500874542673e-36,5.29236666489677e-13
0.015,1.5,20000,60,3.89936243846819e-13,2.34759767898757e-36,3.89936243846819e-13
0.015,1.5,20000,61,2.86825919725299e-13,4.38041093615321e-36,2.86825919725299e-13
0.015,1.5,20000,62,2.10632817127651e-13,8.15305367419834e-36,2.10632817127651e-13
0.015,1.5,20000,63,1.54425230966144e-13,1.51370070121646e-35,1.54425230966144e-13
0.015,1.5,20000,64,1.13030796759262e-13,2.80332846315196e-35,1.13030796759262e-13
0.015,1.5,20000,65,8.25968228141947e-14,5.17871754810418e-35,8.25968228141947e-14
0.015,1.5,20000,66,6.02586821096284e-14,9.54299567318395e-35,6.02586821096284e-14
0.015,1.5,20000,67,4.38901792303104e-14,1.7541288554828e-34,4.38901792303104e-14
0.015,1.5,20000,68,3.19159822174326e-14,3.21627016731787e-34,3.19159822174326e-14
0.015,1.5,20000,69,2.3170953180832e-14,5.882444195455e-34,2.3170953180832e-14
0.015,1.5,20000,70,1.67948486169932e-14,1.07319186783153e-33,1.67948486169932e-14
0.015,1.5,20000,71,1.21536429382924e-14,1.95304025203833e-33,1.21536429382924e-14
0.015,1.5,20000,72,8.78085303098557e-15,3.54535133421403e-33,8.78085303098557e-15
0.015,1.5,20000,73,6.33386004320747e-15,6.41980190973797e-33,6.33386004320747e-15
0.015,1.5,20000,74,4.56145498653089e-15,1.15957338862806e-32,4.56145498653089e-15
0.015,1.5,20000,75,3.27976820291604e-15,2.08924377227132e-32,3.27976820291604e-15
0.015,1.5,20000,76,2.35444949828065e-15,3.75486438624826e-32,2.35444949828065e-15
0.015,1.5,20000,77,1.68749974612699e-15,6.73152805434973e-32,1.68749974612699e-15
0.015,1.5,20000,78,1.20755742381393e-15,1.20378056591965e-31,1.20755742381393e-15
0.015,1.5,20000,79,8.62746552077474e-16,2.14731253396798e-31,8.62746552077474e-16
0.015,1.5,20000,80,6.15420069314384e-16,3.8208277057936e-31,6.15420069314384e-16
0.015,1.5,20000,81,4.38303230535421e-16,6.78162721966567e-31,4.3830323053542e-16
0.015,1.5,20000,82,3.11669201655453e-16,1.20067270000427e-30,3.11669201655452e-16
0.015,1.5,20000,83,2.21274264007588e-16,2.1204577454936e-30,2.21274264007586e-16
0.015,1.5,20000,84,1.56851007955441e-16,3.73550113794176e-30,1.56851007955437e-16
0.015,1.5,20000,85,1.11010664566562e-16,6.56420880307701e-30,1.11010664566555e-16
0.015,1.5,20000,86,7.84448888018783e-17,1.15061535442407e-29,7.84448888018668e-17
0.015,1.5,20000,87,5.53463182520485e-17,2.01183429414035e-29,5.53463182520284e-17
0.015,1.5,20000,88,3.89886792957127e-17,3.50887997133065e-29,3.89886792956776e-17
0.015,1.5,20000,89,2.74230388237648e-17,6.10462627863833e-29,2.74230388237037e-17
0.015,1.5,20000,90,1.92584555562634e-17,1.05940962675468e-28,1.92584555561575e-17
0.015,1.5,20000,91,1.35038531375189e-17,1.83393108551758e-28,1.35038531373355e-17
0.015,1.5,20000,92,9.45422370419032e-18,3.1667689109153e-28,9.45422370387364e-18
0.015,1.5,20000,93,6.60887440799862e-18,5.45461367852241e-28,6.60887440745316e-18
0.015,1.5,20000,94,4.61279455430664e-18,9.37186201170905e-28,4.61279455336945e-18
0.015,1.5,20000,95,3.21467624953273e-18,1.60620893581072e-27,3.21467624792652e-18
0.015,1.5,20000,96,2.23690946718095e-18,2.74594891590891e-27,2.236909464435e-18
0.015,1.5,20000,97,1.55417216058294e-18,4.68270860414244e-27,1.55417215590023e-18
0.015,1.5,20000,98,1.0781790880068e-18,7.96555566350483e-27,1.07817908004125e-18
0.015,1.5,20000,99,7.46836005854673e-19,1.35160342661922e-26,7.46835992338639e-19
0.015,1.5,20000,100,5.16539637715698e-19,2.2876877952604e-26,5.1653961483882e-19
0.015,1.5,20000,101,3.5672012716877e-19,3.86241104325642e-26,3.56720088544659e-19
0.015,1.5,20000,102,2.4597933087283e-19,6.50480809961961e-26,2.45979265824749e-19
0.015,1.5,20000,103,1.69362844533784e-19,1.09275990400004e-25,1.69362735257794e-19
0.015,1.5,20000,104,1.16436102520166e-19,1.8311725842777e-25,1.16435919402908e-19
0.015,1.5,20000,105,7.99297854192993e-20,3.06089243262356e-25,7.9929479330056e-20
0.015,1.5,20000,106,5.47876364206786e-20,5.10365279715301e-25,5.47871260553989e-20
0.015,1.5,20000,107,3.74982389625043e-20,8.48845086720963e-25,3.74973901174176e-20
0.015,1.5,20000,108,2.56268379104309e-20,1.40828327213811e-24,2.56254296271587e-20
0.015,1.5,20000,109,1.74878516954515e-20,2.33058993169319e-24,1.74855211055198e-20
0.015,1.5,20000,110,1.1916168438545e-20,3.84729931335321e-24,1.19123211392316e-20
0.015,1.5,20000,111,8.10768700695467e-21,6.33520026091121e-24,8.10135180669376e-21
0.015,1.5,20000,112,5.5083168966833e-21,1.04058841010141e-23,5.49791101258228e-21
0.015,1.5,20000,113,3.73683473541359e-21,1.70495093314003e-23,3.71978522608219e-21
0.015,1.5,20000,114,2.53135657527847e-21,2.78650001136037e-23,2.50349157516487e-21
0.015,1.5,20000,115,1.71225586599018e-21,4.54276715598833e-23,1.6668281944303e-21
0.015,1.5,20000,116,1.15651532017034e-21,7.38747746352127e-23,1.08264054553513e-21
0.015,1.5,20000,117,7.80015328428078e-22,1.19835674492754e-22,6.60179653935323e-22
0.015,1.5,20000,118,5.25322438368855e-22,1.93905596587348e-22,3.31416841781507e-22
0.015,1.5,20000,119,3.53283285167927e-22,3.12974408463007e-22,4.03088767049196e-23
0.015,1.5,20000,120,2.37247303434033e-22,5.03896769715e-22,-2.66649466280967e-22
0.015,1.5,20000,121,1.59102567183356e-22,8.09260951081463e-22,-6.50158383898107e-22
0.015,1.5,20000,122,1.06560356814914e-22,1.29643235055019e-21,-1.18987199373528e-21
0.015,1.5,20000,123,7.12986854884973e-23,2.07169299734801e-21,-2.00039431185952e-21
0.015,1.5,20000,124,4.76963113906786e-23,3.30228993036968e-21,-3.254593618979e-21
0.015,1.5,20000,125,3.19730782044904e-23,5.25072491498518e-21,-5.21875183678069e-21
0.015,1.5,20000,126,2.16113142154108e-23,8.32794016189958e-21,-8.30632884768417e-21
0.015,1.5,20000,127,1.49747465697815e-23,1.31755935693714e-20,-1.31606188228016e-20
0.015,1.5,20000,128,1.10720738358711e-23,2.07929948955757e-20,-2.07819228217398e-20
0.015,1.5,20000,129,9.43688515085414e-24,3.27324239951094e-20,-3.27229871099586e-20
0.015,1.5,20000,130,1.0118534443146e-23,5.13988678583446e-20,-5.13887493239014e-20
0.015,1.5,20000,131,1.38049389356934e-23,8.05087718940794e-20,-8.04949669551437e-20
0.015,1.5,20000,132,2.21349143787047e-23,1.25790288847571e-19,-1.25768153933192e-19
0.015,1.5,20000,133,3.83150372358016e-23,1.96049297628206e-19,-1.9601098259097e-19
0.015,1.5,20000,134,6.82511191522209e-23,3.04787906478123e-19,-3.04719655358971e-19
0.015,1.5,20000,135,1.22565488143887e-22,4.72655194095143e-19,-4.72532628606999e-19
0.015,1.5,20000,136,2.20145909161776e-22,7.31148178750324e-19,-7.30928032841162e-19
0.015,1.5,20000,137,3.94339952444688e-22,1.12818581276032e-18,-1.12779147280787e-18
0.015,1.5,20000,138,7.03703604314057e-22,1.7364813742831e-18,-1.73577767067879e-18
0.015,1.5,20000,139,1.25055789328773e-21,2.6660843679117e-18,-2.66483381001842e-18
0.015,1.5,20000,140,2.21287253191616e-21,4.08311781583477e-18,-4.08090494330286e-18
0.015,1.5,20000,141,3.89879292135674e-21,6.23769589835372e-18,-6.23379710543237e-18
0.015,1.5,20000,142,6.83946256668264e-21,9.50540768953982e-18,-9.49856822697313e-18
0.015,1.5,20000,143,1.19463136954799e-20,1.44487927901495e-17,-1.4436846476454e-17
0.015,1.5,20000,144,2.07763862386572e-20,2.19081971775468e-17,-2.18874207913081e-17
0.015,1.5,20000,145,3.59778347704683e-20,3.31356872798438e-17,-3.30997094450733e-17
0.015,1.5,20000,146,6.20346017151107e-20,4.99918937424859e-17,-4.99298591407708e-17
0.015,1.5,20000,147,1.0650551710029e-19,7.52345725854099e-17,-7.51280670683096e-17
0.015,1.5,20000,148,1.82076784456227e-19,1.12940470157715e-16,-1.12758393373259e-16
0.015,1.5,20000,149,3.09946457263308e-19,1.69120396588934e-16,-1.68810450131671e-16
0.015,1.5,20000,150,5.25380208465905e-19,2.52613554176845e-16,-2.52088173968379e-16
0.015,1.5,20000,151,8.86790420920383e-19,3.76384364451549e-16,-3.75497574030629e-16
0.015,1.5,20000,152,1.49050650497987e-18,5.59397810717593e-16,-5.57907304212613e-16
0.015,1.5,20000,153,2.4946965216118e-18,8.29323963531155e-16,-8.26829267009543e-16
0.015,1.5,20000,154,4.15793709939607e-18,1.22642764284821e-15,-1.22226970574882e-15
0.015,1.5,20000,155,6.90112444920966e-18,1.80914722555626e-15,-1.80224610110705e-15
0.015,1.5,20000,156,1.1406409869998e-17,2.66207418612648e-15,-2.65066777625648e-15
0.015,1.5,20000,157,1.87745999658012e-17,3.90733512588501e-15,-3.88856052591921e-15
0.015,1.5,20000,158,3.07744617614325e-17,5.72078245090068e-15,-5.69000798913925e-15
0.015,1.5,20000,159,5.02358503229061e-17,8.35496178519188e-15,-8.30472593486897e-15
0.015,1.5,20000,160,8.16668949223712e-17,1.2171602665145e-14,-1.20899357702227e-14
0.015,1.5,20000,161,1.32218677935053e-16,1.76874542380495e-14,-1.75552355601144e-14
0.015,1.5,20000,162,2.13186429523344e-16,2.56387681839834e-14,-2.54255817544601e-14
0.015,1.5,20000,163,3.42335382064282e-16,3.70717634985217e-14,-3.67294281164574e-14
0.015,1.5,20000,164,5.47488526093138e-16,5.34691893577082e-14,-5.29217008316151e-14
0.015,1.5,20000,165,8.72036737666892e-16,7.69268975280637e-14,-7.60548607903969e-14
0.015,1.5,20000,166,1.38336440556937e-15,1.10399498156857e-13,-1.09016133751288e-13
0.015,1.5,20000,167,2.18567711133477e-15,1.58041173073453e-13,-1.55855495962118e-13
0.015,1.5,20000,168,3.43944639124088e-15,2.25677183860276e-13,-2.22237737469035e-13
0.015,1.5,20000,169,5.39075709869916e-15,3.21454364537682e-13,-3.16063607438983e-13
0.015,1.5,20000,170,8.41540863153463e-15,4.5673602041823e-13,-4.48320611786695e-13
0.015,1.5,20000,171,1.30849007477646e-14,6.47329596915959e-13,-6.34244696168194e-13
0.015,1.5,20000,172,2.02647377266372e-14,9.15166108507789e-13,-8.94901370781152e-13
0.015,1.5,20000,173,3.12602485424528e-14,1.29059107249933e-12,-1.25933082395688e-12
0.015,1.5,20000,174,4.80319595594652e-14,1.81548075089589e-12,-1.76744879133643e-12
0.015,1.5,20000,175,7.35123279057292e-14,2.54746897942184e-12,-2.47395665151611e-12
0.015,1.5,20000,176,1.1206954057966e-13,3.56566406199804e-12,-3.45359452141838e-12
0.015,1.5,20000,177,1.70183755500827e-13,4.97835895274852e-12,-4.80817519724769e-12
0.015,1.5,20000,178,2.5742887486533e-13,6.93339997082656e-12,-6.67597109596123e-12
0.015,1.5,20000,179,3.8789180356419e-13,9.63209073967953e-12,-9.24419893611534e-12
0.015,1.5,20000,180,5.82215384287491e-13,1.33477830738143e-11,-1.27655676895268e-11
0.015,1.5,20000,181,8.70526543534405e-13,1.84506630806228e-11,-1.75801365370884e-11
0.015,1.5,20000,182,1.29661534616244e-12,2.54407014082253e-11,-2.41440860620628e-11
0.015,1.5,20000,183,1.92387398360878e-12,3.4991329742899e-11,-3.30674557592902e-11
0.015,1.5,20000,184,2.84370100184985e-12,4.80071668515617e-11,-4.51634658497118e-11
0.015,1.5,20000,185,4.18734359436024e-12,6.57000909077942e-11,-6.1512747313434e-11
0.015,1.5,20000,186,6.14251365726801e-12,8.96891953982043e-11,-8.35466817409363e-11
0.015,1.5,20000,187,8.97660315727021e-12,1.22131741340353e-10,-1.13155138183082e-10
0.015,1.5,20000,188,1.30689824525071e-11,1.65894212177365e-10,-1.52825229724858e-10
0.015,1.5,20000,189,1.89557450419655e-11,2.24775091550662e-10,-2.05819346508697e-10
0.015,1.5,20000,190,2.73914328109086e-11,3.03794142491164e-10,-2.76402709680256e-10
0.015,1.5,20000,191,3.94338256795082e-11,4.09566920173959e-10,-3.70133094494451e-10
0.015,1.5,20000,192,5.65599214576579e-11,5.50788181234115e-10,-4.94228259776458e-10
0.015,1.5,20000,193,8.08239086156792e-11,7.38853979324003e-10,-6.58030070708323e-10
0.015,1.5,20000,194,1.15071426661787e-10,9.88659820312234e-10,-8.73588393650446e-10
0.015,1.5,20000,195,1.63228941281001e-10,1.31962160178529e-09,-1.15639266050429e-09
0.015,1.5,20000,196,2.3069291473347e-10,1.75697754741022e-09,-1.52628463267675e-09
0.015,1.5,20000,197,3.2485097278607e-10,2.33344339879713e-09,-2.00859242601106e-09
0.015,1.5,20000,198,4.5577688314698e-10,3.09131025008292e-09,-2.63553336693594e-09
0.015,1.5,20000,199,6.37153385836299e-10,4.08509518927161e-09,-3.44794180343531e-09
0.015,1.5,20000,200,8.87492381409782e-10,5.38488002127164e-09,-4.49738763986186e-09
0.015,1.5,20000,201,1.23174144365693e-09,7.08050356508059e-09,-5.84876212142366e-09
0.015,1.5,20000,202,1.70338998026041e-09,9.28680922277647e-09,-7.58341924251605e-09
0.015,1.5,20000,203,2.34721868426283e-09,1.21501927054027e-08,-9.80297402113983e-09
0.015,1.5,20000,204,3.22287345268016e-09,1.58567460835799e-08,-1.26338726308997e-08
0.015,1.5,20000,205,4.4094911525461e-09,2.064235494315e-08,-1.62328637906039e-08
0.015,1.5,20000,206,6.01166116779989e-09,2.68051767234881e-08,-2.07935155556882e-08
0.015,1.5,20000,207,8.16707547860179e-09,3.47210117692768e-08,-2.6553936290675e-08
0.015,1.5,20000,208,1.10563032708245e-08,4.48621758119166e-08,-3.38058725410921e-08
0.015,1.5,20000,209,1.49152261607726e-08,5.78205951789891e-08,-4.29053690182165e-08
0.015,1.5,20000,210,2.00507897057472e-08,7.43359757367149e-08,-5.42851860309677e-08
0.015,1.5,20000,211,2.6860868837545e-08,9.53300451561405e-08,-6.84691763185956e-08
0.015,1.5,20000,212,3.58592122776784e-08,1.21948037294668e-07,-8.60888250169894e-08
0.015,1.5,20000,213,4.77066270830878e-08,1.55608778957447e-07,-1.07902151874359e-07
0.015,1.5,20000,214,6.32497925055577e-08,1.98064954551604e-07,-1.34815162046046e-07
0.015,1.5,20000,215,8.35693555637675e-08,2.51475364429622e-07,-1.67906008865855e-07
0.015,1.5,20000,216,1.10039262188405e-07,3.18491258943355e-07,-2.0845199675495e-07
0.015,1.5,20000,217,1.44399620232907e-07,4.02359122824615e-07,-2.57959502591708e-07
0.015,1.5,20000,218,1.88845776225805e-07,5.07042603274337e-07,-3.18196827048532e-07
0.015,1.5,20000,219,2.4613671786735e-07,6.37366619091672e-07,-3.91229901224322e-07
0.015,1.5,20000,220,3.19726389261293e-07,7.99187055345274e-07,-4.79460666083981e-07
0.015,1.5,20000,221,4.13922024641181e-07,9.99589835346141e-07,-5.8566781070496e-07
0.015,1.5,20000,222,5.34074166054998e-07,1.24712356450268e-06,-7.13049398447681e-07
0.015,1.5,20000,223,6.86803626108413e-07,1.55207035289251e-06,-8.65266726784098e-07
0.015,1.5,20000,224,8.80271280848992e-07,1.92675983710436e-06,-1.04648855625536e-06
0.015,1.5,20000,225,1.12449721959727e-06,2.38593182706025e-06,-1.26143460746298e-06
0.015,1.5,20000,226,1.43173642393606e-06,2.94715338782699e-06,-1.51541696389093e-06
0.015,1.5,20000,227,1.81691877922633e-06,3.63129651511262e-06,-1.81437773588629e-06
0.015,1.5,20000,228,2.29816181674773e-06,4.46308285885665e-06,-2.16492104210892e-06
0.015,1.5,20000,229,2.89736511613202e-06,5.47170217199003e-06,-2.57433705585801e-06
0.015,1.5,20000,230,3.6408957346701e-06,6.69151128824427e-06,-3.05061555357417e-06
0.015,1.5,20000,231,4.56037433598926e-06,8.16282043831211e-06,-3.60244610232285e-06
0.015,1.5,20000,232,5.69357182442439e-06,9.93277356963863e-06,-4.23920174521424e-06
0.015,1.5,20000,233,7.08542620759319e-06,1.20563290112997e-05,-4.97090280370648e-06
0.015,1.5,20000,234,8.78918905875115e-06,1.4597346289573e-05,-5.80815723082186e-06
0.015,1.5,20000,235,1.08677102798482e-05,1.76297841183723e-05,-6.76207383852405e-06
0.015,1.5,20000,236,1.33948688212252e-05,2.12390135275376e-05,-7.8441447063124e-06
0.015,1.5,20000,237,1.64571555393896e-05,2.55232487172093e-05,-9.06609317781969e-06
0.015,1.5,20000,238,2.01554124163218e-05,3.05950965056886e-05,-1.04396840893668e-05
0.015,1.5,20000,239,2.46067298716192e-05,3.65832231415155e-05,-1.19764932698964e-05
0.015,1.5,20000,240,2.99465008276132e-05,4.3634134752288e-05,-1.36876339246748e-05
0.015,1.5,20000,241,3.63306265010177e-05,5.19140647830706e-05,-1.55834382820529e-05
0.015,1.5,20000,242,4.39378645678428e-05,6.16109584236509e-05,-1.76730938558081e-05
0.015,1.5,20000,243,5.29723053710921e-05,7.29365402333373e-05,-1.99642348622452e-05
0.015,1.5,20000,244,6.36659562209611e-05,8.6128446952684e-05,-2.24624907317229e-05
0.015,1.5,20000,245,7.62814076039166e-05,0.000101452402864988,-2.51709952610718e-05
0.015,1.5,20000,246,9.11145483234835e-05,0.000119204410073242,-2.80898617497586e-05
0.015,1.5,20000,247,0.000108497289322227,0.000139712920743972,-3.12156314217457e-05
0.015,1.5,20000,248,0.000128800248291112,0.000163340952809996,-3.45407045188843e-05
0.015,1.5,20000,249,0.000152435339300003,0.00019048810491109,-3.80527656110876e-05
0.015,1.5,20000,250,0.000179858203754258,0.0002215924205969,-4.1734216842642e-05
0.015,1.5,20000,251,0.000211570411201679,0.000257132046152697,-4.55616349510183e-05
0.015,1.5,20000,252,0.00024812135111613,0.000297626620988793,-4.95052698726624e-05
0.015,1.5,20000,253,0.0002901097300316,0.000343638334530699,-5.3528604499099e-05
0.015,1.5,20000,254,0.000338184582579162,0.000395772579148998,-5.75879965698358e-05
0.015,1.5,20000,255,0.000393045700393521,0.000454678125079553,-6.16324246860317e-05
0.015,1.5,20000,256,0.000455443379820428,0.00052104674072113,-6.56033609007017e-05
0.015,1.5,20000,257,0.000526177388188842,0.000595612180380259,-6.94347921914169e-05
0.015,1.5,20000,258,0.000606095049422074,0.000679148461684281,-7.30534122622073e-05
0.015,1.5,20000,259,0.000696088353241824,0.000772467356719758,-7.63790034779346e-05
0.015,1.5,20000,260,0.000797089998428818,0.000876415024678427,-7.93250262496092e-05
0.015,1.5,20000,261,0.000910068289761309,0.000991867719589766,-8.17994298284569e-05
0.015,1.5,20000,262,0.00103602082052001,0.00111972651474214,-8.37056942221304e-05
0.015,1.5,20000,263,0.00117596688791837,0.00126091099575972,-8.49441078413467e-05
0.015,1.5,20000,264,0.00133093860750362,0.00141635188708006,-8.54132795764398e-05
0.015,1.5,20000,265,0.00150197071439947,0.00158698259178337,-8.50118773839026e-05
0.015,1.5,20000,266,0.00169008906404866,0.00177372964231157,-8.36405782629168e-05
0.015,1.5,20000,267,0.00189629787258058,0.00197750207946851,-8.12042068879333e-05
0.015,1.5,20000,268,0.00212156576668467,0.00219917979902136,-7.76140323366929e-05
0.015,1.5,20000,269,0.0023668107444137,0.00243960092895914,-7.27901845454385e-05
0.015,1.5,20000,270,0.00263288418106724,0.0026995483256594,-6.66641445921652e-05
0.015,1.5,20000,271,0.00292055404751039,0.0029797353034408,-5.91812559304111e-05
0.015,1.5,20000,272,0.00323048754117825,0.00328079073873383,-5.03031975555837e-05
0.015,1.5,20000,273,0.00356323336174041,0.0036032437168109,-4.00103550704882e-05
0.015,1.5,20000,274,0.00391920389304477,0.00394750791504471,-2.8304021999939e-05
0.015,1.5,20000,275,0.00429865757958423,0.00431386594132558,-1.52083617413479e-05
0.015,1.5,20000,276,0.00470168180839675,0.00470245386884435,-7.7206044759616e-07
0.015,1.5,20000,277,0.00512817662510481,0.0051132462281989,1.4930396905909e-05
0.015,1.5,20000,278,0.00557783962486809,0.00554604173397278,3.17978908953125e-05
0.015,1.5,20000,279,0.00605015236459594,0.00600045003484928,4.97023297466584e-05
0.015,1.5,20000,280,0.00654436864119351,0.00647587978329459,6.84888578989197e-05
0.015,1.5,20000,281,0.00705950497138933,0.00697152832226801,8.79766491213123e-05
0.015,1.5,20000,282,0.00759433359148355,0.00748637328178724,0.000107960309696306
0.015,1.5,20000,283,0.00814737827002183,0.00801916636709598,0.000128211902925848
0.015,1.5,20000,284,0.00871691319301128,0.00856842960239037,0.000148483590620913
0.015,1.5,20000,285,0.00930096514014717,0.0091324542694511,0.00016851087069608
0.015,1.5,20000,286,0.00989731912212707,0.00970930274916065,0.000188016372966419
0.015,1.5,20000,287,0.0105035275942402,0.0102968134359987,0.00020671415824151
0.015,1.5,20000,288,0.0111169233009943,0.0108926088516275,0.000224314449366814
0.015,1.5,20000,289,0.0117346357417288,0.0114941070342116,0.000240528707517113
0.015,1.5,20000,290,0.0123536111793079,0.0120985362259572,0.000255074953350743
0.015,1.5,20000,291,0.0129706360445482,0.0127029528234594,0.000267683221088758
0.015,1.5,20000,292,0.0135823635196044,0.0133042624949377,0.000278101024666676
0.015,1.5,20000,293,0.0141853430157622,0.0138992443065498,0.000286098709212384
0.015,1.5,20000,294,0.0147760521966245,0.0144845776380741,0.000291474558550324
0.015,1.5,20000,295,0.0153509311381788,0.0150568716077402,0.00029405953043855
0.015,1.5,20000,296,0.0159064181642585,0.0156126966683381,0.000293721495920456
0.015,1.5,20000,297,0.0164389868508981,0.0161486179833957,0.000290368867502409
0.015,1.5,20000,298,0.0169451836573159,0.01666123014459,0.000283953512725938
0.015,1.5,20000,299,0.0174216656158006,0.0171471927509692,0.000274472864831447
0.015,1.5,20000,300,0.0178652374984531,0.017603266338215,0.000261971160238093
0.015,1.5,20000,301,0.0182728878761072,0.0180263481230824,0.000246539753024803
0.015,1.5,20000,302,0.0186418234940803,0.0184135070151662,0.000228316478914151
0.015,1.5,20000,303,0.0189695014106481,0.0187620173458469,0.000207484064801165
0.015,1.5,20000,304,0.0192536583769644,0.0190693907730262,0.000184267603938221
0.015,1.5,20000,305,0.0194923369809098,0.0193334058401425,0.000158931140767322
0.015,1.5,20000,306,0.0196839081311271,0.0195521346987728,0.000131773432354262
0.015,1.5,20000,307,0.0198270895201206,0.0197239665453944,0.000103122974726175
0.015,1.5,20000,308,0.0199209597753424,0.0198476273738506,7.33324014918282e-05
0.015,1.5,20000,309,0.0199649680830774,0.0199221957047382,4.27723783391828e-05
0.015,1.5,20000,310,0.0199589391499435,0.0199471140200716,1.18251298718286e-05
0.015,1.5,20000,311,0.0199030734491085,0.0199221957047382,-1.91222556297152e-05
0.015,1.5,20000,312,0.0197979427810359,0.0198476273738506,-4.96845928146805e-05
0.015,1.5,20000,313,0.019644481259845,0.0197239665453944,-7.94852855494216e-05
0.015,1.5,20000,314,0.0194439719144126,0.0195521346987728,-0.000108162784360228
0.015,1.5,20000,315,0.0191980291664646,0.0193334058401425,-0.000135376673677832
0.015,1.5,20000,316,0.0189085775145751,0.0190693907730262,-0.000160813258451065
0.015,1.5,20000,317,0.0185778268118507,0.0187620173458469,-0.000184190533996213
0.015,1.5,20000,318,0.0182082445750228,0.0184135070151662,-0.00020526244014334
0.015,1.5,20000,319,0.0178025258028074,0.0180263481230824,-0.000223822320275034
0.015,1.5,20000,320,0.017363560811117,0.017603266338215,-0.000239705527098018
0.015,1.5,20000,321,0.0168944016116826,0.0171471927509692,-0.000252791139286612
0.015,1.5,20000,322,0.0163982273687853,0.01666123014459,-0.000263002775804728
0.015,1.5,20000,323,0.0158783094663199,0.0161486179833957,-0.000270308517075799
0.015,1.5,20000,324,0.0153379767047441,0.0156126966683381,-0.000274719963594006
0.015,1.5,20000,325,0.0147805811252909,0.0150568716077402,-0.000276290482449284
0.015,1.5,20000,326,0.0142094649280074,0.0144845776380741,-0.000275112710066716
0.015,1.5,20000,327,0.0136279289117673,0.0138992443065498,-0.000271315394782565
0.015,1.5,20000,328,0.0130392028195722,0.0133042624949377,-0.000265059675365525
0.015,1.5,20000,329,0.0124464179224672,0.0127029528234594,-0.000256534900992235
0.015,1.5,20000,330,0.0118525821215819,0.0120985362259572,-0.000245954104375263
0.015,1.5,20000,331,0.0112605577915236,0.0114941070342116,-0.000233549242688058
0.015,1.5,20000,332,0.0106730425309151,0.0108926088516275,-0.000219566320712412
0.015,1.5,20000,333,0.01009255292858,0.0102968134359987,-0.000204260507418706
0.015,1.5,20000,334,0.00952141139792849,0.00970930274916065,-0.000187891351232159
0.015,1.5,20000,335,0.00896173607858866,0.0091324542694511,-0.000170718190862439
0.015,1.5,20000,336,0.00841543375423042,0.00856842960239037,-0.000152995848159948
0.015,1.5,20000,337,0.00788419568966562,0.00801916636709598,-0.000134970677430356
0.015,1.5,20000,338,0.00736949624935476,0.00748637328178724,-0.000116877032432478
0.015,1.5,20000,339,0.00687259412391419,0.00697152832226801,-9.89341983538231e-05
0.015,1.5,20000,340,0.0063945359614461,0.00647587978329459,-8.13438218484827e-05
0.015,1.5,20000,341,0.00593616217669889,0.00600045003484928,-6.42878581503924e-05
0.015,1.5,20000,342,0.00549811469324028,0.00554604173397278,-4.79270407324935e-05
0.015,1.5,20000,343,0.00508084636189209,0.0051132462281989,-3.23998663068134e-05
0.015,1.5,20000,344,0.00468463179239831,0.00470245386884435,-1.78220764460368e-05
0.015,1.5,20000,345,0.00430957933434397,0.00431386594132558,-4.28660698160478e-06
0.015,1.5,20000,346,0.00395564394727289,0.00394750791504471,8.13603222817906e-06
0.015,1.5,20000,347,0.00362264070826851,0.0036032437168109,1.93969914576127e-05
0.015,1.5,20000,348,0.00331025871739934,0.00328079073873383,2.94679786655093e-05
0.015,1.5,20000,349,0.00301807517679763,0.0029797353034408,3.8339873356824e-05
0.015,1.5,20000,350,0.00274556943712346,0.0026995483256594,4.60211114640583e-05
0.015,1.5,20000,351,0.00249213682515402,0.00243960092895914,5.25358961948824e-05
0.015,1.5,20000,352,0.00225710208763226,0.00219917979902136,5.79222886109049e-05
0.015,1.5,20000,353,0.00203973230873985,0.00197750207946851,6.22302292713362e-05
0.015,1.5,20000,354,0.00183924918109631,0.00177372964231157,6.5519538784736e-05
0.015,1.5,20000,355,0.00165484053254606,0.00158698259178337,6.78579407626897e-05
0.015,1.5,20000,356,0.00148567103275023,0.00141635188708006,6.93191456701712e-05
0.015,1.5,20000,357,0.00133089202438137,0.00126091099575972,6.99810286216491e-05
0.015,1.5,20000,358,0.00118965044322024,0.00111972651474214,6.99239284780975e-05
0.015,1.5,20000,359,0.00106109680942914,0.000991867719589766,6.92290898393752e-05
0.015,1.5,20000,360,0.000944392288542974,0.000876415024678427,6.7977263864547e-05
0.015,1.5,20000,361,0.000838714835152116,0.000772467356719758,6.62474784323579e-05
0.015,1.5,20000,362,0.000743264444779843,0.000679148461684281,6.41159830955618e-05
0.015,1.5,20000,363,0.000657267550061265,0.000595612180380259,6.16553696810057e-05
0.015,1.5,20000,364,0.000579980606034381,0.00052104674072113,5.89338653132518e-05
0.015,1.5,20000,365,0.000510692916218996,0.000454678125079553,5.60147911394434e-05
0.015,1.5,20000,366,0.000448728756280407,0.000395772579148998,5.29561771314086e-05
0.015,1.5,20000,367,0.000393448855571792,0.000343638334530699,4.98105210410939e-05
0.015,1.5,20000,368,0.000344251298861959,0.000297626620988793,4.66246778731668e-05
0.015,1.5,20000,369,0.000300571911236746,0.000257132046152697,4.34398650840491e-05
0.015,1.5,20000,370,0.000261884188674952,0.0002215924205969,4.02917680780516e-05
0.015,1.5,20000,371,0.000227698835308015,0.00019048810491109,3.7210730396925e-05
0.015,1.5,20000,372,0.000197562966041278,0.000163340952809996,3.42220132312817e-05
0.015,1.5,20000,373,0.000171059030202919,0.000139712920743972,3.13461094589466e-05
0.015,1.5,20000,374,0.000147803508346495,0.000119204410073242,2.8599098273253e-05
0.015,1.5,20000,375,0.000127445430406068,0.000101452402864988,2.599302754108e-05
0.015,1.5,20000,376,0.000109664759218797,8.6128446952684e-05,2.3536312266113e-05
0.015,1.5,20000,377,9.4170679105039e-05,7.29365402333373e-05,2.12341388717017e-05
0.015,1.5,20000,378,8.06998248327039e-05,6.16109584236509e-05,1.9088866409053e-05
0.015,1.5,20000,379,6.901448197888e-05,5.19140647830706e-05,1.71004171958094e-05
0.015,1.5,20000,380,5.89007855114573e-05,4.3634134752288e-05,1.52666507591693e-05
0.015,1.5,20000,381,5.01669394066433e-05,3.65832231415155e-05,1.35837162651278e-05
0.015,1.5,20000,382,4.2641476341983e-05,3.05950965056886e-05,1.20463798362945e-05
0.015,1.5,20000,383,3.61715729937795e-05,2.55232487172093e-05,1.06483242765702e-05
0.015,1.5,20000,384,3.06214332466578e-05,2.12390135275376e-05,9.38241971912018e-06
0.015,1.5,20000,385,2.58707487056743e-05,1.76297841183723e-05,8.24096458730205e-06
0.015,1.5,20000,386,2.18132432935417e-05,1.4597346289573e-05,7.21589700396866e-06
0.015,1.5,20000,387,1.83553064156185e-05,1.20563290112997e-05,6.29897740431884e-06
0.015,1.5,20000,388,1.54147171756559e-05,9.93277356963863e-06,5.48194360601732e-06
0.015,1.5,20000,389,1.29194604133474e-05,8.16282043831211e-06,4.75663997503527e-06
0.015,1.5,20000,390,1.08066338941718e-05,6.69151128824427e-06,4.11512260592758e-06
0.015,1.5,20000,391,9.02144479372396e-06,5.47170217199003e-06,3.54974262173393e-06
0.015,1.5,20000,392,7.51629266168908e-06,4.46308285885665e-06,3.05320980283244e-06
0.015,1.5,20000,393,6.24993530274927e-06,3.63129651511262e-06,2.61863878763665e-06
0.015,1.5,20000,394,5.18673345048742e-06,2.94715338782699e-06,2.23958006266043e-06
0.015,1.5,20000,395,4.29596971345015e-06,2.38593182706025e-06,1.9100378863899e-06
0.015,1.5,20000,396,3.5512370182127e-06,1.92675983710436e-06,1.62447718110835e-06
0.015,1.5,20000,397,2.92989164184288e-06,1.55207035289251e-06,1.37782128895037e-06
0.015,1.5,20000,398,2.41256589613786e-06,1.24712356450268e-06,1.16544233163518e-06
0.015,1.5,20000,399,1.9827355804323e-06,9.99589835346141e-07,9.83145745086155e-07
0.015,1.5,20000,400,1.62633744227061e-06,7.99187055345274e-07,8.27150386925337e-07
