Time_s,x_m,NumericalConcentration,AnalyticalConcentration,Error
5000,0,7.29844498509085e-11,6.07588284982329e-10,-5.3460383513142e-10
5000,1,1.44287458183575e-10,1.10157636246823e-09,-9.57288904284656e-10
5000,2,2.82101236079184e-10,1.97731964062447e-09,-1.69521840454528e-09
5000,3,5.45409156592701e-10,3.51395509482043e-09,-2.96854593822773e-09
5000,4,1.04266526157558e-09,6.18262050016585e-09,-5.13995523859026e-09
5000,5,1.97077780694679e-09,1.07697600425433e-08,-8.79898223559649e-09
5000,6,3.68270751883518e-09,1.85736184455529e-08,-1.48909109267178e-08
5000,7,6.80301599544232e-09,3.17134921671598e-08,-2.49104761717174e-08
5000,8,1.24225220670809e-08,5.36103534469762e-08,-4.11878313798953e-08
5000,9,2.24214091551084e-08,8.97243516238332e-08,-6.73029424687249e-08
5000,10,3.99975376056845e-08,1.4867195147343e-07,-1.08674413867745e-07
5000,11,7.05171634497661e-08,2.43896074589336e-07,-1.7337891113957e-07
5000,12,1.22863624156552e-07,3.96129909103207e-07,-2.73266284946656e-07
5000,13,2.11541766667161e-07,6.3698251788671e-07,-4.2544075121955e-07
5000,14,3.59908776631969e-07,1.01408520654867e-06,-6.54176429916705e-07
5000,15,6.05052779050956e-07,1.59837411069055e-06,-9.93321331639591e-07
5000,16,1.00503563421966e-06,2.49424712900536e-06,-1.4892114947857e-06
5000,17,1.64946002171066e-06,3.85351967420871e-06,-2.20405965249805e-06
5000,18,2.67461289942873e-06,5.89430677565398e-06,-3.21969387622525e-06
5000,19,4.28476981571797e-06,8.92616571771329e-06,-4.64139590199532e-06
5000,20,6.78159804578128e-06,1.33830225764885e-05,-6.60142453070725e-06
5000,21,1.06039364033951e-05,1.98655471392773e-05,-9.26161073588212e-06
5000,22,1.63805019172541e-05,2.9194692579146e-05,-1.28141906618919e-05
5000,23,2.49982026030554e-05,4.24780270550752e-05,-1.74798244520198e-05
5000,24,3.76886234895827e-05,6.11901930113772e-05,-2.35015695217945e-05
5000,25,5.61347835359302e-05,8.7268269504576e-05,-3.11334859686458e-05
5000,26,8.25993079863116e-05,0.000123221916847302,-4.06226088609903e-05
5000,27,0.000120073603129359,0.000172256893905368,-5.21832907760089e-05
5000,28,0.000172445364257003,0.000238408820146484,-6.59634558894813e-05
5000,29,0.000244678753009825,0.000326681905619992,-8.20031526101668e-05
5000,30,0.000342997892604489,0.000443184841193801,-0.000100186948589311
5000,31,0.000475060109562034,0.000595253241977585,-0.000120193132415552
5000,32,0.000650100898946541,0.000791545158297996,-0.000141444259351455
5000,33,0.00087902835756523,0.00104209348144226,-0.000163065123877029
5000,34,0.00117444140763086,0.00135829692336856,-0.000183855515737698
5000,35,0.00155054421858435,0.00175283004935685,-0.000202285830772502
5000,36,0.00202292956350998,0.00223945302948429,-0.000216523465974308
5000,37,0.00260820710194492,0.00283270377416012,-0.000224496672215202
5000,38,0.00332345927842877,0.00354745928462314,-0.000224000006194377
5000,39,0.00418551789134771,0.00439835959804272,-0.00021284170669501
5000,40,0.00521006824231283,0.00539909665131881,-0.000189028409005973
5000,41,0.00641060446113487,0.00656158147746766,-0.000150977016332791
5000,42,0.00779727794084542,0.00789501583008941,-9.77378892439958e-05
5000,43,0.00937569916385819,0.00940490773768869,-2.92085738304981e-05
5000,44,0.0111457695532702,0.0110920834679456,5.36860853246127e-05
5000,45,0.0131006321828139,0.0129517595665892,0.000148872616224757
5000,46,0.0152258361617131,0.0149727465635745,0.000253089598138587
5000,47,0.0174988075955064,0.0171368592047807,0.000361948390725637
5000,48,0.019888709189782,0.0194186054983213,0.000470103691460728
5000,49,0.0223567506763302,0.0217852177032551,0.000571532973075141
5000,50,0.0248569841865454,0.0241970724519143,0.000659911734631095
5000,51,0.0273375843914823,0.0266085249898755,0.000729059401606814
5000,52,0.0297425754896898,0.0289691552761483,0.000773420213541563
5000,53,0.0320139294098472,0.0312253933366761,0.000788536073171083
5000,54,0.0340939256325,0.03332246028918,0.000771465343320024
5000,55,0.0359276363910904,0.03520653267643,0.000721103714660408
5000,56,0.037465384660137,0.0368270140303323,0.00063837062980468
5000,57,0.0386650182797165,0.0381387815460524,0.000526236733664052
5000,58,0.0394938525649269,0.0391042693975456,0.000389583167381288
5000,59,0.0399301552186848,0.0396952547477012,0.000234900470983665
5000,60,0.0399640794180001,0.0398942280401433,6.98513778568527e-05
5000,61,0.0395979906038916,0.0396952547477012,-9.72641438095612e-05
5000,62,0.0388461760590377,0.0391042693975456,-0.000258093338507896
5000,63,0.037733969778854,0.0381387815460524,-0.000404811767198386
5000,64,0.0362963645458797,0.0368270140303323,-0.00053064948445266
5000,65,0.0345762151780575,0.03520653267643,-0.000630317498372418
5000,66,0.0326221592025415,0.03332246028918,-0.000700301086638447
5000,67,0.0304863923685648,0.0312253933366761,-0.000739000968111365
5000,68,0.0282224362783607,0.0289691552761483,-0.00074671899778762
5000,69,0.0258830248958399,0.0266085249898755,-0.000725500094035565
5000,70,0.0235182175988328,0.0241970724519143,-0.000678854853081567
5000,71,0.0211738212074479,0.0217852177032551,-0.000611396495807132
5000,72,0.0188901747944075,0.0194186054983213,-0.000528430703913785
5000,73,0.0167013218067928,0.0171368592047807,-0.000435537397987896
5000,74,0.0146345665694128,0.0149727465635745,-0.000338179994161667
5000,75,0.012710388579483,0.0129517595665892,-0.000241370987106198
5000,76,0.0109426695088534,0.0110920834679456,-0.000149413959092128
5000,77,0.00933917521527021,0.00940490773768869,-6.57325224184824e-05
5000,78,0.00790222841533316,0.00789501583008941,7.21258524374185e-06
5000,79,0.00662950654426921,0.00656158147746766,6.79250668015469e-05
5000,80,0.00551490287680955,0.00539909665131881,0.000115806225490745
5000,81,0.00454939611471354,0.00439835959804272,0.000151036516670823
5000,82,0.00372188316292475,0.00354745928462314,0.000174423878301602
5000,83,0.00301994054880726,0.00283270377416012,0.000187236774647148
5000,84,0.0024304908475099,0.00223945302948429,0.000191037818025607
5000,85,0.00194036071865444,0.00175283004935685,0.000187530669297587
5000,86,0.00153672612422378,0.00135829692336856,0.000178429200855223
5000,87,0.0012074476095371,0.00104209348144226,0.000165354128094837
5000,88,0.00094130402967414,0.000791545158297996,0.000149758871376144
5000,89,0.000728136814360454,0.000595253241977585,0.000132883572382869
5000,90,0.000558918942979694,0.000443184841193801,0.000115734101785894
5000,91,0.000425763495459702,0.000326681905619992,9.90815898397096e-05
5000,92,0.000321886247942404,0.000238408820146484,8.34774277959194e-05
5000,93,0.000241535597660047,0.000172256893905368,6.92787037546787e-05
5000,94,0.000179901414174178,0.000123221916847302,5.66794973268758e-05
5000,95,0.000133012471675611,8.7268269504576e-05,4.57442021710349e-05
5000,96,9.76301192890464e-05,6.11901930113772e-05,3.64399262776692e-05
5000,97,7.11439422280363e-05,4.24780270550752e-05,2.86659151729611e-05
5000,98,5.14734564120221e-05,2.9194692579146e-05,2.2278763832876e-05
5000,99,3.69784201180097e-05,1.98655471392773e-05,1.71128729787324e-05
5000,100,2.63791607585697e-05,1.33830225764885e-05,1.29961381820812e-05
5000,101,1.86873989482519e-05,8.92616571771329e-06,9.76123323053858e-06
5000,102,1.31473835365017e-05,5.89430677565398e-06,7.25307676084774e-06
5000,103,9.18669732221148e-06,3.85351967420871e-06,5.33317764800277e-06
5000,104,6.37581590661655e-06,2.49424712900536e-06,3.88156877761119e-06
5000,105,4.39536334096594e-06,1.59837411069055e-06,2.7969892302754e-06
5000,106,3.00997227094365e-06,1.01408520654867e-06,1.99588706439498e-06
5000,107,2.04769203972878e-06,6.3698251788671e-07,1.41070952184207e-06
5000,108,1.38396990280512e-06,3.96129909103207e-07,9.87839993701911e-07
5000,109,9.29337835516971e-07,2.43896074589336e-07,6.85441760927636e-07
5000,110,6.20055220085728e-07,1.4867195147343e-07,4.71383268612298e-07
5000,111,4.11075314490884e-07,8.97243516238332e-08,3.21350962867051e-07
5000,112,2.70813875029759e-07,5.36103534469762e-08,2.17203521582783e-07
5000,113,1.77297583468185e-07,3.17134921671598e-08,1.45584091301025e-07
5000,114,1.15356142666168e-07,1.85736184455529e-08,9.67825242206155e-08
5000,115,7.4594698312791e-08,1.07697600425433e-08,6.38249382702478e-08
5000,116,4.79432599621245e-08,6.18262050016585e-09,4.17606394619587e-08
5000,117,3.06282564669047e-08,3.51395509482043e-09,2.71143013720842e-08
5000,118,1.94497746962361e-08,1.97731964062447e-09,1.74724550556117e-08
5000,119,1.22779724559903e-08,1.10157636246823e-09,1.11763960935221e-08
5000,120,7.7051382404356e-09,6.07588284982329e-10,7.09754995545328e-09
5000,121,4.80725948786447e-09,3.31788424354729e-10,4.47547106350974e-09
5000,122,2.98194362362688e-09,1.79378390796409e-10,2.80256523283047e-09
5000,123,1.83910761931676e-09,9.60143337031233e-11,1.74309328561363e-09
5000,124,1.12782461682156e-09,5.08814028164506e-11,1.07694321400511e-09
5000,125,6.87738454315737e-10,2.66955661476285e-11,6.61042888168109e-10
5000,126,4.17035194697244e-10,1.38667999416531e-11,4.03168394755591e-10
5000,127,2.51483714459253e-10,7.13132812399608e-12,2.44352386335257e-10
5000,128,1.5081850625237e-10,3.63096150179179e-12,1.47187544750578e-10
5000,129,8.9955272131363e-11,1.83033221701558e-12,8.81249399143474e-11
5000,130,5.33636090178077e-11,9.13472040836459e-13,5.24501369769712e-11
5000,131,3.14868692643589e-11,4.51354367720552e-13,3.10355148966383e-11
5000,132,1.84798473949231e-11,2.20798996313714e-13,1.82590483986094e-11
5000,133,1.07887358104945e-11,1.06938378715416e-13,1.06817974317791e-11
5000,134,6.26562579018814e-12,5.12775363679668e-14,6.21434825382018e-12
5000,135,3.61991422651902e-12,2.43432053302901e-14,3.59557102118873e-12
5000,136,2.08060688885562e-12,1.14415649018014e-14,2.06916532395381e-12
5000,137,1.18975485342958e-12,5.32414837225296e-15,1.18443070505733e-12
5000,138,6.76890158819827e-13,2.45285528569642e-15,6.7443730353413e-13
5000,139,3.83168259167179e-13,1.11879562143519e-15,3.82049463545744e-13
5000,140,2.15818466829561e-13,5.05227108353689e-16,2.15313239721208e-13
5000,141,1.20957378506377e-13,2.2588094031543e-16,1.20731497566062e-13
5000,142,6.74586345208686e-14,9.99837874849718e-17,6.73586507333836e-14
5000,143,3.74386926882447e-14,4.38163943550936e-17,3.73948762938896e-14
5000,144,2.06775027925869e-14,1.90108153790796e-17,2.06584919772078e-14
5000,145,1.13654313974043e-14,8.16623563166955e-18,1.13572651617726e-14
5000,146,6.2172758161779e-15,3.47296274856621e-18,6.21380285342934e-15
5000,147,3.38498288123753e-15,1.46229635750065e-18,3.38352058488003e-15
5000,148,1.83430067576344e-15,6.09575812956246e-19,1.83369109995048e-15
5000,149,9.89367575914679e-16,2.51580577695142e-19,9.89115995336984e-16
5000,150,5.31169498824645e-16,1.02797735716689e-19,5.31066701088928e-16
5000,151,2.83865049849706e-16,4.15859897911513e-20,2.83823463859915e-16
5000,152,1.5101111603574e-16,1.66558803237992e-20,1.50994460155416e-16
5000,153,7.9972153487534e-17,6.60457986073936e-21,7.99655489076733e-17
5000,154,4.21615005055888e-17,2.59286470110039e-21,4.21589076408877e-17
5000,155,2.21286574768295e-17,1.00779353943e-21,2.21276496832901e-17
5000,156,1.15629858451803e-17,3.87811193174696e-22,1.15625980339871e-17
5000,157,6.01554331229487e-18,1.47749549270425e-22,6.0153955627456e-18
5000,158,3.11590002634521e-18,5.57300002272073e-23,3.11584429634498e-18
5000,159,1.60697700419989e-18,2.08117682020282e-23,1.60695619243169e-18
5000,160,8.25214482376125e-19,7.69459862670642e-24,8.25206787777498e-19
5000,161,4.21957236953995e-19,2.81656654427622e-24,4.2195442038745e-19
5000,162,2.14846208595548e-19,1.0207305594306e-24,2.14845187864989e-19
5000,163,1.08932555074338e-19,3.6623451685554e-25,1.08932188839821e-19
5000,164,5.50010990692938e-20,1.30096161992392e-25,5.50009689731318e-20
5000,165,2.76555003844714e-20,4.5753755905208e-26,2.76554546307154e-20
5000,166,1.38484382785581e-20,1.59311113270097e-26,1.38484223474467e-20
5000,167,6.90624076506019e-21,5.49189783181782e-27,6.90623527316235e-21
5000,168,3.43017783450886e-21,1.87437240234181e-27,3.43017596013646e-21
5000,169,1.69682790718131e-21,6.3335378218306e-28,1.69682727382753e-21
5000,170,8.36021217035538e-22,2.11881925350935e-28,8.36021005153612e-22
5000,171,4.10267490532859e-22,7.01775994266131e-29,4.1026742035526e-22
5000,172,2.00539094353313e-22,2.30123070884814e-29,2.00539071341006e-22
5000,173,9.76393404636562e-23,7.47100227588352e-30,9.76393329926539e-23
5000,174,4.73539319600572e-23,2.40134540000854e-30,4.73539295587118e-23
5000,175,2.28772662538834e-23,7.6416554115872e-31,2.28772654897179e-23
5000,176,1.10098247813242e-23,2.4075611318393e-31,1.10098245405681e-23
5000,177,5.27832458324998e-24,7.50972877249653e-32,5.2783245081527e-24
5000,178,2.52093860271633e-24,2.31914677725612e-32,2.52093857952486e-24
5000,179,1.19947140771347e-24,7.09070266842806e-33,1.19947140062276e-24
5000,180,5.68577717884683e-25,2.14638373566306e-33,5.68577715738299e-25
5000,181,2.68517632942536e-25,6.43254033463575e-34,2.68517632299282e-25
5000,182,1.2634249285197e-25,1.90859913463679e-34,1.2634249266111e-25
5000,183,5.9228432342233e-26,5.60665692630391e-35,5.92284322861665e-26
5000,184,2.7664676442855e-26,1.63061073483967e-35,2.76646764265489e-26
5000,185,1.28749574040178e-26,4.69519535797515e-36,1.28749573993226e-26
5000,186,5.97036708684195e-27,1.33848679925429e-36,5.97036708550347e-27
5000,187,2.7586802731728e-27,3.77773572114912e-37,2.75868027279503e-27
5000,188,1.27015515198077e-27,1.05561635024529e-37,1.27015515187521e-27
5000,189,5.82743065506785e-28,2.92036879386814e-38,5.82743065477581e-28
5000,190,2.66423269212946e-28,7.99882775700681e-39,2.66423269204947e-28
5000,191,1.21381235525172e-28,2.16906240026063e-39,1.21381235523003e-28
5000,192,5.51092981710185e-29,5.82337559973649e-40,5.51092981704361e-29
5000,193,2.49345536588434e-29,1.54787046629623e-40,2.49345536586887e-29
5000,194,1.1243229571912e-29,4.07334767752784e-41,1.12432295718713e-29
5000,195,5.0524566350945e-30,1.06126881391522e-41,5.05245663508388e-30
5000,196,2.26279561235365e-30,2.73751419235527e-42,2.26279561235091e-30
5000,197,1.01001626255028e-30,6.99108224970649e-43,1.01001626254958e-30
5000,198,4.49325128660186e-31,1.76762241025353e-43,4.49325128660009e-31
5000,199,1.99228404604402e-31,4.42477958331617e-44,1.99228404604358e-31
5000,200,8.8045838553103e-32,1.09660655938897e-44,8.8045838553092e-32
5000,201,3.87830685765102e-32,2.69071123564243e-45,3.87830685765075e-32
5000,202,1.70278534279169e-32,6.53642677531866e-46,1.70278534279163e-32
5000,203,7.45196141530726e-33,1.57206595860573e-46,7.4519614153071e-33
5000,204,3.25074366774003e-33,3.74333057988501e-47,3.25074366773999e-33
5000,205,1.4135288513221e-33,8.82475497459482e-48,1.41352885132209e-33
5000,206,6.12695601284879e-34,2.05970102240893e-48,6.12695601284877e-34
5000,207,2.64734906468027e-34,4.75951575302058e-49,2.64734906468026e-34
5000,208,1.14028172530618e-34,1.08887595532774e-49,1.14028172530618e-34
5000,209,4.89616108657087e-35,2.46632952588059e-50,4.89616108657087e-35
5000,210,2.09579983238376e-35,5.53070954984442e-51,2.09579983238376e-35
5000,211,8.9433945113339e-36,1.22791316722698e-51,8.9433945113339e-36
5000,212,3.80470771540432e-36,2.69905364438829e-52,3.80470771540432e-36
5000,213,1.61366840596665e-36,5.87370906627734e-53,1.61366840596665e-36
5000,214,6.82321521038322e-37,1.26552404660477e-53,6.82321521038322e-37
5000,215,2.87642620495355e-37,2.69951302458859e-54,2.87642620495355e-37
5000,216,1.20896670995327e-37,5.70108489094121e-55,1.20896670995327e-37
5000,217,5.06617118602116e-38,1.19202851277912e-55,5.06617118602116e-38
5000,218,2.11668969275796e-38,2.46758905156563e-56,2.11668969275796e-38
5000,219,8.81766672812977e-39,5.05726930437543e-57,8.81766672812977e-39
5000,220,3.66249113608024e-39,1.0261630727919e-57,3.66249113608024e-39
5000,221,1.51681669344244e-39,2.06145442958484e-58,1.51681669344244e-39
5000,222,6.26369156626135e-40,4.10004053583322e-59,6.26369156626135e-40
5000,223,2.57914311771346e-40,8.07345850316021e-60,2.57914311771346e-40
5000,224,1.05894970532107e-40,1.57393987977664e-60,1.05894970532107e-40
5000,225,4.33547789787398e-41,3.03790169878992e-61,4.33547789787398e-41
5000,226,1.76997545328121e-41,5.80518880652889e-62,1.76997545328121e-41
5000,227,7.20564638117601e-42,1.09828749001685e-62,7.20564638117601e-42
5000,228,2.9252354690611e-42,2.05718230302861e-63,2.9252354690611e-42
5000,229,1.18423416877903e-42,3.81493003615016e-64,1.18423416877903e-42
5000,230,4.78090202178711e-43,7.00418213431858e-65,4.78090202178711e-43
5000,231,1.92479360045627e-43,1.27316689976195e-65,1.92479360045627e-43
5000,232,7.7279991257395e-44,2.29123852369944e-66,7.7279991257395e-44
5000,233,3.09431832266668e-44,4.08236960107151e-67,3.09431832266668e-44
5000,234,1.23561830488001e-44,7.20130815271891e-68,1.23561830488001e-44
5000,235,4.92075151002684e-45,1.25767238287819e-68,4.92075151002684e-45
5000,236,1.95439603272137e-45,2.17460663429921e-69,1.95439603272137e-45
5000,237,7.74165783541718e-46,3.7226392159451e-70,7.74165783541718e-46
5000,238,3.05845296021931e-46,6.30925735560392e-71,3.05845296021931e-46
5000,239,1.20509750467362e-46,1.05867484136412e-71,1.20509750467362e-46
5000,240,4.73588536081315e-47,1.7587495425951e-72,4.73588536081315e-47
5000,241,1.85628560685102e-47,2.89269375273647e-73,1.85628560685102e-47
5000,242,7.25703125970226e-48,4.71040200308998e-74,7.25703125970226e-48
5000,243,2.82976048150511e-48,7.59399913842357e-75,2.82976048150511e-48
5000,244,1.10058275395995e-48,1.21210479490785e-75,1.10058275395995e-48
5000,245,4.26956743091404e-49,1.91543249167194e-76,4.26956743091404e-49
5000,246,1.65210997771743e-49,2.99675049817298e-77,1.65210997771743e-49
5000,247,6.37666557645928e-50,4.64185294137698e-78,6.37666557645928e-50
5000,248,2.45501186685937e-50,7.118512039239e-79,2.45501186685937e-50
5000,249,9.42810537685697e-51,1.08079698745474e-79,9.42810537685697e-51
5000,250,3.61170025726475e-51,1.62463603677361e-80,3.61170025726475e-51
5000,251,1.38013296009806e-51,2.41782628291809e-81,1.38013296009806e-51
5000,252,5.26087011893108e-52,3.56246955400142e-82,5.26087011893108e-52
5000,253,2.00044714094742e-52,5.19677942467218e-83,2.00044714094742e-52
5000,254,7.58813076603614e-53,7.50541068645505e-84,7.58813076603614e-53
5000,255,2.87134972497729e-53,1.07317783406827e-84,2.87134972497729e-53
5000,256,1.08389253629979e-53,1.51923858479616e-85,1.08389253629979e-53
5000,257,4.08169409392938e-54,2.12930230833068e-86,4.08169409392938e-54
5000,258,1.53339476344974e-54,2.95464782465912e-87,1.53339476344974e-54
5000,259,5.74687767778196e-55,4.05911332650999e-88,5.74687767778196e-55
5000,260,2.14871839776475e-55,5.52094836215976e-89,2.14871839776475e-55
5000,261,8.01496625412212e-56,7.43452538968056e-90,8.01496625412212e-56
5000,262,2.98265879415888e-56,9.91173923786589e-91,2.98265879415888e-56
5000,263,1.10736329463783e-56,1.30828855468156e-91,1.10736329463783e-56
5000,264,4.1017227299765e-57,1.70967779580276e-92,4.1017227299765e-57
5000,265,1.51578293381251e-57,2.21198438021057e-93,1.51578293381251e-57
5000,266,5.58865290748821e-58,2.8333935151438e-94,5.58865290748821e-58
5000,267,2.0558030581188e-58,3.5932612209698e-95,2.0558030581188e-58
5000,268,7.5450985708832e-59,4.51157041954817e-96,7.5450985708832e-59
5000,269,2.76288065217107e-59,5.60820326279146e-97,2.76288065217107e-59
5000,270,1.00943381425279e-59,6.90202942012722e-98,1.00943381425279e-59
5000,271,3.67973692106848e-60,8.40982428520439e-99,3.67973692106848e-60
5000,272,1.33839262462052e-60,1.01450476808823e-99,1.33839262462052e-60
5000,273,4.85716380441309e-61,1.21165315773518e-100,4.85716380441309e-61
5000,274,1.75881025064956e-61,1.43271431314954e-101,1.75881025064956e-61
5000,275,6.35472535011014e-62,1.67725052285439e-102,6.35472535011014e-62
5000,276,2.29097654016401e-62,1.94398687055943e-103,2.29097654016401e-62
5000,277,8.24128673512571e-63,2.23072366254665e-104,8.24128673512571e-63
5000,278,2.95817844673555e-63,2.53428396651606e-105,2.95817844673555e-63
5000,279,1.05952966756092e-63,2.85050516990129e-106,1.05952966756092e-63
5000,280,3.7867465800035e-64,3.17428155282526e-107,3.7867465800035e-64
5000,281,1.35050105552701e-64,3.49966208663318e-108,1.35050105552701e-64
5000,282,4.80709572123611e-65,3.82000415438134e-109,4.80709572123611e-65
5000,283,1.71138227418959e-65,4.12817988138305e-110,1.71138227418959e-65
5000,284,6.24048902714862e-66,4.41682757925957e-111,6.24048902714862e-66
5000,285,2.92303273956449e-66,4.67863681725005e-112,2.92303273956449e-66
5000,286,3.93807743168998e-66,4.90665222880077e-113,3.93807743168998e-66
5000,287,1.31440282955431e-65,5.09457870396069e-114,1.31440282955431e-65
5000,288,5.20247264138568e-65,5.23706940547389e-115,5.20247264138568e-65
5000,289,2.08767452569028e-64,5.32997826927636e-116,2.08767452569028e-64
5000,290,8.36269636270418e-64,5.37056036502059e-117,8.36269636270418e-64
5000,291,3.33929053749701e-63,5.35760660852311e-118,3.33929053749701e-63
5000,292,1.32898923550778e-62,5.2915036010843e-119,1.32898923550778e-62
5000,293,5.27145151322457e-62,5.1742144632415e-120,5.27145151322457e-62
5000,294,2.08385031385725e-61,5.00918198881809e-121,2.08385031385725e-61
5000,295,8.20949784215318e-61,4.80116078590688e-122,8.20949784215318e-61
5000,296,3.22304588240049e-60,4.55598982411223e-123,3.22304588240049e-60
5000,297,1.26096216729355e-59,4.2803205646125e-124,1.26096216729355e-59
5000,298,4.91596683610057e-59,3.98131830975331e-125,4.91596683610057e-59
5000,299,1.90973271071884e-58,3.66635540525494e-126,1.90973271071884e-58
5000,300,7.39227654876319e-58,3.34271444179446e-127,7.39227654876319e-58
5000,301,2.85108919446929e-57,3.01731775770568e-128,2.85108919446929e-57
5000,302,1.09560792197695e-56,2.69649658687503e-129,1.09560792197695e-56
5000,303,4.19465107161035e-56,2.38580946010108e-130,4.19465107161035e-56
5000,304,1.59998959635055e-55,2.08991533590797e-131,1.59998959635055e-55
5000,305,6.07999483299275e-55,1.81250279355152e-132,6.07999483299275e-55
5000,306,2.30164238650297e-54,1.55627281600378e-133,2.30164238650297e-54
5000,307,8.6796992606612e-54,1.32296950503022e-134,8.6796992606612e-54
5000,308,3.26052147176432e-53,1.11345069562581e-135,3.26052147176432e-53
5000,309,1.22002327698482e-52,9.27788966348838e-137,1.22002327698482e-52
5000,310,4.54706002243374e-52,7.65392973641939e-138,4.54706002243374e-52
5000,311,1.68794140670573e-51,6.25139288159476e-139,1.68794140670573e-51
5000,312,6.24065941618438e-51,5.05505833754016e-140,6.24065941618438e-51
5000,313,2.29790508013805e-50,4.04699441541896e-141,2.29790508013805e-50
5000,314,8.42643657228756e-50,3.20771735220884e-142,8.42643657228756e-50
5000,315,3.07714237820124e-49,2.5171937051934e-143,3.07714237820124e-49
5000,316,1.1189848385037e-48,1.95566397502237e-144,1.1189848385037e-48
5000,317,4.0518625866174e-48,1.50428072134006e-145,4.0518625866174e-48
5000,318,1.46089745842328e-47,1.14556727492298e-146,1.46089745842328e-47
5000,319,5.24444577e-47,8.63712814485415e-148,5.24444577e-47
5000,320,1.87445197986225e-46,6.44725997139785e-149,1.87445197986225e-46
5000,321,6.66996561923437e-46,4.76472738214517e-150,6.66996561923437e-46
5000,322,2.36279917792124e-45,3.48624566290756e-151,2.36279917792124e-45
5000,323,8.33226407682864e-45,2.52542788782736e-152,8.33226407682864e-45
5000,324,2.92489963987203e-44,1.81121085430694e-153,2.92489963987203e-44
5000,325,1.02199562219911e-43,1.28605667407137e-154,1.02199562219911e-43
5000,326,3.55430979495559e-43,9.0408290644886e-156,3.55430979495559e-43
5000,327,1.23028974526805e-42,6.29235858293183e-157,1.23028974526805e-42
5000,328,4.23821286974228e-42,4.33586473071761e-158,4.23821286974228e-42
5000,329,1.45297572437891e-41,2.95797868936079e-159,1.45297572437891e-41
5000,330,4.95690745750831e-41,1.99788925916828e-160,4.95690745750831e-41
5000,331,1.6827375353027e-40,1.33599501770216e-161,1.6827375353027e-40
5000,332,5.68395922462288e-40,8.84494873646529e-163,5.68395922462288e-40
5000,333,1.91024918810673e-39,5.79752802910907e-164,1.91024918810673e-39
5000,334,6.38717332329094e-39,3.7622482510588e-165,6.38717332329094e-39
5000,335,2.12462212753873e-38,2.41718057861955e-166,2.12462212753873e-38
5000,336,7.03045337590678e-38,1.53754486968385e-167,7.03045337590678e-38
5000,337,2.31412866760142e-37,9.68285784652423e-169,2.31412866760142e-37
5000,338,7.57648383410007e-37,6.03721119591263e-170,7.57648383410007e-37
5000,339,2.46715820237145e-36,3.72671547411204e-171,2.46715820237145e-36
5000,340,7.99002321499807e-36,2.27757747873666e-172,7.99002321499807e-36
5000,341,2.57331553245688e-35,1.37808859333741e-173,2.57331553245688e-35
5000,342,8.24145279203752e-35,8.25540095828345e-175,8.24145279203752e-35
5000,343,2.62453020445438e-34,4.89616742424258e-176,2.62453020445438e-34
5000,344,8.31012056399404e-34,2.87495733387358e-177,8.31012056399404e-34
5000,345,2.61602236384667e-33,1.67133536513008e-178,2.61602236384667e-33
5000,346,8.18698373346076e-33,9.61950793084426e-180,8.18698373346076e-33
5000,347,2.54697248926133e-32,5.48149681848935e-181,2.54697248926133e-32
5000,348,7.87610443146641e-32,3.09244889201407e-182,7.87610443146641e-32
5000,349,2.42077331048131e-31,1.72728082015782e-183,2.42077331048131e-31
5000,350,7.39469564668298e-31,9.55169454194884e-185,7.39469564668298e-31
5000,351,2.24479975713104e-30,5.22943724366569e-186,2.24479975713104e-30
5000,352,6.7716287553834e-30,2.83456578640636e-187,6.7716287553834e-30
5000,353,2.02970781640513e-29,1.52116099633861e-188,2.02970781640513e-29
5000,354,6.04456264241848e-29,8.08203779163086e-190,6.04456264241848e-29
5000,355,1.78835134122632e-28,4.25131835352755e-191,1.78835134122632e-28
5000,356,5.25608694166694e-28,2.21402965533738e-192,5.25608694166694e-28
5000,357,1.53447069688412e-27,1.1415640795179e-193,1.53447069688412e-27
5000,358,4.4494379051109e-27,5.82739170107054e-195,4.4494379051109e-27
5000,359,1.28134423756299e-26,2.94513483558448e-196,1.28134423756299e-26
5000,360,3.66440725557991e-26,1.47364613487855e-197,3.66440725557991e-26
5000,361,1.04059448073755e-25,7.30025938428096e-199,1.04059448073755e-25
5000,362,2.93400802739264e-25,3.58047320773999e-200,2.93400802739264e-25
5000,363,8.21305448309678e-25,1.73859978083492e-201,8.21305448309678e-25
5000,364,2.28230075824271e-24,8.35825983392249e-203,2.28230075824271e-24
5000,365,6.29544538011669e-24,3.97822342728212e-204,6.29544538011669e-24
5000,366,1.72355691603126e-23,1.87464711725791e-205,1.72355691603126e-23
5000,367,4.68306380588962e-23,8.74594901602383e-207,4.68306380588962e-23
5000,368,1.26269663418894e-22,4.03972134895266e-208,1.26269663418894e-22
5000,369,3.37824576359754e-22,1.84736594235044e-209,3.37824576359754e-22
5000,370,8.96736918078008e-22,8.36395160585646e-211,8.96736918078008e-22
5000,371,2.36144772110093e-21,3.74910103985516e-212,2.36144772110093e-21
5000,372,6.16862773693564e-21,1.66379507293868e-213,6.16862773693564e-21
5000,373,1.59827972150794e-20,7.3102053682659e-215,1.59827972150794e-20
5000,374,4.10702821455462e-20,3.17992133961217e-216,4.10702821455462e-20
5000,375,1.04657306643347e-19,1.36949430807977e-217,1.04657306643347e-19
5000,376,2.64444381089204e-19,5.83930474650626e-219,2.64444381089204e-19
5000,377,6.62487488440412e-19,2.46501238664795e-220,6.62487488440412e-19
5000,378,1.64533709778446e-18,1.0302298425818e-221,1.64533709778446e-18
5000,379,4.05061551560033e-18,4.26291036578447e-223,4.05061551560033e-18
5000,380,9.88395780525619e-18,1.74636625675878e-224,9.88395780525619e-18
5000,381,2.39022654779416e-17,7.0830697231575e-226,2.39022654779416e-17
5000,382,5.72796011843818e-17,2.84423029229417e-227,5.72796011843818e-17
5000,383,1.36009083612453e-16,1.13074598252917e-228,1.36009083612453e-16
5000,384,3.19960982749453e-16,4.4506393607549e-230,3.19960982749453e-16
5000,385,7.45660977780395e-16,1.73435026360644e-231,7.45660977780395e-16
5000,386,1.72129452345711e-15,6.69126564876757e-233,1.72129452345711e-15
5000,387,3.93543238395898e-15,2.55585839613636e-234,3.93543238395898e-15
5000,388,8.91060965761562e-15,9.66545627353634e-236,8.91060965761562e-15
5000,389,1.99781104299124e-14,3.61880338075915e-237,1.99781104299124e-14
5000,390,4.43494196544994e-14,1.34141966734944e-238,4.43494196544994e-14
5000,391,9.74681611178147e-14,4.92290445335546e-240,9.74681611178147e-14
5000,392,2.12047894136906e-13,1.78869049549811e-241,2.12047894136906e-13
5000,393,4.56622112845742e-13,6.43437023933842e-243,4.56622112845742e-13
5000,394,9.73167398113875e-13,2.29157433604821e-244,9.73167398113875e-13
5000,395,2.05249518386978e-12,8.08014041387245e-246,2.05249518386978e-12
5000,396,4.28348879182716e-12,2.8207261261027e-247,4.28348879182716e-12
5000,397,8.84487210163873e-12,9.74899818348358e-249,8.84487210163873e-12
5000,398,1.80685024694393e-11,3.33592373262658e-250,1.80685024694393e-11
5000,399,3.65130794998108e-11,1.13013231106371e-251,3.65130794998108e-11
5000,400,7.29844498509085e-11,3.79052640009287e-253,7.29844498509085e-11
10000,0,6.44961939410775e-17,2.05582901131573e-15,-1.99133281737465e-15
10000,1,1.20673175611006e-16,3.55437478443806e-15,-3.43370160882706e-15
10000,2,2.24499210373456e-16,6.11459892597934e-15,-5.89009971560588e-15
10000,3,4.15277664135046e-16,1.04664947445577e-14,-1.00512170804227e-14
10000,4,7.6379082777107e-16,1.78263763593815e-14,-1.70625855316105e-14
10000,5,1.39673823963239e-15,3.02101867900169e-14,-2.88134485503845e-14
10000,6,2.53952864943091e-15,5.09415643344014e-14,-4.84020356849705e-14
10000,7,4.59072939033657e-15,8.54711744730544e-14,-8.08804450827179e-14
10000,8,8.25075927066005e-15,1.42690675423217e-13,-1.34439916152556e-13
10000,9,1.47429074950655e-14,2.37028213518553e-13,-2.22285306023488e-13
10000,10,2.61904474111729e-14,3.91771663275433e-13,-3.6558121586426e-13
10000,11,4.62558852435457e-14,6.44309485639594e-13,-5.98053600396049e-13
10000,12,8.12174464392166e-14,1.05434940549645e-12,-9.73131959057235e-13
10000,13,1.41769914185418e-13,1.71673443074675e-12,-1.57496451656133e-12
10000,14,2.46017272945538e-13,2.78131517245272e-12,-2.53529789950718e-12
10000,15,4.24412805239033e-13,4.48358925858533e-12,-4.0591764533463e-12
10000,16,7.2785941457541e-13,7.1916735070127e-12,-6.46381409243729e-12
10000,17,1.24090256711039e-12,1.14779051893992e-11,-1.02370026222888e-11
10000,18,2.10307249489413e-12,1.82273625059549e-11,-1.61242900110608e-11
10000,19,3.54317525127315e-12,2.88013971883593e-11,-2.52582219370861e-11
10000,20,5.93401344679131e-12,4.52826473977172e-11,-3.93486339509259e-11
10000,21,9.87910993720068e-12,7.08400061301557e-11,-6.0960896192955e-11
10000,22,1.63492048756117e-11,1.10269117367086e-10,-9.39199124914739e-11
10000,23,2.6895605997929e-11,1.70788149981785e-10,-1.43892543983856e-10
10000,24,4.39813441214692e-11,2.63202553052039e-10,-2.1922120893057e-10
10000,25,7.14915882161805e-11,4.03599842987685e-10,-3.32108254771505e-10
10000,26,1.15514825834588e-10,6.15801024667086e-10,-5.00286198832498e-10
10000,27,1.85529994166551e-10,9.34885348130708e-10,-7.49355353964156e-10
10000,28,2.961976961861e-10,1.41222803014292e-09,-1.11603033395682e-09
10000,29,4.70043575384898e-10,2.1226570310422e-09,-1.6526134556573e-09
10000,30,7.41449299728638e-10,3.17455866796664e-09,-2.433109368238e-09
10000,31,1.1625454003095e-09,4.72406009973672e-09,-3.56151469942722e-09
10000,32,1.81184890528494e-09,6.99481122393749e-09,-5.18296231865255e-09
10000,33,2.80683143790332e-09,1.03054060881223e-08,-7.498574650219e-09
10000,34,4.32207130741104e-09,1.51071572330562e-08,-1.07850859256451e-08
10000,35,6.61527563365698e-09,2.20358047807951e-08,-1.54205291471381e-08
10000,36,1.00643051890259e-08,3.19818521133502e-08,-2.19175469243243e-08
10000,37,1.52194563709184e-08,4.61856258305332e-08,-3.09661694596148e-08
10000,38,2.28767253158761e-08,6.63649211179146e-08,-4.34881958020385e-08
10000,39,3.41796862013585e-08,9.48852835606196e-08,-6.07055973592611e-08
10000,40,5.07600608926144e-08,1.3498566943462e-07,-8.42256085420051e-08
10000,41,7.49301552217718e-08,1.91075496669301e-07,-1.1614534144753e-07
10000,42,1.09944214298148e-07,2.69123025917017e-07,-1.59178811618869e-07
10000,43,1.60350538000041e-07,3.77159668050407e-07,-2.16809130050366e-07
10000,44,2.32462030562667e-07,5.25930261089507e-07,-2.93468230526841e-07
10000,45,3.3497985679597e-07,7.29725634589542e-07,-3.94745777793573e-07
10000,46,4.79813139129225e-07,1.00744088833089e-06,-5.27627749201665e-07
10000,47,6.83147208436157e-07,1.38391071313774e-06,-7.00763504701582e-07
10000,48,9.66823805199162e-07,1.89158166991355e-06,-9.24757864714387e-07
10000,49,1.36010870967967e-06,2.57259043206331e-06,-1.21248172238364e-06
10000,50,1.90193532794886e-06,3.4813262986687e-06,-1.57939097071983e-06
10000,51,2.64372638130634e-06,4.6875653919673e-06,-2.04383901066096e-06
10000,52,3.65290944862263e-06,6.28027231301823e-06,-2.6273628643956e-06
10000,53,5.01725487074922e-06,8.37217193670763e-06,-3.35491706595841e-06
10000,54,6.85017535694492e-06,1.11051986051417e-05,-4.25502324819675e-06
10000,55,9.29713416558865e-06,1.46569311773448e-05,-5.35979701175616e-06
10000,56,1.25433113065095e-05,1.92481189963786e-05,-6.70480768986911e-06
10000,57,1.68226728971297e-05,2.51513944788949e-05,-8.3287215817652e-06
10000,58,2.24285754340599e-05,3.2701251243082e-05,-1.02726758090221e-05
10000,59,2.97260119929385e-05,4.23053409419851e-05,-1.25793289490466e-05
10000,60,3.91655688740967e-05,5.44571057588177e-05,-1.5291536884721e-05
10000,61,5.12991067099392e-05,6.97497154752718e-05,-1.84506087653326e-05
10000,62,6.67971075842323e-05,8.88912170219437e-05,-2.20941094377114e-05
10000,63,8.64675378614726e-05,0.000112720729739824,-2.62531918783518e-05
10000,64,0.000111275964562508,0.000142225431063134,-3.09494665006262e-05
10000,65,0.000142366531707044,0.00017855797555045,-3.61914438434057e-05
10000,66,0.000181083253892879,0.000223053876622905,-4.19706227300258e-05
10000,67,0.000228990920934784,0.000277248257559954,-4.825733662517e-05
10000,68,0.000287894734911619,0.000342891249995171,-5.49965150835522e-05
10000,69,0.000359857626695044,0.000421961189368503,-6.21035626734592e-05
10000,70,0.000447214032156934,0.000516674633852301,-6.94606016953673e-05
10000,71,0.000552578759822867,0.000629492123746017,-7.69133639231505e-05
10000,72,0.000678849464356945,0.000763118510886196,-8.42690465292506e-05
10000,73,0.000829201167607059,0.000920496631724023,-9.12954641169641e-05
10000,74,0.00100707125509825,0.00110479308330028,-9.77218282020311e-05
10000,75,0.00121613343449036,0.00131937489825376,-0.000103241463763401
10000,76,0.00146025928584008,0.00156777601242171,-0.000107516726581633
10000,77,0.00174346627122058,0.00185365258435171,-0.000110186313131124
10000,78,0.00206985140937497,0.00218072646584863,-0.000110875056473667
10000,79,0.00244351026085484,0.00255271643934383,-0.000109206178488993
10000,80,0.0028684414060153,0.00297325723059073,-0.000104815824575437
10000,81,0.00334843722130184,0.00344580676889233,-9.73695475904885e-05
10000,82,0.00388696245056382,0.00397354269193195,-8.65802413681257e-05
10000,83,0.0044870228028401,0.00455924966347558,-7.22268606354742e-05
10000,84,0.00515102655492754,0.00520519966990174,-5.41731149742057e-05
10000,85,0.00588064285936227,0.00591302806118227,-3.23852018200045e-05
10000,86,0.00667666111559333,0.00668360867508848,-6.94755949514746e-06
10000,87,0.00753885631155753,0.00751693189860458,2.192441295295e-05
10000,88,0.00846586564249556,0.0084119899448311,5.38756976644541e-05
10000,89,0.00945508192474519,0.00936667392426119,8.84080004839947e-05
10000,90,0.0105025693114017,0.0103776874355149,0.000124881875886834
10000,91,0.0116030065597731,0.0114404813658796,0.000162525193893526
10000,92,0.012749662584157,0.0125492143560091,0.000200448228147921
10000,93,0.0139344082513054,0.0136967429337025,0.0002376653176029
10000,94,0.0151477673539427,0.0148746446564367,0.000273122697505943
10000,95,0.0163790084584794,0.0160732767298802,0.000305731728599216
10000,96,0.0176162779094396,0.0172818715102635,0.000334406399176125
10000,97,0.0188467727406421,0.0184886690841627,0.000358103656479362
10000,98,0.0200569506577763,0.0196810857928572,0.000375864864919102
10000,99,0.0212327726917317,0.0208459161822864,0.000386856509445241
10000,100,0.0223599726532147,0.0219695644733861,0.000390408179828577
10000,101,0.0234243462221011,0.0230383003253055,0.000386045896795618
10000,102,0.02441205144947,0.0240385324709827,0.000373518978487281
10000,103,0.0253099116964155,0.0249570928036152,0.000352818892800266
10000,104,0.0261057116280271,0.0257815227404741,0.000324188887552986
10000,105,0.0267884768531596,0.0265003532344029,0.000288123618756766
10000,106,0.0273487281617265,0.0271033696776216,0.000245358484104886
10000,107,0.0277787020523214,0.0275818531662706,0.000196848886050819
10000,108,0.0280725303354132,0.0279287901697234,0.000143740165689774
10000,109,0.0282263729942836,0.0281390435606505,8.73294336331161e-05
10000,110,0.028238500124701,0.0282094791773878,2.90209473131492e-05
10000,111,0.028109320580167,0.0281390435606505,-2.97229804834646e-05
10000,112,0.0278413568395917,0.0279287901697234,-8.7433330131715e-05
10000,113,0.0274391675021998,0.0275818531662706,-0.00014268566407076
10000,114,0.0269092206155788,0.0271033696776216,-0.000194149062042754
10000,115,0.0262597226783248,0.0265003532344029,-0.000240630556078029
10000,116,0.0255004095602114,0.0257815227404741,-0.00028111318026269
10000,117,0.0246423066953089,0.0249570928036152,-0.000314786108306386
10000,118,0.0236974666882279,0.0240385324709827,-0.000341065782754842
10000,119,0.0226786929094264,0.0230383003253055,-0.000359607415879114
10000,120,0.0215992577389868,0.0219695644733861,-0.00037030673439933
10000,121,0.0204726238633301,0.0208459161822864,-0.000373292318956324
10000,122,0.01931217646543,0.0196810857928572,-0.000368909327427159
10000,123,0.0181309733187311,0.0184886690841627,-0.000357695765431699
10000,124,0.0169415187507107,0.0172818715102635,-0.000340352759552801
10000,125,0.0157555662429816,0.0160732767298802,-0.000317710486898621
10000,126,0.014583953143191,0.0148746446564367,-0.000290691513245686
10000,127,0.0134364696414918,0.0136967429337025,-0.000260273292210723
10000,128,0.0123217628692343,0.0125492143560091,-0.000227451486774784
10000,129,0.0112472757616945,0.0114404813658796,-0.000193205604185055
10000,130,0.0102192192337061,0.0103776874355149,-0.000158468201808787
10000,131,0.00924257528081451,0.00936667392426119,-0.000124098643446681
10000,132,0.00832112786229916,0.0084119899448311,-9.08620825319419e-05
10000,133,0.00745751785875958,0.00751693189860458,-5.94140398449995e-05
10000,134,0.00665331802845934,0.00668360867508848,-3.0290646629137e-05
10000,135,0.00590912370664313,0.00591302806118227,-3.90435453914012e-06
10000,136,0.00522465498622176,0.00520519966990174,1.94553163200186e-05
10000,137,0.00459886626605605,0.00455924966347558,3.96166025804744e-05
10000,138,0.00403005932971089,0.00397354269193195,5.65166377789429e-05
10000,139,0.00351599649555259,0.00344580676889233,7.0189726660258e-05
10000,140,0.00305401083007537,0.00297325723059073,8.07535994846397e-05
10000,141,0.00264111091261453,0.00255271643934383,8.83944732706942e-05
10000,142,0.00227407815523383,0.00218072646584863,9.33516893851984e-05
10000,143,0.00194955519350778,0.00185365258435171,9.59026091560773e-05
10000,144,0.00166412435263008,0.00156777601242171,9.63483402083745e-05
10000,145,0.00141437564318063,0.00131937489825376,9.50007449268694e-05
10000,146,0.00119696414045912,0.00110479308330028,9.21710571588487e-05
10000,147,0.00100865694300687,0.000920496631724023,8.81603112828481e-05
10000,148,0.00084637018594482,0.000763118510886196,8.32516750586246e-05
10000,149,0.000707196802476104,0.000629492123746017,7.77046787300866e-05
10000,150,0.000588425884498478,0.000516674633852301,7.17512506461768e-05
10000,151,0.00048755459508068,0.000421961189368503,6.55934057121768e-05
10000,152,0.000402293637500244,0.000342891249995171,5.9402387505073e-05
10000,153,0.000330567294573904,0.000277248257559954,5.33190370139499e-05
10000,154,0.000270509025613922,0.000223053876622905,4.74551489910174e-05
10000,155,0.000220453554077977,0.00017855797555045,4.1895578527527e-05
10000,156,0.000178926304132664,0.000142225431063134,3.67008730695303e-05
10000,157,0.000144630955654225,0.000112720729739824,3.19102259144008e-05
10000,158,0.000116435790627475,8.88912170219437e-05,2.75445736055316e-05
10000,159,9.33594045887131e-05,6.97497154752718e-05,2.36096891134413e-05
10000,160,7.45562588810727e-05,5.44571057588177e-05,2.0099153122255e-05
10000,161,5.93024563223847e-05,4.23053409419851e-05,1.69971153803996e-05
10000,162,4.69820368238259e-05,3.2701251243082e-05,1.42807855807439e-05
10000,163,3.70740121463987e-05,2.51513944788949e-05,1.19226176675038e-05
10000,164,2.91402912517591e-05,1.92481189963786e-05,9.89217225538048e-06
10000,165,2.28145899222032e-05,1.46569311773448e-05,8.15765874485838e-06
10000,166,1.77923703523241e-05,1.11051986051417e-05,6.6871717471824e-06
10000,167,1.38218177561352e-05,8.37217193670763e-06,5.44964581942759e-06
10000,168,1.06958309387381e-05,6.28027231301823e-06,4.41555862571985e-06
10000,169,8.24498133838945e-06,4.6875653919673e-06,3.55741594642215e-06
10000,170,6.33137925503418e-06,3.4813262986687e-06,2.85005295636548e-06
10000,171,4.84337582431394e-06,2.57259043206331e-06,2.27078539225062e-06
10000,172,3.6910237773795e-06,1.89158166991355e-06,1.79944210746595e-06
10000,173,2.80221821430702e-06,1.38391071313774e-06,1.41830750116928e-06
10000,174,2.11943966665934e-06,1.00744088833089e-06,1.11199877832845e-06
10000,175,1.59702488735388e-06,7.29725634589542e-07,8.67299252764339e-07
10000,176,1.19889544464408e-06,5.25930261089507e-07,6.72965183554575e-07
10000,177,8.96679778989779e-07,3.77159668050407e-07,5.19520110939372e-07
10000,178,6.68170475243232e-07,2.69123025917017e-07,3.99047449326215e-07
10000,179,4.9606476898199e-07,1.91075496669301e-07,3.04989272312688e-07
10000,180,3.66942488428878e-07,1.3498566943462e-07,2.31956818994258e-07
10000,181,2.70441546752361e-07,9.48852835606196e-08,1.75556263191741e-07
10000,182,1.98596617823448e-07,6.63649211179146e-08,1.32231696705533e-07
10000,183,1.45311674548877e-07,4.61856258305332e-08,9.91260487183442e-08
10000,184,1.05941604027402e-07,3.19818521133502e-08,7.39597519140518e-08
10000,185,7.69621287514011e-08,2.20358047807951e-08,5.4926323970606e-08
10000,186,5.57107702811782e-08,1.51071572330562e-08,4.0603613048122e-08
10000,187,4.01846186806247e-08,1.03054060881223e-08,2.98792125925024e-08
10000,188,2.88832546281208e-08,6.99481122393749e-09,2.18884434041833e-08
10000,189,2.06873540456794e-08,4.72406009973672e-09,1.59632939459427e-08
10000,190,1.47653320382548e-08,3.17455866796664e-09,1.15907733702882e-08
10000,191,1.05018983938769e-08,2.1226570310422e-09,8.37924136283466e-09
10000,192,7.44364344216311e-09,1.41222803014292e-09,6.0314154120202e-09
10000,193,5.25779026604667e-09,9.34885348130708e-10,4.32290491791597e-09
10000,194,3.70107300981787e-09,6.15801024667086e-10,3.08527198515078e-09
10000,195,2.59636326924009e-09,4.03599842987685e-10,2.19276342625241e-09
10000,196,1.81519523471107e-09,2.63202553052039e-10,1.55199268165903e-09
10000,197,1.2647594811117e-09,1.70788149981785e-10,1.09397133112992e-09
10000,198,8.78265559969716e-10,1.10269117367086e-10,7.67996442602631e-10
10000,199,6.07832089377109e-10,7.08400061301557e-11,5.36992083246953e-10
10000,200,4.19264192493597e-10,4.52826473977172e-11,3.7398154509588e-10
10000,201,2.88233712146893e-10,2.88013971883593e-11,2.59432314958533e-10
10000,202,1.97497257019376e-10,1.82273625059549e-11,1.79269894513421e-10
10000,203,1.34878600539244e-10,1.14779051893992e-11,1.23400695349845e-10
10000,204,9.18115003084975e-11,7.1916735070127e-12,8.46198268014848e-11
10000,205,6.22916005157156e-11,4.48358925858533e-12,5.78080112571302e-11
10000,206,4.21256438219117e-11,2.78131517245272e-12,3.9344328649459e-11
10000,207,2.83958265934951e-11,1.71673443074675e-12,2.66790921627484e-11
10000,208,1.90791749297341e-11,1.05434940549645e-12,1.80248255242377e-11
10000,209,1.27781489335183e-11,6.44309485639594e-13,1.21338394478787e-11
10000,210,8.53072055753106e-12,3.91771663275433e-13,8.13894889425562e-12
10000,211,5.67700133909358e-12,2.37028213518553e-13,5.43997312557503e-12
10000,212,3.76594390582369e-12,1.42690675423217e-13,3.62325323040048e-12
10000,213,2.49032649182141e-12,8.54711744730544e-14,2.40485531734835e-12
10000,214,1.64161876284495e-12,5.09415643344014e-14,1.59067719851055e-12
10000,215,1.07876749419792e-12,3.02101867900169e-14,1.04855730740791e-12
10000,216,7.06689818749852e-13,1.78263763593815e-14,6.88863442390471e-13
10000,217,4.61510017456681e-13,1.04664947445577e-14,4.51043522712124e-13
10000,218,3.00462713634877e-13,6.11459892597934e-15,2.94348114708897e-13
10000,219,1.95012746379972e-13,3.55437478443806e-15,1.91458371595534e-13
10000,220,1.26183956708919e-13,2.05582901131573e-15,1.24128127697603e-13
10000,221,8.13991270670689e-14,1.18314858636503e-15,8.02159784807038e-14
10000,222,5.23498589532406e-14,6.77516873117446e-16,5.16723420801232e-14
10000,223,3.35658083350937e-14,3.86037477767721e-16,3.3179770857326e-14
10000,224,2.14570572544938e-14,2.1886048180415e-16,2.12381967726897e-14
10000,225,1.36754069706885e-14,1.23462128524105e-16,1.35519448421644e-14
10000,226,8.68986378737624e-15,6.92992759032093e-17,8.62056451147303e-15
10000,227,5.50546257329777e-15,3.87036711546593e-17,5.46675890214311e-15
10000,228,3.47766935623577e-15,2.1508204293992e-17,3.45616115194178e-15
10000,229,2.19029115435323e-15,1.18928152516366e-17,2.1783983391016e-15
10000,230,1.37543452557208e-15,6.54325309812316e-18,1.36889127247396e-15
10000,231,8.61207686365254e-16,3.58204711713413e-18,8.5762563924812e-16
10000,232,5.37664217947553e-16,1.95118027248151e-18,5.35713037675071e-16
10000,233,3.34699419817537e-16,1.05752836832119e-18,3.33641891449216e-16
10000,234,2.07751737459222e-16,5.70315511363663e-19,2.07181421947858e-16
10000,235,1.2858357910733e-16,3.06032019814988e-19,1.28277547087515e-16
10000,236,7.93565400594764e-17,1.63398129729462e-19,7.91931419297469e-17
10000,237,4.88361594652289e-17,8.68072146583791e-20,4.87493522505705e-17
10000,238,2.99686383375916e-17,4.58873617674787e-20,2.99227509758241e-17
10000,239,1.8338524054522e-17,2.41356436234766e-20,1.83143884108985e-17
10000,240,1.11902221902868e-17,1.26314500076566e-20,1.11775907402792e-17
10000,241,6.8091840326751e-18,6.57773023273599e-21,6.80260630244237e-18
10000,242,4.13179251414958e-18,3.40821855328626e-21,4.12838429559629e-18
10000,243,2.50019576237561e-18,1.75714395197184e-21,2.49843861842364e-18
10000,244,1.50871281736274e-18,9.01396308884399e-22,1.50781142105386e-18
10000,245,9.07906544341641e-19,4.60100532895942e-22,9.07446443808745e-19
10000,246,5.44857120628068e-19,2.33678214060436e-22,5.44623442414008e-19
10000,247,3.26088827622216e-19,1.18089760249818e-22,3.25970737861966e-19
10000,248,1.94628245703345e-19,5.93792604886259e-23,1.94568866442856e-19
10000,249,1.15850337660877e-19,2.97088510148226e-23,1.15820628809862e-19
10000,250,6.87725335848197e-20,1.47899073950077e-23,6.87577436774247e-20
10000,251,4.07158772626812e-20,7.32611246244878e-24,4.07085511502188e-20
10000,252,2.40407692615287e-20,3.61085654895248e-24,2.40371584049797e-20
10000,253,1.41570714901814e-20,1.77082407153793e-24,1.41553006661098e-20
10000,254,8.31464426059871e-21,8.64110189106616e-25,8.31378015040961e-21
10000,255,4.87039019043365e-21,4.19557378289832e-25,4.86997063305536e-21
10000,256,2.84536705993754e-21,2.02694576003526e-25,2.84516436536153e-21
10000,257,1.65795179675608e-21,9.74364425694147e-26,1.65785436031351e-21
10000,258,9.63538617646583e-22,4.6604648732328e-26,9.6349201299785e-22
10000,259,5.58514583455413e-22,2.21802065508438e-26,5.58492403248862e-22
10000,260,3.22903378871254e-22,1.05034134452875e-26,3.22892875457809e-22
10000,261,1.86203494654606e-22,4.94907303981502e-27,1.86198545581566e-22
10000,262,1.07098821171471e-22,2.3203088326967e-27,1.07096500862638e-22
10000,263,6.14423207067493e-23,1.08242110320227e-27,6.14412382856461e-23
10000,264,3.51593626321263e-23,5.02429621467204e-28,3.51588602025048e-23
10000,265,2.00682368320703e-23,2.32050628312308e-28,2.00680047814419e-23
10000,266,1.14255373777687e-23,1.06639669146951e-28,1.14254307380995e-23
10000,267,6.48854876797276e-24,4.87622073532173e-29,6.48850000576541e-24
10000,268,3.67558381986972e-24,2.21858694141699e-29,3.6755616340003e-24
10000,269,2.07690763858905e-24,1.00438004482658e-29,2.0768975947886e-24
10000,270,1.17064274931391e-24,4.52426699213996e-30,1.17063822504691e-24
10000,271,6.5819130720107e-25,2.02780833793804e-30,6.58189279392732e-25
10000,272,3.69151527391331e-25,9.04344934497788e-31,3.69150623046396e-25
10000,273,2.06531421843958e-25,4.01300632068844e-31,2.06531020543325e-25
10000,274,1.15265857618614e-25,1.7718791787998e-31,1.15265680430696e-25
10000,275,6.41730153128695e-26,7.78443135800759e-32,6.41729374685559e-26
10000,276,3.56406416421804e-26,3.40289234375517e-32,3.56406076132569e-26
10000,277,1.97462196815127e-26,1.48012383908186e-32,1.97462048802743e-26
10000,278,1.09136958643299e-26,6.40584498396467e-33,1.0913689458485e-26
10000,279,6.01745966857741e-27,2.75856564920401e-33,6.01745691001176e-27
10000,280,3.30987802901971e-27,1.18200346721404e-33,3.30987684701624e-27
10000,281,1.81623579769366e-27,5.03944494127406e-34,1.81623529374916e-27
10000,282,9.94255190449745e-28,2.13783993973855e-34,9.94254976665751e-28
10000,283,5.42991246542629e-28,9.02393993246009e-35,5.4299115630323e-28
10000,284,2.95842813865004e-28,3.79005692326587e-35,2.95842775964435e-28
10000,285,1.60807514960488e-28,1.58388555208912e-35,1.60807499121633e-28
10000,286,8.72032436083321e-29,6.58613137457571e-36,8.72032370222007e-29
10000,287,4.71784599769546e-29,2.72499374120468e-36,4.71784572519608e-29
10000,288,2.54649906623703e-29,1.12183544182829e-36,2.54649895405349e-29
10000,289,1.37131023379911e-29,4.59537895835276e-37,1.37131018784532e-29
10000,290,7.36756745077042e-30,1.87301835706149e-37,7.36756726346858e-30
10000,291,3.94923050031002e-30,7.59611032772585e-38,3.94923042434892e-30
10000,292,2.11205163565396e-30,3.06527202440517e-38,2.11205160500124e-30
10000,293,1.12694825474832e-30,1.2307654800264e-38,1.12694824244067e-30
10000,294,5.9994922822975e-31,4.91711221636261e-39,5.99949223312637e-31
10000,295,3.18668962803622e-31,1.9546700567904e-39,3.18668960848952e-31
10000,296,1.68882022640432e-31,7.73152791346982e-40,1.68882021867279e-31
10000,297,8.92995119716082e-32,3.04288629242125e-40,8.92995116673196e-32
10000,298,4.71129565272496e-32,1.19161139344986e-40,4.71129564080885e-32
10000,299,2.48005219957796e-32,4.64314341166733e-41,2.48005219493482e-32
10000,300,1.30260887832968e-32,1.80018888638499e-41,1.30260887652949e-32
10000,301,6.82658549848814e-33,6.94468548935753e-42,6.82658549154345e-33
10000,302,3.56970921329992e-33,2.66572666240746e-42,3.56970921063419e-33
10000,303,1.86253932510465e-33,1.01813924254543e-42,1.86253932408651e-33
10000,304,9.69671976905386e-34,3.86925422698203e-43,9.6967197651846e-34
10000,305,5.03726130019079e-34,1.46310630577457e-43,5.03726129872768e-34
10000,306,2.61106566778659e-34,5.5049455287606e-44,2.61106566723609e-34
10000,307,1.3505112537183e-34,2.06090843871031e-44,1.35051125351221e-34
10000,308,6.97010175784733e-35,7.67702397076055e-45,6.97010175707963e-35
10000,309,3.58958223698923e-35,2.84548056300315e-45,3.58958223670468e-35
10000,310,1.84465832042225e-35,1.0494140578386e-45,1.84465832031731e-35
10000,311,9.45929006781218e-36,3.85093917938307e-46,9.45929006742709e-36
10000,312,4.84033092555416e-36,1.40609598788606e-46,4.84033092541355e-36
10000,313,2.47154642940178e-36,5.10848127836326e-47,2.47154642935069e-36
10000,314,1.25933996134388e-36,1.84670349353821e-47,1.25933996132541e-36
10000,315,6.40325732869239e-37,6.64249235172143e-48,6.40325732862597e-37
10000,316,3.24897173877585e-37,2.37735196195904e-48,3.24897173875208e-37
10000,317,1.64505775561758e-37,8.46612020222879e-49,1.64505775560912e-37
10000,318,8.31208195531562e-38,2.99988015707811e-49,8.31208195528562e-38
10000,319,4.19116857468711e-38,1.05767419336315e-49,4.19116857467653e-38
10000,320,2.10892081203265e-38,3.71046584424606e-50,2.10892081202894e-38
10000,321,1.05898169983886e-38,1.29519003974606e-50,1.05898169983756e-38
10000,322,5.30668227190912e-39,4.49849333476914e-51,5.30668227190462e-39
10000,323,2.65380338390662e-39,1.55463769702537e-51,2.65380338390507e-39
10000,324,1.32445257092326e-39,5.34588774317069e-52,1.32445257092272e-39
10000,325,6.59738322590894e-40,1.8291065419926e-52,6.59738322590711e-40
10000,326,3.28176047610777e-40,6.22711231314894e-53,3.28176047610715e-40
10000,327,1.63483404059747e-40,2.10941933346809e-53,1.63483404059726e-40
10000,328,8.27846084670856e-41,7.10996844151471e-54,8.27846084670785e-41
10000,329,4.58146045412322e-41,2.38451990217789e-54,4.58146045412298e-41
10000,330,3.55660743154476e-41,7.95724550746146e-55,3.55660743154468e-41
10000,331,5.16238181585266e-41,2.64212336339153e-55,5.16238181585263e-41
10000,332,1.14717946501482e-40,8.72914992565667e-56,1.14717946501482e-40
10000,333,2.8932732044443e-40,2.86958663903555e-56,2.8932732044443e-40
10000,334,7.47083096902747e-40,9.38631787925849e-57,7.47083096902747e-40
10000,335,1.93143867202697e-39,3.05491901778413e-57,1.93143867202697e-39
10000,336,4.9779049377147e-39,9.89310625965008e-58,4.9779049377147e-39
10000,337,1.27791570973581e-38,3.18782280392328e-58,1.27791570973581e-38
10000,338,3.2671603982773e-38,1.0220783754782e-58,3.2671603982773e-38
10000,339,8.31817379462683e-38,3.26063926648992e-59,8.31817379462683e-38
10000,340,2.10892728344709e-37,1.03502260822044e-59,2.10892728344709e-37
10000,341,5.32426893564648e-37,3.26907922655447e-60,5.32426893564648e-37
10000,342,1.33848076738584e-36,1.02737639484489e-60,1.33848076738584e-36
10000,343,3.35048054696378e-36,3.21264137218243e-61,3.35048054696378e-36
10000,344,8.35091189424444e-36,9.99593538785859e-62,8.35091189424444e-36
10000,345,2.07243791373942e-35,3.09466155863903e-62,2.07243791373942e-35
10000,346,5.12081329961274e-35,9.53303983500817e-63,5.12081329961274e-35
10000,347,1.25978105424908e-34,2.9219863508371e-63,1.25978105424908e-34
10000,348,3.08559430515236e-34,8.91155487414223e-64,3.08559430515236e-34
10000,349,7.52417824189893e-34,2.70431524247315e-64,7.52417824189893e-34
10000,350,1.82660515900395e-33,8.16562955974701e-65,1.82660515900395e-33
10000,351,4.41452999747855e-33,2.45329943846531e-65,4.41452999747855e-33
10000,352,1.06210454287945e-32,7.33398424276533e-66,1.06210454287945e-32
10000,353,2.5437935376517e-32,2.18151354180536e-66,2.5437935376517e-32
10000,354,6.06480769507726e-32,6.45660742942085e-67,6.06480769507726e-32
10000,355,1.43933392447211e-31,1.90142577779598e-67,1.43933392447211e-31
10000,356,3.40019794866509e-31,5.57163811703213e-68,3.40019794866509e-31
10000,357,7.99528051877125e-31,1.62448218093999e-68,7.99528051877125e-31
10000,358,1.87128020825614e-30,4.71276224536907e-69,1.87128020825614e-30
10000,359,4.35921513265336e-30,1.36039377748962e-69,4.35921513265336e-30
10000,360,1.01072006461068e-29,3.90734960240282e-70,1.01072006461068e-29
10000,361,2.33235862619394e-29,1.11667921353196e-70,2.33235862619394e-29
10000,362,5.35661438985037e-29,3.17543422285878e-71,5.35661438985037e-29
10000,363,1.22434783482627e-28,8.98475703861575e-72,1.22434783482627e-28
10000,364,2.78501416702855e-28,2.52951979175242e-72,2.78501416702855e-28
10000,365,6.30444631367113e-28,7.08595440629556e-73,6.30444631367113e-28
10000,366,1.42020898546681e-27,1.97509119522917e-73,1.42020898546681e-27
10000,367,3.18370015589762e-27,5.47777866171733e-74,3.18370015589762e-27
10000,368,7.10191578690099e-27,1.51164681888831e-74,7.10191578690099e-27
10000,369,1.5764174105924e-26,4.15073222349233e-75,1.5764174105924e-26
10000,370,3.48183504803668e-26,1.13403804947857e-75,3.48183504803668e-26
10000,371,7.65200744097021e-26,3.08289734448306e-76,7.65200744097021e-26
10000,372,1.67325368987219e-25,8.33909705783529e-77,1.67325368987219e-25
10000,373,3.64046159671018e-25,2.24443752481465e-77,3.64046159671018e-25
10000,374,7.88040352675602e-25,6.01069292388589e-78,7.88040352675602e-25
10000,375,1.697176208383e-24,1.60165911210768e-78,1.697176208383e-24
10000,376,3.63647896012928e-24,4.24662746406288e-79,3.63647896012928e-24
10000,377,7.75175677684691e-24,1.12033206733056e-79,7.75175677684691e-24
10000,378,1.64389252694521e-23,2.94088401946135e-80,1.64389252694521e-23
10000,379,3.46808958410613e-23,7.68135002363658e-81,3.46808958410613e-23
10000,380,7.27847246590464e-23,1.99629969824438e-81,7.27847246590464e-23
10000,381,1.51954215353507e-22,5.16229066871991e-82,1.51954215353507e-22
10000,382,3.15571253664403e-22,1.32827407167332e-82,3.15571253664403e-22
10000,383,6.51904495966641e-22,3.40064630079636e-83,6.51904495966641e-22
10000,384,1.33955992734867e-21,8.66290914391262e-84,1.33955992734867e-21
10000,385,2.7379266649163e-21,2.19580911303389e-84,2.7379266649163e-21
10000,386,5.56612465176099e-21,5.53801253398364e-85,5.56612465176099e-21
10000,387,1.1255001481512e-20,1.38976641744131e-85,1.1255001481512e-20
10000,388,2.26354879567912e-20,3.47022967666583e-86,2.26354879567912e-20
10000,389,4.52768406677157e-20,8.62190341412371e-87,4.52768406677157e-20
10000,390,9.00730160042147e-20,2.13145719304675e-87,9.00730160042147e-20
10000,391,1.78211668123825e-19,5.24298486561438e-88,1.78211668123825e-19
10000,392,3.50663879489041e-19,1.28324364092049e-88,3.50663879489041e-19
10000,393,6.86199112363141e-19,3.12513055523649e-89,6.86199112363141e-19
10000,394,1.33537848901272e-18,7.57278692038918e-90,1.33537848901272e-18
10000,395,2.58431070018104e-18,1.82587833915701e-90,2.58431070018104e-18
10000,396,4.97350273076785e-18,4.38042716539761e-91,4.97350273076785e-18
10000,397,9.51806321881468e-18,1.04565788879091e-91,9.51806321881468e-18
10000,398,1.81131861823939e-17,2.48365518239245e-92,1.81131861823939e-17
10000,399,3.42762075843473e-17,5.86977575929191e-93,3.42762075843473e-17
10000,400,6.44961939410775e-17,1.38032148470256e-93,6.44961939410775e-17
15000,0,5.39804187532475e-23,6.79910180308118e-21,-6.74512138432793e-21
15000,1,9.9138987643357e-23,1.15704817979817e-20,-1.14713428103384e-20
15000,2,1.81381533832959e-22,1.96247301974929e-20,-1.94433486636599e-20
15000,3,3.30581714868622e-22,3.31747988094044e-20,-3.28442170945358e-20
15000,4,6.00203627291676e-22,5.58940079630976e-20,-5.52938043358059e-20
15000,5,1.08554879337983e-21,9.38587052392566e-20,-9.27731564458768e-20
15000,6,1.95581602127939e-21,1.57085542817286e-19,-1.55129726796006e-19
15000,7,3.51019783840494e-21,2.62029523451544e-19,-2.58519325613139e-19
15000,8,6.27562837831835e-21,4.35628804835384e-19,-4.29353176457066e-19
15000,9,1.11764019398711e-20,7.21830621907899e-19,-7.10654219968028e-19
15000,10,1.98272816201605e-20,1.19208264984775e-18,-1.17225536822759e-18
15000,11,3.50378916774391e-20,1.96213906275753e-18,-1.92710117108009e-18
15000,12,6.16770652095909e-20,3.21888567723876e-18,-3.15720861202917e-18
15000,13,1.08147816761723e-19,5.26300366825126e-18,-5.15485585148954e-18
15000,14,1.88893742529552e-19,8.57658003477606e-18,-8.38768629224651e-18
15000,15,3.28640167433922e-19,1.39298669538356e-17,-1.36012267864017e-17
15000,16,5.69540394962956e-19,2.25492521960258e-17,-2.19797118010628e-17
15000,17,9.83166019934924e-19,3.63805843985858e-17,-3.53974183786509e-17
15000,18,1.69053945850633e-18,5.85004962257554e-17,-5.6809956767249e-17
15000,19,2.89546044001058e-18,9.37565850915293e-17,-9.08611246515187e-17
15000,20,4.93971215524101e-18,1.49760183300976e-16,-1.44820471145735e-16
15000,21,8.39412068052852e-18,2.38420336745486e-16,-2.30026216064958e-16
15000,22,1.42081087990916e-17,3.78305436861148e-16,-3.64097328062056e-16
15000,23,2.39542646921247e-17,5.98265859760826e-16,-5.74311595068701e-16
15000,24,4.02265687564267e-17,9.42970724132959e-16,-9.02744155376532e-16
15000,25,6.72860210999717e-17,1.48133931981137e-15,-1.4140532987114e-15
15000,26,1.12102841312029e-16,2.31933372680735e-15,-2.20723088549532e-15
15000,27,1.86031538373285e-16,3.61929754154691e-15,-3.43326600317363e-15
15000,28,3.07491457940385e-16,5.6290834105547e-15,-5.32159195261431e-15
15000,29,5.06237669853619e-16,8.72576338035198e-15,-8.21952571049836e-15
15000,30,8.30136017440051e-16,1.34809820837941e-14,-1.26508460663541e-14
15000,31,1.35586356606169e-15,2.07583095006584e-14,-1.94024459345967e-14
15000,32,2.20573465456011e-15,3.18577269729743e-14,-2.96519923184142e-14
15000,33,3.57404288869068e-15,4.87292739701132e-14,-4.51552310814225e-14
15000,34,5.76811904007067e-15,7.42877914813311e-14,-6.85196724412604e-14
15000,35,9.27204314329163e-15,1.12874881026889e-13,-1.03602837883597e-13
15000,36,1.48450727031672e-14,1.70934417186217e-13,-1.56089344483049e-13
15000,37,2.36730284837848e-14,2.57996656201393e-13,-2.34323627717608e-13
15000,38,3.76000947167154e-14,3.8810656645e-13,-3.50506471733285e-13
15000,39,5.94821657568384e-14,5.81889145366933e-13,-5.22406979610095e-13
15000,40,9.37230646118026e-14,8.69524599010376e-13,-7.75801534398574e-13
15000,41,1.47084629591461e-13,1.29501810885961e-12,-1.14793347926815e-12
15000,42,2.29905044618104e-13,1.92230440774751e-12,-1.69239936312941e-12
15000,43,3.5792289266218e-13,2.8439426469237e-12,-2.48601975426152e-12
15000,44,5.54995747119947e-13,4.19345375134614e-12,-3.6384580042262e-12
15000,45,8.57133643675963e-13,6.16275968927937e-12,-5.30562604560341e-12
15000,46,1.3184562174275e-12,9.02674055944126e-12,-7.70828434201377e-12
15000,47,2.01995089113483e-12,1.31776824962225e-11,-1.11577316050876e-11
15000,48,3.08229038320107e-12,1.91734148965682e-11,-1.60911245133672e-11
15000,49,4.68450509990246e-12,2.78043183620028e-11,-2.31198132621003e-11
15000,50,7.09105995401485e-12,4.01862412158526e-11,-3.30951812618377e-11
15000,51,1.06909376205996e-11,5.78888434062992e-11,-4.71979057856996e-11
15000,52,1.60537915691323e-11,8.31121869712547e-11,-6.70583954021223e-11
15000,53,2.40102503715534e-11,1.18928762419664e-10,-9.4918512048111e-11
15000,54,3.57662269107507e-11,1.69613900200564e-10,-1.33847673289813e-10
15000,55,5.30648731381903e-11,2.41095072016669e-10,-1.88030198878479e-10
15000,56,7.84149660733068e-11,3.41560450753512e-10,-2.63145484680205e-10
15000,57,1.15411461971224e-10,4.822799134211e-10,-3.66868451449876e-10
15000,58,1.69183294384036e-10,6.78708240612358e-10,-5.09524946228321e-10
15000,59,2.47015967085659e-10,9.51961581803941e-10,-7.04945614718283e-10
15000,60,3.59213062229356e-10,1.33078554038399e-09,-9.71572478154632e-10
15000,61,5.20282663360283e-10,1.85416797865579e-09,-1.3338853152955e-09
15000,62,7.50563413419491e-10,2.574793662268e-09,-1.82423024884851e-09
15000,63,1.07844240351307e-09,3.56359333565593e-09,-2.48515093214286e-09
15000,64,1.54336569119965e-09,4.91570934866613e-09,-3.37234365746648e-09
15000,65,2.19990489259388e-09,6.75828662269004e-09,-4.55838173009615e-09
15000,66,3.12322353115707e-09,9.26060517085713e-09,-6.13738163970006e-09
15000,67,4.41638894105624e-09,1.26472027774999e-08,-8.23081383644368e-09
15000,68,6.22010463052704e-09,1.72147986365735e-08,-1.09946940060465e-08
15000,69,8.72560015642743e-09,2.33540262520932e-08,-1.46284260956657e-08
15000,70,1.21916178073673e-08,3.15772229006846e-08,-1.93856050933172e-08
15000,71,1.6966685886451e-08,4.25538102987524e-08,-2.55871244123014e-08
15000,72,2.3518176395178e-08,5.71551442747899e-08,-3.3636967879612e-08
15000,73,3.24700208319497e-08,7.65111182148187e-08,-4.4041097382869e-08
15000,74,4.46514130621487e-08,1.0208128418984e-07,-5.74298711276911e-08
15000,75,6.11593751159644e-08,1.35743815497526e-07,-7.45844403815615e-08
15000,76,8.34387132860437e-08,1.79906283199463e-07,-9.64675699134189e-08
15000,77,1.13383661240365e-07,2.37642964876786e-07,-1.24259303636421e-07
15000,78,1.53466406953481e-07,3.12864252926778e-07,-1.59397845973297e-07
15000,79,2.06898742988382e-07,4.1052468719474e-07,-2.03625944206358e-07
15000,80,2.77834274974928e-07,5.36877204954691e-07,-2.59042929979762e-07
15000,81,3.71619977856528e-07,6.99782379127255e-07,-3.28162401270727e-07
15000,82,4.95107405921824e-07,9.090826975242e-07,-4.13975291602377e-07
15000,83,6.57035536938113e-07,1.17705331046411e-06,-5.20017773526e-07
15000,84,8.68499050932208e-07,1.51894212287532e-06,-6.50443071943111e-07
15000,85,1.14351778823359e-06,1.9536136030759e-06,-8.10095814842308e-07
15000,86,1.4997251647864e-06,2.50431218694694e-06,-1.00458702216055e-06
15000,87,1.95919539614627e-06,3.19956262496216e-06,-1.24036722881589e-06
15000,88,2.54943142856716e-06,4.07422598952765e-06,-1.5247945609605e-06
15000,89,3.30453741037233e-06,5.17073125641444e-06,-1.86619384604211e-06
15000,90,4.26660125237598e-06,6.54050330699988e-06,-2.2739020546239e-06
15000,91,5.48731419282443e-06,8.24560876253002e-06,-2.75829456970559e-06
15000,92,7.02985514720759e-06,1.03606411373889e-05,-3.33078599018128e-06
15000,93,8.97106781040715e-06,1.2974866250664e-05,-4.00379844025686e-06
15000,94,1.14039577906131e-05,1.61946475165549e-05,-4.79068972594176e-06
15000,95,1.44405352754735e-05,2.01461684866251e-05,-5.7056332111516e-06
15000,96,1.82150256316712e-05,2.49784666764249e-05,-6.76344104475366e-06
15000,97,2.28874656833478e-05,3.08667881101844e-05,-7.97932242683654e-06
15000,98,2.86476969683694e-05,3.80162659998199e-05,-9.36856903145049e-06
15000,99,3.5719758813367e-05,4.66659193910863e-05,-1.09461605777193e-05
15000,100,4.43666734041826e-05,5.7092958335171e-05,-1.27262849309884e-05
15000,101,5.48956020049012e-05,6.96173710857592e-05,-1.47217690808581e-05
15000,102,6.76633360017458e-05,8.46067559310557e-05,-1.694341992931e-05
15000,103,8.30820685002724e-05,0.000102481345555146,-1.93992770548739e-05
15000,104,0.000101625371863501,0.000123719155360005,-2.20937834965044e-05
15000,105,0.000123834284036718,0.000148861169126182,-2.50268850894637e-05
15000,106,0.000150323382084416,0.000178516455997304,-2.81930739128878e-05
15000,107,0.000181786695534251,0.000213367092394398,-3.15803968601473e-05
15000,108,0.000219003285506065,0.000254172741564406,-3.51694560583405e-05
15000,109,0.000262842288986337,0.000301774722621919,-3.89324336355821e-05
15000,110,0.000314267201935544,0.000357099380847855,-4.28321789123108e-05
15000,111,0.000374339151284823,0.000421160552468058,-4.68214011832357e-05
15000,112,0.000444218885519223,0.000495060901053186,-5.08420155339637e-05
15000,113,0.000525167197793903,0.000579991890046834,-5.48246922529315e-05
15000,114,0.000618543485790852,0.000677232147789594,-5.86886619987424e-05
15000,115,0.000725802150221641,0.000788143978839906,-6.23418286182642e-05
15000,116,0.000848486540403399,0.000914167779467397,-6.56812390639977e-05
15000,117,0.000988220171965587,0.00105681412692836,-6.85939549627745e-05
15000,118,0.00114669496959478,0.00121765333244258,-7.09583628478029e-05
15000,119,0.00132565632765379,0.00139830227743827,-7.26459497844877e-05
15000,120,0.00152688483405512,0.00160040839217032,-7.35235581152073e-05
15000,121,0.00175217456806177,0.00182563068553361,-7.34561174718469e-05
15000,122,0.00200330796040206,0.00207561779475808,-7.23098343560209e-05
15000,123,0.0022820272933701,0.0023519830932881,-6.99557999180021e-05
15000,124,0.00259000301803398,0.00265627697371495,-6.62739556809688e-05
15000,125,0.00292879917330723,0.00298995650891281,-6.11573356055764e-05
15000,126,0.00329983630490193,0.0033543527868446,-5.45164819426764e-05
15000,127,0.00370435239798177,0.00375063631073082,-4.62839127490532e-05
15000,128,0.00414336245209784,0.00417978095386799,-3.64185017701513e-05
15000,129,0.00461761743675337,0.00464252705442387,-2.49096176705016e-05
15000,130,0.00512756346647081,0.00513934432679231,-1.17808603214975e-05
15000,131,0.00567330212114775,0.00567039534910652,2.90677204122913e-06
15000,132,0.00625455290645018,0.00623550045771086,1.90524487393229e-05
15000,133,0.0068706188958639,0.00683410493520993,3.65139606539749e-05
15000,134,0.00752035661707155,0.00746524941572544,5.51072013461147e-05
15000,135,0.00820215123739063,0.00812754444606053,7.46067913300966e-05
15000,136,0.00891389806370881,0.00881915013190642,9.47479318023862e-05
15000,137,0.0096529913002265,0.00953776176192114,0.000115229538305353
15000,138,0.0104163209019703,0.0102806022380883,0.000135718663882059
15000,139,0.0112002782242442,0.0110444220476929,0.000155856176551304
15000,140,0.0120007709999367,0.0118255073909459,0.000175263608990815
15000,141,0.012813247981134,0.0126196969301699,0.000193551050964079
15000,142,0.0136327333632247,0.0134224074539906,0.000210325909234109
15000,143,0.0144538708741513,0.0142286685566525,0.000225202317498801
15000,144,0.0152709771651296,0.0150331662228595,0.0002378109422701
15000,145,0.0160781038892557,0.015830294987777,0.000247808901478762
15000,146,0.016869107608675,0.0166142181161014,0.000254889492573587
15000,147,0.0176377264373813,0.0173789350200422,0.000258791417339064
15000,148,0.0183776621131498,0.018118354920643,0.000259307192506851
15000,149,0.0190826660061416,0.0188263755571752,0.000256290448966443
15000,150,0.019746627420217,0.0194969655722741,0.000249661847942936
15000,151,0.0203636624318874,0.0201242490525487,0.000239413379338728
15000,152,0.0209282014458199,0.0207025905913773,0.000225610854442622
15000,153,0.0214350736281782,0.0212266791673659,0.000208394460812215
15000,154,0.0218795864115161,0.0216916091021973,0.000187977309318885
15000,155,0.0222575983474762,0.0220929563777196,0.000164641969756657
15000,156,0.0225655837144601,0.0224268486550083,0.000138735059451767
15000,157,0.0228006874633867,0.0226900274471478,0.000110660016238891
15000,158,0.0229607693006896,0.0228799010504167,8.08682502728211e-05
15000,159,0.0230444359575056,0.022994587031693,4.98489258126539e-05
15000,160,0.0230510609701043,0.023032943298089,1.81176720152505e-05
15000,161,0.0229807915906109,0.022994587031693,-1.37954410821019e-05
15000,162,0.0228345427500772,0.0228799010504167,-4.53583003395402e-05
15000,163,0.022613978298749,0.0226900274471478,-7.60491483988053e-05
15000,164,0.022321480041919,0.0224268486550083,-0.000105368613089352
15000,165,0.0219601053653789,0.0220929563777196,-0.000132851012340663
15000,166,0.0215335344942982,0.0216916091021973,-0.000158074607899107
15000,167,0.0210460086464678,0.0212266791673659,-0.000180670520898124
15000,168,0.0205022605196067,0.0207025905913773,-0.000200330071770623
15000,169,0.0199074386885865,0.0201242490525487,-0.000216810363962112
15000,170,0.0192670275792774,0.0194969655722741,-0.000229937992996688
15000,171,0.0185867647300888,0.0188263755571752,-0.000239610827086394
15000,172,0.0178725570505881,0.018118354920643,-0.00024579787005484
15000,173,0.0171303977406974,0.0173789350200422,-0.000248537279344773
15000,174,0.0163662854471218,0.0166142181161014,-0.000247932668979642
15000,175,0.0155861471102582,0.015830294987777,-0.000244147877518806
15000,176,0.0147957658002207,0.0150331662228595,-0.000237400422638827
15000,177,0.0140007146608851,0.0142286685566525,-0.000227953895767387
15000,178,0.0132062978825433,0.0134224074539906,-0.000216109571447258
15000,179,0.0124174994136312,0.0126196969301699,-0.000202197516538754
15000,180,0.0116389399067662,0.0118255073909459,-0.000186567484179676
15000,181,0.010874842180462,0.0110444220476929,-0.000169579867230903
15000,182,0.0101290052713401,0.0102806022380883,-0.000151596966748225
15000,183,0.00940478695777659,0.00953776176192114,-0.000132974804144556
15000,184,0.00870509445922546,0.00881915013190642,-0.000114055672680967
15000,185,0.00803238285962287,0.00812754444606053,-9.51615864376604e-05
15000,186,0.00738866067101103,0.00746524941572544,-7.65887447144098e-05
15000,187,0.00677550184659018,0.00683410493520993,-5.86030886197486e-05
15000,188,0.00619406347164686,0.00623550045771086,-4.14369860639984e-05
15000,189,0.00564510830616134,0.00567039534910652,-2.52870429451827e-05
15000,190,0.00512903132352065,0.00513934432679231,-1.03130032716578e-05
15000,191,0.00464588938410636,0.00464252705442387,3.36232968248685e-06
15000,192,0.00419543319846614,0.00417978095386799,1.56522445981504e-05
15000,193,0.00377714076974094,0.00375063631073082,2.65044590101217e-05
15000,194,0.00339025155611525,0.0033543527868446,3.58987692706419e-05
15000,195,0.00303380065820797,0.00298995650891281,4.38441492951577e-05
15000,196,0.00270665241038242,0.00265627697371495,5.03754366674714e-05
15000,197,0.00240753283582827,0.0023519830932881,5.55497425401711e-05
15000,198,0.0021350605100031,0.00207561779475808,5.94427152450115e-05
15000,199,0.00188777546288709,0.00182563068553361,6.21447773534783e-05
15000,200,0.00166416583505989,0.00160040839217032,6.37574428895681e-05
15000,201,0.00146269208374677,0.00139830227743827,6.43898063084941e-05
15000,202,0.00128180861095429,0.00121765333244258,6.41552785117076e-05
15000,203,0.00111998275525047,0.00105681412692836,6.3168628322113e-05
15000,204,0.000975711150636333,0.000914167779467397,6.15433711689364e-05
15000,205,0.000847533509653584,0.000788143978839906,5.93895308136788e-05
15000,206,0.000734043933054879,0.000677232147789594,5.68117852652847e-05
15000,207,0.000633899884997347,0.000579991890046834,5.39079949505126e-05
15000,208,0.000545829001032153,0.000495060901053186,5.0768099978967e-05
15000,209,0.000468633916586002,0.000421160552468058,4.74733641179434e-05
15000,210,0.000401195316766373,0.000357099380847855,4.40959359185183e-05
15000,211,0.000342473414894466,0.000301774722621919,4.06986922725474e-05
15000,212,0.000291508067984148,0.000254172741564406,3.7335326419742e-05
15000,213,0.000247417733291053,0.000213367092394398,3.40506408966551e-05
15000,214,0.000209397461913247,0.000178516455997304,3.08810059159433e-05
15000,215,0.000176716114074817,0.000148861169126182,2.78549449486357e-05
15000,216,0.000148712966966068,0.000123719155360005,2.4993811606062e-05
15000,217,0.000124793870587827,0.000102481345555146,2.2312525032681e-05
15000,218,0.000104427090618719,8.46067559310557e-05,1.98203346876633e-05
15000,219,8.71389604769419e-05,6.96173710857592e-05,1.75215893911827e-05
15000,220,7.25094479797989e-05,5.7092958335171e-05,1.54164896446279e-05
15000,221,6.01677257253692e-05,4.66659193910863e-05,1.35018063342829e-05
15000,222,4.97878188572948e-05,3.80162659998199e-05,1.17715528574749e-05
15000,223,4.10843894717008e-05,3.08667881101844e-05,1.02176013615164e-05
15000,224,3.38087037575567e-05,2.49784666764249e-05,8.83023708113181e-06
15000,225,2.77448161358061e-05,2.01461684866251e-05,7.59864764918099e-06
15000,226,2.27059942290189e-05,1.61946475165549e-05,6.51134671246398e-06
15000,227,1.85313994550413e-05,1.2974866250664e-05,5.5565332043773e-06
15000,228,1.50830303590108e-05,1.03606411373889e-05,4.72238922162197e-06
15000,229,1.22429294115111e-05,8.24560876253002e-06,3.99732064898105e-06
15000,230,9.91064881721128e-06,6.54050330699988e-06,3.37014551021141e-06
15000,231,8.0009667930956e-06,5.17073125641444e-06,2.83023553668116e-06
15000,232,6.44184267394494e-06,4.07422598952765e-06,2.36761668441729e-06
15000,233,5.17259696656849e-06,3.19956262496216e-06,1.97303434160633e-06
15000,234,4.14230098509039e-06,2.50431218694694e-06,1.63798879814345e-06
15000,235,3.3083598427845e-06,1.9536136030759e-06,1.3547462397086e-06
15000,236,2.63527224326399e-06,1.51894212287532e-06,1.11633012038867e-06
15000,237,2.09355060525834e-06,1.17705331046411e-06,9.16497294794226e-07
15000,238,1.65878548020509e-06,9.090826975242e-07,7.49702782680894e-07
15000,239,1.31083890004823e-06,6.99782379127255e-07,6.11056520920972e-07
15000,240,1.03315215390922e-06,5.36877204954691e-07,4.96274948954525e-07
15000,241,8.121544767972e-07,4.1052468719474e-07,4.01629789602461e-07
15000,242,6.36760191078009e-07,3.12864252926778e-07,3.23895938151231e-07
15000,243,4.97942930903913e-07,2.37642964876786e-07,2.60299966027127e-07
15000,244,3.88376668333677e-07,1.79906283199463e-07,2.08470385134214e-07
15000,245,3.02134321917543e-07,1.35743815497526e-07,1.66390506420017e-07
15000,246,2.34435744993349e-07,1.0208128418984e-07,1.32354460803509e-07
15000,247,1.81437848271123e-07,7.65111182148187e-08,1.04926730056305e-07
15000,248,1.40060500556569e-07,5.71551442747899e-08,8.29053562817787e-08
15000,249,1.07842667590257e-07,4.25538102987524e-08,6.52888572915041e-08
15000,250,8.28239899534205e-08,3.15772229006846e-08,5.1246767052736e-08
15000,251,6.34476672220834e-08,2.33540262520932e-08,4.00936409699903e-08
15000,252,4.84811092791934e-08,1.72147986365735e-08,3.12663106426199e-08
15000,253,3.69513404899593e-08,1.26472027774999e-08,2.43041377124593e-08
15000,254,2.80926027879508e-08,9.26060517085713e-09,1.88319976170936e-08
15000,255,2.13040046502052e-08,6.75828662269004e-09,1.45457180275152e-08
15000,256,1.61154097827931e-08,4.91570934866613e-09,1.1199700434127e-08
15000,257,1.21600574823058e-08,3.56359333565593e-09,8.59646414664986e-09
15000,258,9.15266136931231e-09,2.574793662268e-09,6.57786770704431e-09
15000,259,6.87194956867987e-09,1.85416797865579e-09,5.01778159002408e-09
15000,260,5.14679219225582e-09,1.33078554038399e-09,3.81600665187184e-09
15000,261,3.84521555364109e-09,9.51961581803941e-10,2.89325397183715e-09
15000,262,2.86573091409884e-09,6.78708240612358e-10,2.18702267348648e-09
15000,263,2.13051232442921e-09,4.822799134211e-10,1.64823241100811e-09
15000,264,1.58004649611046e-09,3.41560450753512e-10,1.23848604535695e-09
15000,265,1.16895043262194e-09,2.41095072016669e-10,9.27855360605273e-10
15000,266,8.627122480342e-10,1.69613900200564e-10,6.93098347833637e-10
15000,267,6.35159334349452e-10,1.18928762419664e-10,5.16230571929787e-10
15000,268,4.66497651445286e-10,8.31121869712547e-11,3.83385464474031e-10
15000,269,3.41797974307029e-10,5.78888434062992e-11,2.8390913090073e-10
15000,270,2.49830773099404e-10,4.01862412158526e-11,2.09644531883551e-10
15000,271,1.82172144280444e-10,2.78043183620028e-11,1.54367825918441e-10
15000,272,1.32519794632793e-10,1.91734148965682e-11,1.13346379736224e-10
15000,273,9.61712866025978e-11,1.31776824962225e-11,8.29936041063753e-11
15000,274,6.96272298502114e-11,9.02674055944126e-12,6.06004892907701e-11
15000,275,5.02903832331173e-11,6.16275968927937e-12,4.41276235438379e-11
15000,276,3.62381499419849e-11,4.19345375134614e-12,3.20446961906387e-11
15000,277,2.60510618122289e-11,2.8439426469237e-12,2.32071191653052e-11
15000,278,1.86838453272125e-11,1.92230440774751e-12,1.6761540919465e-11
15000,279,1.33687742852415e-11,1.29501810885961e-12,1.20737561763818e-11
15000,280,9.54342953450264e-12,8.69524599010376e-13,8.67390493549226e-12
15000,281,6.79685416792366e-12,5.81889145366933e-13,6.21496502255672e-12
15000,282,4.82953223027788e-12,3.8810656645e-13,4.44142566382788e-12
15000,283,3.42372477585964e-12,2.57996656201393e-13,3.16572811965824e-12
15000,284,2.42154361046987e-12,1.70934417186217e-13,2.25060919328365e-12
15000,285,1.70878890982272e-12,1.12874881026889e-13,1.59591402879583e-12
15000,286,1.20306806887439e-12,7.42877914813311e-14,1.12878027739306e-12
15000,287,8.45085445430383e-13,4.87292739701132e-14,7.9635617146027e-13
15000,288,5.92273972430113e-13,3.18577269729743e-14,5.60416245457138e-13
15000,289,4.14151493076634e-13,2.07583095006584e-14,3.93393183575976e-13
15000,290,2.88943756465012e-13,1.34809820837941e-14,2.75462774381218e-13
15000,291,2.01135082559647e-13,8.72576338035198e-15,1.92409319179295e-13
15000,292,1.39696553235348e-13,5.6290834105547e-15,1.34067469824793e-13
15000,293,9.68076795027827e-14,3.61929754154691e-15,9.31883819612358e-14
15000,294,6.69365126264986e-14,2.31933372680735e-15,6.46171788996913e-14
15000,295,4.61794111513319e-14,1.48133931981137e-15,4.46980718315205e-14
15000,296,3.17883956287517e-14,9.42970724132959e-16,3.08454249046187e-14
15000,297,2.18336628416886e-14,5.98265859760826e-16,2.12353969819277e-14
15000,298,1.49632251668542e-14,3.78305436861148e-16,1.4584919729993e-14
15000,299,1.02321590733437e-14,2.38420336745486e-16,9.99373873659819e-15
15000,300,6.98161093182903e-15,1.49760183300976e-16,6.83185074852806e-15
15000,301,4.75327681163204e-15,9.37565850915293e-17,4.65952022654051e-15
15000,302,3.22910731851239e-15,5.85004962257554e-17,3.17060682228664e-15
15000,303,2.18890318698779e-15,3.63805843985858e-17,2.1525226025892e-15
15000,304,1.48056716263102e-15,2.25492521960258e-17,1.458017910435e-15
15000,305,9.99286288396485e-16,1.39298669538356e-17,9.85356421442649e-16
15000,306,6.7299952812005e-16,8.57658003477606e-18,6.64422948085274e-16
15000,307,4.52277888662772e-16,5.26300366825126e-18,4.47014884994521e-16
15000,308,3.03294444565689e-16,3.21888567723876e-18,3.0007555888845e-16
15000,309,2.0295267716445e-16,1.96213906275753e-18,2.00990538101692e-16
15000,310,1.35518647664176e-16,1.19208264984775e-18,1.34326565014328e-16
15000,311,9.02983852977124e-17,7.21830621907899e-19,8.95765546758045e-17
15000,312,6.0039940617507e-17,4.35628804835384e-19,5.96043118126716e-17
15000,313,3.98366262591837e-17,2.62029523451544e-19,3.95745967357322e-17
15000,314,2.63760372794032e-17,1.57085542817286e-19,2.6218951736586e-17
15000,315,1.74270511455599e-17,9.38587052392566e-20,1.73331924403206e-17
15000,316,1.14902181772822e-17,5.58940079630976e-20,1.14343241693191e-17
15000,317,7.56006093512414e-18,3.31747988094044e-20,7.52688613631474e-18
15000,318,4.96383797555757e-18,1.96247301974929e-20,4.94421324536008e-18
15000,319,3.25242879540032e-18,1.15704817979817e-20,3.24085831360234e-18
15000,320,2.12666216286573e-18,6.79910180308118e-21,2.11986306106264e-18
15000,321,1.38768954058493e-18,3.98202512663273e-21,1.38370751545829e-18
15000,322,9.03632445066518e-19,2.32438893849348e-21,9.01308056128025e-19
15000,323,5.87218302740089e-19,1.3522779160102e-21,5.85866024824079e-19
15000,324,3.80818627074931e-19,7.84107238390443e-22,3.80034519836541e-19
15000,325,2.46462114226703e-19,4.53145135380895e-22,2.46008969091322e-19
15000,326,1.59183514225905e-19,2.61006626178535e-22,1.58922507599726e-19
15000,327,1.0260404273907e-19,1.49836664077564e-22,1.02454206074992e-19
15000,328,6.60012024363072e-20,8.57308263240459e-23,6.59154716099831e-20
15000,329,4.23704158499464e-20,4.88886759822292e-23,4.23215271739642e-20
15000,330,2.71456104446913e-20,2.77863750560417e-23,2.71178240696353e-20
15000,331,1.73566137487154e-20,1.5740113617004e-23,1.73408736350984e-20
15000,332,1.10754496929712e-20,8.88661129024419e-24,1.10665630816809e-20
15000,333,7.05328114212075e-21,5.00053944021526e-24,7.04828060268053e-21
15000,334,4.48287821317581e-21,2.80446407839375e-24,4.48007374909741e-21
15000,335,2.84355123524409e-21,1.56760001146593e-24,2.84198363523262e-21
15000,336,1.80013878714112e-21,8.73319155364498e-25,1.79926546798575e-21
15000,337,1.13735009632534e-21,4.84912149901243e-25,1.13686518417544e-21
15000,338,7.17179748902512e-22,2.68352408456608e-25,7.16911396494055e-22
15000,339,4.51346365682957e-22,1.48013142965139e-25,4.51198352539992e-22
15000,340,2.83493018170219e-22,8.13668335967104e-26,2.83411651336622e-22
15000,341,1.77716464360841e-22,4.4580701948033e-26,1.77671883658893e-22
15000,342,1.11190638379836e-22,2.4344381255468e-26,1.11166293998581e-22
15000,343,6.94330781183408e-23,1.32496049952216e-26,6.94198285133455e-23
15000,344,4.32737582033016e-23,7.18719574171361e-27,4.32665710075599e-23
15000,345,2.6918147185708e-23,3.88569194056338e-27,2.69142614937675e-23
15000,346,1.67120763744086e-23,2.09377308103097e-27,1.67099826013276e-23
15000,347,1.03557770956088e-23,1.124457923372e-27,1.03546526376854e-23
15000,348,6.4047817510865e-24,6.01878954373595e-28,6.40417987213212e-24
15000,349,3.95364482757599e-24,3.21090501422308e-28,3.95332373707457e-24
15000,350,2.43593082454574e-24,1.70725388873542e-28,2.43576009915687e-24
15000,351,1.49798867103501e-24,9.04734423209069e-29,1.49789819759269e-24
15000,352,9.19455412083397e-25,4.77855369425359e-29,9.19407626546455e-25
15000,353,5.63292103559898e-25,2.51549916656129e-29,5.63266948568232e-25
15000,354,3.4444490655547e-25,1.31978818739506e-29,3.44431708673596e-25
15000,355,2.10228332183016e-25,6.90139123326609e-30,2.10221430791782e-25
15000,356,1.28070866336785e-25,3.59684241135883e-30,1.28067269494374e-25
15000,357,7.78752252250141e-26,1.8683512409568e-30,7.78733568737732e-26
15000,358,4.7265078371013e-26,9.67270607181021e-31,4.72641111004058e-26
15000,359,2.86335879221935e-26,4.99102572931269e-31,2.86330888196205e-26
15000,360,1.73144099126609e-26,2.56675240868819e-31,1.731415323742e-26
15000,361,1.04505311294379e-26,1.31562009850879e-31,1.04503995674281e-26
15000,362,6.29607625312444e-27,6.72093000533128e-32,6.29600904382438e-27
15000,363,3.78621052543115e-27,3.42200466466831e-32,3.78617630538451e-27
15000,364,2.2727150001702e-27,1.73653752977326e-32,2.27269763479491e-27
15000,365,1.36173673784257e-27,8.78294375972461e-33,1.36172795489881e-27
15000,366,8.14427918269405e-28,4.42739613618235e-33,8.14423490873269e-28
15000,367,4.86216641665808e-28,2.22438016275458e-33,4.86214417285645e-28
15000,368,2.89761951949671e-28,1.11383791376312e-33,2.89760838111757e-28
15000,369,1.72401033184537e-28,5.55888041956247e-34,1.72400477296495e-28
15000,370,1.0244762742276e-28,2.76506292185911e-34,1.02447350916468e-28
15000,371,6.08878081421196e-29,1.37080303437854e-34,6.08876710618162e-29
15000,372,3.63644977512356e-29,6.77325532902775e-35,3.63644300186823e-29
15000,373,2.21698107551752e-29,3.33558636085334e-35,2.21697773993116e-29
15000,374,1.44762774619203e-29,1.63719075304855e-35,1.44762610900128e-29
15000,375,1.13613568881713e-29,8.00900801897245e-36,1.13613488791633e-29
15000,376,1.23975691177992e-29,3.90490547656258e-36,1.23975652128937e-29
15000,377,1.87536682685037e-29,1.89755631920229e-36,1.87536663709474e-29
15000,378,3.39359170425911e-29,9.19033146366177e-37,3.3935916123558e-29
15000,379,6.5561470897169e-29,4.43629101451129e-37,6.55614704535399e-29
15000,380,1.29006601865867e-28,2.13432834265249e-37,1.29006601652434e-28
15000,381,2.54603322830745e-28,1.02342209154671e-37,2.54603322728402e-28
15000,382,5.01624597609974e-28,4.89103414753438e-38,5.01624597561063e-28
15000,383,9.85266184056627e-28,2.32969439160621e-38,9.8526618403333e-28
15000,384,1.92844848126729e-27,1.10598583607311e-38,1.92844848125623e-27
15000,385,3.76085264644691e-27,5.23302160629016e-39,3.76085264644168e-27
15000,386,7.30750517482075e-27,2.46778796724888e-39,7.30750517481828e-27
15000,387,1.41464680078183e-26,1.15988653951128e-39,1.41464680078171e-26
15000,388,2.72846097749388e-26,5.43344814133844e-40,2.72846097749382e-26
15000,389,5.24292984973108e-26,2.53680973706983e-40,5.24292984973105e-26
15000,390,1.00372093559269e-25,1.18046364708462e-40,1.00372093559269e-25
15000,391,1.91439143006983e-25,5.47481804972335e-41,1.91439143006983e-25
15000,392,3.63767235007054e-25,2.5306909685651e-41,3.63767235007054e-25
15000,393,6.88632957627694e-25,1.16589889775787e-41,6.88632957627694e-25
15000,394,1.29873269297408e-24,5.35346564456444e-42,1.29873269297408e-24
15000,395,2.44014644294224e-24,2.4499741379214e-42,2.44014644294224e-24
15000,396,4.56743745860368e-24,1.11748147317124e-42,4.56743745860368e-24
15000,397,8.51699572497596e-24,5.08009127125361e-43,8.51699572497596e-24
15000,398,1.58217275137955e-23,2.30173356178585e-43,1.58217275137955e-23
15000,399,2.92800371720137e-23,1.03941968429403e-43,2.92800371720137e-23
15000,400,5.39804187532475e-23,4.67820421339356e-44,5.39804187532475e-23
20000,0,1.20417689669476e-19,2.2876877952604e-26,1.20417666792598e-19
20000,1,8.15906692467929e-20,3.86241104325642e-26,8.15906306226825e-20
20000,2,5.51930261637592e-20,6.50480809961961e-26,5.51929611156782e-20
20000,3,3.72754574696369e-20,1.09275990400004e-25,3.72753481936465e-20
20000,4,2.51338128554413e-20,1.8311725842777e-25,2.51336297381828e-20
20000,5,1.69196722047793e-20,3.06089243262356e-25,1.6919366115536e-20
20000,6,1.1371696074445e-20,5.10365279715301e-25,1.13711857091653e-20
20000,7,7.6306204531513e-21,8.48845086720963e-25,7.62977160806458e-21
20000,8,5.11207725315944e-21,1.40828327213811e-24,5.11066896988731e-21
20000,9,3.41931977384336e-21,2.33058993169319e-24,3.41698918391167e-21
20000,10,2.28343702326482e-21,3.84729931335321e-24,2.27958972395146e-21
20000,11,1.52247029315059e-21,6.33520026091121e-24,1.51613509288968e-21
20000,12,1.01350458298251e-21,1.04058841010141e-23,1.00309869888149e-21
20000,13,6.73650618657465e-22,1.70495093314003e-23,6.56601109326065e-22
20000,14,4.47108432175195e-22,2.78650001136037e-23,4.19243432061591e-22
20000,15,2.96384222523157e-22,4.54276715598833e-23,2.50956550963274e-22
20000,16,1.96339560692498e-22,7.38747746352127e-23,1.22464786057286e-22
20000,17,1.301702943027e-22,1.19835674492754e-22,1.03346198099461e-23
20000,18,8.67004911028189e-23,1.93905596587348e-22,-1.07205105484529e-22
20000,19,5.85753677995828e-23,3.12974408463007e-22,-2.54399040663424e-22
20000,20,4.10750258555695e-23,5.03896769715e-22,-4.62821743859431e-22
20000,21,3.13682544805731e-23,8.09260951081463e-22,-7.7789269660089e-22
20000,22,2.80974797506811e-23,1.29643235055019e-21,-1.26833487079951e-21
20000,23,3.12436701751577e-23,2.07169299734801e-21,-2.04044932717286e-21
20000,24,4.22737386409976e-23,3.30228993036968e-21,-3.26001619172868e-21
20000,25,6.46331193278832e-23,5.25072491498518e-21,-5.1860917956573e-21
20000,26,1.04725501407222e-22,8.32794016189958e-21,-8.22321466049236e-21
20000,27,1.73637922022148e-22,1.31755935693714e-20,-1.30019556473493e-20
20000,28,2.90049127322612e-22,2.07929948955757e-20,-2.0502945768253e-20
20000,29,4.85043446895418e-22,3.27324239951094e-20,-3.2247380548214e-20
20000,30,8.100059934458e-22,5.13988678583446e-20,-5.05888618648988e-20
20000,31,1.34949963708944e-21,8.05087718940794e-20,-7.915927225699e-20
20000,32,2.24218043169496e-21,1.25790288847571e-19,-1.23548108415876e-19
20000,33,3.71464847406318e-21,1.96049297628206e-19,-1.92334649154143e-19
20000,34,6.13605155317288e-21,3.04787906478123e-19,-2.9865185492495e-19
20000,35,1.01058784787614e-20,4.72655194095143e-19,-4.62549315616381e-19
20000,36,1.6594662237315e-20,7.31148178750324e-19,-7.14553516513009e-19
20000,37,2.71687577871054e-20,1.12818581276032e-18,-1.10101705497321e-18
20000,38,4.43482826864076e-20,1.7364813742831e-18,-1.6921330915967e-18
20000,39,7.21752837779184e-20,2.6660843679117e-18,-2.59390908413379e-18
20000,40,1.17112709286883e-19,4.08311781583477e-18,-3.96600510654789e-18
20000,41,1.89462227112738e-19,6.23769589835372e-18,-6.04823367124098e-18
20000,42,3.05593157652807e-19,9.50540768953982e-18,-9.19981453188701e-18
20000,43,4.91435272145741e-19,1.44487927901495e-17,-1.39573575180037e-17
20000,44,7.87934464542077e-19,2.19081971775468e-17,-2.11202627130047e-17
20000,45,1.25954688791389e-18,3.31356872798438e-17,-3.18761403919299e-17
20000,46,2.00742105257617e-18,4.99918937424859e-17,-4.79844726899097e-17
20000,47,3.18978899990243e-18,7.52345725854099e-17,-7.20447835855074e-17
20000,48,5.05340686770317e-18,1.12940470157715e-16,-1.07887063290012e-16
20000,49,7.98187489349346e-18,1.69120396588934e-16,-1.6113852169544e-16
20000,50,1.25696575882151e-17,2.52613554176845e-16,-2.4004389658863e-16
20000,51,1.97351043932126e-17,3.76384364451549e-16,-3.56649260058337e-16
20000,52,3.08924574942982e-17,5.59397810717593e-16,-5.28505353223295e-16
20000,53,4.82127789174229e-17,8.29323963531155e-16,-7.81111184613732e-16
20000,54,7.50184703813546e-17,1.22642764284821e-15,-1.15140917246686e-15
20000,55,1.16377832680958e-16,1.80914722555626e-15,-1.6927693928753e-15
20000,56,1.79998157914487e-16,2.66207418612648e-15,-2.48207602821199e-15
20000,57,2.77562848514593e-16,3.90733512588501e-15,-3.62977227737042e-15
20000,58,4.26726746163961e-16,5.72078245090068e-15,-5.29405570473672e-15
20000,59,6.54083883410283e-16,8.35496178519188e-15,-7.70087790178159e-15
20000,60,9.99567022707757e-16,1.2171602665145e-14,-1.11720356424373e-14
20000,61,1.52294822433108e-15,1.76874542380495e-14,-1.61645060137184e-14
20000,62,2.31341206168223e-15,2.56387681839834e-14,-2.33253561223012e-14
20000,63,3.50360718438861e-15,3.70717634985217e-14,-3.35681563141331e-14
20000,64,5.29020283811624e-15,5.34691893577082e-14,-4.8178986519592e-14
20000,65,7.96386188546157e-15,7.69268975280637e-14,-6.89630356426022e-14
20000,66,1.19527985335359e-14,1.10399498156857e-13,-9.8446699623321e-14
20000,67,1.78858670159476e-14,1.58041173073453e-13,-1.40155306057506e-13
20000,68,2.66836340325956e-14,2.25677183860276e-13,-1.9899354982768e-13
20000,69,3.96894083641309e-14,3.21454364537682e-13,-2.81764956173551e-13
20000,70,5.88571278098317e-14,4.5673602041823e-13,-3.97878892608398e-13
20000,71,8.70198725872082e-14,6.47329596915959e-13,-5.60309724328751e-13
20000,72,1.28272315765393e-13,9.15166108507789e-13,-7.86893792742396e-13
20000,73,1.88513625578891e-13,1.29059107249933e-12,-1.10207744692044e-12
20000,74,2.76215539380525e-13,1.81548075089589e-12,-1.53926521151537e-12
20000,75,4.03505334087829e-13,2.54746897942184e-12,-2.14396364533401e-12
20000,76,5.87687633782597e-13,3.56566406199804e-12,-2.97797642821544e-12
20000,77,8.53375636942623e-13,4.97835895274852e-12,-4.1249833158059e-12
20000,78,1.23546568409232e-12,6.93339997082656e-12,-5.69793428673424e-12
20000,79,1.78327476896082e-12,9.63209073967953e-12,-7.84881597071871e-12
20000,80,2.56627605862671e-12,1.33477830738143e-11,-1.07815070151875e-11
20000,81,3.68202247872571e-12,1.84506630806228e-11,-1.47686406018971e-11
20000,82,5.26705566082331e-12,2.54407014082253e-11,-2.0173645747402e-11
20000,83,7.51187356959671e-12,3.4991329742899e-11,-2.74794561733023e-11
20000,84,1.06813963048848e-11,4.80071668515617e-11,-3.73257705466768e-11
20000,85,1.51428534282044e-11,6.57000909077942e-11,-5.05572374795898e-11
20000,86,2.14036529577162e-11,8.96891953982043e-11,-6.82855424404881e-11
20000,87,3.01626268789741e-11,1.22131741340353e-10,-9.19691144613785e-11
20000,88,4.23791377020182e-11,1.65894212177365e-10,-1.23515074475346e-10
20000,89,5.93659473331159e-11,2.24775091550662e-10,-1.65409144217546e-10
20000,90,8.29135838904181e-11,3.03794142491164e-10,-2.20880558600746e-10
20000,91,1.154563073067e-10,4.09566920173959e-10,-2.94110612867259e-10
20000,92,1.60292811455262e-10,5.50788181234115e-10,-3.90495369778853e-10
20000,93,2.21878683326157e-10,7.38853979324003e-10,-5.16975295997845e-10
20000,94,3.06212582828924e-10,9.88659820312234e-10,-6.82447237483309e-10
20000,95,4.21344372384022e-10,1.31962160178529e-09,-8.98277229401264e-10
20000,96,5.78041332660331e-10,1.75697754741022e-09,-1.17893621474989e-09
20000,97,7.90658535491423e-10,2.33344339879713e-09,-1.54278486330571e-09
20000,98,1.07827187096679e-09,3.09131025008292e-09,-2.01303837911613e-09
20000,99,1.46614769690738e-09,4.08509518927161e-09,-2.61894749236423e-09
20000,100,1.98764225268579e-09,5.38488002127164e-09,-3.39723776858585e-09
20000,101,2.68664763017688e-09,7.08050356508059e-09,-4.39385593490371e-09
20000,102,3.62073012865073e-09,9.28680922277647e-09,-5.66607909412574e-09
20000,103,4.86514228968573e-09,1.21501927054027e-08,-7.28505041571692e-09
20000,104,6.51793302429848e-09,1.58567460835799e-08,-9.33881305928139e-09
20000,105,8.70643239088612e-09,2.064235494315e-08,-1.19359225522639e-08
20000,106,1.15954503242552e-08,2.68051767234881e-08,-1.5209726399233e-08
20000,107,1.53976037056236e-08,3.47210117692768e-08,-1.93234080636532e-08
20000,108,2.03862755421973e-08,4.48621758119166e-08,-2.44759002697193e-08
20000,109,2.69118158163395e-08,5.78205951789891e-08,-3.09087793626495e-08
20000,110,3.5421718059396e-08,7.43359757367149e-08,-3.89142576773189e-08
20000,111,4.64856513357976e-08,9.53300451561405e-08,-4.88443938203429e-08
20000,112,6.08263966217837e-08,1.21948037294668e-07,-6.11216406728841e-08
20000,113,7.93579321066603e-08,1.55608778957447e-07,-7.62508468507867e-08
20000,114,1.03232136277645e-07,1.98064954551604e-07,-9.48328182739586e-08
20000,115,1.33895833186513e-07,2.51475364429622e-07,-1.17579531243109e-07
20000,116,1.73160193198578e-07,3.18491258943355e-07,-1.45331065744777e-07
20000,117,2.2328482654932e-07,4.02359122824615e-07,-1.79074296275295e-07
20000,118,2.87079267354949e-07,5.07042603274337e-07,-2.19963335919388e-07
20000,119,3.68024942720142e-07,6.37366619091672e-07,-2.6934167637153e-07
20000,120,4.70421154603922e-07,7.99187055345274e-07,-3.28765900741352e-07
20000,121,5.99559069181784e-07,9.99589835346141e-07,-4.00030766164357e-07
20000,122,7.61928206013073e-07,1.24712356450268e-06,-4.85195358489605e-07
20000,123,9.6546044189633e-07,1.55207035289251e-06,-5.86609910996181e-07
20000,124,1.21981708411822e-06,1.92675983710436e-06,-7.06942752986138e-07
20000,125,1.53672511451387e-06,2.38593182706025e-06,-8.49206712546375e-07
20000,126,1.93036924605257e-06,2.94715338782699e-06,-1.01678414177442e-06
20000,127,2.41784695097291e-06,3.63129651511262e-06,-1.21344956413971e-06
20000,128,3.01969409370162e-06,4.46308285885665e-06,-1.44338876515503e-06
20000,129,3.76048920901655e-06,5.47170217199003e-06,-1.71121296297348e-06
20000,130,4.66954477836912e-06,6.69151128824427e-06,-2.02196650987514e-06
20000,131,5.7816940432345e-06,8.16282043831211e-06,-2.38112639507761e-06
20000,132,7.13818191824704e-06,9.93277356963863e-06,-2.79459165139158e-06
20000,133,8.78766838957657e-06,1.20563290112997e-05,-3.2686606217231e-06
20000,134,1.07873523632738e-05,1.4597346289573e-05,-3.80999392629921e-06
20000,135,1.32042232195098e-05,1.76297841183723e-05,-4.4255608988625e-06
20000,136,1.61164462856007e-05,2.12390135275376e-05,-5.1225672419369e-06
20000,137,1.96148870169897e-05,2.55232487172093e-05,-5.90836170021961e-06
20000,138,2.38047768256351e-05,3.05950965056886e-05,-6.79031968005346e-06
20000,139,2.88075211771228e-05,3.65832231415155e-05,-7.77570196439273e-06
20000,140,3.47626477537445e-05,4.3634134752288e-05,-8.87148699854354e-06
20000,141,4.1829889120418e-05,5.19140647830706e-05,-1.00841756626526e-05
20000,142,5.01913904129139e-05,6.16109584236509e-05,-1.14195680107371e-05
20000,143,6.00540280849359e-05,7.29365402333373e-05,-1.28825121484014e-05
20000,144,7.16518207086743e-05,8.6128446952684e-05,-1.44766262440097e-05
20000,145,8.52484072467434e-05,0.000101452402864988,-1.6203995618245e-05
20000,146,0.000101139562146509,0.000119204410073242,-1.80648479267331e-05
20000,147,0.00011965571011806,0.000139712920743972,-2.00572106259122e-05
20000,148,0.000141164396636702,0.000163340952809996,-2.21765561732937e-05
20000,149,0.000166072663178479,0.00019048810491109,-2.44154417326114e-05
20000,150,0.000194829269098894,0.0002215924205969,-2.67631514980064e-05
20000,151,0.000227926695074306,0.000257132046152697,-2.92053510783907e-05
20000,152,0.00026590285634266,0.000297626620988793,-3.17237646461323e-05
20000,153,0.000309342447830649,0.000343638334530699,-3.42958867000499e-05
20000,154,0.000358877837885213,0.000395772579148998,-3.68947412637851e-05
20000,155,0.000415189423003373,0.000454678125079553,-3.94887020761793e-05
20000,156,0.000479005352952754,0.00052104674072113,-4.20413877683761e-05
20000,157,0.000551100534278165,0.000595612180380259,-4.45116461020941e-05
20000,158,0.000632294820676803,0.000679148461684281,-4.68536410074776e-05
20000,159,0.000723450301363768,0.000772467356719758,-4.90170553559903e-05
20000,160,0.000825467603586234,0.000876415024678427,-5.09474210921931e-05
20000,161,0.000939281133091761,0.000991867719589766,-5.25865864980054e-05
20000,162,0.00106585318678243,0.00111972651474214,-5.38733279597163e-05
20000,163,0.00120616688510537,0.00126091099575972,-5.47441106543483e-05
20000,164,0.001361217887989,0.00141635188708006,-5.51339990910583e-05
20000,165,0.00153200487730359,0.00158698259178337,-5.49777144797823e-05
20000,166,0.00171951881079067,0.00177372964231157,-5.42108315209058e-05
20000,167,0.0019247309769612,0.00197750207946851,-5.27711025073141e-05
20000,168,0.00214857990730455,0.00219917979902136,-5.05998917168047e-05
20000,169,0.002391957230875,0.00243960092895914,-4.76436980841352e-05
20000,170,0.00265569258642994,0.0026995483256594,-4.38557392294613e-05
20000,171,0.00294053773818752,0.0029797353034408,-3.9197565253279e-05
20000,172,0.00324715007227034,0.00328079073873383,-3.36406664634909e-05
20000,173,0.00357607568124872,0.0036032437168109,-2.71680355621823e-05
20000,174,0.00392773227307753,0.00394750791504471,-1.97756419671796e-05
20000,175,0.00430239216727562,0.00431386594132558,-1.14737740499523e-05
20000,176,0.00470016566455318,0.00470245386884435,-2.28820429116604e-06
20000,177,0.00512098509537636,0.0051132462281989,7.7388671774585e-06
20000,178,0.00556458986733612,0.00554604173397278,1.85481333633431e-05
20000,179,0.00603051283987571,0.00600045003484928,3.00628050264292e-05
20000,180,0.00651806835724341,0.00647587978329459,4.21885739488254e-05
20000,181,0.00702634226589615,0.00697152832226801,5.48139436281382e-05
20000,182,0.0075541842305547,0.00748637328178724,6.78109487674619e-05
20000,183,0.00810020264343688,0.00801916636709598,8.10362763408994e-05
20000,184,0.00866276239378816,0.00856842960239037,9.43327913977953e-05
20000,185,0.00923998572981426,0.0091324542694511,0.000107531460363165
20000,186,0.00982975640282482,0.00970930274916065,0.000120453653664173
20000,187,0.0104297272343733,0.0102968134359987,0.00013291379837458
20000,188,0.0110373311921816,0.0108926088516275,0.00014472234055409
20000,189,0.0116497960006324,0.0114941070342116,0.000155688966420788
20000,190,0.0122641622477511,0.0120985362259572,0.00016562602179398
20000,191,0.0128773048841827,0.0127029528234594,0.000174352060723224
20000,192,0.0134859579421595,0.0133042624949377,0.000181695447221748
20000,193,0.0140867422353772,0.0138992443065498,0.000187497928827348
20000,194,0.0146761957356609,0.0144845776380741,0.000191618097586733
20000,195,0.0152508062609244,0.0150568716077402,0.000193934653184189
20000,196,0.0158070460527753,0.0156126966683381,0.000194349384437261
20000,197,0.0163414077727151,0.0161486179833957,0.00019278978931939
20000,198,0.016850441404594,0.01666123014459,0.000189211260004023
20000,199,0.0173307915190267,0.0171471927509692,0.0001835987680575
20000,200,0.0177792343338555,0.017603266338215,0.000175967995640503
20000,201,0.018192713994235,0.0180263481230824,0.000166365871152582
20000,202,0.018568377497001,0.0184135070151662,0.000154870481834865
20000,203,0.0189036076968832,0.0187620173458469,0.00014159035103626
20000,204,0.019196053856747,0.0190693907730262,0.000126663083720818
20000,205,0.0194436592400099,0.0193334058401425,0.000110253399867481
20000,206,0.0196446852899837,0.0195521346987728,9.25505912109104e-05
20000,207,0.0197977319972019,0.0197239665453944,7.37654518074872e-05
20000,208,0.0199017541205736,0.0198476273738506,5.41267467229663e-05
20000,209,0.0199560730000284,0.0199221957047382,3.38772952901897e-05
20000,210,0.019960383775581,0.0199471140200716,1.32697555093354e-05
20000,211,0.0199147579086742,0.0199221957047382,-7.43779606404357e-06
20000,212,0.0198196409844412,0.0198476273738506,-2.79863894094255e-05
20000,213,0.0196758458562607,0.0197239665453944,-4.81206891337627e-05
20000,214,0.0194845412748275,0.0195521346987728,-6.75934239452586e-05
20000,215,0.0192472362211066,0.0193334058401425,-8.6169619035896e-05
20000,216,0.0189657602343225,0.0190693907730262,-0.000103630538703658
20000,217,0.0186422400910251,0.0187620173458469,-0.000119777254821842
20000,218,0.0182790732479429,0.0184135070151662,-0.00013443376722326
20000,219,0.017878898508709,0.0180263481230824,-0.000147449614373428
20000,220,0.0174445644117524,0.017603266338215,-0.000158701926462574
20000,221,0.0169790958631612,0.0171471927509692,-0.000168096887808021
20000,222,0.0164856595538104,0.01666123014459,-0.000175570590779613
20000,223,0.0159675287045293,0.0161486179833957,-0.000181089278866432
20000,224,0.0154280476767984,0.0156126966683381,-0.000184648991539643
20000,225,0.0148705969699328,0.0150568716077402,-0.000186274637807467
20000,226,0.0142985590996675,0.0144845776380741,-0.000186018538406611
20000,227,0.0137152858184564,0.0138992443065498,-0.000183958488093411
20000,228,0.013124067095734,0.0133042624949377,-0.00018019539920373
20000,229,0.0125281022281237,0.0127029528234594,-0.00017485059533578
20000,230,0.0119304733964267,0.0120985362259572,-0.000168062829530457
20000,231,0.0113341219295935,0.0114941070342116,-0.000159985104618177
20000,232,0.0107418274771542,0.0108926088516275,-0.00015078137447328
20000,233,0.0101561902321502,0.0102968134359987,-0.000140623203848583
20000,234,0.00957961628777242,0.00970930274916065,-0.000129686461388232
20000,235,0.00901430615391344,0.0091324542694511,-0.000118148115537658
20000,236,0.00846224640576805,0.00856842960239037,-0.00010618319662232
20000,237,0.00792520438646545,0.00801916636709598,-9.39619806305299e-05
20000,238,0.00740472584027917,0.00748637328178724,-8.16474415080738e-05
20000,239,0.0069021353129001,0.00697152832226801,-6.93930093679119e-05
20000,240,0.0064185391210462,0.00647587978329459,-5.73406622483858e-05
20000,241,0.00595483066562803,0.00600045003484928,-4.56193692212484e-05
20000,242,0.00551169784092908,0.00554604173397278,-3.43438930436998e-05
20000,243,0.00508963227677799,0.0051132462281989,-2.36139514209061e-05
20000,244,0.00468894014132092,0.00470245386884435,-1.35137275234275e-05
20000,245,0.00430975422845381,0.00431386594132558,-4.11171287176618e-06
20000,246,0.00395204705584271,0.00394750791504471,4.53914079800652e-06
20000,247,0.00361564470624878,0.0036032437168109,1.24009894378768e-05
20000,248,0.00330024115601686,0.00328079073873383,1.94504172830348e-05
20000,249,0.00300541284946572,0.0029797353034408,2.56775460249201e-05
20000,250,0.00273063329588626,0.0026995483256594,3.10849702268574e-05
20000,251,0.00247528748625375,0.00243960092895914,3.56865572946129e-05
20000,252,0.0022386859489389,0.00219917979902136,3.95061499175418e-05
20000,253,0.00202007828703241,0.00197750207946851,4.25762075638944e-05
20000,254,0.00181866606378445,0.00177372964231157,4.49364214728757e-05
20000,255,0.00163361492655935,0.00158698259178337,4.6632334775978e-05
20000,256,0.00146406588312589,0.00141635188708006,4.77139960458333e-05
20000,257,0.00130914566661875,0.00126091099575972,4.82346708590262e-05
20000,258,0.00116797614675488,0.00111972651474214,4.82496320127306e-05
20000,259,0.00103968276457748,0.000991867719589766,4.78150449877137e-05
20000,260,0.000923401985903989,0.000876415024678427,4.69869612255622e-05
20000,261,0.000818287784614175,0.000772467356719758,4.58204278944166e-05
20000,262,0.000723517180832094,0.000679148461684281,4.43687191478129e-05
20000,263,0.000638294870890612,0.000595612180380259,4.26826905103527e-05
20000,264,0.000561856995731015,0.00052104674072113,4.08102550098849e-05
20000,265,0.000493474102138031,0.000454678125079553,3.87959770584785e-05
20000,266,0.000432453357036298,0.000395772579148998,3.66807778872995e-05
20000,267,0.000378140079102548,0.000343638334530699,3.45017445718499e-05
20000,268,0.000329918654326879,0.000297626620988793,3.22920333380863e-05
20000,269,0.000287212903052348,0.000257132046152697,3.00808568996511e-05
20000,270,0.000249485965611411,0.0002215924205969,2.7893545014511e-05
20000,271,0.00021623977214236,0.00019048810491109,2.57516672312695e-05
20000,272,0.000187014159690953,0.000163340952809996,2.36732068809566e-05
20000,273,0.000161385696459738,0.000139712920743972,2.16727757157655e-05
20000,274,0.00013896626922985,0.000119204410073242,1.97618591566083e-05
20000,275,0.000119401485706349,0.000101452402864988,1.79490828413604e-05
20000,276,0.000102368938974136,8.6128446952684e-05,1.62404920214515e-05
20000,277,8.75763765282043e-05,7.29365402333373e-05,1.4639836294867e-05
20000,278,7.47598115746828e-05,6.16109584236509e-05,1.31488531510319e-05
20000,279,6.36816095870567e-05,5.19140647830706e-05,1.17675448039862e-05
20000,280,5.41285785281844e-05,4.3634134752288e-05,1.04944437758964e-05
20000,281,4.59100867807706e-05,3.65832231415155e-05,9.32686363925505e-06
20000,282,3.88562287195767e-05,3.05950965056886e-05,8.26113221388806e-06
20000,283,3.28160540468144e-05,2.55232487172093e-05,7.29280532960508e-06
20000,284,2.76558735243895e-05,2.12390135275376e-05,6.41685999685188e-06
20000,285,2.32576505883076e-05,1.76297841183723e-05,5.62786646993532e-06
20000,286,1.95174855273059e-05,1.4597346289573e-05,4.92013923773291e-06
20000,287,1.63441964470508e-05,1.20563290112997e-05,4.28786743575113e-06
20000,288,1.36579991136278e-05,9.93277356963863e-06,3.72522554398913e-06
20000,289,1.13892859606621e-05,8.16282043831211e-06,3.22646552234994e-06
20000,290,9.47750303412979e-06,6.69151128824427e-06,2.78599174588552e-06
20000,291,7.87012241559491e-06,5.47170217199003e-06,2.39842024360488e-06
20000,292,6.52170668405527e-06,4.46308285885665e-06,2.05862382519862e-06
20000,293,5.39306122350683e-06,3.63129651511262e-06,1.76176470839421e-06
20000,294,4.45046963211721e-06,2.94715338782699e-06,1.50331624429021e-06
20000,295,3.66500711422161e-06,2.38593182706025e-06,1.27907528716136e-06
20000,296,3.01192651374641e-06,1.92675983710436e-06,1.08516667664205e-06
20000,297,2.47011155389664e-06,1.55207035289251e-06,9.18041201004125e-07
20000,298,2.02159186134183e-06,1.24712356450268e-06,7.7446829683915e-07
20000,299,1.65111445378042e-06,9.99589835346141e-07,6.51524618434278e-07
20000,300,1.34576653962836e-06,7.99187055345274e-07,5.46579484283091e-07
20000,301,1.09464470157645e-06,6.37366619091672e-07,4.57278082484779e-07
20000,302,8.88565797746087e-07,5.07042603274337e-07,3.8152319447175e-07
20000,303,7.19815202891809e-07,4.02359122824615e-07,3.17456080067194e-07
20000,304,5.81928317098996e-07,3.18491258943355e-07,2.63437058155641e-07
20000,305,4.6950158194766e-07,2.51475364429622e-07,2.18026217518038e-07
20000,306,3.78029556953937e-07,1.98064954551604e-07,1.79964602402333e-07
20000,307,3.03764916468195e-07,1.55608778957447e-07,1.48156137510748e-07
20000,308,2.43598524571701e-07,1.21948037294668e-07,1.21650487277033e-07
20000,309,1.94957029450781e-07,9.53300451561405e-08,9.96269842946405e-08
20000,310,1.55715686779177e-07,7.43359757367149e-08,8.13797110424618e-08
20000,311,1.24124372166809e-07,5.78205951789891e-08,6.63037769878197e-08
20000,312,9.87449747868711e-08,4.48621758119166e-08,5.38827989749545e-08
20000,313,7.83985774907552e-08,3.47210117692768e-08,4.36775657214785e-08
20000,314,6.2121023137568e-08,2.68051767234881e-08,3.53158464140798e-08
20000,315,4.91256429377049e-08,2.064235494315e-08,2.84832879945549e-08
20000,316,3.87720810484691e-08,1.58567460835799e-08,2.29153349648892e-08
20000,317,3.0540291374772e-08,1.21501927054027e-08,1.83900986693694e-08
20000,318,2.40089085677531e-08,9.28680922277647e-09,1.47220993449766e-08
20000,319,1.88373067118357e-08,7.08050356508059e-09,1.17568031467551e-08
20000,320,1.47507573210855e-08,5.38488002127164e-09,9.36587729981388e-09
20000,321,1.15281842105704e-08,4.08509518927161e-09,7.44308902129876e-09
20000,322,8.992087729318e-09,3.09131025008292e-09,5.90077747923508e-09
20000,323,7.00027585909499e-09,2.33344339879713e-09,4.66683246029786e-09
20000,324,5.4390958622859e-09,1.75697754741022e-09,3.68211831487568e-09
20000,325,4.21790850093525e-09,1.31962160178529e-09,2.89828689914996e-09
20000,326,3.26458827302992e-09,9.88659820312234e-10,2.27592845271769e-09
20000,327,2.5218684707296e-09,7.38853979324003e-10,1.7830144914056e-09
20000,328,1.94437993105621e-09,5.50788181234115e-10,1.39359174982209e-09
20000,329,1.49625781946649e-09,4.09566920173959e-10,1.08669089929253e-09
20000,330,1.14921228478948e-09,3.03794142491164e-10,8.45418142298315e-10
20000,331,8.80976905102247e-10,2.24775091550662e-10,6.56201813551584e-10
20000,332,6.74063998482705e-10,1.65894212177365e-10,5.08169786305341e-10
20000,333,5.1476853071702e-10,1.22131741340353e-10,3.92636789376667e-10
20000,334,3.92372889850258e-10,8.96891953982043e-11,3.02683694452054e-10
20000,335,2.98513541396098e-10,6.57000909077942e-11,2.32813450488303e-10
20000,336,2.26677810113213e-10,4.80071668515617e-11,1.78670643261652e-10
20000,337,1.71804997003973e-10,3.4991329742899e-11,1.36813667261074e-10
20000,338,1.29970941100125e-10,2.54407014082253e-11,1.045302396919e-10
20000,339,9.81391514334661e-11,1.84506630806228e-11,7.96884883528433e-11
20000,340,7.39649152669579e-11,1.33477830738143e-11,6.06171321931437e-11
20000,341,5.56414608012893e-11,9.63209073967953e-12,4.60093700616098e-11
20000,342,4.17794226748121e-11,6.93339997082656e-12,3.48460227039855e-11
20000,343,3.13126158676055e-11,4.97835895274852e-12,2.6334256914857e-11
20000,344,2.34245425689707e-11,3.56566406199804e-12,1.98588785069727e-11
20000,345,1.74911990861282e-11,2.54746897942184e-12,1.49437301067064e-11
20000,346,1.30366672502629e-11,1.81548075089589e-12,1.1221186499367e-11
20000,347,9.69870935152513e-12,1.29059107249933e-12,8.4081182790258e-12
20000,348,7.2021722322549e-12,9.15166108507789e-13,6.28700612374711e-12
20000,349,5.33847333559927e-12,6.47329596915959e-13,4.69114373868332e-12
20000,350,3.94981256883798e-12,4.5673602041823e-13,3.49307654841975e-12
20000,351,2.91704779044536e-12,3.21454364537682e-13,2.59559342590768e-12
20000,352,2.15040398403074e-12,2.25677183860276e-13,1.92472680017047e-12
20000,353,1.58236921497618e-12,1.58041173073453e-13,1.42432804190273e-12
20000,354,1.16227433852486e-12,1.10399498156857e-13,1.051874840368e-12
20000,355,8.52166232172707e-13,7.69268975280637e-14,7.75239334644644e-13
20000,356,6.23672546964254e-13,5.34691893577082e-14,5.70203357606546e-13
20000,357,4.55624796432924e-13,3.70717634985217e-14,4.18553032934402e-13
20000,358,3.32260160537377e-13,2.56387681839834e-14,3.06621392353394e-13
20000,359,2.41863958638826e-13,1.76874542380495e-14,2.24176504400776e-13
20000,360,1.75746942250672e-13,1.2171602665145e-14,1.63575339585527e-13
20000,361,1.27476430891076e-13,8.35496178519188e-15,1.19121469105884e-13
20000,362,9.22994828585115e-14,5.72078245090068e-15,8.65787004076108e-14
20000,363,6.67110300874349e-14,3.90733512588501e-15,6.28036949615499e-14
20000,364,4.81312099780844e-14,2.66207418612648e-15,4.54691357919579e-14
20000,365,3.46647768576301e-14,1.80914722555626e-15,3.28556296320738e-14
20000,366,2.49220792059858e-14,1.22642764284821e-15,2.36956515631376e-14
20000,367,1.78861183870144e-14,8.29323963531155e-16,1.70567944234832e-14
20000,368,1.2814026666769e-14,5.59397810717593e-16,1.22546288560514e-14
20000,369,9.16420006335773e-15,3.76384364451549e-16,8.78781569890618e-15
20000,370,6.54251358536231e-15,2.52613554176845e-16,6.28990003118547e-15
20000,371,4.66270082117631e-15,1.69120396588934e-16,4.49358042458738e-15
20000,372,3.31722569157178e-15,1.12940470157715e-16,3.20428522141406e-15
20000,373,2.35591027352338e-15,7.52345725854099e-17,2.28067570093797e-15
20000,374,1.67028439992651e-15,4.99918937424859e-17,1.62029250618403e-15
20000,375,1.18214772179705e-15,3.31356872798438e-17,1.14901203451721e-15
20000,376,8.35226774256598e-16,2.19081971775468e-17,8.13318577079051e-16
20000,377,5.89101436973258e-16,1.44487927901495e-17,5.74652644183109e-16
20000,378,4.14792075286433e-16,9.50540768953982e-18,4.05286667596893e-16
20000,379,2.91559492640954e-16,6.23769589835372e-18,2.85321796742601e-16
20000,380,2.04588847609915e-16,4.08311781583477e-18,2.00505729794081e-16
20000,381,1.43316576196962e-16,2.6660843679117e-18,1.4065049182905e-16
20000,382,1.00224119373506e-16,1.7364813742831e-18,9.8487637999223e-17
20000,383,6.99698725924144e-17,1.12818581276032e-18,6.88416867796541e-17
20000,384,4.87657126471262e-17,7.31148178750324e-19,4.80345644683758e-17
20000,385,3.39300397906348e-17,4.72655194095143e-19,3.34573845965397e-17
20000,386,2.3567965998761e-17,3.04787906478123e-19,2.32631780922829e-17
20000,387,1.63429108284932e-17,1.96049297628206e-19,1.6146861530865e-17
20000,388,1.13137850244727e-17,1.25790288847571e-19,1.11879947356252e-17
20000,389,7.8191448940811e-18,8.05087718940794e-20,7.73863612218702e-18
20000,390,5.39492046272185e-18,5.13988678583446e-20,5.3435215948635e-18
20000,391,3.7160957255131e-18,3.27324239951094e-20,3.68336330151799e-18
20000,392,2.55544424667477e-18,2.07929948955757e-20,2.53465125177919e-18
20000,393,1.75438620382217e-18,1.31755935693714e-20,1.7412106102528e-18
20000,394,1.20244403627905e-18,8.32794016189958e-21,1.19411609611715e-18
20000,395,8.22786227226812e-19,5.25072491498518e-21,8.17535502311827e-19
20000,396,5.62073636830652e-19,3.30228993036968e-21,5.58771346900282e-19
20000,397,3.83340818805596e-19,2.07169299734801e-21,3.81269125808248e-19
20000,398,2.61014206178638e-19,1.29643235055019e-21,2.59717773828088e-19
20000,399,1.77432033343433e-19,8.09260951081463e-22,1.76622772392351e-19
20000,400,1.20417689669476e-19,5.03896769715e-22,1.19913792899761e-19
25000,0,2.15024069799742e-10,7.81840362266594e-32,2.15024069799742e-10
25000,1,1.67465857040619e-10,1.31376268719544e-31,1.67465857040619e-10
25000,2,1.30223899950603e-10,2.20316574360711e-31,1.30223899950603e-10
25000,3,1.01107083867116e-10,3.68730301434219e-31,1.01107083867116e-10
25000,4,7.8379083185336e-11,6.15888220221243e-31,7.8379083185336e-11
25000,5,6.06663295230582e-11,1.02665937642313e-30,6.06663295230582e-11
25000,6,4.68840847844102e-11,1.70797798750483e-30,4.68840847844102e-11
25000,7,3.61771692359562e-11,2.83576064811545e-30,3.61771692359562e-11
25000,8,2.78725284520141e-11,4.69881433341998e-30,2.78725284520141e-11
25000,9,2.14413452088693e-11,7.77031114054186e-30,2.14413452088693e-11
25000,10,1.64688317394595e-11,1.28238947423012e-29,1.64688317394595e-11
25000,11,1.26301899165352e-11,2.11218955748078e-29,1.26301899165352e-11
25000,12,9.67151513194319e-12,3.47198027080997e-29,9.67151513194319e-12
25000,13,7.39465496908492e-12,5.69577752030454e-29,7.39465496908492e-12
25000,14,5.64522549700451e-12,9.32524384150973e-29,5.64522549700451e-12
25000,15,4.30314388130337e-12,1.52369761377239e-28,4.30314388130337e-12
25000,16,3.27516244154685e-12,2.48467041610244e-28,3.27516244154685e-12
25000,17,2.48899162297215e-12,4.04361875070088e-28,2.48899162297215e-12
25000,18,1.88868200693077e-12,6.56754452018229e-28,1.88868200693077e-12
25000,19,1.43100210279245e-12,1.06455293152616e-27,1.43100210279245e-12
25000,20,1.08260224278534e-12,1.72211799964643e-27,1.08260224278534e-12
25000,21,8.17797902584614e-13,2.78028913703912e-27,8.17797902584611e-13
25000,22,6.16840210905334e-13,4.47969484173815e-27,6.1684021090533e-13
25000,23,4.64568938398057e-13,7.20341290591878e-27,4.6456893839805e-13
25000,24,3.49365212538568e-13,1.15600469935675e-26,3.49365212538556e-13
25000,25,2.62338682705357e-13,1.85145133221782e-26,2.62338682705339e-13
25000,26,1.96697743836436e-13,2.95935054985458e-26,1.96697743836407e-13
25000,27,1.47262434622699e-13,4.7207601503309e-26,1.47262434622652e-13
25000,28,1.10088335762447e-13,7.51551714165962e-26,1.10088335762372e-13
25000,29,8.21766714878931e-14,1.19409042201684e-25,8.21766714877737e-14
25000,30,6.12512380085164e-14,1.89342004690033e-25,6.12512380083271e-14
25000,31,4.55870461219419e-14,2.99631962068182e-25,4.55870461216423e-14
25000,32,3.38789124031631e-14,4.73217412338613e-25,3.38789124026898e-14
25000,33,2.51408560155594e-14,7.45872689716342e-25,2.51408560148136e-14
25000,34,1.86292091835163e-14,1.17327578098419e-24,1.8629209182343e-14
25000,35,1.37839502641613e-14,1.84190368730037e-24,1.37839502623194e-14
25000,36,1.01840155618888e-14,2.88579276115381e-24,1.0184015559003e-14
25000,37,7.51331585451198e-15,4.51226682611735e-24,7.51331584999972e-15
25000,38,5.53493632029696e-15,7.04134814313711e-24,5.53493631325561e-15
25000,39,4.07158168237128e-15,1.09660007945906e-23,4.07158167140528e-15
25000,40,2.99077929367255e-15,1.70440240968867e-23,2.99077927662852e-15
25000,41,2.19370090852799e-15,2.64379280962494e-23,2.19370088209006e-15
25000,42,1.60673200807261e-15,4.09273952541773e-23,1.60673196714521e-15
25000,43,1.17512373318177e-15,6.32313137668044e-23,1.17512366995046e-15
25000,44,8.5822074881285e-16,9.74948591006962e-23,8.58220651317991e-16
25000,45,6.25879633266958e-16,1.50024655327823e-22,6.25879483242303e-16
25000,46,4.55785137676949e-16,2.3039601886515e-22,4.5578490728093e-16
25000,47,3.31442474171138e-16,3.53117071564289e-22,3.31442121054066e-16
25000,48,2.40677758410129e-16,5.40124489684323e-22,2.40677218285639e-16
25000,49,1.74519788048104e-16,8.24518557594501e-22,1.74518963529547e-16
25000,50,1.26367516926742e-16,1.25614105975148e-21,1.26366260785683e-16
25000,51,9.13712202634805e-17,1.90988755855509e-21,9.1369310375922e-17
25000,52,6.59732321624731e-17,2.89806818077493e-21,6.59703340942923e-17
25000,53,4.75676484125814e-17,4.38874965749621e-21,4.75632596629239e-17
25000,54,3.42485768912189e-17,6.63291496492639e-21,3.4241943976254e-17
25000,55,2.46241885865377e-17,1.00045938294919e-20,2.46141839927082e-17
25000,56,1.76795869382999e-17,1.50600323502316e-20,1.76645269059497e-17
25000,57,1.26758380859173e-17,2.26247484311547e-20,1.26532133374862e-17
25000,58,9.07574381600466e-18,3.39213418859857e-20,9.04182247411867e-18
25000,59,6.48936101100843e-18,5.07567376384769e-20,6.43860427336995e-18
25000,60,4.63407942423742e-18,7.57959128082597e-20,4.55828351142916e-18
25000,61,3.30541718525847e-18,1.12961197011185e-19,3.19245598824729e-18
25000,62,2.35569640284775e-18,1.6801350624028e-19,2.18768289660747e-18
25000,63,1.67850684570601e-18,2.49396592524264e-19,1.42911025318175e-18
25000,64,1.1974196322257e-18,3.69460698401503e-19,8.27958933824197e-19
25000,65,8.57824598137244e-19,5.46232314923268e-19,3.11592283213976e-19
25000,66,6.21071824803715e-19,8.05968266754469e-19,-1.84896441950754e-19
25000,67,4.60327966641789e-19,1.18683380296945e-18,-7.26505836327662e-19
25000,68,3.5773318298595e-19,1.74418795401437e-18,-1.38645477102842e-18
25000,69,3.02581647730667e-19,2.55816215246282e-18,-2.25558050473215e-18
25000,70,2.90361653588105e-19,3.74450372491725e-18,-3.45414207132914e-18
25000,71,3.22592352214085e-19,5.47005729878623e-18,-5.14746494657214e-18
25000,72,4.07494768763936e-19,7.97482010840793e-18,-7.567325339644e-18
25000,73,5.61647267415797e-19,1.16032947908581e-17,-1.10416475234423e-17
25000,74,8.12914726672861e-19,1.68489626562684e-17,-1.60360479295955e-17
25000,75,1.20512494263222e-18,2.44172314855877e-17,-2.32121065429555e-17
25000,76,1.80522020788048e-18,3.53143392136621e-17,-3.35091190057816e-17
25000,77,2.71397110276495e-18,5.09726437359276e-17,-4.82586726331626e-17
25000,78,4.08185157058565e-18,7.34268073340027e-17,-6.93449557634171e-17
25000,79,6.13240736086174e-18,1.05561011252958e-16,-9.9428603892096e-17
25000,80,9.19649995385847e-18,1.51455081839134e-16,-1.42258581885276e-16
25000,81,1.37623106443374e-17,2.16868047267231e-16,-2.03105736622893e-16
25000,82,2.0548135481448e-17,3.09912218570037e-16,-2.89364083088589e-16
25000,83,3.06080595890053e-17,4.41990810650041e-16,-4.11382751061036e-16
25000,84,4.54849452424449e-17,6.29099285909669e-16,-5.83614340667224e-16
25000,85,6.74313279228262e-17,8.93627562375096e-16,-8.2619623445227e-16
25000,86,9.97275216171057e-17,1.26685039026834e-15,-1.16712286865123e-15
25000,87,1.47138508012671e-16,1.7923611206937e-15,-1.64522261268103e-15
25000,88,2.16568436275422e-16,2.53079583482373e-15,-2.31422739854831e-15
25000,89,3.17995742214038e-16,3.56631843324718e-15,-3.24832269103314e-15
25000,90,4.65805695974376e-16,5.01550348654367e-15,-4.54969779056929e-15
25000,91,6.80684297866739e-16,7.03947654142958e-15,-6.35879224356284e-15
25000,92,9.92302917552988e-16,9.86046977985145e-15,-8.86816686229846e-15
25000,93,1.44311381307857e-15,1.378434892252e-14,-1.23412351094415e-14
25000,94,2.09370206393167e-15,1.9231197160419e-14,-1.71374950964873e-14
25000,95,3.03031224711874e-15,2.67767456841189e-14,-2.37464334370001e-14
25000,96,4.37540560937209e-15,3.72083728473527e-14,-3.28329672379806e-14
25000,97,6.30242877705409e-15,5.16006264281843e-14,-4.52981976511302e-14
25000,98,9.0564194294726e-15,7.14168483284113e-14,-6.23604288989387e-14
25000,99,1.29826796896477e-14,9.86456180669172e-14,-8.56629383772695e-14
25000,100,1.85665701577149e-14,1.35983535035959e-13,-1.17416964878244e-13
25000,101,2.64885909562561e-14,1.87079528491128e-13,-1.60590937534872e-13
25000,102,3.77004196643581e-14,2.5686067377292e-13,-2.19160254108562e-13
25000,103,5.35296002929432e-14,3.51965729856031e-13,-2.98436129563088e-13
25000,104,7.58232948715404e-14,4.81320713761969e-13,-4.05497418890429e-13
25000,105,1.07145146367908e-13,6.56901322075965e-13,-5.49756175708057e-13
25000,106,1.51044155441347e-13,8.94740571933619e-13,-7.43696416492272e-13
25000,107,2.12420931674199e-13,1.21625751522553e-12,-1.00383658355133e-12
25000,108,2.98025247136864e-13,1.65000535524917e-12,-1.35198010811231e-12
25000,109,4.17130151193291e-13,2.23396611687909e-12,-1.8168359656858e-12
25000,110,5.82442846971282e-13,3.01855588580643e-12,-2.43611303883515e-12
25000,111,8.11332172903971e-13,4.07055166100076e-12,-3.25921948809679e-12
25000,112,1.12747827832672e-12,5.4782107025687e-12,-4.35073242424198e-12
25000,113,1.56308372354125e-12,7.35792919305727e-12,-5.79484546951602e-12
25000,114,2.16182905921434e-12,9.86288313934045e-12,-7.7010540801261e-12
25000,115,2.98281285442116e-12,1.31942157594476e-11,-1.02114029050264e-11
25000,116,4.10578982873638e-12,1.76154883248589e-11,-1.35096984961226e-11
25000,117,5.6381158477285e-12,2.34713031762401e-11,-1.78331873285116e-11
25000,118,7.72393090536061e-12,3.1211247714291e-11,-2.34873168089304e-11
25000,119,1.05562681607716e-11,4.14206079483896e-11,-3.08643397876181e-11
25000,120,1.43929777573566e-11,5.48596734744339e-11,-4.04666957170774e-11
25000,121,1.95776098911141e-11,7.25139192807917e-11,-5.29363093896776e-11
25000,122,2.65667264890747e-11,9.56579237471641e-11,-6.90911972580893e-11
25000,123,3.5965522278868e-11,1.2593659090729e-10,-8.99710686284216e-11
25000,124,4.85741553320198e-11,1.65468117625481e-10,-1.16893962293461e-10
25000,125,6.54478404939535e-11,2.16974217585757e-10,-1.51526377091804e-10
25000,126,8.79745783597005e-11,2.83944425318136e-10,-1.95969846958436e-10
25000,127,1.17975416342129e-10,3.708429039756e-10,-2.5286748763347e-10
25000,128,1.57833413744711e-10,4.833681281894e-10,-3.25534714444689e-10
25000,129,2.10659065994667e-10,6.28778176238452e-10,-4.18119110243786e-10
25000,130,2.80501901938555e-10,8.16297223813702e-10,-5.35795321875146e-10
25000,131,3.72620383067493e-10,1.05762227796032e-09,-6.85001894892827e-10
25000,132,4.93825200625211e-10,1.36755333246872e-09,-8.73728131843504e-10
25000,133,6.5291469916561e-10,1.7647750900477e-09,-1.11186039088209e-09
25000,134,8.6122558672153e-10,2.27282432584676e-09,-1.41159873912523e-09
25000,135,1.13332747858041e-09,2.92128402592409e-09,-1.78795654734369e-09
25000,136,1.4878963457404e-09,3.74725381058824e-09,-2.25935746484784e-09
25000,137,1.94880981129349e-09,4.79715605859384e-09,-2.84834624730035e-09
25000,138,2.54651670114198e-09,6.12894882322944e-09,-3.58243212208745e-09
25000,139,3.31974458775746e-09,7.81483034332761e-09,-4.49508575557015e-09
25000,140,4.3176225836985e-09,9.94453599924941e-09,-5.62691341555092e-09
25000,141,5.60231270323506e-09,1.26293472753321e-08,-7.027034572097e-09
25000,142,7.25226211754216e-09,1.60069540274191e-08,-8.75469190987694e-09
25000,143,9.36621102936726e-09,2.02473365099867e-08,-1.08811254806194e-08
25000,144,1.20681171819286e-08,2.55598626159139e-08,-1.34917454339853e-08
25000,145,1.55131887365984e-08,3.22018290757121e-08,-1.66886403391137e-08
25000,146,1.9895252993499e-08,4.04887134299021e-08,-2.05934604364031e-08
25000,147,2.54557298207427e-08,5.08064469263159e-08,-2.53507171055732e-08
25000,148,3.24945263723863e-08,6.36260676148217e-08,-3.11315412424354e-08
25000,149,4.13832244138354e-08,7.95211683309211e-08,-3.81379439170857e-08
25000,150,5.2580994058392e-08,9.9188616484987e-08,-4.6607622426595e-08
25000,151,6.66537386781323e-08,1.23473092091876e-07,-5.68193534137439e-08
25000,152,8.42970559027863e-08,1.53396067733055e-07,-6.90990118302691e-08
25000,153,1.06363689643859e-07,1.90189939526641e-07,-8.38262498827819e-08
25000,154,1.33896248597952e-07,2.35338111991213e-07,-1.01441863393261e-07
25000,155,1.68166078218237e-07,2.90621942114772e-07,-1.22455863896535e-07
25000,156,2.10719296087442e-07,3.58175559022499e-07,-1.47456262935057e-07
25000,157,2.63431135192112e-07,4.40549695235503e-07,-1.77118560043391e-07
25000,158,3.28569885768766e-07,5.40785793263469e-07,-2.12215907494703e-07
25000,159,4.08871883863601e-07,6.62501786546459e-07,-2.53629902682858e-07
25000,160,5.07629162863967e-07,8.09991095608912e-07,-3.02361932744945e-07
25000,161,6.28791561949212e-07,9.88336527401473e-07,-3.59544965452261e-07
25000,162,7.77085271106542e-07,1.20354091645512e-06,-4.26455645348575e-07
25000,163,9.58149983933598e-07,1.46267649845782e-06,-5.04526514524223e-07
25000,164,1.1786970241282e-06,1.77405515746429e-06,-5.95358133336091e-07
25000,165,1.44669100585078e-06,2.14742183386622e-06,-7.0073082801544e-07
25000,166,1.7715577777454e-06,2.59417351756633e-06,-8.22615739820934e-07
25000,167,2.1644215801666e-06,3.12760637493191e-06,-9.6318479476531e-07
25000,168,2.63837450900791e-06,3.76319366377901e-06,-1.1248191547711e-06
25000,169,3.20878152042263e-06,4.51889717186432e-06,-1.3101156514417e-06
25000,170,3.89362432063815e-06,5.41551496442732e-06,-1.52189064378917e-06
25000,171,4.7138875549625e-06,6.47706823780667e-06,-1.76318068284417e-06
25000,172,5.69399072996643e-06,7.73123004095225e-06,-2.03723931098582e-06
25000,173,6.86226926177919e-06,9.20979853604417e-06,-2.34752927426498e-06
25000,174,8.25150792972312e-06,1.09492173141555e-05,-2.69770938443234e-06
25000,175,9.89952981570496e-06,1.29911450522738e-05,-3.09161523656885e-06
25000,176,1.18498435129573e-05,1.53830764840799e-05,-3.53323297112259e-06
25000,177,1.41523509796874e-05,1.81790162486262e-05,-4.02666526893873e-06
25000,178,1.68641178807726e-05,2.14402066685723e-05,-4.57608878779967e-06
25000,179,2.00502075910398e-05,2.52359098834129e-05,-5.18570229237309e-06
25000,180,2.37845792148465e-05,2.96442440143865e-05,-5.85966479954006e-06
25000,181,2.81510489978226e-05,3.47530721587281e-05,-6.60202316090544e-06
25000,182,3.32443133586601e-05,4.06609419952938e-05,-7.41662863663377e-06
25000,183,3.91710304449269e-05,4.74780726268385e-05,-8.30704218191158e-06
25000,184,4.60509556131061e-05,5.53273839841124e-05,-9.27642837100625e-06
25000,185,5.40181245489151e-05,6.43455626739323e-05,-1.03274381250172e-05
25000,186,6.32220758831014e-05,7.46841565710936e-05,-1.14620806879922e-05
25000,187,7.38291031286311e-05,8.65106887396685e-05,-1.26815856110374e-05
25000,188,8.6023523581136e-05,0.000100009779434197,-1.39862558530609e-05
25000,189,0.000100008949505108,0.000115384262991277,-1.53753134861697e-05
25000,190,0.000116009544499425,0.000132856284397711,-1.68467398982858e-05
25000,191,0.00013427124542977,0.000152668358238342,-1.83971128085719e-05
25000,192,0.000155062927771781,0.000175084370616127,-2.00214428443459e-05
25000,193,0.000178677489673729,0.000200390502535156,-2.17130128614267e-05
25000,194,0.000205432827574508,0.000228896051186309,-2.34632236118013e-05
25000,195,0.000235672673861699,0.000260934123621932,-2.52614497602338e-05
25000,196,0.00026976726489167,0.000296862175502512,-2.70949106108426e-05
25000,197,0.000308113805790521,0.000337062366001187,-2.89485602106665e-05
25000,198,0.000351136696887223,0.00038194169862129,-3.08050017340665e-05
25000,199,0.00039928748547751,0.000431931916681037,-3.26444312035277e-05
25000,200,0.000453044505959626,0.000487489121612795,-3.44446156531686e-05
25000,201,0.00051291217130144,0.000549093082077465,-3.61809107760248e-05
25000,202,0.000579419879370827,0.000617246202271939,-3.78263229011115e-05
25000,203,0.000653120498961602,0.000692472118771044,-3.93516198094413e-05
25000,204,0.000734588402442513,0.000775313896852626,-4.07254944101131e-05
25000,205,0.000824417014904681,0.000866331799556608,-4.1914784651927e-05
25000,206,0.000923215853529194,0.000966100605769083,-4.28847522398888e-05
25000,207,0.0010316070356726,0.00107520645743364,-4.35994217610385e-05
25000,208,0.00115022123988824,0.00119424322059451,-4.40219807062707e-05
25000,209,0.00127969311076097,0.00132380835037628,-4.41152396153145e-05
25000,210,0.00142065610600532,0.00146449825619265,-4.38421501873308e-05
25000,211,0.00157373679271371,0.00161690317042505,-4.31663777113423e-05
25000,212,0.0017395486088676,0.00178160153147355,-4.20529226059447e-05
25000,213,0.00191868511614241,0.00195915390039111,-4.04687842486986e-05
25000,214,0.00211171278052126,0.00215009643918046,-3.83836586591983e-05
25000,215,0.00231916332813458,0.00235493398815095,-3.57706600163758e-05
25000,216,0.00254152573488814,0.00257413278937322,-3.26070544850875e-05
25000,217,0.00277923791963684,0.0028081129130812,-2.88749934443562e-05
25000,218,0.00303267822168887,0.00305724045368766,-2.45622319987914e-05
25000,219,0.00330215675405558,0.00332181957171662,-1.96628176610419e-05
25000,220,0.00358790673385212,0.00360208446721537,-1.41777333632488e-05
25000,221,0.00389007590035193,0.00389819137888282,-8.11547853088717e-06
25000,222,0.00420871813915359,0.00421021071102433,-1.49257187074137e-06
25000,223,0.00454378543748086,0.00453811939729784,5.66604018301976e-06
25000,224,0.00489512030056875,0.00488179361583824,1.33266847305111e-05
25000,225,0.00526244876216789,0.00524100197452794,2.14467876399563e-05
25000,226,0.00564537412322688,0.00561539928772721,2.99748354996672e-05
25000,227,0.00604337155161859,0.00600452106651158,3.88504851070101e-05
25000,228,0.0064557836722272,0.00640777884323282,4.80048289943757e-05
25000,229,0.00688181727071564,0.00682445644790149,5.73608228141512e-05
25000,230,0.00732054122579925,0.00725370734839229,6.68338774069584e-05
25000,231,0.00777088577386769,0.0076945531587495,7.63326151181978e-05
25000,232,0.00823164319637449,0.0081458834099072,8.57597864672849e-05
25000,233,0.00870147000466797,0.00860645666497827,9.50133396897049e-05
25000,234,0.00917889067903332,0.00907490304698815,0.000103987632045173
25000,235,0.00966230299887368,0.00954972823067113,0.000112574768202551
25000,236,0.0101499849794554,0.0100293189318874,0.000120666047568045
25000,237,0.0106401034078,0.0105119499085904,0.000128153499209553
25000,238,0.0111307239464875,0.0109957924663505,0.000134931480137023
25000,239,0.0116198227497554,0.0114789244395361,0.000140898310219302
25000,240,0.0121052995117538,0.0119593415967282,0.000145957915025601
25000,241,0.0125849918426216,0.0124349703961675,0.00015002144645412
25000,242,0.0130566908446362,0.0129036819944321,0.000153008850204016
25000,243,0.0135181577385273,0.0133633073895168,0.000154850349010544
25000,244,0.0139671413696045,0.0138116535584824,0.000155487811122158
25000,245,0.0144013964050453,0.0142465204302773,0.000154875974768001
25000,246,0.0148187020179542,0.0146657185166198,0.000152983501334407
25000,247,0.0152168808409855,0.0150670870083675,0.000149793832618001
25000,248,0.015593817962739,0.0154485121319364,0.000145305830802583
25000,249,0.015947479734058,0.0158079455503998,0.000139534183658255
25000,250,0.0162759321489561,0.0161434225871536,0.000132509561802455
25000,251,0.0165773585663042,0.0164530800467027,0.000124278519601454
25000,252,0.0168500765436654,0.0167351734073464,0.000114903136318945
25000,253,0.0170925535637285,0.0169880931644069,0.000104460399321618
25000,254,0.0173034214465624,0.0172103801101593,9.30413364031747e-05
25000,255,0.0174814892571911,0.0174007393477259,8.0749909465213e-05
25000,256,0.0176257545375197,0.0175580528507543,6.77016867653597e-05
25000,257,0.0177354127140914,0.0176813903984988,5.40223155925945e-05
25000,258,0.0178098645581273,0.0177700187366945,3.9845821432842e-05
25000,259,0.0178487216013645,0.017823408838014,2.53127633505629e-05
25000,260,0.0178518094398612,0.0178412411615277,1.05682783334733e-05
25000,261,0.0178191688876706,0.017823408838014,-4.23995034333491e-06
25000,262,0.0177510549725577,0.0177700187366945,-1.89637641367681e-05
25000,263,0.0176479337961913,0.0176813903984988,-3.3456602307462e-05
25000,264,0.0175104773109536,0.0175580528507543,-4.7575539800674e-05
25000,265,0.0173395560941278,0.0174007393477259,-6.11832535980239e-05
25000,266,0.0171362302272639,0.0172103801101593,-7.41498828953566e-05
25000,267,0.0169017384135092,0.0169880931644069,-8.63547508977262e-05
25000,268,0.0166374854882077,0.0167351734073464,-9.76879191387364e-05
25000,269,0.0163450284977657,0.0164530800467027,-0.000108051548937036
25000,270,0.0160260615383414,0.0161434225871536,-0.000117361048812235
25000,271,0.0156823995591226,0.0158079455503998,-0.000125545991277197
25000,272,0.015315961344639,0.0154485121319364,-0.000132550787297386
25000,273,0.0149287518966368,0.0150670870083675,-0.000138335111730725
25000,274,0.0145228444384998,0.0146657185166198,-0.00014287407812001
25000,275,0.0141003622641003,0.0142465204302773,-0.000146158166176961
25000,276,0.0136634606484213,0.0138116535584824,-0.0001481929100611
25000,277,0.0132143090295036,0.0133633073895168,-0.000148998360013133
25000,278,0.0127550736604821,0.0129036819944321,-0.000148608333949989
25000,279,0.0122879009169745,0.0124349703961675,-0.000147069479193015
25000,280,0.0118149014292227,0.0119593415967282,-0.000144440167505476
25000,281,0.0113381351905156,0.0114789244395361,-0.000140789249020534
25000,282,0.0108595977739492,0.0109957924663505,-0.000136194692401276
25000,283,0.0103812077689061,0.0105119499085904,-0.000130742139684283
25000,284,0.00990479552717562,0.0100293189318874,-0.00012452340471176
25000,285,0.00943209328679582,0.00954972823067113,-0.000117634943875315
25000,286,0.0089647267198801,0.00907490304698815,-0.000110176327108047
25000,287,0.00850420792925784,0.00860645666497827,-0.00010224873572043
25000,288,0.00805192989807497,0.0081458834099072,-9.39535118322284e-05
25000,289,0.0076091623768693,0.0076945531587495,-8.53907818801989e-05
25000,290,0.00717704917433813,0.00725370734839229,-7.66581740541663e-05
25000,291,0.00675660680129519,0.00682445644790149,-6.78496466062955e-05
25000,292,0.00634872440234986,0.00640777884323282,-5.90544408829684e-05
25000,293,0.0059541648967939,0.00600452106651158,-5.03561697176736e-05
25000,294,0.00557356723914397,0.00561539928772721,-4.18320485832419e-05
25000,295,0.00520744970081982,0.00524100197452794,-3.35522737081135e-05
25000,296,0.00485621406755632,0.00488179361583824,-2.55795482819203e-05
25000,297,0.00452015064232104,0.00453811939729784,-1.79687549768026e-05
25000,298,0.00419944394068055,0.00421021071102433,-1.07667703437859e-05
25000,299,0.00389417896462695,0.00389819137888282,-4.01241425586514e-06
25000,300,0.00360434794172251,0.00360208446721537,2.26347450714599e-06
25000,301,0.00332985741889061,0.00332181957171662,8.03784717399005e-06
25000,302,0.00307053560411438,0.00305724045368766,1.32951504267223e-05
25000,303,0.00282613985451448,0.0028081129130812,1.80269414332772e-05
25000,304,0.00259636421557707,0.00257413278937322,2.22314262038502e-05
25000,305,0.00238084692349604,0.00235493398815095,2.59129353450847e-05
25000,306,0.00217917779048499,0.00215009643918046,2.90813513045295e-05
25000,307,0.00199090540131418,0.00195915390039111,3.17515009230682e-05
25000,308,0.00181554405804943,0.00178160153147355,3.3942526575887e-05
25000,309,0.00165258041884322,0.00161690317042505,3.56772484181708e-05
25000,310,0.00150147978549,0.00146449825619265,3.69815292973539e-05
25000,311,0.00136169200316378,0.00132380835037628,3.78836527875021e-05
25000,312,0.0012326569441778,0.00119424322059451,3.84137235832857e-05
25000,313,0.00111380955563072,0.00107520645743364,3.86030981970791e-05
25000,314,0.00100458445833997,0.000966100605769083,3.84838525708835e-05
25000,315,0.000904420091433765,0.000866331799556608,3.80882918771568e-05
25000,316,0.000812762403323199,0.000775313896852626,3.74485064705728e-05
25000,317,0.000729068095463412,0.000692472118771044,3.65959766923684e-05
25000,318,0.000652807430315117,0.000617246202271939,3.55612280431786e-05
25000,319,0.000583466619225337,0.000549093082077465,3.43735371478722e-05
25000,320,0.000520549809563749,0.000487489121612795,3.30606879509538e-05
25000,321,0.00046358069339515,0.000431931916681037,3.16487767141123e-05
25000,322,0.000412103762265971,0.00038194169862129,3.01620636446813e-05
25000,323,0.00036568523436893,0.000337062366001187,2.86228683677434e-05
25000,324,0.000323913681467324,0.000296862175502512,2.70515059648116e-05
25000,325,0.000286400383556607,0.000260934123621932,2.54662599346746e-05
25000,326,0.000252779439367369,0.000228896051186309,2.388338818106e-05
25000,327,0.000222707660524236,0.000200390502535156,2.23171579890802e-05
25000,328,0.000195864276524245,0.000175084370616127,2.07799059081179e-05
25000,329,0.000171950476740363,0.000152668358238342,1.92821185020209e-05
25000,330,0.000150688814444155,0.000132856284397711,1.78325300464438e-05
25000,331,0.000131822496427209,0.000115384262991277,1.64382334359313e-05
25000,332,0.000115114580232013,0.000100009779434197,1.51048007978164e-05
25000,333,0.000100347099324151,8.65106887396685e-05,1.38364105844829e-05
25000,334,8.73201347899407e-05,7.46841565710936e-05,1.26359782188471e-05
25000,335,7.5850850363647e-05,6.43455626739323e-05,1.15052876897146e-05
25000,336,6.57725058085684e-05,5.53273839841124e-05,1.0445121824456e-05
25000,337,5.6933461924702e-05,4.74780726268385e-05,9.45538929786348e-06
25000,338,4.91961887561243e-05,4.06609419952938e-05,8.5352467608305e-06
25000,339,4.24362869432267e-05,3.47530721587281e-05,7.68321478449862e-06
25000,340,3.65415306241762e-05,2.96442440143865e-05,6.89728660978968e-06
25000,341,3.14109388483367e-05,2.52359098834129e-05,6.17502896492384e-06
25000,342,2.695388113037e-05,2.14402066685723e-05,5.51367446179777e-06
25000,343,2.308922155278e-05,1.81790162486262e-05,4.91020530415385e-06
25000,344,1.97445047194075e-05,1.53830764840799e-05,4.36142823532756e-06
25000,345,1.68551858731307e-05,1.29911450522738e-05,3.86404082085693e-06
25000,346,1.43639066159958e-05,1.09492173141555e-05,3.41468930184029e-06
25000,347,1.22198169057243e-05,9.20979853604417e-06,3.01001836968015e-06
25000,348,1.03779433441716e-05,7.73123004095225e-06,2.64671330321939e-06
25000,349,8.79860321489083e-06,6.47706823780667e-06,2.32153497708416e-06
25000,350,7.44686326177094e-06,5.41551496442732e-06,2.03134829734361e-06
25000,351,6.29204182145827e-06,4.51889717186432e-06,1.77314464959395e-06
25000,352,5.30725262132762e-06,3.76319366377901e-06,1.54405895754861e-06
25000,353,4.46898832439381e-06,3.12760637493191e-06,1.34138194946189e-06
25000,354,3.75674173502154e-06,2.59417351756633e-06,1.1625682174552e-06
25000,355,3.15266246706221e-06,2.14742183386622e-06,1.00524063319598e-06
25000,356,2.6412468118586e-06,1.77405515746429e-06,8.67191654394311e-07
25000,357,2.20905852052713e-06,1.46267649845782e-06,7.46382022069306e-07
25000,358,1.8444782266079e-06,1.20354091645512e-06,6.40937310152782e-07
25000,359,1.53747927560754e-06,9.88336527401473e-07,5.49142748206065e-07
25000,360,1.2794277917061e-06,8.09991095608912e-07,4.69436696097185e-07
25000,361,1.06290489404483e-06,6.62501786546459e-07,4.00403107498373e-07
25000,362,8.81549071173165e-07,5.40785793263469e-07,3.40763277909696e-07
25000,363,7.29916828546431e-07,4.40549695235503e-07,2.89367133310928e-07
25000,364,6.03359837068409e-07,3.58175559022499e-07,2.4518427804591e-07
25000,365,4.97916927675212e-07,2.90621942114772e-07,2.07294985560441e-07
25000,366,4.10219395415704e-07,2.35338111991213e-07,1.7488128342449e-07
25000,367,3.37408194363989e-07,1.90189939526641e-07,1.47218254837348e-07
25000,368,2.77061720341029e-07,1.53396067733055e-07,1.23665652607973e-07
25000,369,2.27132990501528e-07,1.23473092091876e-07,1.03659898409651e-07
25000,370,1.85895136334851e-07,9.9188616484987e-08,8.67065198498639e-08
25000,371,1.51894228774176e-07,7.95211683309211e-08,7.23730604432552e-08
25000,372,1.23908550374505e-07,6.36260676148217e-08,6.02824827596835e-08
25000,373,1.00913519571402e-07,5.08064469263159e-08,5.01070726450865e-08
25000,374,8.20515556974908e-08,4.04887134299021e-08,4.15628422675886e-08
25000,375,6.66062506791844e-08,3.22018290757121e-08,3.44044216034723e-08
25000,376,5.39802842398898e-08,2.55598626159139e-08,2.8420421623976e-08
25000,377,4.36765841650417e-08,2.02473365099867e-08,2.34292476550551e-08
25000,378,3.52822919747267e-08,1.60069540274191e-08,1.92753379473076e-08
25000,379,2.845514748841e-08,1.26293472753321e-08,1.58258002130779e-08
25000,380,2.29119535766952e-08,9.94453599924941e-09,1.29674175774458e-08
25000,381,1.8418825223555e-08,7.81483034332761e-09,1.06039948802273e-08
25000,382,1.4782965227982e-08,6.12894882322944e-09,8.65401640475253e-09
25000,383,1.18457428189811e-08,4.79715605859384e-09,7.04858676038726e-09
25000,384,9.47688150108393e-09,3.74725381058824e-09,5.72962769049569e-09
25000,385,7.56958893869121e-09,2.92128402592409e-09,4.64830491276711e-09
25000,386,6.03648496249458e-09,2.27282432584676e-09,3.76366063664782e-09
25000,387,4.80620415918916e-09,1.7647750900477e-09,3.04142906914146e-09
25000,388,3.82056728686885e-09,1.36755333246872e-09,2.45301395440013e-09
25000,389,3.03223122274383e-09,1.05762227796032e-09,1.97460894478351e-09
25000,390,2.40274055591617e-09,8.16297223813702e-10,1.58644333210247e-09
25000,391,1.90091552347017e-09,6.28778176238452e-10,1.27213734723171e-09
25000,392,1.50152096972358e-09,4.833681281894e-10,1.01815284153418e-09
25000,393,1.18416958250218e-09,3.708429039756e-10,8.13326678526581e-10
25000,394,9.32420003683428e-10,2.83944425318136e-10,6.48475578365291e-10
25000,395,7.33036682602855e-10,2.16974217585757e-10,5.16062465017098e-10
25000,396,5.75383681660777e-10,1.65468117625481e-10,4.09915564035297e-10
25000,397,4.50929179132313e-10,1.2593659090729e-10,3.24992588225023e-10
25000,398,3.52841255670167e-10,9.56579237471641e-11,2.57183331923003e-10
25000,399,2.75658795849959e-10,7.25139192807917e-11,2.03144876569167e-10
25000,400,2.15024069799742e-10,5.48596734744339e-11,1.60164396325308e-10
30000,0,2.35366447875447e-05,2.70448565078397e-37,2.35366447875447e-05
30000,1,2.04154098284041e-05,4.53010482755106e-37,2.04154098284041e-05
30000,2,1.76822507965566e-05,7.57544235684488e-37,1.76822507965566e-05
30000,3,1.52926887530648e-05,1.26468952040504e-36,1.52926887530648e-05
30000,4,1.32068114576834e-05,2.10783211775276e-36,1.32068114576834e-05
30000,5,1.13888767925396e-05,3.50723035602782e-36,1.13888767925396e-05
30000,6,9.80694100607788e-06,5.82597666751284e-36,9.80694100607788e-06
30000,7,8.43251153200262e-06,9.66160696595695e-36,8.43251153200262e-06
30000,8,7.24022392365506e-06,1.59958074517882e-35,7.24022392365506e-06
30000,9,6.20754226582765e-06,2.64386420409404e-35,6.20754226582765e-06
30000,10,5.31448228061218e-06,4.36262916005144e-35,5.31448228061218e-06
30000,11,4.54335622859309e-06,7.18676802290216e-35,4.54335622859309e-06
30000,12,3.87853861862556e-06,1.18193918608956e-34,3.87853861862556e-06
30000,13,3.30625167570304e-06,1.94058563452056e-34,3.30625167570304e-06
30000,14,2.81436947422525e-06,3.18087548182464e-34,2.81436947422525e-06
30000,15,2.3922396206413e-06,5.20519136838543e-34,2.3922396206413e-06
30000,16,2.03052136241047e-06,8.50360168150234e-34,2.03052136241047e-06
30000,17,1.72103900710468e-06,1.38690046319315e-33,1.72103900710468e-06
30000,18,1.45664955404269e-06,2.2582075399011e-33,1.45664955404269e-06
30000,19,1.23112346905254e-06,3.67078196183607e-33,1.23112346905254e-06
30000,20,1.03903756893762e-06,5.95702606795386e-33,1.03903756893762e-06
30000,21,8.75679024292355e-07,9.65109494442276e-33,8.75679024292355e-07
30000,22,7.3695953597223e-07,1.56098903161493e-32,7.3695953597223e-07
30000,23,6.1933879044318e-07,2.52057306310204e-32,6.1933879044318e-07
30000,24,5.19756351255152e-07,4.06326274099958e-32,5.19756351255152e-07
30000,25,4.35571197003984e-07,6.53923126509402e-32,4.35571197003984e-07
30000,26,3.64508169508829e-07,1.05064177177407e-31,3.64508169508829e-07
30000,27,3.04610648823138e-07,1.68522854339529e-31,3.04610648823138e-07
30000,28,2.54198823523518e-07,2.6986037834078e-31,2.54198823523518e-07
30000,29,2.11832975004731e-07,4.31415375673003e-31,2.11832975004731e-07
30000,30,1.76281242874493e-07,6.88538595974253e-31,1.76281242874493e-07
30000,31,1.46491384702788e-07,1.0970770644507e-30,1.46491384702788e-07
30000,32,1.21566087131234e-07,1.74510739064084e-30,1.21566087131234e-07
30000,33,1.00741426551202e-07,2.77129881247058e-30,1.00741426551202e-07
30000,34,8.33681161372395e-08,4.39360216348436e-30,8.33681161372395e-08
30000,35,6.88952119469296e-08,6.95399347777427e-30,6.88952119469296e-08
30000,36,5.68559840838103e-08,1.09881354547705e-29,5.68559840838103e-08
30000,37,4.68556896144769e-08,1.73336453204597e-29,4.68556896144769e-08
30000,38,3.85610121102842e-08,2.72980725101709e-29,3.85610121102842e-08
30000,39,3.16909584450886e-08,4.29190634062363e-29,3.16909584450886e-08
30000,40,2.60090269363859e-08,6.73666055831253e-29,2.60090269363859e-08
30000,41,2.13164821925033e-08,1.05563861881921e-28,2.13164821925033e-08
30000,42,1.74465912552226e-08,1.65143715144517e-28,1.74465912552226e-08
30000,43,1.42596929414375e-08,2.57919992182538e-28,1.42596929414375e-08
30000,44,1.16389878265827e-08,4.02146357472582e-28,1.16389878265827e-08
30000,45,9.48695021296535e-09,6.25978543951779e-28,9.48695021296535e-09
30000,46,7.72227582125307e-09,9.72771709244034e-28,7.72227582125307e-09
30000,47,6.27728996231223e-09,1.50917148783682e-27,6.27728996231223e-09
30000,48,5.0957507129495e-09,2.33745052619642e-27,5.0957507129495e-09
30000,49,4.1309902501918e-09,3.61428536495897e-27,4.1309902501918e-09
30000,50,3.34434510496171e-09,5.57928603055425e-27,3.34434510496171e-09
30000,51,2.70383278059923e-09,8.59826824991123e-27,2.70383278059923e-09
30000,52,2.18303804050065e-09,1.32287719412321e-26,2.18303804050065e-09
30000,53,1.76017729068605e-09,2.03190895621287e-26,1.76017729068605e-09
30000,54,1.41731394860609e-09,3.1157681647968e-26,1.41731394860609e-09
30000,55,1.13970157315591e-09,4.76982233097947e-26,1.13970157315591e-09
30000,56,9.15234900118249e-10,7.28979717809805e-26,9.15234900118249e-10
30000,57,7.33991843129767e-10,1.11225627310885e-25,7.33991843129767e-10
30000,58,5.87852037727029e-10,1.6942225516854e-25,5.87852037727028e-10
30000,59,4.70179674405121e-10,2.57639370074697e-25,4.70179674405121e-10
30000,60,3.7556022999492e-10,3.91138147772121e-25,3.75560229994919e-10
30000,61,2.99582304285113e-10,5.92821979086693e-25,2.99582304285112e-10
30000,62,2.38657135506086e-10,8.97004444318032e-25,2.38657135506085e-10
30000,63,1.89869534844307e-10,1.35500553299032e-24,1.89869534844305e-10
30000,64,1.50854973700332e-10,2.0434486005362e-24,1.5085497370033e-10
30000,65,1.19698401773458e-10,3.07653984251002e-24,1.19698401773455e-10
30000,66,9.48510901203069e-11,4.6242099636873e-24,9.48510901203023e-11
30000,67,7.50623993117326e-11,6.93886954196817e-24,7.50623993117256e-11
30000,68,5.9323884560331e-11,1.03947985094416e-23,5.93238845603206e-11
30000,69,4.68235809731151e-11,1.55460336867104e-23,4.68235809730996e-11
30000,70,3.69086748132853e-11,2.32112916900347e-23,3.69086748132621e-11
30000,71,2.90550711138657e-11,3.45983342454965e-23,2.90550711138311e-11
30000,72,2.28426230258424e-11,5.14857740623184e-23,2.2842623025791e-11
30000,73,1.79350015044077e-11,7.64883828433774e-23,1.79350015043312e-11
30000,74,1.40633618475928e-11,1.13443570571933e-22,1.40633618474794e-11
30000,75,1.10131117621206e-11,1.67973383904308e-22,1.10131117619527e-11
30000,76,8.61320877974223e-12,2.48300292629228e-22,8.61320877949393e-12
30000,77,6.7275170114622e-12,3.66429278329131e-22,6.72751701109577e-12
30000,78,5.24783782274569e-12,5.39857673762011e-22,5.24783782220584e-12
30000,79,4.08829893015488e-12,7.94043996597898e-22,4.08829892936084e-12
30000,80,3.18084409854124e-12,1.16596638563801e-21,3.18084409737528e-12
30000,81,2.47161311265358e-12,1.70924244669926e-21,2.47161311094434e-12
30000,82,1.91804073448652e-12,2.50148258991099e-21,1.91804073198504e-12
30000,83,1.48653538568141e-12,3.65483247884085e-21,1.48653538202658e-12
30000,84,1.15062452411106e-12,5.33106088510298e-21,1.15062451878e-12
30000,85,8.89475126709976e-13,7.76311438584271e-21,8.89475118946862e-13
30000,86,6.86715189139485e-13,1.12858559823262e-20,6.86715177853629e-13
30000,87,5.29496407398745e-13,1.63798227743376e-20,5.29496391018922e-13
30000,88,4.07749798072563e-13,2.37334060123254e-20,4.07749774339157e-13
30000,89,3.13595423619342e-13,3.43310522738577e-20,3.1359538928829e-13
30000,90,2.40875014432142e-13,4.95781522930308e-20,2.40874964853989e-13
30000,91,1.84782448111917e-13,7.14775627001441e-20,1.84782376634354e-13
30000,92,1.41572028203019e-13,1.02878662387583e-19,1.41571925324356e-13
30000,93,1.08328521092807e-13,1.47828121656735e-19,1.08328373264685e-13
30000,94,8.27861424688871e-14,2.120630406578e-19,8.27859304058464e-14
30000,95,6.31862822340313e-14,3.03703002598701e-19,6.31859785310287e-14
30000,96,4.81658404239826e-14,4.34219539997471e-19,4.81654062044426e-14
30000,97,3.66697153401837e-14,6.19791785664404e-19,3.6669095548398e-14
30000,98,2.7882319239902e-14,8.83198748688469e-19,2.78814360411534e-14
30000,99,2.11740618381265e-14,1.25645589981681e-18,2.11728053822267e-14
30000,100,1.60595905085018e-14,1.7844822427644e-18,1.60578060262591e-14
30000,101,1.21652512528537e-14,2.53019147007336e-18,1.21627210613836e-14
30000,102,9.20377082620061e-15,3.58154753639873e-18,9.20018927866421e-15
30000,103,6.95458573572657e-15,5.06132503214921e-18,6.94952441069442e-15
30000,104,5.24858061135692e-15,7.14058695636663e-18,5.24144002440055e-15
30000,105,3.956264692145e-15,1.00572621922679e-17,3.94620742995273e-15
30000,106,2.97862533657433e-15,1.41417061308512e-17,2.96448363044348e-15
30000,107,2.24006311433205e-15,1.98518058885207e-17,2.22021130844353e-15
30000,108,1.68294341895025e-15,2.78211070702821e-17,1.65512231187997e-15
30000,109,1.26340203587897e-15,3.89246728507635e-17,1.22447736302821e-15
30000,110,9.48122593851935e-16,5.43690457381535e-17,8.93753548113782e-16
30000,111,7.11867007407725e-16,7.58149103483486e-17,6.36052097059376e-16
30000,112,5.35589620671512e-16,1.05544040687072e-16,4.3004557998444e-16
30000,113,4.05004766885582e-16,1.46686107375362e-16,2.5831865951022e-16
30000,114,3.09508249651987e-16,2.03526248077477e-16,1.05982001574509e-16
30000,115,2.41377752009575e-16,2.81921401239554e-16,-4.0543649229978e-17
30000,116,1.95196955440761e-16,3.8986283796842e-16,-1.94665882527658e-16
30000,117,1.67464507095961e-16,5.38234844978455e-16,-3.70770337882494e-16
30000,118,1.563630310255e-16,7.41836087982436e-16,-5.85473056956936e-16
30000,119,1.61676147291195e-16,1.0207520920773e-15,-8.59075944786106e-16
30000,120,1.84853906710859e-16,1.4021961705604e-15,-1.21734226384954e-15
30000,121,2.2924015804735e-16,1.92297416945925e-15,-1.6937340114119e-15
30000,122,3.0049022529731e-16,2.63277836404815e-15,-2.33228813875084e-15
30000,123,4.07225152003083e-16,3.59858135868249e-15,-3.19135620667941e-15
30000,124,5.61991212052457e-16,4.91048656725846e-15,-4.348495355206e-15
30000,125,7.82622335578466e-16,6.6895037985204e-15,-5.90688146294194e-15
30000,126,1.0941410467256e-15,9.09786436454063e-15,-8.00372331781503e-15
30000,127,1.53138368971436e-15,1.23526798828638e-14,-1.08212961931494e-14
30000,128,2.14260234758136e-15,1.67439952383572e-14,-1.46013928907758e-14
30000,129,2.99438444838783e-15,2.26586052103616e-14,-1.96642207619738e-14
30000,130,4.17834882026766e-15,3.06114166984973e-14,-2.64330678782296e-14
30000,131,5.82023332864189e-15,4.12866705444263e-14,-3.54664372157844e-14
30000,132,8.09219651228751e-15,5.55920219450898e-14,-4.74998254328023e-14
30000,133,1.12294298583349e-14,7.47293585320715e-14,-6.34999286737366e-14
30000,134,1.55525393500366e-14,1.00287363577485e-13,-8.47348242274488e-14
30000,135,2.14976316907232e-14,1.34362275542986e-13,-1.12864643852262e-13
30000,136,2.96566670760895e-14,1.79715138621056e-13,-1.50058471544967e-13
30000,137,4.0831461601667e-14,2.39976187762803e-13,-1.99144726161136e-13
30000,138,5.61057963061236e-14,3.19909998249783e-13,-2.63804201943659e-13
30000,139,7.6941490823948e-14,4.25758819313195e-13,-3.48817328489247e-13
30000,140,1.0530612281042e-13,5.65686309329315e-13,-4.60380186518896e-13
30000,141,1.43842441151175e-13,7.50349952294705e-13,-6.06507511143529e-13
30000,142,1.96092586049415e-13,9.93638078381678e-13,-7.97545492332263e-13
30000,143,2.66794188594332e-13,1.31361702708083e-12,-1.0468228384865e-12
30000,144,3.62270524706627e-13,1.73374606289325e-12,-1.37147553818663e-12
30000,145,4.90943456929358e-13,2.28443277522376e-12,-1.7934893182944e-12
30000,146,6.64006307015332e-13,3.00502059572545e-12,-2.34101428871012e-12
30000,147,8.963045580198e-13,3.94632364123376e-12,-3.05001908321396e-12
30000,148,1.20748600668907e-12,5.17385342965114e-12,-3.96636742296207e-12
30000,149,1.6234994492476e-12,6.77191844875946e-12,-5.14841899951185e-12
30000,150,2.1785431493857e-12,8.84882269876348e-12,-6.67027954937778e-12
30000,151,2.9175924015462e-12,1.15434451353243e-11,-8.6258527337781e-12
30000,152,3.89967094432532e-12,1.50335507761664e-11,-1.11338798318411e-11
30000,153,5.20207562226105e-12,1.95462689521878e-11,-1.43441933299268e-11
30000,154,6.92581978329632e-12,2.53712782109708e-11,-1.84454584276745e-11
30000,155,9.20263118520264e-12,3.28773648260308e-11,-2.36747336408281e-11
30000,156,1.22039280308104e-11,4.25331776420483e-11,-3.03292496112379e-11
30000,157,1.61523062582238e-11,5.49331919520644e-11,-3.87808856938406e-11
30000,158,2.13362073584009e-11,7.08301262203721e-11,-4.94939188619712e-11
30000,159,2.8128604809669e-11,9.11753359884925e-11,-6.30467311788234e-11
30000,160,3.70107559873767e-11,1.17169048986025e-10,-8.01582929986482e-11
30000,161,4.86023238869325e-11,1.50322715807458e-10,-1.01720391920526e-10
30000,162,6.36994896951829e-11,1.92536245012298e-10,-1.28836755317115e-10
30000,163,8.33230657142837e-11,2.4619348597035e-10,-1.62870420256066e-10
30000,164,1.08779093339317e-10,3.14280035662878e-10,-2.05500942323561e-10
30000,165,1.41734990467261e-10,4.00528298436965e-10,-2.58793307969703e-10
30000,166,1.84315017865844e-10,5.09595745294921e-10,-3.25280727429077e-10
30000,167,2.3921968939814e-10,6.47283530457855e-10,-4.08063841059715e-10
30000,168,3.09874785631461e-10,8.20804060808027e-10,-5.10929275176566e-10
30000,169,4.0061687823342e-10,1.03910781640686e-09,-6.38490938173438e-10
30000,170,5.16923773258809e-10,1.31328173106208e-09,-7.96357957803267e-10
30000,171,6.65700080892752e-10,1.65703381036267e-09,-9.91333729469921e-10
30000,172,8.55630270522083e-10,2.08728144683241e-09,-1.23165117631033e-09
30000,173,1.09761413424286e-09,2.62486415125179e-09,-1.52725001700893e-09
30000,174,1.40530262906067e-09,3.29540522703297e-09,-1.8901025979723e-09
30000,175,1.79575567791443e-09,4.13035135057813e-09,-2.33459567266369e-09
30000,176,2.29024777284616e-09,5.1682241736838e-09,-2.87797640083764e-09
30000,177,2.91525224246567e-09,6.45612403278326e-09,-3.54087179031759e-09
30000,178,3.70364093528564e-09,8.05153274276147e-09,-4.34789180747583e-09
30000,179,4.69614295899578e-09,1.00244703893071e-08,-5.32832743031129e-09
30000,180,5.94311414603649e-09,1.24600701430326e-08,-6.5169559969961e-09
30000,181,7.50667824552967e-09,1.54616455413524e-08,-7.95496729582277e-09
30000,182,9.46331164361613e-09,1.91543365713162e-08,-9.69102492770003e-09
30000,183,1.19069558768512e-08,2.36894343992281e-08,-1.17824785223769e-08
30000,184,1.49527565300629e-08,2.92494999011074e-08,-1.42967433710444e-08
30000,185,1.87415435191226e-08,3.60544084299748e-08,-1.73128649108521e-08
30000,186,2.34451864820113e-08,4.43684726959472e-08,-2.09232862139359e-08
30000,187,2.92729802816855e-08,5.4508817421511e-08,-2.52358371398255e-08
30000,188,3.64792397140479e-08,6.68552037565472e-08,-3.03759640424993e-08
30000,189,4.53723096721772e-08,8.18615284825847e-08,-3.64892188104076e-08
30000,190,5.63252275037951e-08,1.0006925298337e-07,-4.37440254795753e-08
30000,191,6.97883083688341e-08,1.22123049976984e-07,-5.23347416081501e-08
30000,192,8.63039623035603e-08,1.48788992242899e-07,-6.24850299393388e-08
30000,193,1.06524093654244e-07,1.80975647159515e-07,-7.44515535052718e-08
30000,194,1.31230479756314e-07,2.19758483883916e-07,-8.85280041276014e-08
30000,195,1.61358576365045e-07,2.66408046502842e-07,-1.05049470137796e-07
30000,196,1.98025252500522e-07,3.22422396455466e-07,-1.24397143954944e-07
30000,197,2.42561017097094e-07,3.89564380902382e-07,-1.47003363805288e-07
30000,198,2.96547364108276e-07,4.6990434034141e-07,-1.73356976233134e-07
30000,199,3.61859931376168e-07,5.65868928407465e-07,-2.04008997031297e-07
30000,200,4.40718241375917e-07,6.80296779092795e-07,-2.39578537716878e-07
30000,201,5.35742868498271e-07,8.16501821115313e-07,-2.80758952617041e-07
30000,202,6.5002095728497e-07,9.78345105238709e-07,-3.28324147953739e-07
30000,203,7.87181098247849e-07,1.17031607724666e-06,-3.83134978998813e-07
30000,204,9.5147865164387e-07,1.39762429606231e-06,-4.46145644418437e-07
30000,205,1.1478926936766e-06,1.66630266206482e-06,-5.18409968388221e-07
30000,206,1.38223584263218e-06,1.98332328366751e-06,-6.0108744103533e-07
30000,207,1.66127830274436e-06,2.35672716915169e-06,-6.95448866407334e-07
30000,208,1.99288753913979e-06,2.79576898383702e-06,-8.02881444697237e-07
30000,209,2.38618506575464e-06,3.31107815791543e-06,-9.24893092160798e-07
30000,210,2.85172188703392e-06,3.91483766544547e-06,-1.06311577841155e-06
30000,211,3.40167418059725e-06,4.62098181761793e-06,-1.21930763702068e-06
30000,212,4.0500608386269e-06,5.44541442074421e-06,-1.3953535821173e-06
30000,213,4.81298449693557e-06,6.40624863854078e-06,-1.5932641416052e-06
30000,214,5.70889766863144e-06,7.52406986602707e-06,-1.81517219739562e-06
30000,215,6.75889555987076e-06,8.82222286537393e-06,-2.06332730550317e-06
30000,216,7.98703707398906e-06,1.03271243288328e-05,-2.34008725484378e-06
30000,217,9.42069540276087e-06,1.20686019168251e-05,-2.64790651406425e-06
30000,218,1.10909394549576e-05,1.40802606666961e-05,-2.98932121173846e-06
30000,219,1.30329471780141e-05,1.63998774758616e-05,-3.36693029784744e-06
30000,220,1.52864515837774e-05,1.90698241284835e-05,-3.78337254470612e-06
30000,221,1.78962199894577e-05,2.21375190539591e-05,-4.24129906450137e-06
30000,222,2.09125666257624e-05,2.5655907675186e-05,-4.7433410494236e-06
30000,223,2.43918983419184e-05,2.96839708219378e-05,-5.2920724800194e-06
30000,224,2.83972926485891e-05,3.42872602473622e-05,-5.88996759877313e-06
30000,225,3.29991067820103e-05,3.95384597918329e-05,-6.53935300982265e-06
30000,226,3.82756158443425e-05,4.55179701870765e-05,-7.242354342734e-06
30000,227,4.43136773756956e-05,5.23145148844791e-05,-8.00083750878349e-06
30000,228,5.12094189432021e-05,6.00257636255527e-05,-8.81634468235062e-06
30000,229,5.90689444940493e-05,6.87589697516701e-05,-9.69002525762084e-06
30000,230,6.80090543162921e-05,7.8631616477591e-05,-1.06225621612989e-05
30000,231,7.81579724891256e-05,8.97720665336381e-05,-1.16140940445125e-05
30000,232,8.96560746906353e-05,0.000102320208720831,-1.26641340301954e-05
30000,233,0.000102656608175489,0.000116428094029637,-1.37714858541481e-05
30000,234,0.000117326394649375,0.000132260553055826,-1.4934158406451e-05
30000,235,0.000133846505665383,0.000149995785517498,-1.61492798521153e-05
30000,236,0.000152412899066247,0.000169825911748859,-1.74130126826116e-05
30000,237,0.000173237003914258,0.000191957475133737,-1.87204712194784e-05
30000,238,0.000196546240308399,0.000216611883561811,-2.00656432534123e-05
30000,239,0.000222584459509022,0.000244025777161605,-2.14413176525833e-05
30000,240,0.00025161228889893,0.0002744513088064,-2.28390199074703e-05
30000,241,0.000283907365532531,0.000308156323223766,-2.42489576912348e-05
30000,242,0.000319764441389678,0.000345424419988893,-2.56599785992149e-05
30000,243,0.000359495342986481,0.000386554885269759,-2.70595422832785e-05
30000,244,0.000403428767730941,0.000431862476942225,-2.84337092112834e-05
30000,245,0.00045190989937562,0.000481677047629521,-2.97671482539013e-05
30000,246,0.000505299825141063,0.000536342990366846,-3.10431652257827e-05
30000,247,0.000563974737588997,0.000596218491970857,-3.22437543818597e-05
30000,248,0.000628324905138478,0.000661674579827169,-3.3349674688691e-05
30000,249,0.000698753396262615,0.000733093948716017,-3.43405524534015e-05
30000,250,0.000775674543896975,0.000810869555494024,-3.51950115970496e-05
30000,251,0.000859512138446868,0.000895402970952273,-3.58908325054049e-05
30000,252,0.000950697340008168,0.000987102479987581,-3.64051399794132e-05
30000,253,0.00104966630301826,0.00108638092336058,-3.67146203423133e-05
30000,254,0.00115685750952602,0.00119365327677146,-3.67957672454369e-05
30000,255,0.00127270881060199,0.00130933396575713,-3.66251551551411e-05
30000,256,0.00139765417908332,0.0014338339179908,-3.61797389074831e-05
30000,257,0.00153212018083621,0.00156755735792957,-3.54371770933664e-05
30000,258,0.00167652217598656,0.00171089835238286,-3.43761763963058e-05
30000,259,0.00183126026607425,0.00186423711943347,-3.29768533592254e-05
30000,260,0.00199671500777599,0.00202793611719543,-3.12211094194367e-05
30000,261,0.0021732429186573,0.00220233593309339,-2.90930144360886e-05
30000,262,0.00236117180528715,0.00238775099864484,-2.65791933576911e-05
30000,263,0.00256079594890727,0.00258446515906098,-2.36692101537113e-05
30000,264,0.00277237118860981,0.00279272713128948,-2.03559426796705e-05
30000,265,0.00299610994655846,0.00301274588833425,-1.66359417757907e-05
30000,266,0.00323217624409998,0.00324468601172845,-1.25097676284634e-05
30000,267,0.00348068076156477,0.00348866305783178,-7.98229626701669e-06
30000,268,0.00374167599805451,0.00374473898709103,-3.06298903651704e-06
30000,269,0.00401515159047347,0.00401291770846504,2.23388200843149e-06
30000,270,0.00430102985338769,0.00429314079379217,7.8890595955226e-06
30000,271,0.00459916160291432,0.00458528341889283,1.38781840214857e-05
30000,272,0.004909322328673,0.00488915058957932,2.01717390936867e-05
30000,273,0.00523120877780893,0.00520447371142217,2.67350663867572e-05
30000,274,0.00556443601416473,0.00553090756203699,3.35284521277438e-05
30000,275,0.00590853501379517,0.00586802772375612,4.05072900390418e-05
30000,276,0.00626295085515271,0.0062153285327961,4.76223223566039e-05
30000,277,0.0066270415584136,0.0065722215983949,5.48199600186993e-05
30000,278,0.0070000776235622,0.0069380349418576,6.20426817046008e-05
30000,279,0.00738124231103113,0.00731201280101414,6.92295100169927e-05
30000,280,0.00776963270194223,0.00769331614027276,7.63165616694686e-05
30000,281,0.00816426156736788,0.00808102390027769,8.32376670901903e-05
30000,282,0.0085640600676084,0.00847413501419651,8.99250534118941e-05
30000,283,0.0089678812933542,0.0088715712099346,9.63100834196033e-05
30000,284,0.00937450465087893,0.0092721806091797,0.000102324041699227
30000,285,0.00978264108321993,0.00967474212521477,0.000107898958005158
30000,286,0.0101909391087827,0.0100779706520096,0.000112968456773025
30000,287,0.0105979916481082,0.0104805230273353,0.000117468620772856
30000,288,0.0110023435988255,0.0108810047426718,0.000121338856153693
30000,289,0.0114025001082428,0.0112779773626452,0.000124522745597638
30000,290,0.0117969354827791,0.0116699666067815,0.000126968875997573
30000,291,0.0121841026636766,0.0120554710366636,0.000128631627012949
30000,292,0.0125624431893254,0.0124329712822722,0.00012947190705315
30000,293,0.0129303975562395,0.0128009397325485,0.000129457823691002
30000,294,0.0132864158834044,0.0131578506071826,0.00012856527622185
30000,295,0.0136289687784992,0.0135021903194535,0.000126778459045695
30000,296,0.013956558299517,0.0138324680337648,0.000124090265752271
30000,297,0.014267728901664,0.0141472263164517,0.000120502585212349
30000,298,0.0145610782571992,0.0144450517746013,0.000116026482597958
30000,299,0.0148352678351452,0.014724585575101,0.000110682260044214
30000,300,0.0150890331285967,0.0149845337350046,0.000104499393592063
30000,301,0.0153211934196857,0.0152236770746094,9.7516345076324e-05
30000,302,0.0155306609761266,0.0154408807264149,8.97802497116865e-05
30000,303,0.0157164495786124,0.0156351030963769,8.134648223556e-05
30000,304,0.015877682285111,0.015805404178559,7.22781065519498e-05
30000,305,0.0160135983462193,0.0159509531303802,6.26452158391383e-05
30000,306,0.0161235591950704,0.0160710350230723,5.25241719981674e-05
30000,307,0.0162070534457098,0.016165056690625,4.19967550848166e-05
30000,308,0.0162637008452238,0.0162325516102697,3.11492349541059e-05
30000,309,0.0162932551370317,0.0162731837583178,2.00713787138485e-05
30000,310,0.0162956058054718,0.016286750396764,8.85540870777454e-06
30000,311,0.0162707786849263,0.0162731837583178,-2.40507339153984e-06
30000,312,0.0162189354300378,0.0162325516102697,-1.36161802318825e-05
30000,313,0.0161403718568794,0.016165056690625,-2.46848337455696e-05
30000,314,0.0160355151780431,0.0160710350230723,-3.55198450291694e-05
30000,315,0.0159049201673151,0.0159509531303802,-4.6032963065077e-05
30000,316,0.0157492643017317,0.015805404178559,-5.61398768273297e-05
30000,317,0.0155693419401654,0.0156351030963769,-6.57611562115187e-05
30000,318,0.015366057608038,0.0154408807264149,-7.48231183769141e-05
30000,319,0.0151404184671324,0.0152236770746094,-8.32586074770141e-05
30000,320,0.0148935260576677,0.0149845337350046,-9.10076773369076e-05
30000,321,0.0146265674067101,0.014724585575101,-9.80181683908864e-05
30000,322,0.014340805602526,0.0144450517746013,-0.000104246172075308
30000,323,0.0140375699386044,0.0141472263164517,-0.000109656377847317
30000,324,0.0137182457337424,0.0138324680337648,-0.000114222300022402
30000,325,0.0133842639357951,0.0135021903194535,-0.000117926383658476
30000,326,0.0130370906164661,0.0131578506071826,-0.000120759990716496
30000,327,0.0126782164628889,0.0128009397325485,-0.000122723269659647
30000,328,0.0123091463687915,0.0124329712822722,-0.000123824913480746
30000,329,0.011931389223829,0.0120554710366636,-0.000124081812834667
30000,330,0.0115464479943082,0.0116699666067815,-0.00012351861247332
30000,331,0.0111558101821395,0.0112779773626452,-0.000122167180505714
30000,332,0.0107609387415497,0.0108810047426718,-0.000120066001122174
30000,333,0.0103632635250307,0.0104805230273353,-0.000117259502304649
30000,334,0.00996417332131221,0.0100779706520096,-0.00011379733069743
30000,335,0.00956500853899682,0.00967474212521477,-0.00010973358621795
30000,336,0.00916705458002282,0.0092721806091797,-0.000105126029156884
30000,337,0.00877153593748486,0.0088715712099346,-0.000100035272449736
30000,338,0.0083796110426835,0.00847413501419651,-9.45239715130081e-05
30000,339,0.00799236787673612,0.00808102390027769,-8.86560235415675e-05
30000,340,0.0076108203527972,0.00769331614027276,-8.24957874755623e-05
30000,341,0.00723590546602102,0.00731201280101414,-7.61073349931189e-05
30000,342,0.00686848119997049,0.0069380349418576,-6.95537418871081e-05
30000,343,0.00650932517032446,0.0065722215983949,-6.28964280704383e-05
30000,344,0.00615913397954435,0.0062153285327961,-5.6194553251755e-05
30000,345,0.00581852324969791,0.00586802772375612,-4.95044740582108e-05
30000,346,0.00548802829495386,0.00553090756203699,-4.28792670831273e-05
30000,347,0.00516810539039154,0.00520447371142217,-3.63683210306276e-05
30000,348,0.00485913358973768,0.00488915058957932,-3.00169998416356e-05
30000,349,0.00456141704145304,0.00458528341889283,-2.38663774397938e-05
30000,350,0.0042751877502384,0.00429314079379217,-1.79530435537693e-05
30000,351,0.00400060872949301,0.00401291770846504,-1.23089789720258e-05
30000,352,0.00373777748950661,0.00374473898709103,-6.96149758442005e-06
30000,353,0.00348672980615867,0.00348866305783178,-1.93325167311418e-06
30000,354,0.00324744371558306,0.00324468601172845,2.75770385460778e-06
30000,355,0.00301984368157721,0.00301274588833425,7.09779324296585e-06
30000,356,0.00280380488442658,0.00279272713128948,1.10777531370991e-05
30000,357,0.00259915758221125,0.00258446515906098,1.4692423150265e-05
30000,358,0.0024056914984903,0.00238775099864484,1.79404998454534e-05
30000,359,0.00222316019344917,0.00220233593309339,2.08242603557851e-05
30000,360,0.0020512853790729,0.00202793611719543,2.33492618774717e-05
30000,361,0.00188976114260372,0.00186423711943347,2.55240231702492e-05
30000,362,0.00173825804638508,0.00171089835238286,2.7359694002219e-05
30000,363,0.00159642707612086,0.00156755735792957,2.88697181912876e-05
30000,364,0.00146390341352665,0.0014338339179908,3.00694955358474e-05
30000,365,0.00134031001326305,0.00130933396575713,3.09760475059246e-05
30000,366,0.00122526096786761,0.00119365327677146,3.16076910961559e-05
30000,367,0.00111836464809664,0.00108638092336058,3.19837247360624e-05
30000,368,0.00101922660961179,0.000987102479987581,3.2124129624206e-05
30000,369,0.000927452260265136,0.000895402970952273,3.20492893128623e-05
30000,370,0.000842649285323523,0.000810869555494024,3.17797298294989e-05
30000,371,0.000764429830807497,0.000733093948716017,3.13358820914797e-05
30000,372,0.000692412447686371,0.000661674579827169,3.07378678592023e-05
30000,373,0.000626223801959607,0.000596218491970857,3.00053099887508e-05
30000,374,0.000565500157660971,0.000536342990366846,2.91571672941251e-05
30000,375,0.000509888641546216,0.000481677047629521,2.82115939166946e-05
30000,376,0.000459048299671572,0.000431862476942225,2.71858227293476e-05
30000,377,0.000412650957247648,0.000386554885269759,2.60960719778892e-05
30000,378,0.000370381894072494,0.000345424419988893,2.49574740836012e-05
30000,379,0.000331940348523177,0.000308156323223766,2.37840252994108e-05
30000,380,0.000297039863533282,0.0002744513088064,2.2588554726882e-05
30000,381,0.000265408488222538,0.000244025777161605,2.13827110609328e-05
30000,382,0.00023678884889345,0.000216611883561811,2.01769653316393e-05
30000,383,0.000210938102988522,0.000191957475133737,1.8980627854785e-05
30000,384,0.000187627789330602,0.000169825911748859,1.78018775817429e-05
30000,385,0.000166643587568604,0.000149995785517498,1.66478020511061e-05
30000,386,0.00014778499924116,0.000132260553055826,1.5524446185334e-05
30000,387,0.000130864962271124,0.000116428094029637,1.44368682414872e-05
30000,388,0.000115709410032606,0.000102320208720831,1.33892013117751e-05
30000,389,0.000102156785406825,8.97720665336381e-05,1.23847188731865e-05
30000,390,9.00575194795188e-05,7.8631616477591e-05,1.14259030019279e-05
30000,391,7.92734837458476e-05,6.87589697516701e-05,1.05145139941774e-05
30000,392,6.96774238918266e-05,6.00257636255527e-05,9.65166026627384e-06
30000,393,6.11523824263046e-05,5.23145148844791e-05,8.83786754182546e-06
30000,394,5.35911166546114e-05,4.55179701870765e-05,8.07314646753496e-06
30000,395,4.68955177231789e-05,3.95384597918329e-05,7.35705793134598e-06
30000,396,4.09760357311246e-05,3.42872602473622e-05,6.68877548376234e-06
30000,397,3.57511152060448e-05,2.96839708219378e-05,6.06714438410707e-06
30000,398,3.11466445819122e-05,2.5655907675186e-05,5.49073690672624e-06
30000,399,2.7095422700589e-05,2.21375190539591e-05,4.9579036466299e-06
30000,400,2.35366447875447e-05,1.90698241284835e-05,4.46682065906113e-06
