Diffusion,Peclet,Time_s,x_m,NumericalConcentration,AnalyticalConcentration,Error
0.006,1.66666666666667,10000,0,-2.75624400025527e-60,4.63062181601091e-24,-4.63062181601091e-24
0.006,1.66666666666667,10000,1,-3.02937391391255e-59,1.1532753996248e-23,-1.1532753996248e-23
0.006,1.66666666666667,10000,2,-3.32956430603703e-58,2.84844358410495e-23,-2.84844358410495e-23
0.006,1.66666666666667,10000,3,-3.65951027877557e-57,6.97690959711002e-23,-6.97690959711002e-23
0.006,1.66666666666667,10000,4,-4.02214371074217e-56,1.69472582842376e-22,-1.69472582842376e-22
0.006,1.66666666666667,10000,5,-4.4207176927543e-55,4.0824105754941e-22,-4.0824105754941e-22
0.006,1.66666666666667,10000,6,-4.85879061697787e-54,9.7524737873434e-22,-9.7524737873434e-22
0.006,1.66666666666667,10000,7,-5.34026449276614e-53,2.31043514583236e-21,-2.31043514583236e-21
0.006,1.66666666666667,10000,8,-5.86944776155539e-52,5.42817264737806e-21,-5.42817264737806e-21
0.006,1.66666666666667,10000,9,-6.45106709914501e-51,1.26472004402839e-20,-1.26472004402839e-20
0.006,1.66666666666667,10000,10,3.16728400388043e-40,2.92224100273576e-20,-2.92224100273576e-20
0.006,1.66666666666667,10000,11,2.61973872770329e-38,6.69604768973833e-20,-6.69604768973833e-20
0.006,1.66666666666667,10000,12,1.08580032009815e-36,1.52160499514029e-19,-1.52160499514029e-19
0.006,1.66666666666667,10000,13,3.00675855971048e-35,3.42898978894603e-19,-3.42898978894603e-19
0.006,1.66666666666667,10000,14,6.25825355275416e-34,7.66322077653148e-19,-7.66322077653147e-19
0.006,1.66666666666667,10000,15,1.04433392742151e-32,1.69838976075695e-18,-1.69838976075694e-18
0.006,1.66666666666667,10000,16,1.45540192783375e-31,3.73288204913515e-18,-3.732882049135e-18
0.006,1.66666666666667,10000,17,1.74226909922402e-30,8.13639550505463e-18,-8.13639550505289e-18
0.006,1.66666666666667,10000,18,1.82889201435842e-29,1.75873624696285e-17,-1.75873624696102e-17
0.006,1.66666666666667,10000,19,1.71016435359546e-28,3.77007731661818e-17,-3.77007731660108e-17
0.006,1.66666666666667,10000,20,1.44230343157577e-27,8.01457834387785e-17,-8.01457834373362e-17
0.006,1.66666666666667,10000,21,1.10816967973252e-26,1.68963143042172e-16,-1.6896314303109e-16
0.006,1.66666666666667,10000,22,7.82146143507134e-26,3.53251618265209e-16,-3.53251618186994e-16
0.006,1.66666666666667,10000,23,5.10652075328291e-25,7.32414982491478e-16,-7.32414981980826e-16
0.006,1.66666666666667,10000,24,3.10236120438034e-24,1.50595210133329e-15,-1.50595209823092e-15
0.006,1.66666666666667,10000,25,1.76282119265365e-23,3.07076072372644e-15,-3.07076070609822e-15
0.006,1.66666666666667,10000,26,9.41032111496761e-23,6.2095721107774e-15,-6.20957201667418e-15
0.006,1.66666666666667,10000,27,4.73781221073826e-22,1.24525487850434e-14,-1.24525483112622e-14
0.006,1.66666666666667,10000,28,2.25751680508298e-21,2.47648503606172e-14,-2.47648481031004e-14
0.006,1.66666666666667,10000,29,1.02118299256382e-20,4.88420679817602e-14,-4.88420577699303e-14
0.006,1.66666666666667,10000,30,4.39741549031756e-20,9.55285660449349e-14,-9.552852207078e-14
0.006,1.66666666666667,10000,31,1.80716208729944e-19,1.85290585212337e-13,-1.85290404496128e-13
0.006,1.66666666666667,10000,32,7.10371538650162e-19,3.56413648498945e-13,-3.56412938127407e-13
0.006,1.66666666666667,10000,33,2.67644511204401e-18,6.79886126860847e-13,-6.79883450415735e-13
0.006,1.66666666666667,10000,34,9.68354802344677e-18,1.28617158808836e-12,-1.28616190454034e-12
0.006,1.66666666666667,10000,35,3.37028018171175e-17,2.41291777767775e-12,-2.41288407487593e-12
0.006,1.66666666666667,10000,36,1.13017470236491e-16,4.48917994457173e-12,-4.48906692710149e-12
0.006,1.66666666666667,10000,37,3.65690352073989e-16,8.28270863444835e-12,-8.28234294409628e-12
0.006,1.66666666666667,10000,38,1.14330809447317e-15,1.51550939737652e-11,-1.51539506656707e-11
0.006,1.66666666666667,10000,39,3.45817197932133e-15,2.74995611033281e-11,-2.74961029313487e-11
0.006,1.66666666666667,10000,40,1.01315883360873e-14,4.9485022333453e-11,-4.94748907451169e-11
0.006,1.66666666666667,10000,41,2.87830194971642e-14,8.8308530520769e-11,-8.82797475012718e-11
0.006,1.66666666666667,10000,42,7.9372968143409e-14,1.56283246669351e-10,-1.56203873701208e-10
0.006,1.66666666666667,10000,43,2.1267092093003e-13,2.7428563987192e-10,-2.7407296895099e-10
0.006,1.66666666666667,10000,44,5.54165226968324e-13,4.77391405649547e-10,-4.76837240422579e-10
0.006,1.66666666666667,10000,45,1.40552776033215e-12,8.23999600159628e-10,-8.22594072399296e-10
0.006,1.66666666666667,10000,46,3.47264787306164e-12,1.41045841092629e-09,-1.40698576305323e-09
0.006,1.66666666666667,10000,47,8.36442278535947e-12,2.3942773016235e-09,-2.38591287883814e-09
0.006,1.66666666666667,10000,48,1.96553142097052e-11,4.0305980549651e-09,-4.0109427407554e-09
0.006,1.66666666666667,10000,49,4.5091138041875e-11,6.72892074279134e-09,-6.68382960474947e-09
0.006,1.66666666666667,10000,50,1.01053829963244e-10,1.11404366726248e-08,-1.10393828426616e-08
0.006,1.66666666666667,10000,51,2.21377678287749e-10,1.82911029802708e-08,-1.80697253019831e-08
0.006,1.66666666666667,10000,52,4.74340676663692e-10,2.97823151403779e-08,-2.93079744637142e-08
0.006,1.66666666666667,10000,53,9.94640804758832e-10,4.8090345146109e-08,-4.70957043413502e-08
0.006,1.66666666666667,10000,54,2.04218039157817e-09,7.70084199352637e-08,-7.49662395436855e-08
0.006,1.66666666666667,10000,55,4.10767312282508e-09,1.22292383758951e-07,-1.18184710636126e-07
0.006,1.66666666666667,10000,56,8.09811171721076e-09,1.92593438804997e-07,-1.84495327087786e-07
0.006,1.66666666666667,10000,57,1.56552756682688e-08,3.00790727564314e-07,-2.85135451896045e-07
0.006,1.66666666666667,10000,58,2.96907431459351e-08,4.65873792399815e-07,-4.3618304925388e-07
0.006,1.66666666666667,10000,59,5.52651099659508e-08,7.15571434330642e-07,-6.60306324364691e-07
0.006,1.66666666666667,10000,60,1.01001833081128e-07,1.08998015178305e-06,-9.88978318701923e-07
0.006,1.66666666666667,10000,61,1.81312269029584e-07,1.64651261860641e-06,-1.46520034957682e-06
0.006,1.66666666666667,10000,62,3.19822922987378e-07,2.46656415863556e-06,-2.14674123564819e-06
0.006,1.66666666666667,10000,63,5.54542493834779e-07,3.66438122198786e-06,-3.10983872815308e-06
0.006,1.66666666666667,10000,64,9.45486471848913e-07,5.39870703372856e-06,-4.45322056187965e-06
0.006,1.66666666666667,10000,65,1.58568817732525e-06,7.88787013357537e-06,-6.30218195625012e-06
0.006,1.66666666666667,10000,66,2.61675834842443e-06,1.14290628800903e-05,-8.81230453166589e-06
0.006,1.66666666666667,10000,67,4.25039332143624e-06,1.64226172721351e-05,-1.21722239506988e-05
0.006,1.66666666666667,10000,68,6.79744652967743e-06,2.34021091605641e-05,-1.66046626308867e-05
0.006,1.66666666666667,10000,69,1.07063294826346e-05,3.30710899955134e-05,-2.23647605128788e-05
0.006,1.66666666666667,10000,70,1.66125443680208e-05,4.6347135412408e-05,-2.97345910443872e-05
0.006,1.66666666666667,10000,71,2.54010082517229e-05,6.44136877590441e-05,-3.90126795073212e-05
0.006,1.66666666666667,10000,72,3.82824395808993e-05,8.87798301903033e-05,-5.04973906094039e-05
0.006,1.66666666666667,10000,73,5.6884373253699e-05,0.000121347640315073,-6.44632670613743e-05
0.006,1.66666666666667,10000,74,8.33562938272141e-05,0.000164486114016452,-8.1129820189238e-05
0.006,1.66666666666667,10000,75,0.000120486894026966,0.00022110981680112,-0.000100622922774154
0.006,1.66666666666667,10000,76,0.000171829581795742,0.000294759416612503,-0.000122929834816761
0.006,1.66666666666667,10000,77,0.000241830129302591,0.000389680102824989,-0.000147849973522397
0.006,1.66666666666667,10000,78,0.000335947899852221,0.000510892648388454,-0.000174944748536233
0.006,1.66666666666667,10000,79,0.000460759590281552,0.000664250599194946,-0.000203491008913394
0.006,1.66666666666667,10000,80,0.000624032140691108,0.000856475877534871,-0.000232443736843763
0.006,1.66666666666667,10000,81,0.000834749698601226,0.00109516409196801,-0.000260414393366787
0.006,1.66666666666667,10000,82,0.00110307862119312,0.00138875020240765,-0.000285671581214531
0.006,1.66666666666667,10000,83,0.00144025479585884,0.00174642505775896,-0.000306170261900124
0.006,1.66666666666667,10000,84,0.00185837935051151,0.00217799386503785,-0.000319614514526341
0.006,1.66666666666667,10000,85,0.00237011231465476,0.0026936690078319,-0.000323556693177137
0.006,1.66666666666667,10000,86,0.00298825904660403,0.00330379191642911,-0.000315532869825079
0.006,1.66666666666667,10000,87,0.00372525115233616,0.00401848195315449,-0.000293230800818323
0.006,1.66666666666667,10000,88,0.00459253187829971,0.00484721448864725,-0.000254682610347537
0.006,1.66666666666667,10000,89,0.00559986505194422,0.00579833538855669,-0.00019847033661247
0.006,1.66666666666667,10000,90,0.00675459587544053,0.00687852478191037,-0.000123928906469834
0.006,1.66666666666667,10000,91,0.00806090042094813,0.0080922289130861,-3.13284921379629e-05
0.006,1.66666666666667,10000,92,0.00951906763698529,0.00944108466383168,7.79829731536175e-05
0.006,1.66666666666667,10000,93,0.0111248621874758,0.0109233664712505,0.000201495716225306
0.006,1.66666666666667,10000,94,0.0128690177637308,0.0125334893240709,0.000335528439659881
0.006,1.66666666666667,10000,95,0.0147369081096996,0.0142616037612255,0.00047530434847411
0.006,1.66666666666667,10000,96,0.0167084366565273,0.0160933188518915,0.000615117804635777
0.006,1.66666666666667,10000,97,0.0187581755020508,0.0180095866488032,0.000748588853247623
0.006,1.66666666666667,10000,98,0.0208557709956499,0.0199867763901733,0.000868994605476615
0.006,1.66666666666667,10000,99,0.0229666172520379,0.0219969588061728,0.000969658445865058
0.006,1.66666666666667,10000,100,0.0250527816623655,0.0240084105302676,0.00104437113209785
0.006,1.66666666666667,10000,101,0.0270741492334147,0.0259863363370489,0.00108781289636579
0.006,1.66666666666667,10000,102,0.0289897367713469,0.0278937934675432,0.00109594330380369
0.006,1.66666666666667,10000,103,0.0307591148751747,0.0296927885843989,0.0010663262907758
0.006,1.66666666666667,10000,104,0.03234386655798,0.031345504961376,0.000998361596603943
0.006,1.66666666666667,10000,105,0.0337090068985335,0.0328156064200463,0.000893400478487218
0.006,1.66666666666667,10000,106,0.0348242888730142,0.0340695562768074,0.000754732596206828
0.006,1.66666666666667,10000,107,0.0356653264164016,0.0350778849811978,0.000587441435203735
0.006,1.66666666666667,10000,108,0.0362144763681124,0.0358163397801639,0.000398136587948406
0.006,1.66666666666667,10000,109,0.0364614354269784,0.0362668538744516,0.000194581552526753
0.006,1.66666666666667,10000,110,0.0364035254296006,0.036418281019736,-1.47555901353971e-05
0.006,1.66666666666667,10000,111,0.0360456588314604,0.0362668538744516,-0.000221195042991243
0.006,1.66666666666667,10000,112,0.0353999948023356,0.0358163397801639,-0.00041634497782831
0.006,1.66666666666667,10000,113,0.034485313497903,0.0350778849811978,-0.000592571483294883
0.006,1.66666666666667,10000,114,0.0333261506659292,0.0340695562768074,-0.000743405610878219
0.006,1.66666666666667,10000,115,0.0319517458850484,0.0328156064200463,-0.000863860534997908
0.006,1.66666666666667,10000,116,0.0303948648431129,0.031345504961376,-0.000950640118263176
0.006,1.66666666666667,10000,117,0.0286905589216178,0.0296927885843989,-0.00100222966278106
0.006,1.66666666666667,10000,118,0.0268749240890147,0.0278937934675432,-0.00101886937852848
0.006,1.66666666666667,10000,119,0.0249839161499199,0.0259863363370489,-0.00100242018712905
0.006,1.66666666666667,10000,120,0.0230522714207457,0.0240084105302676,-0.000956139109521862
0.006,1.66666666666667,10000,121,0.0211125717375278,0.0219969588061728,-0.000884387068645048
0.006,1.66666666666667,10000,122,0.0191944812566853,0.0199867763901733,-0.000792295133488004
0.006,1.66666666666667,10000,123,0.0173241706854812,0.0180095866488032,-0.000685415963322025
0.006,1.66666666666667,10000,124,0.0155239331989665,0.0160933188518915,-0.000569385652924968
0.006,1.66666666666667,10000,125,0.0138119860528947,0.0142616037612255,-0.000449617708330796
0.006,1.66666666666667,10000,126,0.0122024433050437,0.0125334893240709,-0.000331046019027248
0.006,1.66666666666667,10000,127,0.0107054384400389,0.0109233664712505,-0.000217928031211562
0.006,1.66666666666667,10000,128,0.00932737119771822,0.00944108466383168,-0.000113713466113455
0.006,1.66666666666667,10000,129,0.00807125050502328,0.0080922289130861,-2.0978408062821e-05
0.006,1.66666666666667,10000,130,0.00693710493749629,0.00687852478191037,5.85801555859234e-05
0.006,1.66666666666667,10000,131,0.00592243331389569,0.00579833538855669,0.000124097925339003
0.006,1.66666666666667,10000,132,0.00502267051370042,0.00484721448864725,0.000175456025053171
0.006,1.66666666666667,10000,133,0.00423164702932086,0.00401848195315449,0.000213165076166371
0.006,1.66666666666667,10000,134,0.00354202475214797,0.00330379191642911,0.000238232835718864
0.006,1.66666666666667,10000,135,0.00294569570289513,0.0026936690078319,0.000252026695063225
0.006,1.66666666666667,10000,136,0.00243413455942833,0.00217799386503785,0.000256140694390476
0.006,1.66666666666667,10000,137,0.00199869967730159,0.00174642505775896,0.000252274619542627
0.006,1.66666666666667,10000,138,0.00163088067255724,0.00138875020240765,0.000242130470149594
0.006,1.66666666666667,10000,139,0.00132249343992635,0.00109516409196801,0.00022732934795834
0.006,1.66666666666667,10000,140,0.00106582566720104,0.000856475877534871,0.00020934978966617
0.006,1.66666666666667,10000,141,0.000853737481875783,0.000664250599194946,0.000189486882680837
0.006,1.66666666666667,10000,142,0.000679722870760806,0.000510892648388454,0.000168830222372352
0.006,1.66666666666667,10000,143,0.000537938015434783,0.000389680102824989,0.000148257912609794
0.006,1.66666666666667,10000,144,0.000423202770369455,0.000294759416612503,0.000128443353756952
0.006,1.66666666666667,10000,145,0.000330981267121271,0.00022110981680112,0.000109871450320151
0.006,1.66666666666667,10000,146,0.000257347146816191,0.000164486114016452,9.28610327997387e-05
0.006,1.66666666666667,10000,147,0.000198938287053301,0.000121347640315073,7.75906467382279e-05
0.006,1.66666666666667,10000,148,0.00015290517041073,8.87798301903033e-05,6.41253402204266e-05
0.006,1.66666666666667,10000,149,0.00011685629922209,6.44136877590441e-05,5.24426114630457e-05
0.006,1.66666666666667,10000,150,8.88033409934478e-05,4.6347135412408e-05,4.24562055810398e-05
0.006,1.66666666666667,10000,151,6.71080235317424e-05,3.30710899955134e-05,3.4036933536229e-05
0.006,1.66666666666667,10000,152,5.043220959649e-05,2.34021091605641e-05,2.70301004359259e-05
0.006,1.66666666666667,10000,153,3.76920787195926e-05,1.64226172721351e-05,2.12694614474576e-05
0.006,1.66666666666667,10000,154,2.80169318035949e-05,1.14290628800903e-05,1.65878689235046e-05
0.006,1.66666666666667,10000,155,2.07128092252745e-05,7.88787013357537e-06,1.28249390916991e-05
0.006,1.66666666666667,10000,156,1.5230868287429e-05,5.39870703372856e-06,9.83216125370043e-06
0.006,1.66666666666667,10000,157,1.11402912711917e-05,3.66438122198786e-06,7.47591004920384e-06
0.006,1.66666666666667,10000,158,8.10538011217735e-06,2.46656415863556e-06,5.63881595354178e-06
0.006,1.66666666666667,10000,159,5.86642672579077e-06,1.64651261860641e-06,4.21991410718436e-06
0.006,1.66666666666667,10000,160,4.22391865154125e-06,1.08998015178305e-06,3.1339384997582e-06
0.006,1.66666666666667,10000,161,3.02563841177689e-06,7.15571434330642e-07,2.31006697744625e-06
0.006,1.66666666666667,10000,162,2.15623352470439e-06,4.65873792399815e-07,1.69035973230457e-06
0.006,1.66666666666667,10000,163,1.52886561635643e-06,3.00790727564314e-07,1.22807488879212e-06
0.006,1.66666666666667,10000,164,1.07858606735897e-06,1.92593438804997e-07,8.85992628553976e-07
0.006,1.66666666666667,10000,165,7.5712791572765e-07,1.22292383758951e-07,6.348355319687e-07
0.006,1.66666666666667,10000,166,5.28846252958158e-07,7.70084199352637e-08,4.51837833022895e-07
0.006,1.66666666666667,10000,167,3.67579985739537e-07,4.8090345146109e-08,3.19489640593428e-07
0.006,1.66666666666667,10000,168,2.54245249304812e-07,2.97823151403779e-08,2.24462934164434e-07
0.006,1.66666666666667,10000,169,1.7500421057663e-07,1.82911029802708e-08,1.56713107596359e-07
0.006,1.66666666666667,10000,170,1.19882197130413e-07,1.11404366726248e-08,1.08741760457788e-07
0.006,1.66666666666667,10000,171,8.1731055931752e-08,6.72892074279134e-09,7.50021351889607e-08
0.006,1.66666666666667,10000,172,5.54576186243012e-08,4.0305980549651e-09,5.14270205693361e-08
0.006,1.66666666666667,10000,173,3.74534893658919e-08,2.3942773016235e-09,3.50592120642684e-08
0.006,1.66666666666667,10000,174,2.51765019233245e-08,1.41045841092629e-09,2.37660435123982e-08
0.006,1.66666666666667,10000,175,1.68455581962199e-08,8.23999600159628e-10,1.60215585960603e-08
0.006,1.66666666666667,10000,176,1.12195911319661e-08,4.77391405649547e-10,1.07421997263166e-08
0.006,1.66666666666667,10000,177,7.43848968587459e-09,2.7428563987192e-10,7.16420404600267e-09
0.006,1.66666666666667,10000,178,4.90933798464273e-09,1.56283246669351e-10,4.75305473797338e-09
0.006,1.66666666666667,10000,179,3.22556408083887e-09,8.8308530520769e-11,3.1372555503181e-09
0.006,1.66666666666667,10000,180,2.10982754252784e-09,4.9485022333453e-11,2.06034252019439e-09
0.006,1.66666666666667,10000,181,1.37391724667618e-09,2.74995611033281e-11,1.34641768557286e-09
0.006,1.66666666666667,10000,182,8.90758860124233e-10,1.51550939737652e-11,8.75603766150468e-10
0.006,1.66666666666667,10000,183,5.74988476231205e-10,8.28270863444835e-12,5.66705767596757e-10
0.006,1.66666666666667,10000,184,3.69547984005915e-10,4.48917994457173e-12,3.65058804061344e-10
0.006,1.66666666666667,10000,185,2.3648759907209e-10,2.41291777767775e-12,2.34074681294412e-10
0.006,1.66666666666667,10000,186,1.50690098934989e-10,1.28617158808836e-12,1.49403927346901e-10
0.006,1.66666666666667,10000,187,9.56120637737723e-11,6.79886126860847e-13,9.49321776469114e-11
0.006,1.66666666666667,10000,188,6.04094609162586e-11,3.56413648498945e-13,6.00530472677597e-11
0.006,1.66666666666667,10000,189,3.80079140626409e-11,1.85290585212337e-13,3.78226234774285e-11
0.006,1.66666666666667,10000,190,2.38139964743865e-11,9.55285660449349e-14,2.37184679083416e-11
0.006,1.66666666666667,10000,191,1.4859080320632e-11,4.88420679817602e-14,1.48102382526502e-11
0.006,1.66666666666667,10000,192,9.23347228761637e-12,2.47648503606172e-14,9.20870743725575e-12
0.006,1.66666666666667,10000,193,5.71430718086176e-12,1.24525487850434e-14,5.70185463207671e-12
0.006,1.66666666666667,10000,194,3.52208091344231e-12,6.2095721107774e-15,3.51587134133153e-12
0.006,1.66666666666667,10000,195,2.16214070513776e-12,3.07076072372644e-15,2.15906994441404e-12
0.006,1.66666666666667,10000,196,1.32199248538451e-12,1.50595210133329e-15,1.32048653328318e-12
0.006,1.66666666666667,10000,197,8.05092589684468e-13,7.32414982491478e-16,8.04360174701977e-13
0.006,1.66666666666667,10000,198,4.88366372752125e-13,3.53251618265209e-16,4.8801312113386e-13
0.006,1.66666666666667,10000,199,2.95080084581567e-13,1.68963143042172e-16,2.94911121438524e-13
0.006,1.66666666666667,10000,200,1.77598498281401e-13,8.01457834387785e-17,1.77518352497963e-13
0.006,1.66666666666667,10000,201,1.06476757674683e-13,3.77007731661818e-17,1.06439056901517e-13
0.006,1.66666666666667,10000,202,6.35912351525854e-14,1.75873624696285e-17,6.35736477901158e-14
0.006,1.66666666666667,10000,203,3.78335655727963e-14,8.13639550505463e-18,3.78254291772913e-14
0.006,1.66666666666667,10000,204,2.24236028696364e-14,3.73288204913515e-18,2.24198699875873e-14
0.006,1.66666666666667,10000,205,1.32401237920089e-14,1.69838976075695e-18,1.32384254022482e-14
0.006,1.66666666666667,10000,206,7.78838729607211e-15,7.66322077653148e-19,7.78762097399446e-15
0.006,1.66666666666667,10000,207,4.56438294109752e-15,3.42898978894603e-19,4.56404004211862e-15
0.006,1.66666666666667,10000,208,2.66505229510385e-15,1.52160499514029e-19,2.66490013460433e-15
0.006,1.66666666666667,10000,209,1.55034554305957e-15,6.69604768973833e-20,1.55027858258268e-15
0.006,1.66666666666667,10000,210,8.98587257681335e-16,2.92224100273576e-20,8.98558035271308e-16
0.006,1.66666666666667,10000,211,5.18932362714438e-16,1.26472004402839e-20,5.18919715513998e-16
0.006,1.66666666666667,10000,212,2.98599908363226e-16,5.42817264737806e-21,2.98594480190579e-16
0.006,1.66666666666667,10000,213,1.71201104227914e-16,2.31043514583236e-21,1.71198793792769e-16
0.006,1.66666666666667,10000,214,9.78072149977143e-17,9.7524737873434e-22,9.78062397503355e-17
0.006,1.66666666666667,10000,215,5.56790770870902e-17,4.0824105754941e-22,5.56786688460327e-17
0.006,1.66666666666667,10000,216,3.15848801787913e-17,1.69472582842376e-22,3.15847107062084e-17
0.006,1.66666666666667,10000,217,1.78542528421097e-17,6.97690959711002e-23,1.78541830730137e-17
0.006,1.66666666666667,10000,218,1.00574630447839e-17,2.84844358410495e-23,1.0057434560348e-17
0.006,1.66666666666667,10000,219,5.64583928442686e-18,1.1532753996248e-23,5.64582775167286e-18
0.006,1.66666666666667,10000,220,3.15842646331251e-18,4.63062181601091e-24,3.1584218326907e-18
0.006,1.66666666666667,10000,221,1.76085673339604e-18,1.84385378051971e-24,1.76085488954226e-18
0.006,1.66666666666667,10000,222,9.78356154551596e-19,7.28105852619618e-25,9.78355426445743e-19
0.006,1.66666666666667,10000,223,5.41749190857956e-19,2.85130348702151e-25,5.41748905727608e-19
0.006,1.66666666666667,10000,224,2.98976071095323e-19,1.10732026436619e-25,2.98975960363297e-19
0.006,1.66666666666667,10000,225,1.64444711631437e-19,4.26465525538492e-26,1.64444668984884e-19
0.006,1.66666666666667,10000,226,9.01482050181843e-20,1.62882899160923e-26,9.01481887298944e-20
0.006,1.66666666666667,10000,227,4.92556702244486e-20,6.16947105824676e-27,4.92556640549775e-20
0.006,1.66666666666667,10000,228,2.68241249661653e-20,2.31740132554402e-27,2.68241226487639e-20
0.006,1.66666666666667,10000,229,1.4560396447479e-20,8.63247740263853e-28,1.45603955842312e-20
0.006,1.66666666666667,10000,230,7.87784055483426e-21,3.18897069708224e-28,7.87784023593719e-21
0.006,1.66666666666667,10000,231,4.24849870044355e-21,1.16827877431974e-28,4.24849858361568e-21
0.006,1.66666666666667,10000,232,2.28384170236047e-21,4.24446858389382e-29,2.28384165991579e-21
0.006,1.66666666666667,10000,233,1.22378894834268e-21,1.52925898145092e-29,1.22378893305009e-21
0.006,1.66666666666667,10000,234,6.53679420065377e-22,5.46411253929036e-30,6.53679414601265e-22
0.006,1.66666666666667,10000,235,3.48055514346718e-22,1.93615049055686e-30,3.48055512410568e-22
0.006,1.66666666666667,10000,236,1.84741828549183e-22,6.80361084740937e-31,1.84741827868822e-22
0.006,1.66666666666667,10000,237,9.77512880239512e-23,2.37094073633853e-31,9.77512877868572e-23
0.006,1.66666666666667,10000,238,5.1561758338388e-23,8.19375193386639e-32,5.15617582564505e-23
0.006,1.66666666666667,10000,239,2.7113670087819e-23,2.80818557295268e-32,2.71136700597371e-23
0.006,1.66666666666667,10000,240,1.42138445820464e-23,9.54442293021382e-33,1.4213844572502e-23
0.006,1.66666666666667,10000,241,7.42856153251099e-24,3.21702492954406e-33,7.42856152929396e-24
0.006,1.66666666666667,10000,242,3.87057037940222e-24,1.07532577717848e-33,3.87057037832689e-24
0.006,1.66666666666667,10000,243,2.01061723279906e-24,3.56456522723845e-34,2.0106172324426e-24
0.006,1.66666666666667,10000,244,1.04129806664477e-24,1.17180124492877e-34,1.04129806652759e-24
0.006,1.66666666666667,10000,245,5.37673868988221e-25,3.82016589694797e-35,5.3767386895002e-25
0.006,1.66666666666667,10000,246,2.76801167914941e-25,1.23506942556119e-35,2.7680116790259e-25
0.006,1.66666666666667,10000,247,1.42078667770263e-25,3.95987427697308e-36,1.42078667766303e-25
0.006,1.66666666666667,10000,248,7.27124188665331e-26,1.25907703820972e-36,7.2712418865274e-26
0.006,1.66666666666667,10000,249,3.71034072271689e-26,3.97012416296996e-37,3.71034072267718e-26
0.006,1.66666666666667,10000,250,1.8877789738076e-26,1.24147149989599e-37,1.88777897379518e-26
0.006,1.66666666666667,10000,251,9.576950737559e-27,3.84990752749217e-38,9.5769507375205e-27
0.006,1.66666666666667,10000,252,4.84449672921093e-27,1.18398096859563e-38,4.84449672919909e-27
0.006,1.66666666666667,10000,253,2.44355362547043e-27,3.61093793903498e-39,2.44355362546682e-27
0.006,1.66666666666667,10000,254,1.22900403038124e-27,1.09213470088267e-39,1.22900403038015e-27
0.006,1.66666666666667,10000,255,6.16381137709679e-28,3.27576899284341e-40,6.16381137709351e-28
0.006,1.66666666666667,10000,256,3.08259374020959e-28,9.74386388239583e-41,3.08259374020861e-28
0.006,1.66666666666667,10000,257,1.5373063697255e-28,2.87428632358824e-41,1.53730636972521e-28
0.006,1.66666666666667,10000,258,7.64518417830677e-29,8.40832960773614e-42,7.64518417830593e-29
0.006,1.66666666666667,10000,259,3.79144730202893e-29,2.43932859263668e-42,3.79144730202869e-29
0.006,1.66666666666667,10000,260,1.87507111261275e-29,7.01797415266409e-43,1.87507111261268e-29
0.006,1.66666666666667,10000,261,9.24766648042685e-30,2.00232284169819e-43,9.24766648042665e-30
0.006,1.66666666666667,10000,262,4.54835408446199e-30,5.66548792477672e-44,4.54835408446193e-30
0.006,1.66666666666667,10000,263,2.23095090598423e-30,1.58972284090633e-44,2.23095090598421e-30
0.006,1.66666666666667,10000,264,1.09130285931346e-30,4.42370735875984e-45,1.09130285931346e-30
0.006,1.66666666666667,10000,265,5.32385171316956e-31,1.22076549081769e-45,5.32385171316954e-31
0.006,1.66666666666667,10000,266,2.5902267277456e-31,3.34086539300576e-46,2.5902267277456e-31
0.006,1.66666666666667,10000,267,1.2568589125719e-31,9.06706211636076e-47,1.2568589125719e-31
0.006,1.66666666666667,10000,268,6.08244085206702e-32,2.44036666231921e-47,6.08244085206702e-32
0.006,1.66666666666667,10000,269,2.93573956716976e-32,6.51365054802436e-48,2.93573956716976e-32
0.006,1.66666666666667,10000,270,1.41322407552621e-32,1.72414865005083e-48,1.41322407552621e-32
0.006,1.66666666666667,10000,271,6.78522032451538e-33,4.5259092013603e-49,6.78522032451538e-33
0.006,1.66666666666667,10000,272,3.2492401946947e-33,1.17819682122905e-49,3.2492401946947e-33
0.006,1.66666666666667,10000,273,1.55192268088395e-33,3.04166048490969e-50,1.55192268088395e-33
0.006,1.66666666666667,10000,274,7.39322909021547e-34,7.78725693505099e-51,7.39322909021547e-34
0.006,1.66666666666667,10000,275,3.51301045658652e-34,1.97714787309426e-51,3.51301045658652e-34
0.006,1.66666666666667,10000,276,1.66498853759223e-34,4.9782268052491e-52,1.66498853759223e-34
0.006,1.66666666666667,10000,277,7.8710898159855e-35,1.24305711952337e-52,7.8710898159855e-35
0.006,1.66666666666667,10000,278,3.71155198460281e-35,3.07814001731713e-53,3.71155198460281e-35
0.006,1.66666666666667,10000,279,1.74573568461706e-35,7.55903812849393e-54,1.74573568461706e-35
0.006,1.66666666666667,10000,280,8.1904705632131e-36,1.84088042755532e-54,8.1904705632131e-36
0.006,1.66666666666667,10000,281,3.83311421409585e-36,4.44595951728606e-55,3.83311421409585e-36
0.006,1.66666666666667,10000,282,1.78941999637097e-36,1.06484478143721e-55,1.78941999637097e-36
0.006,1.66666666666667,10000,283,8.33288656894119e-37,2.52922804696489e-56,8.33288656894119e-37
0.006,1.66666666666667,10000,284,3.87084970589311e-37,5.9575891610539e-57,3.87084970589311e-37
0.006,1.66666666666667,10000,285,1.79369980832036e-37,1.39166271400986e-57,1.79369980832036e-37
0.006,1.66666666666667,10000,286,8.29145496961645e-38,3.2238758711289e-58,8.29145496961645e-38
0.006,1.66666666666667,10000,287,3.82343880475443e-38,7.40633771805293e-59,3.82343880475443e-38
0.006,1.66666666666667,10000,288,1.75883376762999e-38,1.6873671510913e-59,1.75883376762999e-38
0.006,1.66666666666667,10000,289,8.07137461844887e-39,3.81238321136746e-60,8.07137461844887e-39
0.006,1.66666666666667,10000,290,3.69510717612726e-39,8.54209477932737e-61,3.69510717612726e-39
0.006,1.66666666666667,10000,291,1.6875946075807e-39,1.89807383588848e-61,1.6875946075807e-39
0.006,1.66666666666667,10000,292,7.68909923816727e-40,4.18256499860287e-62,7.68909923816727e-40
0.006,1.66666666666667,10000,293,3.49505253160759e-40,9.14014686784698e-63,3.49505253160759e-40
0.006,1.66666666666667,10000,294,1.58492047103798e-40,1.98081779529869e-63,1.58492047103798e-40
0.006,1.66666666666667,10000,295,7.1703664799298e-41,4.2571285357149e-64,7.1703664799298e-41
0.006,1.66666666666667,10000,296,3.23638286623935e-41,9.07339622501704e-65,3.23638286623935e-41
0.006,1.66666666666667,10000,297,1.45736257008102e-41,1.91780245020806e-65,1.45736257008102e-41
0.006,1.66666666666667,10000,298,6.54740172659898e-42,4.01993231869887e-66,6.54740172659898e-42
0.006,1.66666666666667,10000,299,2.93473217368738e-42,8.35630902990534e-67,2.93473217368738e-42
0.006,1.66666666666667,10000,300,1.31241286695265e-42,1.72262649717803e-67,1.31241286695265e-42
0.006,1.66666666666667,10000,301,5.85570768280852e-43,3.52166980071487e-68,5.85570768280852e-43
0.006,1.66666666666667,10000,302,2.60675099893051e-43,7.13981604485341e-69,2.60675099893051e-43
0.006,1.66666666666667,10000,303,1.15780461296379e-43,1.43551022761189e-69,1.15780461296379e-43
0.006,1.66666666666667,10000,304,5.13086813275518e-44,2.86224258534827e-70,5.13086813275518e-44
0.006,1.66666666666667,10000,305,2.26866584729256e-44,5.65962252322604e-71,2.26866584729256e-44
0.006,1.66666666666667,10000,306,1.00087199208776e-44,1.10981188869099e-71,1.00087199208776e-44
0.006,1.66666666666667,10000,307,4.40574190505327e-45,2.15820233811188e-72,4.40574190505327e-45
0.006,1.66666666666667,10000,308,1.93506803338002e-45,4.16213175434991e-73,1.93506803338002e-45
0.006,1.66666666666667,10000,309,8.48035874216554e-46,7.96013381223293e-74,8.48035874216554e-46
0.006,1.66666666666667,10000,310,3.70831918141542e-46,1.5097526210659e-74,3.70831918141542e-46
0.006,1.66666666666667,10000,311,1.61803889078555e-46,2.83969760660834e-75,1.61803889078555e-46
0.006,1.66666666666667,10000,312,7.04455896168507e-47,5.29686955621536e-76,7.04455896168507e-47
0.006,1.66666666666667,10000,313,3.06038224928327e-47,9.79822345635098e-77,3.06038224928327e-47
0.006,1.66666666666667,10000,314,1.32665663720912e-47,1.79744777499431e-77,1.32665663720912e-47
0.006,1.66666666666667,10000,315,5.73860509695381e-48,3.26998756540408e-78,5.73860509695381e-48
0.006,1.66666666666667,10000,316,2.47698293578582e-48,5.8995216730885e-79,2.47698293578582e-48
0.006,1.66666666666667,10000,317,1.06687233723075e-48,1.05552465004185e-79,1.06687233723075e-48
0.006,1.66666666666667,10000,318,4.5854137292037e-49,1.87284069838395e-80,4.5854137292037e-49
0.006,1.66666666666667,10000,319,1.96664092451469e-49,3.29544582158403e-81,1.96664092451469e-49
0.006,1.66666666666667,10000,320,8.41697241037717e-50,5.75053688017687e-82,8.41697241037717e-50
0.006,1.66666666666667,10000,321,3.59480061301912e-50,9.95138410218503e-83,3.59480061301912e-50
0.006,1.66666666666667,10000,322,1.53209445997104e-50,1.70780965721285e-83,1.53209445997104e-50
0.006,1.66666666666667,10000,323,6.51616153723498e-51,2.9065401063287e-84,6.51616153723498e-51
0.006,1.66666666666667,10000,324,2.76565124477848e-51,4.90562170014701e-85,2.76565124477848e-51
0.006,1.66666666666667,10000,325,1.17140193791112e-51,8.21093601602296e-86,1.17140193791112e-51
0.006,1.66666666666667,10000,326,4.95132086356828e-52,1.36292563699102e-86,4.95132086356828e-52
0.006,1.66666666666667,10000,327,2.08855753039878e-52,2.24353336734285e-87,2.08855753039878e-52
0.006,1.66666666666667,10000,328,8.7919590744271e-53,3.66246754259438e-88,8.7919590744271e-53
0.006,1.66666666666667,10000,329,3.69353566461777e-53,5.92919748137597e-89,3.69353566461777e-53
0.006,1.66666666666667,10000,330,1.54853104120277e-53,9.51916655475842e-90,1.54853104120277e-53
0.006,1.66666666666667,10000,331,6.4792098282368e-54,1.51559378308133e-90,6.4792098282368e-54
0.006,1.66666666666667,10000,332,2.70552899005116e-54,2.3930269188558e-91,2.70552899005116e-54
0.006,1.66666666666667,10000,333,1.12749296267223e-54,3.74708230142925e-92,1.12749296267223e-54
0.006,1.66666666666667,10000,334,4.68932624518265e-55,5.81861684024833e-93,4.68932624518265e-55
0.006,1.66666666666667,10000,335,1.94645986697624e-55,8.9603952330423e-94,1.94645986697624e-55
0.006,1.66666666666667,10000,336,8.06347545520998e-56,1.36840752082455e-94,8.06347545520998e-56
0.006,1.66666666666667,10000,337,3.33383638665579e-56,2.07245265457809e-95,3.33383638665579e-56
0.006,1.66666666666667,10000,338,1.37567188879074e-56,3.11268134277538e-96,1.37567188879074e-56
0.006,1.66666666666667,10000,339,5.66548839387515e-57,4.6362365518272e-97,5.66548839387515e-57
0.006,1.66666666666667,10000,340,2.32870823427254e-57,6.84821505327562e-98,2.32870823427254e-57
0.006,1.66666666666667,10000,341,9.55325426208328e-58,1.00315969015149e-98,9.55325426208328e-58
0.006,1.66666666666667,10000,342,3.91155468380753e-58,1.45728211407029e-99,3.91155468380753e-58
0.006,1.66666666666667,10000,343,1.59849964189483e-58,2.09941393696067e-100,1.59849964189483e-58
0.006,1.66666666666667,10000,344,6.5199457681275e-59,2.99939315878873e-101,6.5199457681275e-59
0.006,1.66666666666667,10000,345,2.65428125395203e-59,4.24961510000465e-102,2.65428125395203e-59
0.006,1.66666666666667,10000,346,1.07851106547306e-59,5.9709945637622e-103,1.07851106547306e-59
0.006,1.66666666666667,10000,347,4.37401382463649e-60,8.32002505947791e-104,4.37401382463649e-60
0.006,1.66666666666667,10000,348,1.77058478890487e-60,1.14969719627696e-104,1.77058478890487e-60
0.006,1.66666666666667,10000,349,7.15381110099309e-61,1.57551734776412e-105,7.15381110099309e-61
0.006,1.66666666666667,10000,350,2.88499775499042e-61,2.14113369499168e-106,2.88499775499042e-61
0.006,1.66666666666667,10000,351,1.16129846664534e-61,2.88566068045838e-107,1.16129846664534e-61
0.006,1.66666666666667,10000,352,4.66590247827772e-62,3.85680442755218e-108,4.66590247827772e-62
0.006,1.66666666666667,10000,353,1.87121609375707e-62,5.11200007504445e-109,1.87121609375707e-62
0.006,1.66666666666667,10000,354,7.49051612274261e-63,6.71946916480725e-110,7.49051612274261e-63
0.006,1.66666666666667,10000,355,2.99296794682381e-63,8.75910955734418e-111,2.99296794682381e-63
0.006,1.66666666666667,10000,356,1.19370744881726e-63,1.13231127256177e-111,1.19370744881726e-63
0.006,1.66666666666667,10000,357,4.75228229070221e-64,1.45161879502326e-112,4.75228229070221e-64
0.006,1.66666666666667,10000,358,1.88850439085391e-64,1.84552619443206e-113,1.88850439085391e-64
0.006,1.66666666666667,10000,359,7.49114399134362e-65,2.3268518036865e-114,7.49114399134362e-65
0.006,1.66666666666667,10000,360,2.9661669058728e-65,2.90936435627346e-115,2.9661669058728e-65
0.006,1.66666666666667,10000,361,1.17236600713286e-65,3.60751697109456e-116,1.17236600713286e-65
0.006,1.66666666666667,10000,362,4.62544927224361e-66,4.43608165074117e-117,4.62544927224361e-66
0.006,1.66666666666667,10000,363,1.8216735875818e-66,5.40967978712262e-118,1.8216735875818e-66
0.006,1.66666666666667,10000,364,7.16169759991598e-67,6.54220977856545e-119,7.16169759991598e-67
0.006,1.66666666666667,10000,365,2.81056090860626e-67,7.84617972961495e-120,2.81056090860626e-67
0.006,1.66666666666667,10000,366,1.10104339830257e-67,9.33196105631998e-121,1.10104339830257e-67
0.006,1.66666666666667,10000,367,4.30579231121263e-68,1.10069872315569e-121,4.30579231121263e-68
0.006,1.66666666666667,10000,368,1.6808993039733e-68,1.28749303093857e-122,1.6808993039733e-68
0.006,1.66666666666667,10000,369,6.55047890721258e-69,1.4934895579792e-123,6.55047890721258e-69
0.006,1.66666666666667,10000,370,2.54829606369946e-69,1.71806809674869e-124,2.54829606369946e-69
0.006,1.66666666666667,10000,371,9.89634696011897e-70,1.96001518303733e-125,9.89634696011897e-70
0.006,1.66666666666667,10000,372,3.8366382107329e-70,2.21747829252379e-126,3.8366382107329e-70
0.006,1.66666666666667,10000,373,1.48484245903894e-70,2.4879416921753e-127,1.48484245903894e-70
0.006,1.66666666666667,10000,374,5.73675332663742e-71,2.76822826114571e-128,5.73675332663742e-71
0.006,1.66666666666667,10000,375,2.21264071910952e-71,3.05453058138504e-129,2.21264071910952e-71
0.006,1.66666666666667,10000,376,8.51956050636113e-72,3.34247321989573e-130,8.51956050636113e-72
0.006,1.66666666666667,10000,377,3.27482181665162e-72,3.62720644500743e-131,3.27482181665162e-72
0.006,1.66666666666667,10000,378,1.2566807417674e-72,3.90352973453061e-132,1.2566807417674e-72
0.006,1.66666666666667,10000,379,4.81428325688376e-73,4.16604146901589e-133,4.81428325688376e-73
0.006,1.66666666666667,10000,380,1.84123949738271e-73,4.40930930321555e-134,1.84123949738271e-73
0.006,1.66666666666667,10000,381,7.03012744664077e-74,4.62805402574714e-135,7.03012744664077e-74
0.006,1.66666666666667,10000,382,2.67969643545203e-74,4.8173383978495e-136,2.67969643545203e-74
0.006,1.66666666666667,10000,383,1.01922031228377e-74,4.97275163397385e-137,1.01922031228377e-74
0.006,1.66666666666667,10000,384,3.81354229876403e-75,5.09057994362564e-138,3.81354229876403e-75
0.006,1.66666666666667,10000,385,8.01488330372543e-76,5.16795394520973e-139,8.01488330372543e-76
0.006,1.66666666666667,10000,386,-6.78572287230327e-75,5.20296478758123e-140,-6.78572287230327e-75
0.006,1.66666666666667,10000,387,-8.04872321227575e-74,5.19474241930811e-141,-8.04872321227575e-74
0.006,1.66666666666667,10000,388,-8.86863126426395e-73,5.14349152507845e-142,-8.86863126426395e-73
0.006,1.66666666666667,10000,389,-9.74831393923507e-72,5.05048305694313e-143,-9.74831393923507e-72
0.006,1.66666666666667,10000,390,-1.07143495545263e-70,4.91800184959226e-144,-1.07143495545263e-70
0.006,1.66666666666667,10000,391,-1.17760831874293e-69,4.74925333412306e-145,-1.17760831874293e-69
0.006,1.66666666666667,10000,392,-1.29430233457408e-68,4.548234667603e-146,-1.29430233457408e-68
0.006,1.66666666666667,10000,393,-1.42255809843315e-67,4.31957751000024e-147,-1.42255809843315e-67
0.006,1.66666666666667,10000,394,-1.56352774086598e-66,4.06837107413318e-148,-1.56352774086598e-66
0.006,1.66666666666667,10000,395,-1.7184651028143e-65,3.79997486226528e-149,-1.7184651028143e-65
0.006,1.66666666666667,10000,396,-1.88875506988442e-64,3.51983065065928e-150,-1.88875506988442e-64
0.006,1.66666666666667,10000,397,-2.07592503042051e-63,3.23328280965276e-151,-2.07592503042051e-63
0.006,1.66666666666667,10000,398,-2.28164084887547e-62,2.94541501919046e-152,-2.28164084887547e-62
0.006,1.66666666666667,10000,399,-2.50773860683871e-61,2.66090996613867e-153,-2.50773860683871e-61
0.006,1.66666666666667,10000,400,-2.75624400025527e-60,2.38393682630928e-154,-2.75624400025527e-60
0.006,1.66666666666667,20000,0,5.06447887595574e-27,3.23592852297943e-42,5.06447887595574e-27
0.006,1.66666666666667,20000,1,2.98661695021985e-27,7.7464337606334e-42,2.98661695021984e-27
0.006,1.66666666666667,20000,2,1.75796287617044e-27,1.84669487001704e-41,1.75796287617042e-27
0.006,1.66666666666667,20000,3,1.03282760324503e-27,4.38408447275383e-41,1.03282760324499e-27
0.006,1.66666666666667,20000,4,6.05670570805266e-28,1.03646137933972e-40,6.05670570805162e-28
0.006,1.66666666666667,20000,5,3.54517868454789e-28,2.44015702453682e-40,3.54517868454545e-28
0.006,1.66666666666667,20000,6,2.0712633353534e-28,5.72101206903298e-40,2.07126333534768e-28
0.006,1.66666666666667,20000,7,1.20789875028077e-28,1.3357291179868e-39,1.20789875026742e-28
0.006,1.66666666666667,20000,8,7.03114824656431e-29,3.10566324657983e-39,7.03114824625374e-29
0.006,1.66666666666667,20000,9,4.08530941658566e-29,7.19085896984964e-39,4.08530941586657e-29
0.006,1.66666666666667,20000,10,2.36934928578991e-29,1.65804998754954e-38,2.36934928413186e-29
0.006,1.66666666666667,20000,11,1.37164301945313e-29,3.80719312702023e-38,1.37164301564594e-29
0.006,1.66666666666667,20000,12,7.9261705373472e-30,8.70567871768427e-38,7.92617045029041e-30
0.006,1.66666666666667,20000,13,4.57191817576308e-30,1.98239778105719e-37,4.5719179775233e-30
0.006,1.66666666666667,20000,14,2.63238018100359e-30,4.49541106248319e-37,2.63237973146248e-30
0.006,1.66666666666667,20000,15,1.51292114666718e-30,1.01516925563295e-36,1.51292013149792e-30
0.006,1.66666666666667,20000,16,8.67968312676916e-31,2.28295811196646e-36,8.67966029718804e-31
0.006,1.66666666666667,20000,17,4.97065602385793e-31,5.11267126245542e-36,4.9706048971453e-31
0.006,1.66666666666667,20000,18,2.84150331407313e-31,1.14021889817414e-35,2.84138929218331e-31
0.006,1.66666666666667,20000,19,1.62147247774824e-31,2.5323226538215e-35,1.62121924548286e-31
0.006,1.66666666666667,20000,20,9.23634791643829e-32,5.6006738820553e-35,9.23074724255623e-32
0.006,1.66666666666667,20000,21,5.25197427873183e-32,1.23353640104143e-34,5.23963891472142e-32
0.006,1.66666666666667,20000,22,2.98111553212313e-32,2.70554084115075e-34,2.95406012371163e-32
0.006,1.66666666666667,20000,23,1.68916170641536e-32,5.90944449893624e-34,1.630067261426e-32
0.006,1.66666666666667,20000,24,9.55437168059274e-33,1.28537444646702e-33,8.26899723412572e-33
0.006,1.66666666666667,20000,25,5.39478064955116e-33,2.78421715524133e-33,2.61056349430983e-33
0.006,1.66666666666667,20000,26,3.04080424187855e-33,6.00574637818155e-33,-2.964942136303e-33
0.006,1.66666666666667,20000,27,1.71099362938969e-33,1.29009386711764e-32,-1.11899450417867e-32
0.006,1.66666666666667,20000,28,9.61071760108887e-34,2.75972668485876e-32,-2.66361950884787e-32
0.006,1.66666666666667,20000,29,5.38905923266734e-34,5.87897041800667e-32,-5.82507982567999e-32
0.006,1.66666666666667,20000,30,3.01662987109499e-34,1.24717362097417e-31,-1.24415699110307e-31
0.006,1.66666666666667,20000,31,1.68571917700744e-34,2.63477174672213e-31,-2.63308602754512e-31
0.006,1.66666666666667,20000,32,9.40382952677602e-35,5.5430592226637e-31,-5.54211883971102e-31
0.006,1.66666666666667,20000,33,5.23700232008399e-35,1.16130549026327e-30,-1.16125312024007e-30
0.006,1.66666666666667,20000,34,2.91153121871973e-35,2.42289101537314e-30,-2.42286190006096e-30
0.006,1.66666666666667,20000,35,1.61593154463996e-35,5.03398270773249e-30,-5.03396654841704e-30
0.006,1.66666666666667,20000,36,8.95342985220909e-36,1.0415497018083e-29,-1.04154880646532e-29
0.006,1.66666666666667,20000,37,4.95248325344821e-36,2.14604447504432e-29,-2.146043979796e-29
0.006,1.66666666666667,20000,38,2.73480159291867e-36,4.4033973527709e-29,-4.40339707929074e-29
0.006,1.66666666666667,20000,39,1.50764806551081e-36,8.9976164372264e-29,-8.99761628646159e-29
0.006,1.66666666666667,20000,40,8.29750593207688e-37,1.83087002179895e-28,-1.83087001350144e-28
0.006,1.66666666666667,20000,41,4.55901179340647e-37,3.71003487047218e-28,-3.71003486591317e-28
0.006,1.66666666666667,20000,42,2.50075744321175e-37,7.48667376639152e-28,-7.48667376389076e-28
0.006,1.66666666666667,20000,43,1.36947138999036e-37,1.50449332837314e-27,-1.50449332823619e-27
0.006,1.66666666666667,20000,44,7.48727640223945e-38,3.01080107922746e-27,-3.01080107915258e-27
0.006,1.66666666666667,20000,45,4.08740566438428e-38,6.00018028312151e-27,-6.00018028308063e-27
0.006,1.66666666666667,20000,46,2.23078856121863e-38,1.19079492657967e-26,-1.19079492657744e-26
0.006,1.66666666666667,20000,47,1.22974073413957e-38,2.3534235307958e-26,-2.35342353079457e-26
0.006,1.66666666666667,20000,48,7.40737169669711e-39,4.63184104498844e-26,-4.6318410449877e-26
0.006,1.66666666666667,20000,49,7.22242832766244e-39,9.07815601223475e-26,-9.07815601223403e-26
0.006,1.66666666666667,20000,50,1.76844197944196e-38,1.7718709046845e-25,-1.77187090468432e-25
0.006,1.66666666666667,20000,51,6.73599939038837e-38,3.44395090065399e-25,-3.44395090065331e-25
0.006,1.66666666666667,20000,52,2.73372589683876e-37,6.66610676855449e-25,-6.66610676855175e-25
0.006,1.66666666666667,20000,53,1.09760618217707e-36,1.28492571025921e-24,-1.28492571025811e-24
0.006,1.66666666666667,20000,54,4.31788450712299e-36,2.46646077134418e-24,-2.46646077133986e-24
0.006,1.66666666666667,20000,55,1.66291300954352e-35,4.7147736267924e-24,-4.71477362677577e-24
0.006,1.66666666666667,20000,56,6.27160245713007e-35,8.97507152451694e-24,-8.97507152445422e-24
0.006,1.66666666666667,20000,57,2.31735265250363e-34,1.70139609091504e-23,-1.70139609089187e-23
0.006,1.66666666666667,20000,58,8.39276147860317e-34,3.21191011205513e-23,-3.2119101119712e-23
0.006,1.66666666666667,20000,59,2.98060508604988e-33,6.03825951500931e-23,-6.03825951471125e-23
0.006,1.66666666666667,20000,60,1.03841516711654e-32,1.13044804144411e-22,-1.13044804134027e-22
0.006,1.66666666666667,20000,61,3.55040353215783e-32,2.10755965735397e-22,-2.10755965699893e-22
0.006,1.66666666666667,20000,62,1.19176564124575e-31,3.9129075542434e-22,-3.91290755305163e-22
0.006,1.66666666666667,20000,63,3.92889510016713e-31,7.23452026963849e-22,-7.23452026570959e-22
0.006,1.66666666666667,20000,64,1.27253698159607e-30,1.33201871812514e-21,-1.3320187168526e-21
0.006,1.66666666666667,20000,65,4.05078413683332e-30,2.44231320408654e-21,-2.44231320003575e-21
0.006,1.66666666666667,20000,66,1.26770859664333e-29,4.45946568818229e-21,-4.4594656755052e-21
0.006,1.66666666666667,20000,67,3.9016586672118e-29,8.10876539951065e-21,-8.10876536049406e-21
0.006,1.66666666666667,20000,68,1.18130394210922e-28,1.46830772722095e-20,-1.46830771540791e-20
0.006,1.66666666666667,20000,69,3.51953305007789e-28,2.64770668915768e-20,-2.64770665396235e-20
0.006,1.66666666666667,20000,70,1.03215183623573e-27,4.75459030628326e-20,-4.75459020306807e-20
0.006,1.66666666666667,20000,71,2.98028150971476e-27,8.50250249780275e-20,-8.5025021997746e-20
0.006,1.66666666666667,20000,72,8.4750492819232e-27,1.51415688425966e-19,-1.51415679950917e-19
0.006,1.66666666666667,20000,73,2.37416433034627e-26,2.68525431031801e-19,-2.68525407290158e-19
0.006,1.66666666666667,20000,74,6.55347604758441e-26,4.74231512127628e-19,-4.74231446592868e-19
0.006,1.66666666666667,20000,75,1.78291426679753e-25,8.34037994269634e-19,-8.34037815978207e-19
0.006,1.66666666666667,20000,76,4.78177543903466e-25,1.4607358939434e-18,-1.46073541576585e-18
0.006,1.66666666666667,20000,77,1.26458185742842e-24,2.54769835497404e-18,-2.54769709039218e-18
0.006,1.66666666666667,20000,78,3.29837399052114e-24,4.42501504749148e-18,-4.42501174911749e-18
0.006,1.66666666666667,20000,79,8.48674849944378e-24,7.65370883727725e-18,-7.65370035052875e-18
0.006,1.66666666666667,20000,80,2.15457618534751e-23,1.31831611619471e-17,-1.31831396161852e-17
0.006,1.66666666666667,20000,81,5.39820636634179e-23,2.26129709847422e-17,-2.26129170026786e-17
0.006,1.66666666666667,20000,82,1.3350260959034e-22,3.86265686110966e-17,-3.8626435108487e-17
0.006,1.66666666666667,20000,83,3.2596114557576e-22,6.57060065812541e-17,-6.57056806201086e-17
0.006,1.66666666666667,20000,84,7.85884296519005e-22,1.11304944137688e-16,-1.11304158253392e-16
0.006,1.66666666666667,20000,85,1.87131449397058e-21,1.87764843170386e-16,-1.87762971855892e-16
0.006,1.66666666666667,20000,86,4.4015632611199e-21,3.15431122417668e-16,-3.15426720854407e-16
0.006,1.66666666666667,20000,87,1.02285411156394e-20,5.2769775126693e-16,-5.27687522725814e-16
0.006,1.66666666666667,20000,88,2.34876554961945e-20,8.79136649411472e-16,-8.79113161755975e-16
0.006,1.66666666666667,20000,89,5.33034903999251e-20,1.45853873298876e-15,-1.45848542949836e-15
0.006,1.66666666666667,20000,90,1.19572310736585e-19,2.40973889674841e-15,-2.40961932443767e-15
0.006,1.66666666666667,20000,91,2.65174555432146e-19,3.96471933398702e-15,-3.96445415943159e-15
0.006,1.66666666666667,20000,92,5.81466804903829e-19,6.49599002112729e-15,-6.49540855432239e-15
0.006,1.66666666666667,20000,93,1.26088026299519e-18,1.0599092667355e-14,-1.0597831787092e-14
0.006,1.66666666666667,20000,94,2.70421400453474e-18,1.72219557468828e-14,-1.72192515328783e-14
0.006,1.66666666666667,20000,95,5.73703523157953e-18,2.78667735433169e-14,-2.78610365080854e-14
0.006,1.66666666666667,20000,96,1.20412824624698e-17,4.4903619323244e-14,-4.48915780407816e-14
0.006,1.66666666666667,20000,97,2.50066128537287e-17,7.20553855249218e-14,-7.20303789120681e-14
0.006,1.66666666666667,20000,98,5.13914281789952e-17,1.15144178213264e-13,-1.15092786785085e-13
0.006,1.66666666666667,20000,99,1.04528733758293e-16,1.83234801741194e-13,-1.83130273007436e-13
0.006,1.66666666666667,20000,100,2.10447670285042e-16,2.90378448401052e-13,-2.90168000730767e-13
0.006,1.66666666666667,20000,101,4.19439203586101e-16,4.58259247569998e-13,-4.57839808366412e-13
0.006,1.66666666666667,20000,102,8.27679591801315e-16,7.20192401080427e-13,-7.19364721488625e-13
0.006,1.66666666666667,20000,103,1.61724022443817e-15,1.12713587103961e-12,-1.12551863081517e-12
0.006,1.66666666666667,20000,104,3.12935994650482e-15,1.75668724408959e-12,-1.75355788414308e-12
0.006,1.66666666666667,20000,105,5.99727242103862e-15,2.72648469256923e-12,-2.72048742014819e-12
0.006,1.66666666666667,20000,106,1.13845758128604e-14,4.21407362907366e-12,-4.2026890532608e-12
0.006,1.66666666666667,20000,107,2.14087495565957e-14,6.48621909970661e-12,-6.46481035015001e-12
0.006,1.66666666666667,20000,108,3.98862041915489e-14,9.94194942895653e-12,-9.90206322476499e-12
0.006,1.66666666666667,20000,109,7.36301566243366e-14,1.51754620975308e-11,-1.51018319409064e-11
0.006,1.66666666666667,20000,110,1.34689609558478e-13,2.30676173504142e-11,-2.29329277408557e-11
0.006,1.66666666666667,20000,111,2.44174710308865e-13,3.49183724195762e-11,-3.46741977092674e-11
0.006,1.66666666666667,20000,112,4.38730165132322e-13,5.26375523338866e-11,-5.21988221687543e-11
0.006,1.66666666666667,20000,113,7.8138616606552e-13,7.90183250099753e-11,-7.82369388439097e-11
0.006,1.66666666666667,20000,114,1.37957629803316e-12,1.18127331248108e-10,-1.16747754950074e-10
0.006,1.66666666666667,20000,115,2.41477743159797e-12,1.7585851641062e-10,-1.73443738979022e-10
0.006,1.66666666666667,20000,116,4.19081707199065e-12,2.60715503450535e-10,-2.56524686378544e-10
0.006,1.66666666666667,20000,117,7.21188194494772e-12,3.84911378105919e-10,-3.77699496160972e-10
0.006,1.66666666666667,20000,118,1.23073400599537e-11,5.65907019224399e-10,-5.53599679164446e-10
0.006,1.66666666666667,20000,119,2.08296590221578e-11,8.28552156423278e-10,-8.07722497401121e-10
0.006,1.66666666666667,20000,120,3.4965399275678e-11,1.20805042606266e-09,-1.17308502678698e-09
0.006,1.66666666666667,20000,121,5.82195088011592e-11,1.75404492891255e-09,-1.69582542011139e-09
0.006,1.66666666666667,20000,122,9.61627770094867e-11,2.53621930288558e-09,-2.4400565258761e-09
0.006,1.66666666666667,20000,123,1.57575228643903e-10,3.65193747587768e-09,-3.49436224723377e-09
0.006,1.66666666666667,20000,124,2.5617978240761e-10,5.23661087100319e-09,-4.98043108859558e-09
0.006,1.66666666666667,20000,125,4.13247838290705e-10,7.47769439670535e-09,-7.06444655841464e-09
0.006,1.66666666666667,20000,126,6.61481126683653e-10,1.06334834871411e-08,-9.97200236045748e-09
0.006,1.66666666666667,20000,127,1.0507446532016e-09,1.50582273370022e-08,-1.40074826838006e-08
0.006,1.66666666666667,20000,128,1.65646007150905e-09,2.12355042304706e-08,-1.95790441589615e-08
0.006,1.66666666666667,20000,129,2.5917879133674e-09,2.98223419380906e-08,-2.72305540247232e-08
0.006,1.66666666666667,20000,130,4.02515665347783e-09,4.17072305699914e-08,-3.76820739165136e-08
0.006,1.66666666666667,20000,131,6.20526850377146e-09,5.80859905767915e-08,-5.188072207302e-08
0.006,1.66666666666667,20000,132,9.49646483413554e-09,8.0560450626545e-08,-7.10639857924094e-08
0.006,1.66666666666667,20000,133,1.44283142730806e-08,1.11266086543561e-07,-9.68377722704799e-08
0.006,1.66666666666667,20000,134,2.1764547508072e-08,1.53036202146097e-07,-1.31271654638025e-07
0.006,1.66666666666667,20000,135,3.25980655649208e-08,2.09611924404344e-07,-1.77013858839424e-07
0.006,1.66666666666667,20000,136,4.84807602502763e-08,2.85909266000226e-07,-2.3742850574995e-07
0.006,1.66666666666667,20000,137,7.15993783062816e-08,3.88356801571656e-07,-3.16757423265375e-07
0.006,1.66666666666667,20000,138,1.05011707820045e-07,5.25320126787985e-07,-4.2030841896794e-07
0.006,1.66666666666667,20000,139,1.52961036484687e-07,7.07632229403241e-07,-5.54671192918554e-07
0.006,1.66666666666667,20000,140,2.21291186797594e-07,9.49252192414535e-07,-7.27961005616941e-07
0.006,1.66666666666667,20000,141,3.17989515760438e-07,1.26807824698346e-06,-9.50088731223022e-07
0.006,1.66666666666667,20000,142,4.53891090528747e-07,1.68694504887995e-06,-1.2330539583512e-06
0.006,1.66666666666667,20000,143,6.43583790646255e-07,2.23483908956928e-06,-1.59125529892302e-06
0.006,1.66666666666667,20000,144,9.06561261146647e-07,2.94837025891864e-06,-2.041808997772e-06
0.006,1.66666666666667,20000,145,1.26867829766138e-06,3.87354159644397e-06,-2.60486329878259e-06
0.006,1.66666666666667,20000,146,1.7639711466962e-06,5.0678630001098e-06,-3.30389185341359e-06
0.006,1.66666666666667,20000,147,2.43691301052091e-06,6.60285785132846e-06,-4.16594484080755e-06
0.006,1.66666666666667,20000,148,3.34518229847667e-06,8.56701385090862e-06,-5.22183155243195e-06
0.006,1.66666666666667,20000,149,4.56302727847054e-06,1.10692304739423e-05,-6.50620319547176e-06
0.006,1.66666666666667,20000,150,6.18531503359091e-06,1.42428149153569e-05,-8.05749988176594e-06
0.006,1.66666666666667,20000,151,8.33235416676693e-06,1.82500757326707e-05,-9.91772156590379e-06
0.006,1.66666666666667,20000,152,1.11555785487401e-05,2.32875580750818e-05,-1.21319795263418e-05
0.006,1.66666666666667,20000,153,1.48441725027898e-05,2.95919558652946e-05,-1.47477833625048e-05
0.006,1.66666666666667,20000,154,1.96327050371748e-05,3.74467240095063e-05,-1.78140189723315e-05
0.006,1.66666666666667,20000,155,2.58098209422753e-05,4.71893971052124e-05,-2.13795761629372e-05
0.006,1.66666666666667,20000,156,3.37280086983478e-05,5.92195996987387e-05,-2.54915910003909e-05
0.006,1.66666666666667,20000,157,4.38144282763455e-05,7.40077065060391e-05,-3.01932782296935e-05
0.006,1.66666666666667,20000,158,5.65827353920284e-05,9.21040788764173e-05,-3.55213434843889e-05
0.006,1.66666666666667,20000,159,7.26457822837869e-05,0.000114148766058046,-4.15029837742587e-05
0.006,1.66666666666667,20000,160,9.27290087893241e-05,0.000140881516661288,-4.8152507871964e-05
0.006,1.66666666666667,20000,161,0.000117684262140144,0.000173151897545117,-5.54676354049732e-05
0.006,1.66666666666667,20000,162,0.000148503700903309,0.000211929264947527,-6.34255640442182e-05
0.006,1.66666666666667,20000,163,0.000186333350068733,0.000258312277201256,-7.1978927132523e-05
0.006,1.66666666666667,20000,164,0.000232485783412801,0.00031353758139779,-8.10517979849897e-05
0.006,1.66666666666667,20000,165,0.000288451319793826,0.000378987249898813,-9.05359301049868e-05
0.006,1.66666666666667,20000,166,0.000355907036561564,0.00045619448909394,-0.000100287452532376
0.006,1.66666666666667,20000,167,0.000436722831082562,0.000546847095126318,-0.000110124264043756
0.006,1.66666666666667,20000,168,0.000532963706303304,0.000652788092670187,-0.000119824386366883
0.006,1.66666666666667,20000,169,0.00064688742438875,0.000776012966736248,-0.000129125542347498
0.006,1.66666666666667,20000,170,0.000780936669874221,0.000918662887546033,-0.000137726217671811
0.006,1.66666666666667,20000,171,0.000937724896190498,0.00108301333840503,-0.000145288442214528
0.006,1.66666666666667,20000,172,0.00112001510185934,0.00127145758968888,-0.000151442487829535
0.006,1.66666666666667,20000,173,0.00133069089895106,0.00148648452162748,-0.000155793622676427
0.006,1.66666666666667,20000,174,0.00157271939882045,0.00173065038700708,-0.000157930988186627
0.006,1.66666666666667,20000,175,0.00184910564901783,0.00200654422384426,-0.000157438574826427
0.006,1.66666666666667,20000,176,0.00216283860865207,0.00231674677807131,-0.000153908169419235
0.006,1.66666666666667,20000,177,0.00251682894288835,0.00266378297656548,-0.000146954033677129
0.006,1.66666666666667,20000,178,0.00291383924357295,0.00305006819923161,-0.000136228955658657
0.006,1.66666666666667,20000,179,0.00335640763243244,0.00347784883146246,-0.000121441199030015
0.006,1.66666666666667,20000,180,0.00384676606367099,0.00394913782962116,-0.00010237176595017
0.006,1.66666666666667,20000,181,0.00438675499972963,0.00446564629499556,-7.88912952659291e-05
0.006,1.66666666666667,20000,182,0.00497773647148217,0.00502871231715918,-5.09758456770119e-05
0.006,1.66666666666667,20000,183,0.00562050783525361,0.00563922860564167,-1.87207703880648e-05
0.006,1.66666666666667,20000,184,0.00631521878658356,0.00629757066797227,1.7648118611286e-05
0.006,1.66666666666667,20000,185,0.00706129436813151,0.00700352750053056,5.77668676009554e-05
0.006,1.66666666666667,20000,186,0.00785736680164276,0.00775623692402595,0.000101129877616803
0.006,1.66666666666667,20000,187,0.00870121896911757,0.00855412780599862,0.000147091163118949
0.006,1.66666666666667,20000,188,0.00958974225730219,0.00939487145762227,0.000194870799679918
0.006,1.66666666666667,20000,189,0.0105189112575638,0.0102753444620396,0.000243566795524128
0.006,1.66666666666667,20000,190,0.011483777480075,0.011191605079452,0.000292172400623021
0.006,1.66666666666667,20000,191,0.0124784838020857,0.0121388851760119,0.000339598626073813
0.006,1.66666666666667,20000,192,0.0134963008351864,0.0131115993383443,0.000384701496842103
0.006,1.66666666666667,20000,193,0.0145296857812112,0.0141033724660373,0.000426313315173834
0.006,1.66666666666667,20000,194,0.015570363670745,0.0151070866874106,0.000463276983334393
0.006,1.66666666666667,20000,195,0.016609430165913,0.0161149479299257,0.000494482235987265
0.006,1.66666666666667,20000,196,0.0176374743869905,0.0171185719101857,0.000518902476804774
0.006,1.66666666666667,20000,197,0.0186447195188472,0.018109088707406,0.000535630811441177
0.006,1.66666666666667,20000,198,0.0196211782972484,0.0190772644692046,0.000543913828043772
0.006,1.66666666666667,20000,199,0.0205568198945037,0.0200136381922773,0.000543181702226395
0.006,1.66666666666667,20000,200,0.0214417442444952,0.020908670946864,0.000533073297631127
0.006,1.66666666666667,20000,201,0.0222663594906804,0.0217529043968389,0.000513455093841497
0.006,1.66666666666667,20000,202,0.0230215580244333,0.0225371250296867,0.00048443299474657
0.006,1.66666666666667,20000,203,0.0236988865165569,0.0232525301733623,0.000446356343194652
0.006,1.66666666666667,20000,204,0.0242907054371207,0.0238908916575849,0.000399813779535806
0.006,1.66666666666667,20000,205,0.0247903338064779,0.0244447128888672,0.000345620917610794
0.006,1.66666666666667,20000,206,0.0251921753153004,0.0249073751598445,0.000284800155455862
0.006,1.66666666666667,20000,207,0.0254918224793575,0.025273269207042,0.000218553272315496
0.006,1.66666666666667,20000,208,0.0256861361356225,0.0255379083639632,0.000148227771659393
0.006,1.66666666666667,20000,209,0.025773298315503,0.0256980201192765,7.52781962264915e-05
0.006,1.66666666666667,20000,210,0.025752837320507,0.0257516134682126,1.22385229436167e-06
0.006,1.66666666666667,20000,211,0.0256256246452673,0.0256980201192765,-7.23954740092167e-05
0.006,1.66666666666667,20000,212,0.025393844211604,0.0255379083639632,-0.00014406415235917
0.006,1.66666666666667,20000,213,0.0250609351649805,0.025273269207042,-0.000212334042061529
0.006,1.66666666666667,20000,214,0.0246315102130391,0.0249073751598445,-0.000275864946805399
0.006,1.66666666666667,20000,215,0.0241112521299171,0.0244447128888672,-0.000333460758950063
0.006,1.66666666666667,20000,216,0.0235067915889602,0.0238908916575849,-0.000384100068624674
0.006,1.66666666666667,20000,217,0.0228255699044943,0.0232525301733623,-0.000426960268868012
0.006,1.66666666666667,20000,218,0.0220756905502121,0.0225371250296867,-0.000461434479474571
0.006,1.66666666666667,20000,219,0.0212657634728709,0.0217529043968389,-0.000487140923968017
0.006,1.66666666666667,20000,220,0.0204047462363991,0.020908670946864,-0.000503924710464985
0.006,1.66666666666667,20000,221,0.0195017859194702,0.0200136381922773,-0.000511852272807096
0.006,1.66666666666667,20000,222,0.0185660654600991,0.0190772644692046,-0.000511199009105581
0.006,1.66666666666667,20000,223,0.0176066578088169,0.018109088707406,-0.000502430898589083
0.006,1.66666666666667,20000,224,0.0166323908354648,0.0171185719101857,-0.000486181074720902
0.006,1.66666666666667,20000,225,0.0156517254537238,0.0161149479299257,-0.000463222476201938
0.006,1.66666666666667,20000,226,0.0146726489033222,0.0151070866874106,-0.000434437784088318
0.006,1.66666666666667,20000,227,0.0137025845837314,0.0141033724660373,-0.000400787882305905
0.006,1.66666666666667,20000,228,0.0127483192855429,0.0131115993383443,-0.000363280052801365
0.006,1.66666666666667,20000,229,0.0118159481355276,0.0121388851760119,-0.000322937040484328
0.006,1.66666666666667,20000,230,0.0109108370752521,0.011191605079452,-0.000280768004199867
0.006,1.66666666666667,20000,231,0.0100376022449822,0.0102753444620396,-0.000237742217057441
0.006,1.66666666666667,20000,232,0.00920010525529585,0.00939487145762227,-0.000194766202326424
0.006,1.66666666666667,20000,233,0.00840146300598449,0.00855412780599862,-0.000152664800014135
0.006,1.66666666666667,20000,234,0.00764407045984942,0.00775623692402595,-0.000112166464176536
0.006,1.66666666666667,20000,235,0.00692963459924949,0.00700352750053056,-7.38929012810679e-05
0.006,1.66666666666667,20000,236,0.00625921768425317,0.00629757066797227,-3.83529837191029e-05
0.006,1.66666666666667,20000,237,0.00563328788908573,0.00563922860564167,-5.94071655594247e-06
0.006,1.66666666666667,20000,238,0.00505177541231574,0.00502871231715918,2.30630951565513e-05
0.006,1.66666666666667,20000,239,0.00451413222841511,0.00446564629499556,4.84859334195552e-05
0.006,1.66666666666667,20000,240,0.0040193937654138,0.00394913782962116,7.02559357926404e-05
0.006,1.66666666666667,20000,241,0.00356624094620649,0.00347784883146246,8.83921147440364e-05
0.006,1.66666666666667,20000,242,0.00315306121034645,0.00305006819923161,0.000102993011114841
0.006,1.66666666666667,20000,243,0.00277800732979171,0.00266378297656548,0.000114224353226232
0.006,1.66666666666667,20000,244,0.00243905303751955,0.00231674677807131,0.00012230625944824
0.006,1.66666666666667,20000,245,0.0021340446944665,0.00200654422384426,0.000127500470622237
0.006,1.66666666666667,20000,246,0.00186074842116501,0.00173065038700708,0.000130098034157935
0.006,1.66666666666667,20000,247,0.00161689231013242,0.00148648452162748,0.000130407788504936
0.006,1.66666666666667,20000,248,0.00140020350910747,0.00127145758968888,0.000128745919418589
0.006,1.66666666666667,20000,249,0.00120844012038525,0.00108301333840503,0.000125426781980227
0.006,1.66666666666667,20000,250,0.00103941799566944,0.000918662887546033,0.000120755108123411
0.006,1.66666666666667,20000,251,0.000891032617973892,0.000776012966736248,0.000115019651237645
0.006,1.66666666666667,20000,252,0.000761276352024499,0.000652788092670187,0.000108488259354311
0.006,1.66666666666667,20000,253,0.000648251412978833,0.000546847095126318,0.000101404317852515
0.006,1.66666666666667,20000,254,0.000550178951374201,0.00045619448909394,9.39844622802612e-05
0.006,1.66666666666667,20000,255,0.000465404681800674,0.000378987249898813,8.64174319018617e-05
0.006,1.66666666666667,20000,256,0.000392401495978295,0.00031353758139779,7.88639145805044e-05
0.006,1.66666666666667,20000,257,0.000329769500008397,0.000258312277201256,7.14572228071406e-05
0.006,1.66666666666667,20000,258,0.000276233902962542,0.000211929264947527,6.43046380150145e-05
0.006,1.66666666666667,20000,259,0.000230641162046822,0.000173151897545117,5.74892645017052e-05
0.006,1.66666666666667,20000,260,0.000191953760608892,0.000140881516661288,5.10722439476038e-05
0.006,1.66666666666667,20000,261,0.000159243961347891,0.000114148766058046,4.50951952898458e-05
0.006,1.66666666666667,20000,262,0.000131686840136754,9.21040788764173e-05,3.95827612603366e-05
0.006,1.66666666666667,20000,263,0.000108552867521996,7.40077065060391e-05,3.45451610159567e-05
0.006,1.66666666666667,20000,264,8.92002666190688e-05,5.92195996987387e-05,2.99806669203301e-05
0.006,1.66666666666667,20000,265,7.30673389029747e-05,4.71893971052124e-05,2.58779417977623e-05
0.006,1.66666666666667,20000,266,5.96649141839848e-05,3.74467240095063e-05,2.22181901744785e-05
0.006,1.66666666666667,20000,267,4.8569048502675e-05,2.95919558652946e-05,1.89770926373803e-05
0.006,1.66666666666667,20000,268,3.94140642111795e-05,2.32875580750818e-05,1.61265061360977e-05
0.006,1.66666666666667,20000,269,3.18860003775146e-05,1.82500757326707e-05,1.36359246448439e-05
0.006,1.66666666666667,20000,270,2.57165189490957e-05,1.42428149153569e-05,1.14737040337389e-05
0.006,1.66666666666667,20000,271,2.06772928038231e-05,1.10692304739423e-05,9.60806232988084e-06
0.006,1.66666666666667,20000,272,1.65748857652219e-05,8.56701385090862e-06,8.00787191431323e-06
0.006,1.66666666666667,20000,273,1.32461216498876e-05,6.60285785132846e-06,6.64326379855913e-06
0.006,1.66666666666667,20000,274,1.05539291867287e-05,5.0678630001098e-06,5.48606618661887e-06
0.006,1.66666666666667,20000,275,8.38364190226199e-06,3.87354159644397e-06,4.51010030581802e-06
0.006,1.66666666666667,20000,276,6.63972649383879e-06,2.94837025891864e-06,3.69135623492015e-06
0.006,1.66666666666667,20000,277,5.24290950161791e-06,2.23483908956928e-06,3.00807041204863e-06
0.006,1.66666666666667,20000,278,4.12766993888109e-06,1.68694504887995e-06,2.44072489000114e-06
0.006,1.66666666666667,20000,279,3.24006466551004e-06,1.26807824698346e-06,1.97198641852658e-06
0.006,1.66666666666667,20000,280,2.53585343144923e-06,9.49252192414535e-07,1.5866012390347e-06
0.006,1.66666666666667,20000,281,1.97889144324919e-06,7.07632229403241e-07,1.27125921384595e-06
0.006,1.66666666666667,20000,282,1.53975881363782e-06,5.25320126787985e-07,1.01443868684983e-06
0.006,1.66666666666667,20000,283,1.19459816685618e-06,3.88356801571656e-07,8.06241365284523e-07
0.006,1.66666666666667,20000,284,9.24133844721513e-07,2.85909266000226e-07,6.38224578721287e-07
0.006,1.66666666666667,20000,285,7.12848469981254e-07,2.09611924404344e-07,5.03236545576909e-07
0.006,1.66666666666667,20000,286,5.48294978601401e-07,1.53036202146097e-07,3.95258776455304e-07
0.006,1.66666666666667,20000,287,4.20524556868936e-07,1.11266086543561e-07,3.09258470325376e-07
0.006,1.66666666666667,20000,288,3.21613157080696e-07,8.0560450626545e-08,2.41052706454151e-07
0.006,1.66666666666667,20000,289,2.45271377711124e-07,5.80859905767915e-08,1.87185387134333e-07
0.006,1.66666666666667,20000,290,1.8652445428687e-07,4.17072305699914e-08,1.44817223716879e-07
0.006,1.66666666666667,20000,291,1.41450900681186e-07,2.98223419380906e-08,1.11628558743095e-07
0.006,1.66666666666667,20000,292,1.06969960811936e-07,2.12355042304706e-08,8.57344565814654e-08
0.006,1.66666666666667,20000,293,8.06694781373496e-08,1.50582273370022e-08,6.56112508003474e-08
0.006,1.66666666666667,20000,294,6.06670702471863e-08,1.06334834871411e-08,5.00335867600452e-08
0.006,1.66666666666667,20000,295,4.54986171444817e-08,7.47769439670535e-09,3.80209227477763e-08
0.006,1.66666666666667,20000,296,3.4029045750888e-08,5.23661087100319e-09,2.87924348798848e-08
0.006,1.66666666666667,20000,297,2.53812323683881e-08,3.65193747587768e-09,2.17292948925104e-08
0.006,1.66666666666667,20000,298,1.88795625249555e-08,2.53621930288558e-09,1.63433432220699e-08
0.006,1.66666666666667,20000,299,1.40052970836022e-08,1.75404492891255e-09,1.22512521546896e-08
0.006,1.66666666666667,20000,300,1.03614075657053e-08,1.20805042606266e-09,9.15335713964264e-09
0.006,1.66666666666667,20000,301,7.64497449398929e-09,8.28552156423278e-10,6.81642233756601e-09
0.006,1.66666666666667,20000,302,5.6256014678973e-09,5.65907019224399e-10,5.0596944486729e-09
0.006,1.66666666666667,20000,303,4.12859490968169e-09,3.84911378105919e-10,3.74368353157577e-09
0.006,1.66666666666667,20000,304,3.02190417802995e-09,2.60715503450535e-10,2.76118867457941e-09
0.006,1.66666666666667,20000,305,2.20601720372396e-09,1.7585851641062e-10,2.03015868731334e-09
0.006,1.66666666666667,20000,306,1.60617011385494e-09,1.18127331248108e-10,1.48804278260683e-09
0.006,1.66666666666667,20000,307,1.16636168247176e-09,7.90183250099753e-11,1.08734335746179e-09
0.006,1.66666666666667,20000,308,8.44770206829944e-10,5.26375523338866e-11,7.92132654496057e-10
0.006,1.66666666666667,20000,309,6.10256099497467e-10,3.49183724195762e-11,5.75337727077891e-10
0.006,1.66666666666667,20000,310,4.39701942787979e-10,2.30676173504142e-11,4.16634325437565e-10
0.006,1.66666666666667,20000,311,3.15996189043413e-10,1.51754620975308e-11,3.00820726945883e-10
0.006,1.66666666666667,20000,312,2.26509785224334e-10,9.94194942895653e-12,2.16567835795377e-10
0.006,1.66666666666667,20000,313,1.61948966700942e-10,6.48621909970661e-12,1.55462747601235e-10
0.006,1.66666666666667,20000,314,1.1549412175181e-10,4.21407362907366e-12,1.11280048122736e-10
0.006,1.66666666666667,20000,315,8.21554601315054e-11,2.72648469256923e-12,7.94289754389362e-11
0.006,1.66666666666667,20000,316,5.82924316826445e-11,1.75668724408959e-12,5.65357444385549e-11
0.006,1.66666666666667,20000,317,4.12564074155203e-11,1.12713587103961e-12,4.01292715444807e-11
0.006,1.66666666666667,20000,318,2.91258369273803e-11,7.20192401080427e-13,2.84056445262998e-11
0.006,1.66666666666667,20000,319,2.05105562905706e-11,4.58259247569998e-13,2.00522970430006e-11
0.006,1.66666666666667,20000,320,1.44076352076166e-11,2.90378448401052e-13,1.41172567592156e-11
0.006,1.66666666666667,20000,321,1.00955131092618e-11,1.83234801741194e-13,9.91227830752063e-12
0.006,1.66666666666667,20000,322,7.05648920016529e-12,1.15144178213264e-13,6.94134502195202e-12
0.006,1.66666666666667,20000,323,4.92014260346542e-12,7.20553855249218e-14,4.8480872179405e-12
0.006,1.66666666666667,20000,324,3.42215385575793e-12,4.4903619323244e-14,3.37725023643469e-12
0.006,1.66666666666667,20000,325,2.3744240469778e-12,2.78667735433169e-14,2.34655727343448e-12
0.006,1.66666666666667,20000,326,1.64345567336389e-12,1.72219557468828e-14,1.62623371761701e-12
0.006,1.66666666666667,20000,327,1.13475654104976e-12,1.0599092667355e-14,1.12415744838241e-12
0.006,1.66666666666667,20000,328,7.81621288776725e-13,6.49599002112729e-15,7.75125298755598e-13
0.006,1.66666666666667,20000,329,5.37084997161575e-13,3.96471933398702e-15,5.33120277827588e-13
0.006,1.66666666666667,20000,330,3.68168446157368e-13,2.40973889674841e-15,3.6575870726062e-13
0.006,1.66666666666667,20000,331,2.51774029084107e-13,1.45853873298876e-15,2.50315490351118e-13
0.006,1.66666666666667,20000,332,1.71767110842239e-13,8.79136649411472e-16,1.70887974192827e-13
0.006,1.66666666666667,20000,333,1.16906235452659e-13,5.2769775126693e-16,1.16378537701392e-13
0.006,1.66666666666667,20000,334,7.93793920290135e-14,3.15431122417668e-16,7.90639609065958e-14
0.006,1.66666666666667,20000,335,5.37717420403628e-14,1.87764843170386e-16,5.35839771971924e-14
0.006,1.66666666666667,20000,336,3.63396285768732e-14,1.11304944137688e-16,3.62283236327355e-14
0.006,1.66666666666667,20000,337,2.45013870099473e-14,6.57060065812541e-17,2.4435681003366e-14
0.006,1.66666666666667,20000,338,1.64811840660015e-14,3.86265686110966e-17,1.64425574973904e-14
0.006,1.66666666666667,20000,339,1.10605678292259e-14,2.26129709847422e-17,1.10379548582412e-14
0.006,1.66666666666667,20000,340,7.40561974012637e-15,1.31831611619471e-17,7.39243657896443e-15
0.006,1.66666666666667,20000,341,4.9470242353492e-15,7.65370883727725e-18,4.93937052651192e-15
0.006,1.66666666666667,20000,342,3.29707603214336e-15,4.42501504749148e-18,3.29265101709587e-15
0.006,1.66666666666667,20000,343,2.19240007492907e-15,2.54769835497404e-18,2.1898523765741e-15
0.006,1.66666666666667,20000,344,1.45452161589212e-15,1.4607358939434e-18,1.45306087999818e-15
0.006,1.66666666666667,20000,345,9.62794627150621e-16,8.34037994269634e-19,9.61960589156351e-16
0.006,1.66666666666667,20000,346,6.35863361733162e-16,4.74231512127628e-19,6.35389130221034e-16
0.006,1.66666666666667,20000,347,4.19000119975356e-16,2.68525431031801e-19,4.18731594544324e-16
0.006,1.66666666666667,20000,348,2.75478816736044e-16,1.51415688425966e-19,2.75327401047618e-16
0.006,1.66666666666667,20000,349,1.80713034599968e-16,8.50250249780275e-20,1.8062800957499e-16
0.006,1.66666666666667,20000,350,1.18282753965382e-16,4.75459030628326e-20,1.18235208062319e-16
0.006,1.66666666666667,20000,351,7.72480462968371e-17,2.64770668915768e-20,7.72215692299455e-17
0.006,1.66666666666667,20000,352,5.03374413701854e-17,1.46830772722095e-20,5.03227582929132e-17
0.006,1.66666666666667,20000,353,3.27292257300386e-17,8.10876539951065e-21,3.27211169646391e-17
0.006,1.66666666666667,20000,354,2.12336509449466e-17,4.45946568818229e-21,2.12291914792585e-17
0.006,1.66666666666667,20000,355,1.3745524898806e-17,2.44231320408654e-21,1.37430825856019e-17
0.006,1.66666666666667,20000,356,8.87869302363626e-18,1.33201871812514e-21,8.87736100491814e-18
0.006,1.66666666666667,20000,357,5.72257025691909e-18,7.23452026963849e-22,5.72184680489212e-18
0.006,1.66666666666667,20000,358,3.6803651537754e-18,3.9129075542434e-22,3.67997386301997e-18
0.006,1.66666666666667,20000,359,2.36184642359032e-18,2.10755965735397e-22,2.36163566762458e-18
0.006,1.66666666666667,20000,360,1.51243469252654e-18,1.13044804144411e-22,1.5123216477224e-18
0.006,1.66666666666667,20000,361,9.66427061095666e-19,6.03825951500931e-23,9.66366678500516e-19
0.006,1.66666666666667,20000,362,6.16214954226554e-19,3.21191011205513e-23,6.16182835125434e-19
0.006,1.66666666666667,20000,363,3.92075125125267e-19,1.70139609091504e-23,3.92058111164358e-19
0.006,1.66666666666667,20000,364,2.48933552387229e-19,8.97507152451694e-24,2.48924577315704e-19
0.006,1.66666666666667,20000,365,1.57716758049208e-19,4.7147736267924e-24,1.57712043275581e-19
0.006,1.66666666666667,20000,366,9.97138882657098e-20,2.46646077134418e-24,9.97114218049385e-20
0.006,1.66666666666667,20000,367,6.2910045119178e-20,1.28492571025921e-24,6.29087601934678e-20
0.006,1.66666666666667,20000,368,3.96071859547346e-20,6.66610676855449e-25,3.96065193440578e-20
0.006,1.66666666666667,20000,369,2.48840299883419e-20,3.44395090065399e-25,2.48836855932519e-20
0.006,1.66666666666667,20000,370,1.56013886862269e-20,1.7718709046845e-25,1.56012114991365e-20
0.006,1.66666666666667,20000,371,9.7612326905276e-21,9.07815601223475e-26,9.76114190896747e-21
0.006,1.66666666666667,20000,372,6.09463892217619e-21,4.63184104498844e-26,6.09459260376574e-21
0.006,1.66666666666667,20000,373,3.79748636043195e-21,2.3534235307958e-26,3.79746282619664e-21
0.006,1.66666666666667,20000,374,2.36130666978965e-21,1.19079492657967e-26,2.36129476184038e-21
0.006,1.66666666666667,20000,375,1.46527614630227e-21,6.00018028312151e-27,1.46527014612199e-21
0.006,1.66666666666667,20000,376,9.07403495787728e-22,3.01080107922746e-27,9.07400484986649e-22
0.006,1.66666666666667,20000,377,5.6078740345794e-22,1.50449332837314e-27,5.60785898964611e-22
0.006,1.66666666666667,20000,378,3.45872329320894e-22,7.48667376639152e-28,3.45871580653517e-22
0.006,1.66666666666667,20000,379,2.12890396855831e-22,3.71003487047218e-28,2.12890025852344e-22
0.006,1.66666666666667,20000,380,1.3077415075646e-22,1.83087002179895e-28,1.30773967669458e-22
0.006,1.66666666666667,20000,381,8.01707991627022e-23,8.9976164372264e-29,8.01707091865378e-23
0.006,1.66666666666667,20000,382,4.90503207465538e-23,4.4033973527709e-29,4.90502767125803e-23
0.006,1.66666666666667,20000,383,2.9950334394753e-23,2.14604447504432e-29,2.99503129343083e-23
0.006,1.66666666666667,20000,384,1.82514981706472e-23,1.0415497018083e-29,1.82514877551502e-23
0.006,1.66666666666667,20000,385,1.11003123825988e-23,5.03398270773249e-30,1.11003073486161e-23
0.006,1.66666666666667,20000,386,6.73774425948187e-24,2.42289101537314e-30,6.73774183659085e-24
0.006,1.66666666666667,20000,387,4.08168299042975e-24,1.16130549026327e-30,4.08168182912426e-24
0.006,1.66666666666667,20000,388,2.46781283366038e-24,5.5430592226637e-31,2.46781227935446e-24
0.006,1.66666666666667,20000,389,1.48914201977418e-24,2.63477174672213e-31,1.489141756297e-24
0.006,1.66666666666667,20000,390,8.96837401614288e-25,1.24717362097417e-31,8.96837276896926e-25
0.006,1.66666666666667,20000,391,5.39073176872029e-25,5.87897041800667e-32,5.39073118082325e-25
0.006,1.66666666666667,20000,392,3.23400629634884e-25,2.75972668485876e-32,3.23400602037617e-25
0.006,1.66666666666667,20000,393,1.9364033309056e-25,1.29009386711764e-32,1.93640320189622e-25
0.006,1.66666666666667,20000,394,1.15721827095407e-25,6.00574637818155e-33,1.15721821089661e-25
0.006,1.66666666666667,20000,395,6.90242837172459e-26,2.78421715524133e-33,6.90242809330287e-26
0.006,1.66666666666667,20000,396,4.10921013561363e-26,1.28537444646702e-33,4.10921000707618e-26
0.006,1.66666666666667,20000,397,2.44167155394469e-26,5.90944449893624e-34,2.44167149485025e-26
0.006,1.66666666666667,20000,398,1.44807550809738e-26,2.70554084115075e-34,1.44807548104197e-26
0.006,1.66666666666667,20000,399,8.57181621503838e-27,1.23353640104143e-34,8.57181609168474e-27
0.006,1.66666666666667,20000,400,5.06447887595574e-27,5.6006738820553e-35,5.064478819949e-27
0.006,1.66666666666667,25000,0,2.74144875302588e-14,2.70294874674749e-51,2.74144875302588e-14
0.006,1.66666666666667,25000,1,1.91268297257215e-14,6.41951972360955e-51,1.91268297257215e-14
0.006,1.66666666666667,25000,2,1.33183700663169e-14,1.51956616927589e-50,1.33183700663169e-14
0.006,1.66666666666667,25000,3,9.25565181916376e-15,3.5849990623479e-50,9.25565181916376e-15
0.006,1.66666666666667,25000,4,6.41968010565053e-15,8.42967494958982e-50,6.41968010565053e-15
0.006,1.66666666666667,25000,5,4.44398724730002e-15,1.97553606368649e-49,4.44398724730002e-15
0.006,1.66666666666667,25000,6,3.07034963927068e-15,4.61435972034154e-49,3.07034963927068e-15
0.006,1.66666666666667,25000,7,2.11719587900579e-15,1.07421270574016e-48,2.11719587900579e-15
0.006,1.66666666666667,25000,8,1.45711883029502e-15,2.49242141353035e-48,1.45711883029502e-15
0.006,1.66666666666667,25000,9,1.00090339215364e-15,5.76374839753926e-48,1.00090339215364e-15
0.006,1.66666666666667,25000,10,6.86206983334841e-16,1.32843682774401e-47,6.86206983334841e-16
0.006,1.66666666666667,25000,11,4.69554920809004e-16,3.05161085441843e-47,4.69554920809004e-16
0.006,1.66666666666667,25000,12,3.20692235371873e-16,6.98666221431681e-47,3.20692235371873e-16
0.006,1.66666666666667,25000,13,2.18606847763256e-16,1.59427301207024e-46,2.18606847763256e-16
0.006,1.66666666666667,25000,14,1.48735561303385e-16,3.62583463953546e-46,1.48735561303385e-16
0.006,1.66666666666667,25000,15,1.01005277464643e-16,8.21874762600305e-46,1.01005277464643e-16
0.006,1.66666666666667,25000,16,6.84626890998674e-17,1.85675946938479e-45,6.84626890998674e-17
0.006,1.66666666666667,25000,17,4.63176919944149e-17,4.18078661483513e-45,4.63176919944149e-17
0.006,1.66666666666667,25000,18,3.12770191012934e-17,9.3823732949366e-45,3.12770191012934e-17
0.006,1.66666666666667,25000,19,2.10810235970349e-17,2.0985521499407e-44,2.10810235970349e-17
0.006,1.66666666666667,25000,20,1.41823539955064e-17,4.67820421339356e-44,1.41823539955064e-17
0.006,1.66666666666667,25000,21,9.52352261593969e-18,1.03941968429403e-43,9.52352261593969e-18
0.006,1.66666666666667,25000,22,6.38325144424106e-18,2.30173356178585e-43,6.38325144424106e-18
0.006,1.66666666666667,25000,23,4.27054873645348e-18,5.08009127125361e-43,4.27054873645348e-18
0.006,1.66666666666667,25000,24,2.85183998290279e-18,1.11748147317124e-42,2.85183998290279e-18
0.006,1.66666666666667,25000,25,1.90094126573519e-18,2.4499741379214e-42,1.90094126573519e-18
0.006,1.66666666666667,25000,26,1.26478480269258e-18,5.35346564456444e-42,1.26478480269258e-18
0.006,1.66666666666667,25000,27,8.39984521715459e-19,1.16589889775787e-41,8.39984521715459e-19
0.006,1.66666666666667,25000,28,5.56845777648489e-19,2.5306909685651e-41,5.56845777648489e-19
0.006,1.66666666666667,25000,29,3.68476560939745e-19,5.47481804972335e-41,3.68476560939745e-19
0.006,1.66666666666667,25000,30,2.43387554672021e-19,1.18046364708462e-40,2.43387554672021e-19
0.006,1.66666666666667,25000,31,1.60473267048001e-19,2.53680973706983e-40,1.60473267048001e-19
0.006,1.66666666666667,25000,32,1.05614877729163e-19,5.43344814133844e-40,1.05614877729163e-19
0.006,1.66666666666667,25000,33,6.93853569077773e-20,1.15988653951128e-39,6.93853569077773e-20
0.006,1.66666666666667,25000,34,4.55022740723811e-20,2.46778796724888e-39,4.55022740723811e-20
0.006,1.66666666666667,25000,35,2.97867517085183e-20,5.23302160629016e-39,2.97867517085183e-20
0.006,1.66666666666667,25000,36,1.94643615961023e-20,1.10598583607311e-38,1.94643615961023e-20
0.006,1.66666666666667,25000,37,1.269656834229e-20,2.32969439160621e-38,1.269656834229e-20
0.006,1.66666666666667,25000,38,8.2673039140929e-21,4.89103414753439e-38,8.2673039140929e-21
0.006,1.66666666666667,25000,39,5.37371938460524e-21,1.02342209154671e-37,5.37371938460524e-21
0.006,1.66666666666667,25000,40,3.48675764208852e-21,2.13432834265249e-37,3.48675764208852e-21
0.006,1.66666666666667,25000,41,2.25842872696004e-21,4.43629101451129e-37,2.25842872696004e-21
0.006,1.66666666666667,25000,42,1.4602627625246e-21,9.19033146366178e-37,1.4602627625246e-21
0.006,1.66666666666667,25000,43,9.42535589317987e-22,1.89755631920229e-36,9.42535589317985e-22
0.006,1.66666666666667,25000,44,6.07307651649269e-22,3.90490547656258e-36,6.07307651649265e-22
0.006,1.66666666666667,25000,45,3.90630462672454e-22,8.00900801897246e-36,3.90630462672446e-22
0.006,1.66666666666667,25000,46,2.50825637353074e-22,1.63719075304855e-35,2.50825637353058e-22
0.006,1.66666666666667,25000,47,1.60778618896267e-22,3.33558636085334e-35,1.60778618896233e-22
0.006,1.66666666666667,25000,48,1.02881502226719e-22,6.77325532902775e-35,1.02881502226652e-22
0.006,1.66666666666667,25000,49,6.57205221898411e-23,1.37080303437854e-34,6.5720522189704e-23
0.006,1.66666666666667,25000,50,4.19103686068168e-23,2.76506292185911e-34,4.19103686065403e-23
0.006,1.66666666666667,25000,51,2.66809183225666e-23,5.55888041956247e-34,2.66809183220107e-23
0.006,1.66666666666667,25000,52,1.69566839471775e-23,1.11383791376312e-33,1.69566839460637e-23
0.006,1.66666666666667,25000,53,1.07583078794788e-23,2.22438016275458e-33,1.07583078772544e-23
0.006,1.66666666666667,25000,54,6.81415369482642e-24,4.42739613618235e-33,6.81415369039902e-24
0.006,1.66666666666667,25000,55,4.3087054564483e-24,8.78294375972462e-33,4.30870544766536e-24
0.006,1.66666666666667,25000,56,2.71988546834203e-24,1.73653752977326e-32,2.71988545097666e-24
0.006,1.66666666666667,25000,57,1.71405734854276e-24,3.42200466466831e-32,1.71405731432272e-24
0.006,1.66666666666667,25000,58,1.07838288237409e-24,6.72093000533128e-32,1.07838281516479e-24
0.006,1.66666666666667,25000,59,6.77322499980735e-25,1.31562009850879e-31,6.77322368418725e-25
0.006,1.66666666666667,25000,60,4.24712325812233e-25,2.56675240868819e-31,4.24712069136992e-25
0.006,1.66666666666667,25000,61,2.65872260878507e-25,4.99102572931269e-31,2.65871761775935e-25
0.006,1.66666666666667,25000,62,1.66162087726542e-25,9.67270607181021e-31,1.66161120455935e-25
0.006,1.66666666666667,25000,63,1.03674879051403e-25,1.8683512409568e-30,1.03673010700162e-25
0.006,1.66666666666667,25000,64,6.45802539956413e-26,3.59684241135883e-30,6.457665715323e-26
0.006,1.66666666666667,25000,65,4.01617375692397e-26,6.90139123326609e-30,4.01548361780065e-26
0.006,1.66666666666667,25000,66,2.49352475245426e-26,1.31978818739506e-29,2.49220496426686e-26
0.006,1.66666666666667,25000,67,1.54562886480075e-26,2.51549916656129e-29,1.54311336563419e-26
0.006,1.66666666666667,25000,68,9.56508854844602e-27,4.7785536942536e-29,9.51730301150348e-27
0.006,1.66666666666667,25000,69,5.90971984768139e-27,9.04734423209069e-29,5.81924640536048e-27
0.006,1.66666666666667,25000,70,3.64536308271433e-27,1.70725388873542e-28,3.47463769384079e-27
0.006,1.66666666666667,25000,71,2.24498040402308e-27,3.21090501422308e-28,1.92388990260078e-27
0.006,1.66666666666667,25000,72,1.38033354375646e-27,6.01878954373595e-28,7.78454589382863e-28
0.006,1.66666666666667,25000,73,8.47338819400514e-28,1.124457923372e-27,-2.77119103971488e-28
0.006,1.66666666666667,25000,74,5.1931824385561e-28,2.09377308103097e-27,-1.57445483717536e-27
0.006,1.66666666666667,25000,75,3.17771763589706e-28,3.88569194056338e-27,-3.56792017697367e-27
0.006,1.66666666666667,25000,76,1.94135116741106e-28,7.18719574171361e-27,-6.99306062497251e-27
0.006,1.66666666666667,25000,77,1.18413655150089e-28,1.32496049952216e-26,-1.31311913400715e-26
0.006,1.66666666666667,25000,78,7.2112436561201e-29,2.4344381255468e-26,-2.42722688189068e-26
0.006,1.66666666666667,25000,79,4.38461082920499e-29,4.4580701948033e-26,-4.4536855839741e-26
0.006,1.66666666666667,25000,80,2.66174371585251e-29,8.13668335967104e-26,-8.13402161595519e-26
0.006,1.66666666666667,25000,81,1.61330905111768e-29,1.48013142965139e-25,-1.47997009874628e-25
0.006,1.66666666666667,25000,82,9.76308637796516e-30,2.68352408456608e-25,-2.68342645370231e-25
0.006,1.66666666666667,25000,83,5.89899728727966e-30,4.84912149901243e-25,-4.84906250903956e-25
0.006,1.66666666666667,25000,84,3.55876969112168e-30,8.73319155364498e-25,-8.73315596594807e-25
0.006,1.66666666666667,25000,85,2.14382569358575e-30,1.56760001146593e-24,-1.56759786764023e-24
0.006,1.66666666666667,25000,86,1.29008492115166e-30,2.80446407839376e-24,-2.80446278830883e-24
0.006,1.66666666666667,25000,87,7.76939804215157e-31,5.00053944021526e-24,-5.00053866327545e-24
0.006,1.66666666666667,25000,88,4.72269182665286e-31,8.8866112902442e-24,-8.88661081797501e-24
0.006,1.66666666666667,25000,89,3.00723213401927e-31,1.5740113617004e-23,-1.57401133162808e-23
0.006,1.66666666666667,25000,90,2.29346466753554e-31,2.77863750560417e-23,-2.77863748266952e-23
0.006,1.66666666666667,25000,91,2.71864964175538e-31,4.88886759822292e-23,-4.88886757103642e-23
0.006,1.66666666666667,25000,92,5.25171685616797e-31,8.57308263240459e-23,-8.57308257988743e-23
0.006,1.66666666666667,25000,93,1.2784946583527e-30,1.49836664077564e-22,-1.4983666279907e-22
0.006,1.66666666666667,25000,94,3.300562467881e-30,2.61006626178535e-22,-2.61006622877972e-22
0.006,1.66666666666667,25000,95,8.56837791158312e-30,4.53145135380895e-22,-4.53145126812517e-22
0.006,1.66666666666667,25000,96,2.20859231173013e-29,7.84107238390443e-22,-7.8410721630452e-22
0.006,1.66666666666667,25000,97,5.63672716516023e-29,1.3522779160102e-21,-1.35227785964293e-21
0.006,1.66666666666667,25000,98,1.42364691313202e-28,2.32438893849348e-21,-2.32438879612879e-21
0.006,1.66666666666667,25000,99,3.55820958977926e-28,3.98202512663273e-21,-3.98202477081177e-21
0.006,1.66666666666667,25000,100,8.80144727747198e-28,6.79910180308118e-21,-6.79910092293645e-21
0.006,1.66666666666667,25000,101,2.15486327784182e-27,1.15704817979817e-20,-1.15704796431185e-20
0.006,1.66666666666667,25000,102,5.22251440498287e-27,1.96247301974929e-20,-1.96247249749785e-20
0.006,1.66666666666667,25000,103,1.25309673278832e-26,3.31747988094044e-20,-3.31747862784371e-20
0.006,1.66666666666667,25000,104,2.9770378101986e-26,5.58940079630976e-20,-5.58939781927195e-20
0.006,1.66666666666667,25000,105,7.00370193748121e-26,9.38587052392567e-20,-9.38586352022373e-20
0.006,1.66666666666667,25000,106,1.63178238903876e-25,1.57085542817286e-19,-1.57085379639047e-19
0.006,1.66666666666667,25000,107,3.76560572654196e-25,2.62029523451544e-19,-2.62029146890972e-19
0.006,1.66666666666667,25000,108,8.60778156647103e-25,4.35628804835384e-19,-4.35627944057227e-19
0.006,1.66666666666667,25000,109,1.94928908830066e-24,7.21830621907899e-19,-7.21828672618811e-19
0.006,1.66666666666667,25000,110,4.3735471616065e-24,1.19208264984775e-18,-1.19207827630059e-18
0.006,1.66666666666667,25000,111,9.72314964837259e-24,1.96213906275753e-18,-1.96212933960789e-18
0.006,1.66666666666667,25000,112,2.14209096803042e-23,3.21888567723876e-18,-3.21886425632908e-18
0.006,1.66666666666667,25000,113,4.67700672998777e-23,5.26300366825126e-18,-5.26295689818396e-18
0.006,1.66666666666667,25000,114,1.01213345290718e-22,8.57658003477606e-18,-8.57647882143077e-18
0.006,1.66666666666667,25000,115,2.17113603708478e-22,1.39298669538356e-17,-1.39296498402319e-17
0.006,1.66666666666667,25000,116,4.61694580517899e-22,2.25492521960258e-17,-2.25487905014453e-17
0.006,1.66666666666667,25000,117,9.7337295428505e-22,3.63805843985858e-17,-3.63796110256315e-17
0.006,1.66666666666667,25000,118,2.03468922714226e-21,5.85004962257554e-17,-5.84984615365283e-17
0.006,1.66666666666667,25000,119,4.21743177333855e-21,9.37565850915293e-17,-9.3752367659756e-17
0.006,1.66666666666667,25000,120,8.66892792763583e-21,1.49760183300976e-16,-1.49751514373049e-16
0.006,1.66666666666667,25000,121,1.76719951062797e-20,2.38420336745486e-16,-2.3840266475038e-16
0.006,1.66666666666667,25000,122,3.57308633863287e-20,3.78305436861148e-16,-3.78269705997762e-16
0.006,1.66666666666667,25000,123,7.16594423258807e-20,5.98265859760826e-16,-5.981942003185e-16
0.006,1.66666666666667,25000,124,1.42563701369495e-19,9.42970724132959e-16,-9.42828160431589e-16
0.006,1.66666666666667,25000,125,2.81373486083266e-19,1.48133931981137e-15,-1.48105794632529e-15
0.006,1.66666666666667,25000,126,5.50970718623351e-19,2.31933372680735e-15,-2.31878275608873e-15
0.006,1.66666666666667,25000,127,1.07047593911856e-18,3.61929754154691e-15,-3.6182270656078e-15
0.006,1.66666666666667,25000,128,2.06376242988564e-18,5.6290834105547e-15,-5.62701964812481e-15
0.006,1.66666666666667,25000,129,3.94827793160416e-18,8.72576338035198e-15,-8.72181510242037e-15
0.006,1.66666666666667,25000,130,7.4963741502243e-18,1.34809820837941e-14,-1.34734857096439e-14
0.006,1.66666666666667,25000,131,1.41260294990108e-17,2.07583095006584e-14,-2.07441834711594e-14
0.006,1.66666666666667,25000,132,2.64206548090081e-17,3.18577269729743e-14,-3.18313063181653e-14
0.006,1.66666666666667,25000,133,4.90512944313518e-17,4.87292739701132e-14,-4.86802226756818e-14
0.006,1.66666666666667,25000,134,9.04001472725207e-17,7.42877914813311e-14,-7.41973913340586e-14
0.006,1.66666666666667,25000,135,1.65396934127836e-16,1.12874881026889e-13,-1.12709484092761e-13
0.006,1.66666666666667,25000,136,3.0043661234593e-16,1.70934417186217e-13,-1.70633980573871e-13
0.006,1.66666666666667,25000,137,5.41841588771918e-16,2.57996656201393e-13,-2.57454814612621e-13
0.006,1.66666666666667,25000,138,9.70314362757511e-16,3.8810656645e-13,-3.87136252087243e-13
0.006,1.66666666666667,25000,139,1.72543806832871e-15,5.81889145366933e-13,-5.80163707298605e-13
0.006,1.66666666666667,25000,140,3.04690435990211e-15,8.69524599010376e-13,-8.66477694650474e-13
0.006,1.66666666666667,25000,141,5.34338097359529e-15,1.29501810885961e-12,-1.28967472788602e-12
0.006,1.66666666666667,25000,142,9.30671207079873e-15,1.92230440774751e-12,-1.91299769567671e-12
0.006,1.66666666666667,25000,143,1.60999232588171e-14,2.8439426469237e-12,-2.82784272366488e-12
0.006,1.66666666666667,25000,144,2.76645060191309e-14,4.19345375134614e-12,-4.16578924532701e-12
0.006,1.66666666666667,25000,145,4.72190724333821e-14,6.16275968927937e-12,-6.11554061684599e-12
0.006,1.66666666666667,25000,146,8.00628189425327e-14,9.02674055944126e-12,-8.94667774049873e-12
0.006,1.66666666666667,25000,147,1.34860983984942e-13,1.31776824962225e-11,-1.30428215122375e-11
0.006,1.66666666666667,25000,148,2.25687018492017e-13,1.91734148965682e-11,-1.89477278780762e-11
0.006,1.66666666666667,25000,149,3.75244293120151e-13,2.78043183620028e-11,-2.74290740688826e-11
0.006,1.66666666666667,25000,150,6.19913368406595e-13,4.01862412158526e-11,-3.9566327847446e-11
0.006,1.66666666666667,25000,151,1.01760470281506e-12,5.78888434062992e-11,-5.68712387034841e-11
0.006,1.66666666666667,25000,152,1.65989226860006e-12,8.31121869712547e-11,-8.14522947026546e-11
0.006,1.66666666666667,25000,153,2.6906337301661e-12,1.18928762419664e-10,-1.16238128689498e-10
0.006,1.66666666666667,25000,154,4.3343505876269e-12,1.69613900200564e-10,-1.65279549612937e-10
0.006,1.66666666666667,25000,155,6.93919134248585e-12,2.41095072016669e-10,-2.34155880674183e-10
0.006,1.66666666666667,25000,156,1.10415329215216e-11,3.41560450753512e-10,-3.3051891783199e-10
0.006,1.66666666666667,25000,157,1.74624667506747e-11,4.822799134211e-10,-4.64817446670426e-10
0.006,1.66666666666667,25000,158,2.74509436601758e-11,6.78708240612358e-10,-6.51257296952182e-10
0.006,1.66666666666667,25000,159,4.28947276253488e-11,9.51961581803942e-10,-9.09066854178593e-10
0.006,1.66666666666667,25000,160,6.66292185674678e-11,1.33078554038399e-09,-1.26415632181652e-09
0.006,1.66666666666667,25000,161,1.02886561937522e-10,1.85416797865579e-09,-1.75128141671827e-09
0.006,1.66666666666667,25000,162,1.5794447059518e-10,2.574793662268e-09,-2.41684919167282e-09
0.006,1.66666666666667,25000,163,2.4105741307009e-10,3.56359333565593e-09,-3.32253592258584e-09
0.006,1.66666666666667,25000,164,3.65784302211164e-10,4.91570934866613e-09,-4.54992504645497e-09
0.006,1.66666666666667,25000,165,5.51869149008772e-10,6.75828662269004e-09,-6.20641747368126e-09
0.006,1.66666666666667,25000,166,8.27887622093035e-10,9.26060517085713e-09,-8.43271754876409e-09
0.006,1.66666666666667,25000,167,1.23494720435637e-09,1.26472027774999e-08,-1.14122555731436e-08
0.006,1.66666666666667,25000,168,1.83182678636387e-09,1.72147986365735e-08,-1.53829718502097e-08
0.006,1.66666666666667,25000,169,2.7020693607868e-09,2.33540262520932e-08,-2.06519568913064e-08
0.006,1.66666666666667,25000,170,3.96370658742579e-09,3.15772229006846e-08,-2.76135163132588e-08
0.006,1.66666666666667,25000,171,5.78250547550543e-09,4.25538102987524e-08,-3.6771304823247e-08
0.006,1.66666666666667,25000,172,8.38989599697476e-09,5.71551442747899e-08,-4.87652482778152e-08
0.006,1.66666666666667,25000,173,1.21070765482807e-08,7.65111182148187e-08,-6.4404041666538e-08
0.006,1.66666666666667,25000,174,1.73772160330479e-08,1.0208128418984e-07,-8.47040681567919e-08
0.006,1.66666666666667,25000,175,2.48081928752693e-08,1.35743815497526e-07,-1.10935622622257e-07
0.006,1.66666666666667,25000,176,3.5228949963801e-08,1.79906283199463e-07,-1.44677333235662e-07
0.006,1.66666666666667,25000,177,4.97633190487896e-08,2.37642964876786e-07,-1.87879645827997e-07
0.006,1.66666666666667,25000,178,6.99260977940183e-08,3.12864252926778e-07,-2.4293815513276e-07
0.006,1.66666666666667,25000,179,9.7747266740138e-08,4.1052468719474e-07,-3.12777420454602e-07
0.006,1.66666666666667,25000,180,1.35931529842151e-07,5.36877204954691e-07,-4.0094567511254e-07
0.006,1.66666666666667,25000,181,1.88061866370478e-07,6.99782379127255e-07,-5.11720512756777e-07
0.006,1.66666666666667,25000,182,2.58857504758821e-07,9.090826975242e-07,-6.5022519276538e-07
0.006,1.66666666666667,25000,183,3.54498674821889e-07,1.17705331046411e-06,-8.22554635642224e-07
0.006,1.66666666666667,25000,184,4.83032658911542e-07,1.51894212287532e-06,-1.03590946396378e-06
0.006,1.66666666666667,25000,185,6.54878028269797e-07,1.9536136030759e-06,-1.2987355748061e-06
0.006,1.66666666666667,25000,186,8.8344648608681e-07,2.50431218694695e-06,-1.62086570086014e-06
0.006,1.66666666666667,25000,187,1.18590439296961e-06,3.19956262496216e-06,-2.01365823199255e-06
0.006,1.66666666666667,25000,188,1.58409875096843e-06,4.07422598952765e-06,-2.49012723855922e-06
0.006,1.66666666666667,25000,189,2.1056750708584e-06,5.17073125641444e-06,-3.06505618555604e-06
0.006,1.66666666666667,25000,190,2.78541701750614e-06,6.54050330699988e-06,-3.75508628949374e-06
0.006,1.66666666666667,25000,191,3.66683986263236e-06,8.24560876253002e-06,-4.57876889989766e-06
0.006,1.66666666666667,25000,192,4.80407138386561e-06,1.03606411373889e-05,-5.55656975352327e-06
0.006,1.66666666666667,25000,193,6.26405471245611e-06,1.2974866250664e-05,-6.7108115382079e-06
0.006,1.66666666666667,25000,194,8.12910749799781e-06,1.61946475165549e-05,-8.06554001855708e-06
0.006,1.66666666666667,25000,195,1.04998703493729e-05,2.01461684866251e-05,-9.64629813725226e-06
0.006,1.66666666666667,25000,196,1.34986745294461e-05,2.49784666764249e-05,-1.14797921469788e-05
0.006,1.66666666666667,25000,197,1.727335401876e-05,3.08667881101844e-05,-1.35934340914243e-05
0.006,1.66666666666667,25000,198,2.20015200141537e-05,3.80162659998199e-05,-1.60147459856662e-05
0.006,1.66666666666667,25000,199,2.78953064022597e-05,4.66659193910863e-05,-1.87706129888266e-05
0.006,1.66666666666667,25000,200,3.52065824906777e-05,5.7092958335171e-05,-2.18863758444933e-05
0.006,1.66666666666667,25000,201,4.42326140926564e-05,6.96173710857592e-05,-2.53847569931029e-05
0.006,1.66666666666667,25000,202,5.53221358246594e-05,8.46067559310558e-05,-2.92846201063964e-05
0.006,1.66666666666667,25000,203,6.88817761736832e-05,0.000102481345555146,-3.35995693814631e-05
0.006,1.66666666666667,25000,204,8.53827526339125e-05,0.000123719155360005,-3.8336402726093e-05
0.006,1.66666666666667,25000,205,0.000105367727262706,0.000148861169126182,-4.34934418634755e-05
0.006,1.66666666666667,25000,206,0.000129457683798726,0.000178516455997304,-4.9058772198578e-05
0.006,1.66666666666667,25000,207,0.000158358656643832,0.000213367092394398,-5.50084357505658e-05
0.006,1.66666666666667,25000,208,0.000192868110358335,0.000254172741564406,-6.13046312060711e-05
0.006,1.66666666666667,25000,209,0.00023388073688166,0.000301774722621919,-6.78939857402588e-05
0.006,1.66666666666667,25000,210,0.000282393407688419,0.000357099380847855,-7.47059731594357e-05
0.006,1.66666666666667,25000,211,0.000339508990921797,0.000421160552468059,-8.16515615462611e-05
0.006,1.66666666666667,25000,212,0.000406438720758479,0.000495060901053186,-8.86221802947071e-05
0.006,1.66666666666667,25000,213,0.000484502789503203,0.000579991890046834,-9.54891005436313e-05
0.006,1.66666666666667,25000,214,0.000575128823887688,0.000677232147789594,-0.000102103323901906
0.006,1.66666666666667,25000,215,0.00067984790744108,0.000788143978839906,-0.000108296071398825
0.006,1.66666666666667,25000,216,0.000800287822194884,0.000914167779467397,-0.000113879957272513
0.006,1.66666666666667,25000,217,0.000938163206790815,0.00105681412692836,-0.000118650920137546
0.006,1.66666666666667,25000,218,0.0010952623654085,0.00121765333244258,-0.000122390967034083
0.006,1.66666666666667,25000,219,0.00127343051359167,0.00139830227743827,-0.000124871763846604
0.006,1.66666666666667,25000,220,0.00147454931334376,0.00160040839217032,-0.000125859078826561
0.006,1.66666666666667,25000,221,0.00170051263057346,0.00182563068553361,-0.00012511805496015
0.006,1.66666666666667,25000,222,0.00195319854228758,0.00207561779475809,-0.000122419252470506
0.006,1.66666666666667,25000,223,0.00223443772739968,0.0023519830932881,-0.000117545365888418
0.006,1.66666666666667,25000,224,0.00254597849153103,0.00265627697371495,-0.000110298482183917
0.006,1.66666666666667,25000,225,0.00288944879994931,0.00298995650891281,-0.000100507708963502
0.006,1.66666666666667,25000,226,0.00326631582042221,0.0033543527868446,-8.8036966422394e-05
0.006,1.66666666666667,25000,227,0.00367784360530887,0.00375063631073082,-7.27927054219521e-05
0.006,1.66666666666667,25000,228,0.004125049665275,0.00417978095386799,-5.47312885929904e-05
0.006,1.66666666666667,25000,229,0.00460866130088829,0.00464252705442387,-3.38657535355804e-05
0.006,1.66666666666667,25000,230,0.00512907265816983,0.00513934432679231,-1.02716686224838e-05
0.006,1.66666666666667,25000,231,0.00568630355512407,0.00567039534910653,1.59082060175487e-05
0.006,1.66666666666667,25000,232,0.00627996118376038,0.00623550045771086,4.44607260495144e-05
0.006,1.66666666666667,25000,233,0.00690920582202392,0.00683410493520993,7.5100886813991e-05
0.006,1.66666666666667,25000,234,0.00757272168889743,0.00746524941572544,0.000107472273171988
0.006,1.66666666666667,25000,235,0.00826869404110226,0.00812754444606053,0.000141149595041726
0.006,1.66666666666667,25000,236,0.00899479353973059,0.00881915013190643,0.000175643407824163
0.006,1.66666666666667,25000,237,0.00974816880936531,0.00953776176192114,0.000210407047444161
0.006,1.66666666666667,25000,238,0.010525447971652,0.0102806022380883,0.000244845733563696
0.006,1.66666666666667,25000,239,0.0113227497620632,0.0110444220476929,0.00027832771437032
0.006,1.66666666666667,25000,240,0.0121357046362498,0.0118255073909459,0.000310197245303871
0.006,1.66666666666667,25000,241,0.0129594860456836,0.0126196969301699,0.000339789115513673
0.006,1.66666666666667,25000,242,0.01378885181718,0.0134224074539906,0.000366444363189469
0.006,1.66666666666667,25000,243,0.0146181953142481,0.0142286685566525,0.000389526757595657
0.006,1.66666666666667,25000,244,0.0154416057976956,0.0150331662228595,0.000408439574836101
0.006,1.66666666666667,25000,245,0.0162529371466575,0.015830294987777,0.000422642158880548
0.006,1.66666666666667,25000,246,0.0170458838575415,0.0166142181161014,0.000431665741440043
0.006,1.66666666666667,25000,247,0.0178140630155021,0.0173789350200422,0.00043512799545983
0.006,1.66666666666667,25000,248,0.0185511007387243,0.018118354920643,0.00043274581808132
0.006,1.66666666666667,25000,249,0.0192507214370268,0.0188263755571752,0.000424345879851629
0.006,1.66666666666667,25000,250,0.0199068381090416,0.0194969655722741,0.000409872536767501
0.006,1.66666666666667,25000,251,0.0205136418311656,0.0201242490525487,0.00038939277861693
0.006,1.66666666666667,25000,252,0.0210656885697811,0.0207025905913773,0.000363097978403799
0.006,1.66666666666667,25000,253,0.0215579814774387,0.0212266791673659,0.000331302310072733
0.006,1.66666666666667,25000,254,0.0219860469135971,0.0216916091021973,0.000294437811399883
0.006,1.66666666666667,25000,255,0.0223460025592197,0.0220929563777196,0.000253046181500145
0.006,1.66666666666667,25000,256,0.0226346161684365,0.0224268486550083,0.000207767513428152
0.006,1.66666666666667,25000,257,0.022849353714497,0.0226900274471479,0.000159326267349196
0.006,1.66666666666667,25000,258,0.0229884159348866,0.0228799010504167,0.000108514884469869
0.006,1.66666666666667,25000,259,0.023050762554191,0.022994587031693,5.61755224980469e-05
0.006,1.66666666666667,25000,260,0.0230361237546997,0.023032943298089,3.18045661071645e-06
0.006,1.66666666666667,25000,261,0.0229449987649368,0.022994587031693,-4.95882667561551e-05
0.006,1.66666666666667,25000,262,0.0227786417362586,0.0228799010504167,-0.000101259314158168
0.006,1.66666666666667,25000,263,0.022539035368456,0.0226900274471479,-0.000150992078691851
0.006,1.66666666666667,25000,264,0.022228853018539,0.0224268486550083,-0.000197995636469311
0.006,1.66666666666667,25000,265,0.0218514102749,0.0220929563777196,-0.000241546102819602
0.006,1.66666666666667,25000,266,0.0214106071952491,0.0216916091021973,-0.000281001906948169
0.006,1.66666666666667,25000,267,0.0209108625856756,0.0212266791673659,-0.000315816581690297
0.006,1.66666666666667,25000,268,0.0203570418359056,0.0207025905913773,-0.000345548755471672
0.006,1.66666666666667,25000,269,0.0197543799197606,0.0201242490525487,-0.000369869132788019
0.006,1.66666666666667,25000,270,0.0191084012189228,0.0194969655722741,-0.000388564353351273
0.006,1.66666666666667,25000,271,0.018424837832827,0.0188263755571752,-0.000401537724348207
0.006,1.66666666666667,25000,272,0.017709547999647,0.018118354920643,-0.000408806920996017
0.006,1.66666666666667,25000,273,0.0169684361760311,0.0173789350200422,-0.000410498844011162
0.006,1.66666666666667,25000,274,0.0162073762106312,0.0166142181161014,-0.000406841905470211
0.006,1.66666666666667,25000,275,0.0154321389036506,0.015830294987777,-0.000398156084126369
0.006,1.66666666666667,25000,276,0.0146483250773181,0.0150331662228595,-0.000384841145541413
0.006,1.66666666666667,25000,277,0.0138613050965471,0.0142286685566525,-0.000367363460105342
0.006,1.66666666666667,25000,278,0.0130761655813811,0.0134224074539906,-0.000346241872609482
0.006,1.66666666666667,25000,279,0.0122976638494687,0.0126196969301699,-0.000322033080701205
0.006,1.66666666666667,25000,280,0.0115301904237926,0.0118255073909459,-0.000295316967153351
0.006,1.66666666666667,25000,281,0.0107777397437884,0.0110444220476929,-0.000266682303904453
0.006,1.66666666666667,25000,282,0.010043889031855,0.0102806022380883,-0.000236713206233303
0.006,1.66666666666667,25000,283,0.00933178509634968,0.00953776176192114,-0.000205976665571468
0.006,1.66666666666667,25000,284,0.00864413869997293,0.00881915013190643,-0.000175011431933497
0.006,1.66666666666667,25000,285,0.00798322599159906,0.00812754444606053,-0.000144318454461476
0.006,1.66666666666667,25000,286,0.00735089639186858,0.00746524941572544,-0.000114353023856857
0.006,1.66666666666667,25000,287,0.0067485862391308,0.00683410493520993,-8.5518696079135e-05
0.006,1.66666666666667,25000,288,0.00617733744271657,0.00623550045771086,-5.81630149942862e-05
0.006,1.66666666666667,25000,289,0.00563782035441295,0.00567039534910653,-3.25749946935797e-05
0.006,1.66666666666667,25000,290,0.00513036005513135,0.00513934432679231,-8.98427166095422e-06
0.006,1.66666666666667,25000,291,0.00465496526031111,0.00464252705442387,1.24382058872431e-05
0.006,1.66666666666667,25000,292,0.00421135907235735,0.00417978095386799,3.15781184893546e-05
0.006,1.66666666666667,25000,293,0.0037990108488429,0.00375063631073082,4.83745381120795e-05
0.006,1.66666666666667,25000,294,0.00341716850858662,0.0033543527868446,6.28157217420116e-05
0.006,1.66666666666667,25000,295,0.00306489066124734,0.00298995650891281,7.4934152334533e-05
0.006,1.66666666666667,25000,296,0.00274107801695514,0.00265627697371495,8.48010432401899e-05
0.006,1.66666666666667,25000,297,0.00244450360804804,0.0023519830932881,9.25205147599352e-05
0.006,1.66666666666667,25000,298,0.00217384143268723,0.00207561779475809,9.82236379291406e-05
0.006,1.66666666666667,25000,299,0.00192769320770803,0.00182563068553361,0.000102062522174421
0.006,1.66666666666667,25000,300,0.00170461299353484,0.00160040839217032,0.000104204601364519
0.006,1.66666666666667,25000,301,0.00150312952565491,0.00139830227743827,0.000104827248216635
0.006,1.66666666666667,25000,302,0.00132176615364383,0.00121765333244258,0.000104112821201254
0.006,1.66666666666667,25000,303,0.00115905834901826,0.00105681412692836,0.000102244222089898
0.006,1.66666666666667,25000,304,0.00101356879653026,0.000914167779467397,9.9401017062862e-05
0.006,1.66666666666667,25000,305,0.000883900129474106,0.000788143978839906,9.57561506342004e-05
0.006,1.66666666666667,25000,306,0.00076870540798166,0.000677232147789594,9.14732601920655e-05
0.006,1.66666666666667,25000,307,0.000666696470202813,0.000579991890046834,8.67045801559785e-05
0.006,1.66666666666667,25000,308,0.000576650309969308,0.000495060901053186,8.15894089161219e-05
0.006,1.66666666666667,25000,309,0.00049741365145395,0.000421160552468059,7.62530989858917e-05
0.006,1.66666666666667,25000,310,0.00042790590201954,0.000357099380847855,7.08065211716847e-05
0.006,1.66666666666667,25000,311,0.000367120669550454,0.000301774722621919,6.53459469285348e-05
0.006,1.66666666666667,25000,312,0.000314126030779867,0.000254172741564406,5.99532892154613e-05
0.006,1.66666666666667,25000,313,0.000268063733199892,0.000213367092394398,5.46966408054939e-05
0.006,1.66666666666667,25000,314,0.000228147505803856,0.000178516455997304,4.96310498065516e-05
0.006,1.66666666666667,25000,315,0.000193660643872125,0.000148861169126182,4.47994747459428e-05
0.006,1.66666666666667,25000,316,0.000163953020948433,0.000123719155360005,4.02338655884279e-05
0.006,1.66666666666667,25000,317,0.000138437667682631,0.000102481345555146,3.59563221274847e-05
0.006,1.66666666666667,25000,318,0.000116587042895435,8.46067559310558e-05,3.1980286964379e-05
0.006,1.66666666666667,25000,319,9.79291075393165e-05,6.96173710857592e-05,2.83117364535572e-05
0.006,1.66666666666667,25000,320,8.20432976032575e-05,5.7092958335171e-05,2.49503392680865e-05
0.006,1.66666666666667,25000,321,6.85564777821559e-05,4.66659193910863e-05,2.18905583910696e-05
0.006,1.66666666666667,25000,322,5.71389441785351e-05,3.80162659998199e-05,1.91226781787153e-05
0.006,1.66666666666667,25000,323,4.75005316338221e-05,3.08667881101844e-05,1.66337435236378e-05
0.006,1.66666666666667,25000,324,3.93868696474379e-05,2.49784666764249e-05,1.4408402971013e-05
0.006,1.66666666666667,25000,325,3.25758203291345e-05,2.01461684866251e-05,1.24296518425094e-05
0.006,1.66666666666667,25000,326,2.6874122491436e-05,1.61946475165549e-05,1.06794749748811e-05
0.006,1.66666666666667,25000,327,2.21142578330113e-05,1.2974866250664e-05,9.13939158234727e-06
0.006,1.66666666666667,25000,328,1.81515481660497e-05,1.03606411373889e-05,7.79090702866082e-06
0.006,1.66666666666667,25000,329,1.48614867511295e-05,8.24560876253002e-06,6.61587798859951e-06
0.006,1.66666666666667,25000,330,1.21373019520659e-05,6.54050330699988e-06,5.59679864506599e-06
0.006,1.66666666666667,25000,331,9.88774752740673e-06,5.17073125641444e-06,4.71701627099228e-06
0.006,1.66666666666667,25000,332,8.03511084245418e-06,4.07422598952765e-06,3.96088485292652e-06
0.006,1.66666666666667,25000,333,6.51342801935015e-06,3.19956262496216e-06,3.31386539438799e-06
0.006,1.66666666666667,25000,334,5.2668934454821e-06,2.50431218694695e-06,2.76258125853516e-06
0.006,1.66666666666667,25000,335,4.2484500369319e-06,1.9536136030759e-06,2.294836433856e-06
0.006,1.66666666666667,25000,336,3.41854611298031e-06,1.51894212287532e-06,1.89960399010499e-06
0.006,1.66666666666667,25000,337,2.74404459488925e-06,1.17705331046411e-06,1.56699128442513e-06
0.006,1.66666666666667,25000,338,2.19727041960055e-06,9.090826975242e-07,1.28818772207635e-06
0.006,1.66666666666667,25000,339,1.75518248676667e-06,6.99782379127255e-07,1.05540010763941e-06
0.006,1.66666666666667,25000,340,1.39865707399803e-06,5.36877204954691e-07,8.61779869043341e-07
0.006,1.66666666666667,25000,341,1.11187040687502e-06,4.1052468719474e-07,7.01345719680278e-07
0.006,1.66666666666667,25000,342,8.81768911551861e-07,3.12864252926778e-07,5.68904658625083e-07
0.006,1.66666666666667,25000,343,6.97616570577364e-07,2.37642964876786e-07,4.59973605700577e-07
0.006,1.66666666666667,25000,344,5.50609715694074e-07,1.79906283199463e-07,3.70703432494612e-07
0.006,1.66666666666667,25000,345,4.33550499939388e-07,1.35743815497526e-07,2.97806684441862e-07
0.006,1.66666666666667,25000,346,3.40571176016539e-07,1.0208128418984e-07,2.38489891826699e-07
0.006,1.66666666666667,25000,347,2.66902154155784e-07,7.65111182148187e-08,1.90391035940965e-07
0.006,1.66666666666667,25000,348,2.08677610243994e-07,5.71551442747899e-08,1.51522465969204e-07
0.006,1.66666666666667,25000,349,1.62773157077178e-07,4.25538102987524e-08,1.20219346778425e-07
0.006,1.66666666666667,25000,350,1.26670774297752e-07,3.15772229006846e-08,9.50935513970675e-08
0.006,1.66666666666667,25000,351,9.83468143721415e-08,2.33540262520932e-08,7.49927881200484e-08
0.006,1.66666666666667,25000,352,7.61794631436938e-08,1.72147986365735e-08,5.89646645071202e-08
0.006,1.66666666666667,25000,353,5.887253576846e-08,1.26472027774999e-08,4.62253329909601e-08
0.006,1.66666666666667,25000,354,4.53929349473816e-08,9.26060517085713e-09,3.61323297765245e-08
0.006,1.66666666666667,25000,355,3.49194917646721e-08,6.75828662269004e-09,2.81612051419821e-08
0.006,1.66666666666667,25000,356,2.68012540400678e-08,4.91570934866613e-09,2.18855446914017e-08
0.006,1.66666666666667,25000,357,2.05235870555667e-08,3.56359333565593e-09,1.69599937199107e-08
0.006,1.66666666666667,25000,358,1.5680711052846e-08,2.574793662268e-09,1.3105917390578e-08
0.006,1.66666666666667,25000,359,1.19535231879389e-08,1.85416797865579e-09,1.00993552092831e-08
0.006,1.66666666666667,25000,360,9.09174269572984e-09,1.33078554038399e-09,7.76095715534585e-09
0.006,1.66666666666667,25000,361,6.89958065961065e-09,9.51961581803942e-10,5.94761907780671e-09
0.006,1.66666666666667,25000,362,5.22427353793057e-09,6.78708240612358e-10,4.54556529731822e-09
0.006,1.66666666666667,25000,363,3.94693571466676e-09,4.822799134211e-10,3.46465580124566e-09
0.006,1.66666666666667,25000,364,2.97528376093898e-09,3.41560450753512e-10,2.63372331018547e-09
0.006,1.66666666666667,25000,365,2.23786645844505e-09,2.41095072016669e-10,1.99677138642838e-09
0.006,1.66666666666667,25000,366,1.67950229394911e-09,1.69613900200564e-10,1.50988839374855e-09
0.006,1.66666666666667,25000,367,1.25768215505659e-09,1.18928762419664e-10,1.13875339263693e-09
0.006,1.66666666666667,25000,368,9.39741150858483e-10,8.31121869712547e-11,8.56628963887228e-10
0.006,1.66666666666667,25000,369,7.00641416660167e-10,5.78888434062992e-11,6.42752573253868e-10
0.006,1.66666666666667,25000,370,5.21238793053997e-10,4.01862412158526e-11,4.81052551838144e-10
0.006,1.66666666666667,25000,371,3.86931554689473e-10,2.78043183620028e-11,3.5912723632747e-10
0.006,1.66666666666667,25000,372,2.86609889290905e-10,1.91734148965682e-11,2.67436474394337e-10
0.006,1.66666666666667,25000,373,2.11841427065932e-10,1.31776824962225e-11,1.98663744569709e-10
0.006,1.66666666666667,25000,374,1.56241496634202e-10,9.02674055944126e-12,1.4721475607476e-10
0.006,1.66666666666667,25000,375,1.14987523528823e-10,6.16275968927937e-12,1.08824763839543e-10
0.006,1.66666666666667,25000,376,8.44455804387478e-11,4.19345375134614e-12,8.02521266874016e-11
0.006,1.66666666666667,25000,377,6.18839500817052e-11,2.8439426469237e-12,5.90400074347815e-11
0.006,1.66666666666667,25000,378,4.52540062772961e-11,1.92230440774751e-12,4.33317018695486e-11
0.006,1.66666666666667,25000,379,3.30230309148599e-11,1.29501810885961e-12,3.17280128060003e-11
0.006,1.66666666666667,25000,380,2.40469884214043e-11,8.69524599010376e-13,2.31774638223939e-11
0.006,1.66666666666667,25000,381,1.74739575978392e-11,5.81889145366933e-13,1.68920684524723e-11
0.006,1.66666666666667,25000,382,1.26710212556707e-11,3.8810656645e-13,1.22829146892207e-11
0.006,1.66666666666667,25000,383,9.16905635676848e-12,2.57996656201393e-13,8.91105970056709e-12
0.006,1.66666666666667,25000,384,6.62114732103788e-12,1.70934417186217e-13,6.45021290385166e-12
0.006,1.66666666666667,25000,385,4.77133967902324e-12,1.12874881026889e-13,4.65846479799635e-12
0.006,1.66666666666667,25000,386,3.43122161694861e-12,7.42877914813311e-14,3.35693382546728e-12
0.006,1.66666666666667,25000,387,2.46241591255973e-12,4.87292739701132e-14,2.41368663858962e-12
0.006,1.66666666666667,25000,388,1.76352286956737e-12,3.18577269729743e-14,1.73166514259439e-12
0.006,1.66666666666667,25000,389,1.26040656323312e-12,2.07583095006584e-14,1.23964825373247e-12
0.006,1.66666666666667,25000,390,8.98985938518592e-13,1.34809820837941e-14,8.85504956434798e-13
0.006,1.66666666666667,25000,391,6.39897802578982e-13,8.72576338035198e-15,6.3117203919863e-13
0.006,1.66666666666667,25000,392,4.54555163072442e-13,5.6290834105547e-15,4.48926079661888e-13
0.006,1.66666666666667,25000,393,3.22243073671139e-13,3.61929754154691e-15,3.18623776129592e-13
0.006,1.66666666666667,25000,394,2.27983993245269e-13,2.31933372680735e-15,2.25664659518461e-13
0.006,1.66666666666667,25000,395,1.60972475695269e-13,1.48133931981137e-15,1.59491136375457e-13
0.006,1.66666666666667,25000,396,1.13430046845367e-13,9.42970724132959e-16,1.12487076121234e-13
0.006,1.66666666666667,25000,397,7.97694365316011e-14,5.98265859760826e-16,7.91711706718403e-14
0.006,1.66666666666667,25000,398,5.59860143728907e-14,3.78305436861148e-16,5.56077089360295e-14
0.006,1.66666666666667,25000,399,3.92156905632285e-14,2.38420336745486e-16,3.8977270226483e-14
0.006,1.66666666666667,25000,400,2.74144875302588e-14,1.49760183300976e-16,2.72647273469578e-14
0.008,1.25,10000,0,3.93646291034682e-22,1.19423550163422e-18,-1.19384185534318e-18
0.008,1.25,10000,1,9.39249334307411e-22,2.3676105340365e-18,-2.36667128470219e-18
0.008,1.25,10000,2,2.22369526782154e-21,4.66461934580217e-18,-4.66239565053435e-18
0.008,1.25,10000,3,5.22356373915814e-21,9.13288132073943e-18,-9.12765775700027e-18
0.008,1.25,10000,4,1.21740128494807e-20,1.77699038806361e-17,-1.77577298677866e-17
0.008,1.25,10000,5,2.81484328079667e-20,3.43595923538382e-17,-3.43314439210302e-17
0.008,1.25,10000,6,6.45664763542314e-20,6.60232024864519e-17,-6.59586360100977e-17
0.008,1.25,10000,7,1.46916843473017e-19,1.26075537724694e-16,-1.25928620881221e-16
0.008,1.25,10000,8,3.316098544806e-19,2.39249330756043e-16,-2.38917720901563e-16
0.008,1.25,10000,9,7.42428760911711e-19,4.51186704634678e-16,-4.50444275873766e-16
0.008,1.25,10000,10,1.64867236827302e-18,8.45566006307763e-16,-8.4391733393949e-16
0.008,1.25,10000,11,3.63117653121037e-18,1.57479633702206e-15,-1.57116516049085e-15
0.008,1.25,10000,12,7.93186964160089e-18,2.91465352703785e-15,-2.90672165739625e-15
0.008,1.25,10000,13,1.71830919648481e-17,5.36086827779373e-15,-5.34368518582889e-15
0.008,1.25,10000,14,3.69153959913937e-17,9.79871205508338e-15,-9.76179665909199e-15
0.008,1.25,10000,15,7.86462025595187e-17,1.77987094896645e-14,-1.7720063287105e-14
0.008,1.25,10000,16,1.66148398182449e-16,3.21287399169974e-14,-3.19625915188149e-14
0.008,1.25,10000,17,3.48054734872773e-16,5.76347655433789e-14,-5.72867108085061e-14
0.008,1.25,10000,18,7.22965201021292e-16,1.02745078466106e-13,-1.02022113265084e-13
0.008,1.25,10000,19,1.48899024464728e-15,1.82021707890731e-13,-1.80532717646084e-13
0.008,1.25,10000,20,3.04058933073659e-15,3.20457913975421e-13,-3.17417324644684e-13
0.008,1.25,10000,21,6.1560578137825e-15,5.60666331513866e-13,-5.54510273700083e-13
0.008,1.25,10000,22,1.23570524949606e-14,9.74818162972339e-13,-9.62461110477378e-13
0.008,1.25,10000,23,2.45914069111235e-14,1.68433474390465e-12,-1.65974333699352e-12
0.008,1.25,10000,24,4.85174412606498e-14,2.89213699962867e-12,-2.84361955836802e-12
0.008,1.25,10000,25,9.4896222927712e-14,4.93508884176286e-12,-4.84019261883515e-12
0.008,1.25,10000,26,1.84004204967744e-13,8.3686758921146e-12,-8.18467168714685e-12
0.008,1.25,10000,27,3.53692927448467e-13,1.41027621464047e-11,-1.37490692189562e-11
0.008,1.25,10000,28,6.73965408377208e-13,2.36176821493913e-11,-2.29437167410141e-11
0.008,1.25,10000,29,1.27307800405364e-12,3.93057443596844e-11,-3.80326663556307e-11
0.008,1.25,10000,30,2.38381721902042e-12,6.50070467206798e-11,-6.26232295016594e-11
0.008,1.25,10000,31,4.42472776491713e-12,1.06844090646987e-10,-1.02419362882069e-10
0.008,1.25,10000,32,8.14126217980271e-12,1.74512378328566e-10,-1.66371116148763e-10
0.008,1.25,10000,33,1.48485897143665e-11,2.83261549810545e-10,-2.68412960096178e-10
0.008,1.25,10000,34,2.68450633197561e-11,4.5691422193643e-10,-4.30069158616674e-10
0.008,1.25,10000,35,4.81091485914863e-11,7.32432125457902e-10,-6.84322976866415e-10
0.008,1.25,10000,36,8.54621763148342e-11,1.16677134037589e-09,-1.08130916406106e-09
0.008,1.25,10000,37,1.50488410441768e-10,1.84709733005894e-09,-1.69660891961717e-09
0.008,1.25,10000,38,2.62673065189881e-10,2.90589198882574e-09,-2.64321892363586e-09
0.008,1.25,10000,39,4.54477838249038e-10,4.54312633962266e-09,-4.08864850137362e-09
0.008,1.25,10000,40,7.79464972478288e-10,7.05855528085472e-09,-6.27909030837643e-09
0.008,1.25,10000,41,1.32516512088529e-09,1.0898393533492e-08,-9.57322841260668e-09
0.008,1.25,10000,42,2.23324507427516e-09,1.67222538150802e-08,-1.4489008740805e-08
0.008,1.25,10000,43,3.73078286354262e-09,2.54983921216851e-08,-2.17676092581425e-08
0.008,1.25,10000,44,6.17825263073403e-09,3.86381602689969e-08,-3.24599076382629e-08
0.008,1.25,10000,45,1.01423603474929e-08,5.81842905292974e-08,-4.80419301818046e-08
0.008,1.25,10000,46,1.65054111034546e-08,8.70724382801038e-08,-7.05670271766492e-08
0.008,1.25,10000,47,2.66277514943097e-08,1.29491519968248e-07,-1.02863768473939e-07
0.008,1.25,10000,48,4.2586409554495e-08,1.91376060631317e-07,-1.48789651076822e-07
0.008,1.25,10000,49,6.75218141831797e-08,2.81073273780097e-07,-2.13551459596917e-07
0.008,1.25,10000,50,1.06135944940044e-07,4.10239196682182e-07,-3.04103251742137e-07
0.008,1.25,10000,51,1.65400015670932e-07,5.95032125261844e-07,-4.29632109590911e-07
0.008,1.25,10000,52,2.55548416150331e-07,8.57687999255728e-07,-6.02139583105397e-07
0.008,1.25,10000,53,3.91458663524009e-07,1.22858133450728e-06,-8.37122670983276e-07
0.008,1.25,10000,54,5.94544961395321e-07,1.748896674067e-06,-1.15435171267168e-06
0.008,1.25,10000,55,8.95325803168373e-07,2.47405898871173e-06,-1.57873318554336e-06
0.008,1.25,10000,56,1.33686368407555e-06,3.4780963461449e-06,-2.14123266206935e-06
0.008,1.25,10000,57,1.97931665242432e-06,4.85913343832446e-06,-2.87981678590014e-06
0.008,1.25,10000,58,2.90588564569296e-06,6.74623868109709e-06,-3.84035303540413e-06
0.008,1.25,10000,59,4.23048589182624e-06,9.30786849473716e-06,-5.07738260291092e-06
0.008,1.25,10000,60,6.10751154878847e-06,1.27621673325682e-05,-6.65465578377968e-06
0.008,1.25,10000,61,8.74409535616174e-06,1.73893876876035e-05,-8.64529233144173e-06
0.008,1.25,10000,62,1.24152831574914e-05,2.35466866699239e-05,-1.11314035124325e-05
0.008,1.25,10000,63,1.74825391485454e-05,3.16855302328615e-05,-1.42029910843161e-05
0.008,1.25,10000,64,2.44159628721625e-05,4.23718877316551e-05,-1.79559248594926e-05
0.008,1.25,10000,65,3.38205237769778e-05,5.63093230382759e-05,-2.2488799261298e-05
0.008,1.25,10000,66,4.64664938556588e-05,7.43649788876402e-05,-2.78984850319814e-05
0.008,1.25,10000,67,6.33240744102071e-05,9.75983040901617e-05,-3.42742296799546e-05
0.008,1.25,10000,68,8.56019620479227e-05,0.000127292185493911,-4.16902234459882e-05
0.008,1.25,10000,69,0.000114789277348351,0.000164985916736007,-5.01966393876562e-05
0.008,1.25,10000,70,0.00015269988752749,0.000212509165063009,-5.98092775355187e-05
0.008,1.25,10000,71,0.000201517698113003,0.000272015790288615,-7.04980921756123e-05
0.008,1.25,10000,72,0.000263840981716015,0.000346016034732936,-8.21750530169206e-05
0.008,1.25,10000,73,0.000342723276391463,0.000437405252724408,-9.46819763329459e-05
0.008,1.25,10000,74,0.000441707852660661,0.000549487000796567,-0.000107779148135906
0.008,1.25,10000,75,0.000564852256562144,0.000685987987845097,-0.000121135731282953
0.008,1.25,10000,76,0.000716739033235201,0.000851062115539321,-0.00013432308230412
0.008,1.25,10000,77,0.000902468474137694,0.00104928065421202,-0.000146812180074324
0.008,1.25,10000,78,0.0011276291659516,0.00128560553158794,-0.00015797636563634
0.008,1.25,10000,79,0.00139824230350902,0.00156534279471068,-0.000167100491201661
0.008,1.25,10000,80,0.00172067620870032,0.00189407357082214,-0.000173397362121826
0.008,1.25,10000,81,0.00210152830584873,0.0022775603272385,-0.000176032021389773
0.008,1.25,10000,82,0.0025474729569365,0.00272162693172902,-0.00017415397479252
0.008,1.25,10000,83,0.00306507504968957,0.00323201195034759,-0.000166936900658027
0.008,1.25,10000,84,0.00366057102308334,0.00381419578139137,-0.000153624758308028
0.008,1.25,10000,85,0.00433962104412852,0.00447320358745709,-0.000133582543328571
0.008,1.25,10000,86,0.00510703822318824,0.00521338750907075,-0.000106349285882512
0.008,1.25,10000,87,0.00596650295206307,0.00603819326060953,-7.16903085464515e-05
0.008,1.25,10000,88,0.00692027252769869,0.00694991784164337,-2.96453139446871e-05
0.008,1.25,10000,89,0.00796889802935118,0.00794946664837138,1.94313809798036e-05
0.008,1.25,10000,90,0.00911096179030107,0.00903611963340906,7.48421568920101e-05
0.008,1.25,10000,91,0.0103428495980573,0.0102073172256204,0.000135532372436943
0.008,1.25,10000,92,0.011658571843128,0.0114584773751358,0.000200094467992207
0.008,1.25,10000,93,0.0130496471245779,0.0127828552330209,0.000266791891557046
0.008,1.25,10000,94,0.0145050602655979,0.0141714565306224,0.000333603734975502
0.008,1.25,10000,95,0.0160113043035277,0.0156130146387739,0.000398289664753786
0.008,1.25,10000,96,0.0175525128646932,0.0170940395455912,0.000458473319101954
0.008,1.25,10000,97,0.0191106855427235,0.0185989446183528,0.000511740924370736
0.008,1.25,10000,98,0.0206660046518375,0.0201102540789062,0.000555750572931279
0.008,1.25,10000,99,0.0221972372508303,0.0216088907362092,0.000588346514621162
0.008,1.25,10000,100,0.0236822118868779,0.0230745398376688,0.000607672049209109
0.008,1.25,10000,101,0.0250983553620988,0.0244860811102255,0.000612274251873299
0.008,1.25,10000,102,0.0264232712455719,0.0258220773733639,0.000601193872208014
0.008,1.25,10000,103,0.0276353390792444,0.0270613047406627,0.000574034338581712
0.008,1.25,10000,104,0.0287143114539573,0.0281833066010054,0.000531004852951898
0.008,1.25,10000,105,0.0296418854982423,0.0291689514822194,0.0004729340160229
0.008,1.25,10000,106,0.0304022258933328,0.0300009737107534,0.000401252182579366
0.008,1.25,10000,107,0.0309824182919445,0.0306644756048519,0.000317942687092627
0.008,1.25,10000,108,0.0313728348878426,0.0311473708306406,0.000225464057201981
0.008,1.25,10000,109,0.0315673976989643,0.0314407505006071,0.000126647198357178
0.008,1.25,10000,110,0.0315637296699741,0.031539156525252,2.45731447221301e-05
0.008,1.25,10000,111,0.0313631887074619,0.0314407505006071,-7.75617931452061e-05
0.008,1.25,10000,112,0.0309707849440402,0.0311473708306406,-0.000176585886600394
0.008,1.25,10000,113,0.0303949865927224,0.0306644756048519,-0.000269489012129503
0.008,1.25,10000,114,0.0296474244215976,0.0300009737107534,-0.000353549289155795
0.008,1.25,10000,115,0.0287425089057931,0.0291689514822194,-0.000426442576426371
0.008,1.25,10000,116,0.0276969773024645,0.0281833066010054,-0.000486329298540946
0.008,1.25,10000,117,0.026529390108103,0.0270613047406627,-0.000531914632559628
0.008,1.25,10000,118,0.0252595975244771,0.0258220773733639,-0.000562479848886781
0.008,1.25,10000,119,0.0239081966754161,0.0244860811102255,-0.000577884434809349
0.008,1.25,10000,120,0.0224959994396457,0.0230745398376688,-0.000578540398023124
0.008,1.25,10000,121,0.0210435290080701,0.0216088907362092,-0.000565361728139046
0.008,1.25,10000,122,0.0195705607938686,0.0201102540789062,-0.000539693285037595
0.008,1.25,10000,123,0.0180957203071323,0.0185989446183528,-0.000503224311220497
0.008,1.25,10000,124,0.0166361472547042,0.0170940395455912,-0.000457892290887069
0.008,1.25,10000,125,0.0152072316439043,0.0156130146387739,-0.000405782994869611
0.008,1.25,10000,126,0.0138224242477937,0.0141714565306224,-0.000349032282828647
0.008,1.25,10000,127,0.0124931205988844,0.0127828552330209,-0.000289734634136538
0.008,1.25,10000,128,0.0112286148563282,0.0114584773751358,-0.000229862518807536
0.008,1.25,10000,129,0.0100361175412642,0.0102073172256204,-0.000171199684356171
0.008,1.25,10000,130,0.00892082932063826,0.00903611963340906,-0.000115290312770799
0.008,1.25,10000,131,0.00788606176840453,0.00794946664837138,-6.34048799668507e-05
0.008,1.25,10000,132,0.00693339533700944,0.00694991784164337,-1.65225046339359e-05
0.008,1.25,10000,133,0.00606286459435154,0.00603819326060953,2.46713337420119e-05
0.008,1.25,10000,134,0.00527316106151358,0.00521338750907075,5.97735524428267e-05
0.008,1.25,10000,135,0.00456184464750695,0.00447320358745709,8.86410600498622e-05
0.008,1.25,10000,136,0.00392555563252475,0.00381419578139137,0.000111359851133385
0.008,1.25,10000,137,0.00336022031122708,0.00323201195034759,0.00012820836087949
0.008,1.25,10000,138,0.00286124468554823,0.00272162693172902,0.000139617753819207
0.008,1.25,10000,139,0.00242369191294628,0.0022775603272385,0.000146131585707785
0.008,1.25,10000,140,0.00204244050222735,0.00189407357082214,0.00014836693140521
0.008,1.25,10000,141,0.00171232144934956,0.00156534279471068,0.00014697865463888
0.008,1.25,10000,142,0.00142823357818546,0.00128560553158794,0.000142628046597514
0.008,1.25,10000,143,0.00118523726823902,0.00104928065421202,0.000135956614026998
0.008,1.25,10000,144,0.000978627497919889,0.000851062115539321,0.000127565382380568
0.008,1.25,10000,145,0.000803987704774932,0.000685987987845097,0.000117999716929835
0.008,1.25,10000,146,0.000657226369172923,0.000549487000796567,0.000107739368376356
0.008,1.25,10000,147,0.000534598478783316,0.000437405252724408,9.71932260589074e-05
0.008,1.25,10000,148,0.000432714146398361,0.000346016034732936,8.66981116654246e-05
0.008,1.25,10000,149,0.000348536654938273,0.000272015790288615,7.65208646496579e-05
0.008,1.25,10000,150,0.000279372113850437,0.000212509165063009,6.68629487874282e-05
0.008,1.25,10000,151,0.000222852753323377,0.000164985916736007,5.78668365873702e-05
0.008,1.25,10000,152,0.000176915678114177,0.000127292185493911,4.96234926202661e-05
0.008,1.25,10000,153,0.000139778670390295,9.75983040901617e-05,4.21803663001334e-05
0.008,1.25,10000,154,0.000109914387068547,7.43649788876402e-05,3.55494081809073e-05
0.008,1.25,10000,155,8.6024054902785e-05,5.63093230382759e-05,2.97147318645091e-05
0.008,1.25,10000,156,6.70115361744052e-05,4.23718877316551e-05,2.46396484427501e-05
0.008,1.25,10000,157,5.19584265280112e-05,3.16855302328615e-05,2.02728962951497e-05
0.008,1.25,10000,158,4.01006589193862e-05,2.35466866699239e-05,1.65539722494623e-05
0.008,1.25,10000,159,3.08069262270468e-05,1.73893876876035e-05,1.34175385394434e-05
0.008,1.25,10000,160,2.35591004259056e-05,1.27621673325682e-05,1.07969330933374e-05
0.008,1.25,10000,161,1.79347175293549e-05,9.30786849473716e-06,8.62684903461777e-06
0.008,1.25,10000,162,1.35915129546228e-05,6.74623868109709e-06,6.84527427352566e-06
0.008,1.25,10000,163,1.02539290668207e-05,4.85913343832446e-06,5.3947956284962e-06
0.008,1.25,10000,164,7.70147254912828e-06,3.4780963461449e-06,4.22337620298338e-06
0.008,1.25,10000,165,5.7587709383665e-06,2.47405898871173e-06,3.28471194965477e-06
0.008,1.25,10000,166,4.28716221932245e-06,1.748896674067e-06,2.53826554525545e-06
0.008,1.25,10000,167,3.17764603747801e-06,1.22858133450728e-06,1.94906470297073e-06
0.008,1.25,10000,168,2.34502739286524e-06,8.57687999255728e-07,1.48733939360951e-06
0.008,1.25,10000,169,1.72309146567941e-06,5.95032125261844e-07,1.12805934041756e-06
0.008,1.25,10000,170,1.26065968647644e-06,4.10239196682182e-07,8.50420489794261e-07
0.008,1.25,10000,171,9.18390825708262e-07,2.81073273780097e-07,6.37317551928165e-07
0.008,1.25,10000,172,6.66205578615462e-07,1.91376060631317e-07,4.74829517984145e-07
0.008,1.25,10000,173,4.81227983505609e-07,1.29491519968248e-07,3.51736463537361e-07
0.008,1.25,10000,174,3.46151399403145e-07,8.70724382801038e-08,2.59078961123041e-07
0.008,1.25,10000,175,2.47950252125922e-07,5.81842905292974e-08,1.89765961596624e-07
0.008,1.25,10000,176,1.76871070270585e-07,3.86381602689969e-08,1.38232910001588e-07
0.008,1.25,10000,177,1.25647337706656e-07,2.54983921216851e-08,1.00148945584971e-07
0.008,1.25,10000,178,8.88923474479785e-08,1.67222538150802e-08,7.21700936328983e-08
0.008,1.25,10000,179,6.26325834354342e-08,1.0898393533492e-08,5.17341899019422e-08
0.008,1.25,10000,180,4.39512592404894e-08,7.05855528085472e-09,3.68927039596347e-08
0.008,1.25,10000,181,3.07176124830236e-08,4.54312633962266e-09,2.61744861434009e-08
0.008,1.25,10000,182,2.13825124672977e-08,2.90589198882574e-09,1.84766204784719e-08
0.008,1.25,10000,183,1.48250125505927e-08,1.84709733005894e-09,1.29779152205338e-08
0.008,1.25,10000,184,1.02377918630507e-08,1.16677134037589e-09,9.07102052267478e-09
0.008,1.25,10000,185,7.0420995334007e-09,7.32432125457902e-10,6.3096674079428e-09
0.008,1.25,10000,186,4.8249444903109e-09,4.5691422193643e-10,4.36803026837447e-09
0.008,1.25,10000,187,3.29295928677792e-09,2.83261549810545e-10,3.00969773696738e-09
0.008,1.25,10000,188,2.23868905178868e-09,1.74512378328566e-10,2.06417667346012e-09
0.008,1.25,10000,189,1.51608649180913e-09,1.06844090646987e-10,1.40924240116214e-09
0.008,1.25,10000,190,1.02278960057243e-09,6.50070467206798e-11,9.57782553851748e-10
0.008,1.25,10000,191,6.87369100270865e-10,3.93057443596844e-11,6.48063355911181e-10
0.008,1.25,10000,192,4.60197502354359e-10,2.36176821493913e-11,4.36579820204968e-10
0.008,1.25,10000,193,3.06943298618371e-10,1.41027621464047e-11,2.92840536471966e-10
0.008,1.25,10000,194,2.03957988288762e-10,8.3686758921146e-12,1.95589312396648e-10
0.008,1.25,10000,195,1.35020866206534e-10,4.93508884176286e-12,1.30085777364772e-10
0.008,1.25,10000,196,8.90527902830688e-11,2.89213699962867e-12,8.61606532834401e-11
0.008,1.25,10000,197,5.85179947352984e-11,1.68433474390465e-12,5.68336599913938e-11
0.008,1.25,10000,198,3.83120434685721e-11,9.74818162972339e-13,3.73372253055998e-11
0.008,1.25,10000,199,2.49915859625794e-11,5.60666331513866e-13,2.44309196310656e-11
0.008,1.25,10000,200,1.62432715866167e-11,3.20457913975421e-13,1.59228136726413e-11
0.008,1.25,10000,201,1.05192040293827e-11,1.82021707890731e-13,1.03371823214919e-11
0.008,1.25,10000,202,6.78782068794685e-12,1.02745078466106e-13,6.68507560948075e-12
0.008,1.25,10000,203,4.36439758942019e-12,5.76347655433789e-14,4.30676282387681e-12
0.008,1.25,10000,204,2.79623070973416e-12,3.21287399169974e-14,2.76410196981717e-12
0.008,1.25,10000,205,1.78519087151328e-12,1.77987094896645e-14,1.76739216202362e-12
0.008,1.25,10000,206,1.13570992859635e-12,9.79871205508338e-15,1.12591121654127e-12
0.008,1.25,10000,207,7.19994824234511e-13,5.36086827779373e-15,7.14633955956718e-13
0.008,1.25,10000,208,4.54860814174687e-13,2.91465352703785e-15,4.51946160647649e-13
0.008,1.25,10000,209,2.86366899049297e-13,1.57479633702206e-15,2.84792102712275e-13
0.008,1.25,10000,210,1.79667750441994e-13,8.45566006307763e-16,1.78822184435686e-13
0.008,1.25,10000,211,1.12338411423345e-13,4.51186704634678e-16,1.1188722471871e-13
0.008,1.25,10000,212,7.00011234196398e-14,2.39249330756043e-16,6.97618740888838e-14
0.008,1.25,10000,213,4.3471838771434e-14,1.26075537724694e-16,4.33457632337093e-14
0.008,1.25,10000,214,2.69057375574733e-14,6.60232024864519e-17,2.68397143549868e-14
0.008,1.25,10000,215,1.65967573097744e-14,3.43595923538382e-17,1.65623977174206e-14
0.008,1.25,10000,216,1.02035320579397e-14,1.77699038806361e-17,1.01857621540591e-14
0.008,1.25,10000,217,6.25221937169851e-15,9.13288132073943e-18,6.24308649037777e-15
0.008,1.25,10000,218,3.8184019447761e-15,4.66461934580217e-18,3.8137373254303e-15
0.008,1.25,10000,219,2.32434266324112e-15,2.3676105340365e-18,2.32197505270708e-15
0.008,1.25,10000,220,1.41025288830827e-15,1.19423550163422e-18,1.40905865280663e-15
0.008,1.25,10000,221,8.52863194537337e-16,5.98625690448848e-19,8.52264568846888e-16
0.008,1.25,10000,222,5.14108066519431e-16,2.98199138120564e-19,5.1380986738131e-16
0.008,1.25,10000,223,3.08908043058014e-16,1.47619277802133e-19,3.08760423780212e-16
0.008,1.25,10000,224,1.85016641077701e-16,7.26215356436354e-20,1.84944019542057e-16
0.008,1.25,10000,225,1.1046027371783e-16,3.55036856441164e-20,1.10424770032186e-16
0.008,1.25,10000,226,6.57388493059712e-17,1.72491266300463e-20,6.57216001793411e-17
0.008,1.25,10000,227,3.90000890545096e-17,8.32810976993199e-21,3.89917609447396e-17
0.008,1.25,10000,228,2.30644668883424e-17,3.99587073655395e-21,2.30604710176059e-17
0.008,1.25,10000,229,1.35976016274045e-17,1.90529435185793e-21,1.35956963330526e-17
0.008,1.25,10000,230,7.99151230030648e-18,9.02814215683895e-22,7.99060948609079e-18
0.008,1.25,10000,231,4.68220085739375e-18,4.25128633859959e-22,4.68177572875989e-18
0.008,1.25,10000,232,2.73484115973069e-18,1.98942689549958e-22,2.73464221704114e-18
0.008,1.25,10000,233,1.59250832983156e-18,9.25169426042765e-23,1.59241581288895e-18
0.008,1.25,10000,234,9.24496652175663e-19,4.27563101798209e-23,9.24453895865483e-19
0.008,1.25,10000,235,5.35068561414381e-19,1.96365336124028e-23,5.35048924880769e-19
0.008,1.25,10000,236,3.08745312649858e-19,8.96220948625486e-24,3.08736350440371e-19
0.008,1.25,10000,237,1.77616985478044e-19,4.06491076624469e-24,1.77612920567277e-19
0.008,1.25,10000,238,1.01875109187414e-19,1.8321988281922e-24,1.01873276988586e-19
0.008,1.25,10000,239,5.82582436903472e-20,8.20691329663794e-25,5.82574229990175e-20
0.008,1.25,10000,240,3.32168608000185e-20,3.65319411175568e-25,3.32164954806073e-20
0.008,1.25,10000,241,1.88832970614756e-20,1.61603704549655e-25,1.88831354577711e-20
0.008,1.25,10000,242,1.07033862676899e-20,7.10420581533617e-26,1.07033152256318e-20
0.008,1.25,10000,243,6.04915558218861e-21,3.10359766915364e-26,6.04912454621192e-21
0.008,1.25,10000,244,3.4088233359563e-21,1.3474136997311e-26,3.4088098618193e-21
0.008,1.25,10000,245,1.91538628490288e-21,5.81329229253616e-27,1.91538047161059e-21
0.008,1.25,10000,246,1.0731397993685e-21,2.49246472430538e-27,1.07313730690378e-21
0.008,1.25,10000,247,5.99528930039606e-22,1.0619927223491e-27,5.99527868046883e-22
0.008,1.25,10000,248,3.33982508618283e-22,4.49676011493673e-28,3.33982058942271e-22
0.008,1.25,10000,249,1.85525158650137e-22,1.89218484301549e-28,1.85524969431653e-22
0.008,1.25,10000,250,1.02766873699611e-22,7.91248788229598e-29,1.02766794574732e-22
0.008,1.25,10000,251,5.67649698969727e-23,3.28812421907963e-29,5.67649370157305e-23
0.008,1.25,10000,252,3.12672912641785e-23,1.35790389348934e-29,3.12672776851396e-23
0.008,1.25,10000,253,1.71746656612194e-23,5.57282635032365e-30,1.7174660088393e-23
0.008,1.25,10000,254,9.40762658802918e-24,2.27283363187489e-30,9.40762431519555e-24
0.008,1.25,10000,255,5.13891126285657e-24,9.21181999960463e-31,5.13891034167457e-24
0.008,1.25,10000,256,2.79941260727891e-24,3.71029890958007e-31,2.79941223624902e-24
0.008,1.25,10000,257,1.52080277710076e-24,1.48510791848382e-31,1.52080262858997e-24
0.008,1.25,10000,258,8.23937872236355e-25,5.90735116187461e-32,8.23937813162843e-25
0.008,1.25,10000,259,4.4518136747857e-25,2.33514160772326e-32,4.45181344127154e-25
0.008,1.25,10000,260,2.39886471788182e-25,9.17316733038741e-33,2.39886462615015e-25
0.008,1.25,10000,261,1.28915779579975e-25,3.58105563830614e-33,1.2891577599892e-25
0.008,1.25,10000,262,6.90944537153197e-26,1.38927583307167e-33,6.90944523260439e-26
0.008,1.25,10000,263,3.69336547311946e-26,5.35613547180878e-34,3.6933654195581e-26
0.008,1.25,10000,264,1.96901278788479e-26,2.05210833546529e-34,1.96901276736371e-26
0.008,1.25,10000,265,1.04695272194886e-26,7.81330315774595e-35,1.04695271413556e-26
0.008,1.25,10000,266,5.55217282553354e-27,2.95634235679722e-35,5.55217279597011e-27
0.008,1.25,10000,267,2.93671166022487e-27,1.11163045279228e-35,2.93671164910857e-27
0.008,1.25,10000,268,1.5492698936428e-27,4.15385952036852e-36,1.54926988948894e-27
0.008,1.25,10000,269,8.15202078925423e-28,1.54251300358688e-36,8.1520207738291e-28
0.008,1.25,10000,270,4.27839466099775e-28,5.69234904260749e-37,4.2783946553054e-28
0.008,1.25,10000,271,2.23964242763163e-28,2.08756434236588e-37,2.23964242554406e-28
0.008,1.25,10000,272,1.16940159092151e-28,7.60805909696004e-38,1.1694015901607e-28
0.008,1.25,10000,273,6.09032776275877e-29,2.75545640450747e-38,6.09032776000332e-29
0.008,1.25,10000,274,3.16383952355475e-29,9.91742375990701e-39,3.16383952256301e-29
0.008,1.25,10000,275,1.63941836357079e-29,3.54723414574667e-39,1.63941836321606e-29
0.008,1.25,10000,276,8.47366806807423e-30,1.26085893851336e-39,8.47366806681337e-30
0.008,1.25,10000,277,4.36881955604097e-30,4.45378046821834e-40,4.36881955559559e-30
0.008,1.25,10000,278,2.24684154327628e-30,1.56342398607965e-40,2.24684154311993e-30
0.008,1.25,10000,279,1.15265967056056e-30,5.45394048360915e-41,1.15265967050602e-30
0.008,1.25,10000,280,5.89867775956983e-31,1.8907307072263e-41,5.89867775938076e-31
0.008,1.25,10000,281,3.01118707801996e-31,6.51380300707469e-42,3.01118707795482e-31
0.008,1.25,10000,282,1.53339780882387e-31,2.23010454363801e-42,1.53339780880157e-31
0.008,1.25,10000,283,7.7895161418183e-32,7.58754857181562e-43,7.78951614174243e-32
0.008,1.25,10000,284,3.94738190315425e-32,2.56544911771806e-43,3.94738190312859e-32
0.008,1.25,10000,285,1.99551629053952e-32,8.62007384131216e-44,1.9955162905309e-32
0.008,1.25,10000,286,1.00635982976148e-32,2.87835413796125e-44,1.0063598297586e-32
0.008,1.25,10000,287,5.06299592344033e-33,9.5513140693392e-45,5.06299592343077e-33
0.008,1.25,10000,288,2.54110427663309e-33,3.14968908222515e-45,2.54110427662994e-33
0.008,1.25,10000,289,1.27233755631541e-33,1.03218585604402e-45,1.27233755631438e-33
0.008,1.25,10000,290,6.35552530673541e-34,3.36150515646953e-46,6.35552530673205e-34
0.008,1.25,10000,291,3.16718965829241e-34,1.08791588830764e-46,3.16718965829132e-34
0.008,1.25,10000,292,1.57461519874121e-34,3.49898851109787e-47,1.57461519874086e-34
0.008,1.25,10000,293,7.8101030883711e-35,1.11834389955653e-47,7.81010308836998e-35
0.008,1.25,10000,294,3.86478405327941e-35,3.55217120257882e-48,3.86478405327906e-35
0.008,1.25,10000,295,1.90802468700214e-35,1.12123866253989e-48,1.90802468700203e-35
0.008,1.25,10000,296,9.3980372321737e-36,3.5171257785916e-49,9.39803723217335e-36
0.008,1.25,10000,297,4.61837127950185e-36,1.0963857802668e-49,4.61837127950174e-36
0.008,1.25,10000,298,2.26434764922303e-36,3.39644470281985e-50,2.264347649223e-36
0.008,1.25,10000,299,1.10765366353588e-36,1.04561393329087e-50,1.10765366353587e-36
0.008,1.25,10000,300,5.40599333569265e-37,3.19892335578082e-51,5.40599333569262e-37
0.008,1.25,10000,301,2.63245918501125e-37,9.72572459166029e-52,2.63245918501124e-37
0.008,1.25,10000,302,1.278987707804e-37,2.9385004343051e-52,1.278987707804e-37
0.008,1.25,10000,303,6.20002746375648e-38,8.82297829211924e-53,6.20002746375647e-38
0.008,1.25,10000,304,2.99879848862233e-38,2.63263300472785e-53,2.99879848862233e-38
0.008,1.25,10000,305,1.44720902972223e-38,7.8064052363588e-54,1.44720902972223e-38
0.008,1.25,10000,306,6.96866217751759e-39,2.30036908283043e-54,6.96866217751758e-39
0.008,1.25,10000,307,3.34815503220271e-39,6.73642705512865e-55,3.34815503220271e-39
0.008,1.25,10000,308,1.60510524391379e-39,1.9604120364963e-55,1.60510524391379e-39
0.008,1.25,10000,309,7.67798141644889e-40,5.66957844609878e-56,7.67798141644889e-40
0.008,1.25,10000,310,3.66471280563056e-40,1.62944549014365e-56,3.66471280563056e-40
0.008,1.25,10000,311,1.74536359780488e-40,4.65387338946105e-57,1.74536359780488e-40
0.008,1.25,10000,312,8.2944705536119e-41,1.32091523982813e-57,8.2944705536119e-41
0.008,1.25,10000,313,3.93325313886888e-41,3.72581251483271e-58,3.93325313886888e-41
0.008,1.25,10000,314,1.86114092677698e-41,1.04436594788292e-58,1.86114092677698e-41
0.008,1.25,10000,315,8.78768319003953e-42,2.90917648366081e-59,8.78768319003953e-42
0.008,1.25,10000,316,4.14038673103902e-42,8.05328545175933e-60,4.14038673103902e-42
0.008,1.25,10000,317,1.94662546300827e-42,2.21544910426592e-60,1.94662546300827e-42
0.008,1.25,10000,318,9.13276819530962e-43,6.05670081470531e-61,9.13276819530962e-43
0.008,1.25,10000,319,4.27567372945607e-43,1.64549332325567e-61,4.27567372945607e-43
0.008,1.25,10000,320,1.99752530853042e-43,4.44264679934064e-62,1.99752530853042e-43
0.008,1.25,10000,321,9.31256107452998e-44,1.19199136538124e-62,9.31256107452998e-44
0.008,1.25,10000,322,4.33249994356283e-44,3.1782648963503e-63,4.33249994356283e-44
0.008,1.25,10000,323,2.01142591650178e-44,8.42156359217441e-64,2.01142591650178e-44
0.008,1.25,10000,324,9.31899321517086e-45,2.21758886941426e-64,9.31899321517086e-45
0.008,1.25,10000,325,4.30860657766977e-45,5.80303237260693e-65,4.30860657766977e-45
0.008,1.25,10000,326,1.98797521855003e-45,1.50908816439997e-65,1.98797521855003e-45
0.008,1.25,10000,327,9.1536593002417e-46,3.8999576604642e-66,9.1536593002417e-46
0.008,1.25,10000,328,4.20621552156143e-46,1.00159196261467e-66,4.20621552156143e-46
0.008,1.25,10000,329,1.92887741245922e-46,2.55627415404493e-67,1.92887741245922e-46
0.008,1.25,10000,330,8.82749273779677e-47,6.48350255947052e-68,8.82749273779677e-47
0.008,1.25,10000,331,4.03174482282261e-47,1.63417139326078e-68,4.03174482282261e-47
0.008,1.25,10000,332,1.83770133204058e-47,4.09327742580879e-69,1.83770133204058e-47
0.008,1.25,10000,333,8.35962022489655e-48,1.01889731191046e-69,8.35962022489655e-48
0.008,1.25,10000,334,3.79518624082126e-48,2.52043389879094e-70,3.79518624082126e-48
0.008,1.25,10000,335,1.71962260427369e-48,6.19592093459408e-71,1.71962260427369e-48
0.008,1.25,10000,336,7.77873894963656e-49,1.51363820743966e-71,7.77873894963656e-49
0.008,1.25,10000,337,3.52035442051017e-49,3.6747174845218e-72,3.52035442051017e-49
0.008,1.25,10000,338,1.61987066136454e-49,8.86566851905452e-73,1.61987066136454e-49
0.008,1.25,10000,339,8.46976497800197e-50,2.12561537299053e-73,8.46976497800197e-50
0.008,1.25,10000,340,7.89957914948718e-50,5.06458115720191e-74,7.89957914948718e-50
0.008,1.25,10000,341,1.76203984043716e-49,1.19919013414008e-74,1.76203984043716e-49
0.008,1.25,10000,342,5.60331259434187e-49,2.8217479510667e-75,5.60331259434187e-49
0.008,1.25,10000,343,1.88917317298207e-48,6.59833026402635e-76,1.88917317298207e-48
0.008,1.25,10000,344,6.39485411560069e-48,1.53332967158274e-76,6.39485411560069e-48
0.008,1.25,10000,345,2.15698326453611e-47,3.54097360757413e-77,2.15698326453611e-47
0.008,1.25,10000,346,7.24221946866482e-47,8.12634954861404e-78,7.24221946866482e-47
0.008,1.25,10000,347,2.42007767301268e-46,1.85333517391592e-78,2.42007767301268e-46
0.008,1.25,10000,348,8.04808016364651e-46,4.20047202428123e-79,8.04808016364651e-46
0.008,1.25,10000,349,2.66341912030961e-45,9.46080049780488e-80,2.66341912030961e-45
0.008,1.25,10000,350,8.77102731191732e-45,2.11759709205293e-80,8.77102731191732e-45
0.008,1.25,10000,351,2.87411764955766e-44,4.71025521198933e-81,2.87411764955766e-44
0.008,1.25,10000,352,9.37089230213221e-44,1.04119291732133e-81,9.37089230213221e-44
0.008,1.25,10000,353,3.03989558015703e-43,2.28719730719916e-82,3.03989558015703e-43
0.008,1.25,10000,354,9.81107227823938e-43,4.99300172840575e-83,9.81107227823938e-43
0.008,1.25,10000,355,3.15016236798694e-42,1.08319204339265e-83,3.15016236798694e-42
0.008,1.25,10000,356,1.00620486494161e-41,2.3352579840172e-84,1.00620486494161e-41
0.008,1.25,10000,357,3.19709133449568e-41,5.00322379502997e-85,3.19709133449568e-41
0.008,1.25,10000,358,1.01045452227705e-40,1.06524781653207e-85,1.01045452227705e-40
0.008,1.25,10000,359,3.17650348094807e-40,2.25391241362564e-86,3.17650348094807e-40
0.008,1.25,10000,360,9.93185270710063e-40,4.73924409641877e-87,9.93185270710063e-40
0.008,1.25,10000,361,3.08842395904947e-39,9.90300001104439e-88,3.08842395904947e-39
0.008,1.25,10000,362,9.55094634995813e-39,2.05641205353187e-88,9.55094634995813e-39
0.008,1.25,10000,363,2.93721473190352e-38,4.24364612837584e-89,2.93721473190352e-38
0.008,1.25,10000,364,8.98217580901685e-38,8.70269657375973e-90,8.98217580901685e-38
0.008,1.25,10000,365,2.73124427321761e-37,1.77359387988905e-90,2.73124427321761e-37
0.008,1.25,10000,366,8.25750933381769e-37,3.59203186547955e-91,8.25750933381769e-37
0.008,1.25,10000,367,2.48212337147202e-36,7.22955955068203e-92,2.48212337147202e-36
0.008,1.25,10000,368,7.41753271474626e-36,1.44600287883567e-92,7.41753271474626e-36
0.008,1.25,10000,369,2.20360264358473e-35,2.87416790389193e-93,2.20360264358473e-35
0.008,1.25,10000,370,6.5075953720664e-35,5.67728599419741e-94,6.5075953720664e-35
0.008,1.25,10000,371,1.91027910817352e-34,1.11443583648771e-94,1.91027910817352e-34
0.008,1.25,10000,372,5.57362287460186e-34,2.17397740119995e-95,5.57362287460186e-34
0.008,1.25,10000,373,1.61628562397641e-33,4.214447429293e-96,1.61628562397641e-33
0.008,1.25,10000,374,4.65815136489952e-33,8.11917525635645e-97,4.65815136489952e-33
0.008,1.25,10000,375,1.33413292246273e-32,1.55442170038338e-97,1.33413292246273e-32
0.008,1.25,10000,376,3.79707851445139e-32,2.95740937094377e-98,3.79707851445139e-32
0.008,1.25,10000,377,1.07384074558203e-31,5.59164637677796e-99,1.07384074558203e-31
0.008,1.25,10000,378,3.01748257501831e-31,1.05063922598768e-99,3.01748257501831e-31
0.008,1.25,10000,379,8.42439926871552e-31,1.96179301489581e-100,8.42439926871552e-31
0.008,1.25,10000,380,2.3366680117978e-30,3.64031039577282e-101,2.3366680117978e-30
0.008,1.25,10000,381,6.43863125285842e-30,6.71288654867048e-102,6.43863125285842e-30
0.008,1.25,10000,382,1.76239433714852e-29,1.23017205851279e-102,1.76239433714852e-29
0.008,1.25,10000,383,4.79181583462969e-29,2.24030975001826e-103,4.79181583462969e-29
0.008,1.25,10000,384,1.29407404644247e-28,4.0544872492528e-104,1.29407404644247e-28
0.008,1.25,10000,385,3.47099989839911e-28,7.29204715559717e-105,3.47099989839911e-28
0.008,1.25,10000,386,9.24615226073674e-28,1.30331279064722e-105,9.24615226073674e-28
0.008,1.25,10000,387,2.44598044031271e-27,2.31490677453315e-106,2.44598044031271e-27
0.008,1.25,10000,388,6.42547145028e-27,4.08605317206005e-107,6.42547145028e-27
0.008,1.25,10000,389,1.67606841308336e-26,7.16737588692402e-108,1.67606841308336e-26
0.008,1.25,10000,390,4.34098151921329e-26,1.24940145737349e-108,4.34098151921329e-26
0.008,1.25,10000,391,1.11626783820252e-25,2.16435997789325e-109,1.11626783820252e-25
0.008,1.25,10000,392,2.84975886447382e-25,3.72599819789838e-110,2.84975886447382e-25
0.008,1.25,10000,393,7.22240976547387e-25,6.37443131463187e-111,7.22240976547387e-25
0.008,1.25,10000,394,1.8170450199855e-24,1.08374201539818e-111,1.8170450199855e-24
0.008,1.25,10000,395,4.53768371729782e-24,1.83103242513498e-112,4.53768371729782e-24
0.008,1.25,10000,396,1.12476901402359e-23,3.07433945716577e-113,1.12476901402359e-23
0.008,1.25,10000,397,2.7671257092431e-23,5.1297152996563e-114,2.7671257092431e-23
0.008,1.25,10000,398,6.75626904261253e-23,8.50590181293569e-115,6.75626904261253e-23
0.008,1.25,10000,399,1.63709476434065e-22,1.40162917081436e-115,1.63709476434065e-22
0.008,1.25,10000,400,3.93646291034682e-22,2.29525820885245e-116,3.93646291034682e-22
0.008,1.25,20000,0,9.51322200964167e-23,2.64685976952703e-32,9.51322200699482e-23
0.008,1.25,20000,1,6.06551115088795e-23,5.09399015916883e-32,6.06551114579396e-23
0.008,1.25,20000,2,3.86050288768078e-23,9.77300452833242e-32,3.86050287790777e-23
0.008,1.25,20000,3,2.4527827161192e-23,1.86913611159236e-31,2.45278269742784e-23
0.008,1.25,20000,4,1.55566112993563e-23,3.56366265522967e-31,1.55566109429901e-23
0.008,1.25,20000,5,9.84948790999731e-24,6.77321830733959e-31,9.84948723267548e-24
0.008,1.25,20000,6,6.22525322274655e-24,1.28332422052891e-30,6.22525193942233e-24
0.008,1.25,20000,7,3.92777946210437e-24,2.42393259074022e-30,3.92777703817177e-24
0.008,1.25,20000,8,2.47392110776497e-24,4.56401974719271e-30,2.47391654374523e-24
0.008,1.25,20000,9,1.55551872063728e-24,8.56677422601171e-30,1.55551015386306e-24
0.008,1.25,20000,10,9.7637632968111e-25,1.60298684278765e-29,9.76360299812682e-25
0.008,1.25,20000,11,6.11806091918653e-25,2.99009800879256e-29,6.11776190938565e-25
0.008,1.25,20000,12,3.82707390888621e-25,5.56011430067066e-29,3.82651789745615e-25
0.008,1.25,20000,13,2.38989232502355e-25,1.03068236453489e-28,2.38886164265901e-25
0.008,1.25,20000,14,1.48987619256702e-25,1.90462201721548e-28,1.48797157054981e-25
0.008,1.25,20000,15,9.27223244519827e-26,3.50861394748031e-28,9.23714630572347e-26
0.008,1.25,20000,16,5.76079805241288e-26,6.44325323146841e-28,5.69636552009819e-26
0.008,1.25,20000,17,3.57311636133415e-26,1.17955350318256e-27,3.45516101101589e-26
0.008,1.25,20000,18,2.2124828721777e-26,2.15264749955804e-27,1.99721812222189e-26
0.008,1.25,20000,19,1.36767671210175e-26,3.9162555471896e-27,9.76051157382793e-27
0.008,1.25,20000,20,8.4403769007635e-27,7.10251168356151e-27,1.33786521720199e-27
0.008,1.25,20000,21,5.20025296348181e-27,1.28409075822243e-26,-7.6406546187425e-27
0.008,1.25,20000,22,3.19888670256598e-27,2.31431416527228e-26,-1.99442549501568e-26
0.008,1.25,20000,23,1.96505251256446e-27,4.15806942798549e-26,-3.96156417672904e-26
0.008,1.25,20000,24,1.20628030835696e-27,7.44738814786766e-26,-7.32676011703196e-26
0.008,1.25,20000,25,7.4168674202853e-28,1.32971654272649e-25,-1.32229967530621e-25
0.008,1.25,20000,26,4.6026308147392e-28,2.36677505862541e-25,-2.36217242781067e-25
0.008,1.25,20000,27,2.95364020307635e-28,4.19950135713599e-25,-4.19654771693292e-25
0.008,1.25,20000,28,2.09831776626463e-28,7.42816081986565e-25,-7.42606250209939e-25
0.008,1.25,20000,29,1.88761305937836e-28,1.30980818228554e-24,-1.30961942097961e-24
0.008,1.25,20000,30,2.39012361128566e-28,2.30237960912546e-24,-2.30214059676433e-24
0.008,1.25,20000,31,3.96834978764533e-28,4.03449323192663e-24,-4.03409639694787e-24
0.008,1.25,20000,32,7.48224907320401e-28,7.04764276088737e-24,-7.04689453598005e-24
0.008,1.25,20000,33,1.47220772622049e-27,1.22727419400623e-23,-1.22712697323361e-23
0.008,1.25,20000,34,2.92757626322275e-27,2.13050301211083e-23,-2.13021025448451e-23
0.008,1.25,20000,35,5.82316305778873e-27,3.68693543569978e-23,-3.686353119394e-23
0.008,1.25,20000,36,1.1548948788131e-26,6.36050710561978e-23,-6.35935221074097e-23
0.008,1.25,20000,37,2.28160265008746e-26,1.09385758225064e-22,-1.09362942198564e-22
0.008,1.25,20000,38,4.48873158400073e-26,1.87530819159778e-22,-1.87485931843938e-22
0.008,1.25,20000,39,8.79332409813111e-26,3.20499495018936e-22,-3.20411561777954e-22
0.008,1.25,20000,40,1.71519949547007e-25,5.46040528359896e-22,-5.45869008410349e-22
0.008,1.25,20000,41,3.33121530049162e-25,9.2739603889589e-22,-9.27062917365841e-22
0.008,1.25,20000,42,6.44190285967672e-25,1.57017632468936e-21,-1.56953213440339e-21
0.008,1.25,20000,43,1.24035722884587e-24,2.65017432743818e-21,-2.64893397020934e-21
0.008,1.25,20000,44,2.37792737766462e-24,4.45905973373513e-21,-4.45668180635746e-21
0.008,1.25,20000,45,4.53907963639528e-24,7.4791969139214e-21,-7.47465783428501e-21
0.008,1.25,20000,46,8.62686017685403e-24,1.25057422868649e-20,-1.2497115426688e-20
0.008,1.25,20000,47,1.63249511178468e-23,2.08452357674684e-20,-2.08289108163506e-20
0.008,1.25,20000,48,3.0758398733109e-23,3.4637535038769e-20,-3.46067766400359e-20
0.008,1.25,20000,49,5.77014707009697e-23,5.73759612339577e-20,-5.73182597632567e-20
0.008,1.25,20000,50,1.07775510683642e-22,9.47448910103246e-20,-9.4637115499641e-20
0.008,1.25,20000,51,2.00429737457649e-22,1.55964032812638e-19,-1.5576360307518e-19
0.008,1.25,20000,52,3.71117981268313e-22,2.5593868953014e-19,-2.55567571548872e-19
0.008,1.25,20000,53,6.84177224648957e-22,4.18687752680039e-19,-4.1800357545539e-19
0.008,1.25,20000,54,1.2558307279355e-21,6.82790393654085e-19,-6.81534562926149e-19
0.008,1.25,20000,55,2.29508444184236e-21,1.11001124154532e-18,-1.10771615710347e-18
0.008,1.25,20000,56,4.17609715628643e-21,1.7989130884928e-18,-1.79473699133651e-18
0.008,1.25,20000,57,7.56565032316031e-21,2.90626904308455e-18,-2.89870339276139e-18
0.008,1.25,20000,58,1.36466219516462e-20,4.68062965614656e-18,-4.66698303419491e-18
0.008,1.25,20000,59,2.45079426138752e-20,7.51476793727436e-18,-7.49025999466049e-18
0.008,1.25,20000,60,4.38218809451235e-20,1.20273430204974e-17,-1.19835211395523e-17
0.008,1.25,20000,61,7.80148721915786e-20,1.91896321844131e-17,-1.91116173122215e-17
0.008,1.25,20000,62,1.382820691441e-19,3.05215393569846e-17,-3.03832572878405e-17
0.008,1.25,20000,63,2.44037386988261e-19,4.83937243338185e-17,-4.81496869468302e-17
0.008,1.25,20000,64,4.28794229175252e-19,7.64917309467885e-17,-7.60629367176133e-17
0.008,1.25,20000,65,7.50142374328609e-19,1.20526559904856e-16,-1.19776417530527e-16
0.008,1.25,20000,66,1.30659469564871e-18,1.89318852298918e-16,-1.88012257603269e-16
0.008,1.25,20000,67,2.26590043659074e-18,2.96447501719028e-16,-2.94181601282437e-16
0.008,1.25,20000,68,3.91240586787789e-18,4.62748006170795e-16,-4.58835600302917e-16
0.008,1.25,20000,69,6.72590334877483e-18,7.20085635254671e-16,-7.13359731905896e-16
0.008,1.25,20000,70,1.15122860042576e-17,1.11703445296887e-15,-1.10552216696461e-15
0.008,1.25,20000,71,1.96190249978607e-17,1.72739563995303e-15,-1.70777661495517e-15
0.008,1.25,20000,72,3.32888609594795e-17,2.66293091462677e-15,-2.62964205366729e-15
0.008,1.25,20000,73,5.62376241035537e-17,4.09233152975458e-15,-4.03609390565102e-15
0.008,1.25,20000,74,9.45937506452257e-17,6.26937935817958e-15,-6.17478560753436e-15
0.008,1.25,20000,75,1.58418684075496e-16,9.57461058062778e-15,-9.41619189655229e-15
0.008,1.25,20000,76,2.64155672134877e-16,1.4576743734471e-14,-1.43125880623361e-14
0.008,1.25,20000,77,4.38555191174809e-16,2.21229352345981e-14,-2.16843800434232e-14
0.008,1.25,20000,78,7.24937598597038e-16,3.34709321051486e-14,-3.27459945065515e-14
0.008,1.25,20000,79,1.19313725518651e-15,5.04819003844554e-14,-4.92887631292689e-14
0.008,1.25,20000,80,1.95521735360069e-15,7.59008105713606e-14,-7.394559321776e-14
0.008,1.25,20000,81,3.19018638887193e-15,1.13762718641002e-13,-1.1057253225213e-13
0.008,1.25,20000,82,5.18268786670921e-15,1.69979418794948e-13,-1.64796730928239e-13
0.008,1.25,20000,83,8.38327502423962e-15,2.53183586472122e-13,-2.44800311447883e-13
0.008,1.25,20000,84,1.35018661963939e-14,3.75939175797821e-13,-3.62437309601427e-13
0.008,1.25,20000,85,2.16519567088986e-14,5.5647089196783e-13,-5.34818935258931e-13
0.008,1.25,20000,86,3.45720936097609e-14,8.21126652594956e-13,-7.86554558985196e-13
0.008,1.25,20000,87,5.49643860581492e-14,1.20787133711212e-12,-1.15290695105397e-12
0.008,1.25,20000,88,8.70094290760905e-14,1.77122621723917e-12,-1.68421678816308e-12
0.008,1.25,20000,89,1.37145837965612e-13,2.5892275418236e-12,-2.45208170385799e-12
0.008,1.25,20000,90,2.15244733086263e-13,3.77319485725804e-12,-3.55795012417177e-12
0.008,1.25,20000,91,3.36370813155055e-13,5.48139474905456e-12,-5.14502393589951e-12
0.008,1.25,20000,92,5.23410344315595e-13,7.93808517889702e-12,-7.41467483458142e-12
0.008,1.25,20000,93,8.10974027680207e-13,1.14599641708289e-11,-1.06489901431487e-11
0.008,1.25,20000,94,1.25116540993703e-12,1.64927696993095e-11,-1.52416042893725e-11
0.008,1.25,20000,95,1.92206562212444e-12,2.36617444280122e-11,-2.17396788058877e-11
0.008,1.25,20000,96,2.9401535766113e-12,3.38409661488024e-11,-3.09008125721911e-11
0.008,1.25,20000,97,4.47839951810866e-12,4.82482513089652e-11,-4.37698517908566e-11
0.008,1.25,20000,98,6.79249645176487e-12,6.85745918430424e-11,-6.17820953912775e-11
0.008,1.25,20000,99,1.02587061614789e-11,9.71600467041449e-11,-8.69013405426661e-11
0.008,1.25,20000,100,1.54281987252121e-11,1.37231884804615e-10,-1.21803686079403e-10
0.008,1.25,20000,101,2.31046961080819e-11,1.93225825426899e-10,-1.70121129318817e-10
0.008,1.25,20000,102,3.44548766155126e-11,2.71217771982196e-10,-2.36762895366684e-10
0.008,1.25,20000,103,5.1164601590625e-11,3.79501892947421e-10,-3.28337291356796e-10
0.008,1.25,20000,104,7.56589079648432e-11,5.2936177607099e-10,-4.53702868106146e-10
0.008,1.25,20000,105,1.11410285086071e-10,7.36095293216698e-10,-6.24685008130627e-10
0.008,1.25,20000,106,1.63368557280993e-10,1.02037152976713e-09,-8.57002972486134e-10
0.008,1.25,20000,107,2.38557411237263e-10,1.41002058820154e-09,-1.17146317696428e-09
0.008,1.25,20000,108,3.46898112574593e-10,1.94238540090228e-09,-1.59548728832769e-09
0.008,1.25,20000,109,5.02341350970982e-10,2.66740024176967e-09,-2.16505889079868e-09
0.008,1.25,20000,110,7.244148181468e-10,3.65160503240512e-09,-2.92719021425832e-09
0.008,1.25,20000,111,1.04032877247453e-09,4.98335971853991e-09,-3.94303094606538e-09
0.008,1.25,20000,112,1.48782659001106e-09,6.77959120471598e-09,-5.29176461470492e-09
0.008,1.25,20000,113,2.11902472314413e-09,9.19448921160373e-09,-7.0754644884596e-09
0.008,1.25,20000,114,3.00555970461602e-09,1.24306699990618e-08,-9.42511029444575e-09
0.008,1.25,20000,115,4.24545258425701e-09,1.67534516524509e-08,-1.25079990681938e-08
0.008,1.25,20000,116,5.97221790065883e-09,2.25090354880134e-08,-1.65368175873545e-08
0.008,1.25,20000,117,8.36689016854284e-09,3.01475694855226e-08,-2.17806793169798e-08
0.008,1.25,20000,118,1.16738219292957e-08,4.02522863446401e-08,-2.85784644153444e-08
0.008,1.25,20000,119,1.62213305592085e-08,5.35761660449843e-08,-3.73548354857759e-08
0.008,1.25,20000,120,2.2448544029612e-08,7.10878762821992e-08,-4.86393322525872e-08
0.008,1.25,20000,121,3.09401272895693e-08,9.4029099719328e-08,-6.30889724297586e-08
0.008,1.25,20000,122,4.24709702885323e-08,1.23985770606234e-07,-8.15148003177014e-08
0.008,1.25,20000,123,5.80633958829109e-08,1.6297622085588e-07,-1.04912824972969e-07
0.008,1.25,20000,124,7.90600113610602e-08,2.1355978264149e-07,-1.3449977128043e-07
0.008,1.25,20000,125,1.07215991486566e-07,2.78970015813871e-07,-1.71754024327305e-07
0.008,1.25,20000,126,1.44815353762975e-07,3.63277427643465e-07,-2.18462073880489e-07
0.008,1.25,20000,127,1.94816676960883e-07,4.71587331665014e-07,-2.76770654704131e-07
0.008,1.25,20000,128,2.61034728870764e-07,6.10279351638782e-07,-3.49244622768017e-07
0.008,1.25,20000,129,3.48365613002561e-07,7.87296012850829e-07,-4.38930399848268e-07
0.008,1.25,20000,130,4.63064316862413e-07,1.01248886951114e-06,-5.49424552648727e-07
0.008,1.25,20000,131,6.13084941568031e-07,1.29803168272456e-06,-6.84946741156533e-07
0.008,1.25,20000,132,8.0849540226132e-07,1.65891127184347e-06,-8.50415869582148e-07
0.008,1.25,20000,133,1.06197999103827e-06,2.11350779003299e-06,-1.05152779899472e-06
0.008,1.25,20000,134,1.38944485887695e-06,2.68427729233278e-06,-1.29483243345583e-06
0.008,1.25,20000,135,1.81074315842066e-06,3.39855053286984e-06,-1.58780737444918e-06
0.008,1.25,20000,136,2.35053824005242e-06,4.28946289955359e-06,-1.93892465950117e-06
0.008,1.25,20000,137,3.03932483897651e-06,5.39703121216211e-06,-2.3577063731856e-06
0.008,1.25,20000,138,3.91462954412022e-06,6.76939370553415e-06,-2.85476416141393e-06
0.008,1.25,20000,139,5.02241289646287e-06,8.4642298155046e-06,-3.44181691904173e-06
0.008,1.25,20000,140,6.41869610323872e-06,1.05503762929343e-05,-4.1316801896956e-06
0.008,1.25,20000,141,8.17143543666306e-06,1.31096555928559e-05,-4.93822015619287e-06
0.008,1.25,20000,142,1.03626667571024e-05,1.62389313153423e-05,-5.87626455823981e-06
0.008,1.25,20000,143,1.30909410936141e-05,2.00524035999189e-05,-6.96146250630482e-06
0.008,1.25,20000,144,1.64740696529915e-05,2.46841546803984e-05,-8.21008502740691e-06
0.008,1.25,20000,145,2.06521928314386e-05,3.02909511761702e-05,-9.63875834473155e-06
0.008,1.25,20000,146,2.57911825932319e-05,3.70553050179832e-05,-1.12641224247513e-05
0.008,1.25,20000,147,3.20863807919546e-05,4.51887890796566e-05,-1.31024082877019e-05
0.008,1.25,20000,148,3.97666674969978e-05,5.49355965264655e-05,-1.51689290294678e-05
0.008,1.25,20000,149,4.90988430382627e-05,6.65763245336339e-05,-1.74774814953711e-05
0.008,1.25,20000,150,6.03922952274346e-05,8.04319533424154e-05,-2.00396581149808e-05
0.008,1.25,20000,151,7.40039090446836e-05,9.68679806132724e-05,-2.28640715685888e-05
0.008,1.25,20000,152,9.03431600564451e-05,0.000116298658759155,-2.59554987027096e-05
0.008,1.25,20000,153,0.000109877315098536,0.000139191269505361,-2.93139544068255e-05
0.008,1.25,20000,154,0.000133136644561268,0.000166070355497138,-3.29337109358708e-05
0.008,1.25,20000,155,0.000160719530297854,0.000197521813602556,-3.68022833047022e-05
0.008,1.25,20000,156,0.000193297332206644,0.000234196738951433,-4.08994067447885e-05
0.008,1.25,20000,157,0.000231618855491549,0.000276814893104039,-4.51960376124903e-05
0.008,1.25,20000,158,0.000276514240180192,0.000326167654527415,-4.96534143472232e-05
0.008,1.25,20000,159,0.000328898075482881,0.000383120295319875,-5.42222198369946e-05
0.008,1.25,20000,160,0.000389771524912666,0.000448613415483378,-5.88418905707129e-05
0.008,1.25,20000,161,0.000460223234741525,0.000523663355676916,-6.34401209353906e-05
0.008,1.25,20000,162,0.000541428789376677,0.000609361402015993,-6.79326126393167e-05
0.008,1.25,20000,163,0.000634648473661181,0.00070687159286529,-7.22231192041088e-05
0.008,1.25,20000,164,0.000741223104971077,0.000817426938459663,-7.62038334885854e-05
0.008,1.25,20000,165,0.000862567708269866,0.000942323870316135,-7.97561620462694e-05
0.008,1.25,20000,166,0.00100016282584822,0.00108291474944576,-8.27519235975353e-05
0.008,1.25,20000,167,0.00115554328101382,0.00124059828093117,-8.5054999917352e-05
0.008,1.25,20000,168,0.00133028425197442,0.00141680770797132,-8.65234559968909e-05
0.008,1.25,20000,169,0.0015259845587775,0.00161299669131699,-8.70121325394892e-05
0.008,1.25,20000,170,0.00174424712231274,0.00183062282024081,-8.63756979280754e-05
0.008,1.25,20000,171,0.00198665661957315,0.00207112874868425,-8.44721291111011e-05
0.008,1.25,20000,172,0.00225475443273999,0.0023359210046242,-8.11665718842094e-05
0.008,1.25,20000,173,0.00255001106993385,0.00262634658134094,-7.6335511407091e-05
0.008,1.25,20000,174,0.00287379632097796,0.00294366748518869,-6.98711642107305e-05
0.008,1.25,20000,175,0.00322734750017572,0.00328903348440611,-6.16859842303866e-05
0.008,1.25,20000,176,0.00361173621747478,0.00366345337589458,-5.17171584198009e-05
0.008,1.25,20000,177,0.00402783420673239,0.00406776515989503,-3.99309531626379e-05
0.008,1.25,20000,178,0.00447627882212833,0.00450260558401921,-2.63267618908778e-05
0.008,1.25,20000,179,0.00495743888796253,0.00496837958584363,-1.09406978811037e-05
0.008,1.25,20000,180,0.00547138164995124,0.00546523022481682,6.15142513442184e-06
0.008,1.25,20000,181,0.00601784162459721,0.00599300974705027,2.4831877546933e-05
0.008,1.25,20000,182,0.00659619217435277,0.00655125246815992,4.49397061928541e-05
0.008,1.25,20000,183,0.00720542064754498,0.00713915018729462,6.62704602503606e-05
0.008,1.25,20000,184,0.00784410791126483,0.00775553085762858,8.85770536362494e-05
0.008,1.25,20000,185,0.00851041307108898,0.00839884123299542,0.000111571838093563
0.008,1.25,20000,186,0.00920206411272841,0.00906713418549037,0.000134929927238049
0.008,1.25,20000,187,0.0099163551173725,0.00975806134373231,0.000158293773640196
0.008,1.25,20000,188,0.0106501505953343,0.0104688716355974,0.000181278959736911
0.008,1.25,20000,189,0.0113998973531698,0.0111964162327786,0.000203481120391187
0.008,1.25,20000,190,0.0121616441601652,0.0119371602883389,0.000224483871826286
0.008,1.25,20000,191,0.012931069314207,0.0126872017340654,0.000243867580141645
0.008,1.25,20000,192,0.0137035160285555,0.0134422972641484,0.000261218764407016
0.008,1.25,20000,193,0.0144740353745853,0.0141978954784483,0.000276139896137076
0.008,1.25,20000,194,0.0152374363262672,0.0149491769959102,0.00028825933035698
0.008,1.25,20000,195,0.0159883422655537,0.0156911011806587,0.000297241084894959
0.008,1.25,20000,196,0.0167212531295506,0.0164184589544398,0.000302794175110793
0.008,1.25,20000,197,0.0174306122160321,0.0171259310042217,0.000304681211810476
0.008,1.25,20000,198,0.018110876518877,0.0178081505378466,0.000302725981030465
0.008,1.25,20000,199,0.0187565893443169,0.0184597695985942,0.000296819745722706
0.008,1.25,20000,200,0.0193624538668047,0.019075527826097,0.000286926040707718
0.008,1.25,20000,201,0.0199234062233482,0.0196503224506039,0.000273083772744303
0.008,1.25,20000,202,0.0204346867198655,0.020179278233942,0.000255408485923442
0.008,1.25,20000,203,0.0208919077340124,0.0206578160267888,0.000234091707223657
0.008,1.25,20000,204,0.0212911169463697,0.0210817186003452,0.00020939834602457
0.008,1.25,20000,205,0.0216288546150543,0.0214471924325213,0.000181662182532946
0.008,1.25,20000,206,0.0219022037258004,0.0217509241846573,0.00015127954114303
0.008,1.25,20000,207,0.0221088319972804,0.0219901306938612,0.000118701303419205
0.008,1.25,20000,208,0.0222470248958832,0.0221626014264757,8.44234694075234e-05
0.008,1.25,20000,209,0.0223157090104386,0.0222667324871662,4.89765232723864e-05
0.008,1.25,20000,210,0.0223144653499,0.0223015514519096,1.29138979903902e-05
0.008,1.25,20000,211,0.0222435323497099,0.0222667324871662,-2.32001374563182e-05
0.008,1.25,20000,212,0.0221037985991258,0.0221626014264757,-5.88028273498416e-05
0.008,1.25,20000,213,0.0218967855257957,0.0219901306938612,-9.33451680655631e-05
0.008,1.25,20000,214,0.0216246204890853,0.0217509241846573,-0.000126303695572011
0.008,1.25,20000,215,0.0212900009342395,0.0214471924325213,-0.000157191498281788
0.008,1.25,20000,216,0.0208961504400898,0.0210817186003452,-0.000185568160255313
0.008,1.25,20000,217,0.0204467676491524,0.0206578160267888,-0.000211048377636348
0.008,1.25,20000,218,0.0199459691968947,0.020179278233942,-0.000233309037047307
0.008,1.25,20000,219,0.0193982278539597,0.0196503224506039,-0.000252094596644197
0.008,1.25,20000,220,0.0188083071595282,0.019075527826097,-0.000267220666568799
0.008,1.25,20000,221,0.0181811938551252,0.0184597695985942,-0.000278575743469088
0.008,1.25,20000,222,0.0175220294264218,0.0178081505378466,-0.000286121111424745
0.008,1.25,20000,223,0.0168360420273136,0.0171259310042217,-0.00028988897690806
0.008,1.25,20000,224,0.0161284799980302,0.0164184589544398,-0.000289978956409594
0.008,1.25,20000,225,0.015404548100271,0.0156911011806587,-0.000286553080387714
0.008,1.25,20000,226,0.0146693474810493,0.0149491769959102,-0.000279829514860906
0.008,1.25,20000,227,0.0139278202472002,0.0141978954784483,-0.00027007523124806
0.008,1.25,20000,228,0.0131846993888538,0.0134422972641484,-0.000257597875294639
0.008,1.25,20000,229,0.0124444646372141,0.0126872017340654,-0.00024273709685124
0.008,1.25,20000,230,0.0117113046843501,0.0119371602883389,-0.000225855603988804
0.008,1.25,20000,231,0.0109890860348699,0.0111964162327786,-0.000207330197908676
0.008,1.25,20000,232,0.0102813286054988,0.0104688716355974,-0.00018754303009857
0.008,1.25,20000,233,0.00959118804250026,0.00975806134373231,-0.000166873301232051
0.008,1.25,20000,234,0.00892144459185169,0.00906713418549037,-0.000145689593638672
0.008,1.25,20000,235,0.00827449823584115,0.00839884123299542,-0.00012434299715427
0.008,1.25,20000,236,0.00765236970439056,0.00775553085762858,-0.00010316115323802
0.008,1.25,20000,237,0.00705670688143535,0.00713915018729462,-8.24433058592734e-05
0.008,1.25,20000,238,0.00648879605695186,0.00655125246815992,-6.24564112080587e-05
0.008,1.25,20000,239,0.00594957742399318,0.00599300974705027,-4.34323230570936e-05
0.008,1.25,20000,240,0.0054396641870826,0.00546523022481682,-2.55660377342214e-05
0.008,1.25,20000,241,0.0049593646327353,0.00496837958584363,-9.01495310833174e-06
0.008,1.25,20000,242,0.00450870651352874,0.00450260558401921,6.10092950953725e-06
0.008,1.25,20000,243,0.00408746311246188,0.00406776515989503,1.96979525668526e-05
0.008,1.25,20000,244,0.00369518038251736,0.00366345337589458,3.17270066227818e-05
0.008,1.25,20000,245,0.00333120459536659,0.00328903348440611,4.21711109604818e-05
0.008,1.25,20000,246,0.00299470998093594,0.00294366748518869,5.10424957472508e-05
0.008,1.25,20000,247,0.00268472589395717,0.00262634658134094,5.83793126162232e-05
0.008,1.25,20000,248,0.00240016310257431,0.0023359210046242,6.42420979501059e-05
0.008,1.25,20000,249,0.0021398388555925,0.00207112874868425,6.87101069082514e-05
0.008,1.25,20000,250,0.00190250044720325,0.00183062282024081,7.1877626962442e-05
0.008,1.25,20000,251,0.00168684705936715,0.00161299669131699,7.38503680501605e-05
0.008,1.25,20000,252,0.00149154972105694,0.00141680770797132,7.47420130856288e-05
0.008,1.25,20000,253,0.00131526927907614,0.00124059828093117,7.46709981449658e-05
0.008,1.25,20000,254,0.00115667232622423,0.00108291474944576,7.37575767784727e-05
0.008,1.25,20000,255,0.00101444507847617,0.000942323870316135,7.21212081600304e-05
0.008,1.25,20000,256,0.00088730523310471,0.000817426938459663,6.98782946450469e-05
0.008,1.25,20000,257,0.000774011874042765,0.00070687159286529,6.71402811774758e-05
0.008,1.25,20000,258,0.000673373519191955,0.000609361402015993,6.40121171759622e-05
0.008,1.25,20000,259,0.000584254426940458,0.000523663355676916,6.05910712635421e-05
0.008,1.25,20000,260,0.000505579296106042,0.000448613415483378,5.69658806226637e-05
0.008,1.25,20000,261,0.000436336505235137,0.000383120295319875,5.32162099152615e-05
0.008,1.25,20000,262,0.000375580044120619,0.000326167654527415,4.94123895932035e-05
0.008,1.25,20000,263,0.000322430293067549,0.000276814893104039,4.56153999635099e-05
0.008,1.25,20000,264,0.000276073804393615,0.000234196738951433,4.18770654421828e-05
0.008,1.25,20000,265,0.000235762236472569,0.000197521813602556,3.82404228700125e-05
0.008,1.25,20000,266,0.000200810583884567,0.000166070355497138,3.47402283874284e-05
0.008,1.25,20000,267,0.00017059483847825,0.000139191269505361,3.14035689728885e-05
0.008,1.25,20000,268,0.00014454920589498,0.000116298658759155,2.82505471358251e-05
0.008,1.25,20000,269,0.00012216299083298,9.68679806132724e-05,2.52950102197074e-05
0.008,1.25,20000,270,0.000102977252466339,8.04319533424154e-05,2.25452991239237e-05
0.008,1.25,20000,271,8.65813193554064e-05,6.65763245336339e-05,2.00049948217725e-05
0.008,1.25,20000,272,7.26092412100262e-05,5.49355965264655e-05,1.76736446835607e-05
0.008,1.25,20000,273,6.07362432587999e-05,4.51887890796566e-05,1.55474541791434e-05
0.008,1.25,20000,274,5.0675237945907e-05,3.70553050179832e-05,1.36199329279238e-05
0.008,1.25,20000,275,4.21734383811839e-05,3.02909511761702e-05,1.18824872050137e-05
0.008,1.25,20000,276,3.50091085220141e-05,2.46841546803984e-05,1.03249538416157e-05
0.008,1.25,20000,277,2.89884765384749e-05,2.00524035999189e-05,8.93607293855603e-06
0.008,1.25,20000,278,2.39428302412824e-05,1.62389313153423e-05,7.70389892594018e-06
0.008,1.25,20000,279,1.97258068398136e-05,1.31096555928559e-05,6.61615124695763e-06
0.008,1.25,20000,280,1.62108836239871e-05,1.05503762929343e-05,5.66050733105274e-06
0.008,1.25,20000,281,1.32890713880883e-05,8.4642298155046e-06,4.82484157258366e-06
0.008,1.25,20000,282,1.08668084804947e-05,6.76939370553415e-06,4.09741477496056e-06
0.008,1.25,20000,283,8.86405020365254e-06,5.39703121216211e-06,3.46701899149043e-06
0.008,1.25,20000,284,7.21254582958404e-06,4.28946289955359e-06,2.92308293003046e-06
0.008,1.25,20000,285,5.85429366013172e-06,3.39855053286984e-06,2.45574312726187e-06
0.008,1.25,20000,286,4.74016326980367e-06,2.68427729233278e-06,2.05588597747089e-06
0.008,1.25,20000,287,3.82867324578242e-06,2.11350779003299e-06,1.71516545574943e-06
0.008,1.25,20000,288,3.08491231107059e-06,1.65891127184347e-06,1.42600103922712e-06
0.008,1.25,20000,289,2.47959161426351e-06,1.29803168272456e-06,1.18155993153895e-06
0.008,1.25,20000,290,1.98821613009047e-06,1.01248886951114e-06,9.75727260579333e-07
0.008,1.25,20000,291,1.59036348190196e-06,7.87296012850829e-07,8.03067469051134e-07
0.008,1.25,20000,292,1.26905902043877e-06,6.10279351638782e-07,6.58779668799985e-07
0.008,1.25,20000,293,1.01023662875006e-06,4.71587331665014e-07,5.38649297085043e-07
0.008,1.25,20000,294,8.02275433624305e-07,3.63277427643465e-07,4.38998005980841e-07
0.008,1.25,20000,295,6.35603357965824e-07,2.78970015813871e-07,3.56633342151952e-07
0.008,1.25,20000,296,5.02359220384805e-07,2.1355978264149e-07,2.88799437743315e-07
0.008,1.25,20000,297,3.9610585714489e-07,1.6297622085588e-07,2.3312963628901e-07
0.008,1.25,20000,298,3.11587491345887e-07,1.23985770606234e-07,1.87601720739653e-07
0.008,1.25,20000,299,2.44525292609351e-07,9.4029099719328e-08,1.50496192890023e-07
0.008,1.25,20000,300,1.91445748815096e-07,7.10878762821992e-08,1.20357872532897e-07
0.008,1.25,20000,301,1.49537103747052e-07,5.35761660449843e-08,9.59609377020674e-08
0.008,1.25,20000,302,1.16529697399812e-07,4.02522863446401e-08,7.6277411055172e-08
0.008,1.25,20000,303,9.05965776863068e-08,3.01475694855226e-08,6.04490082007842e-08
0.008,1.25,20000,304,7.02712334409526e-08,2.25090354880134e-08,4.77621979529392e-08
0.008,1.25,20000,305,5.43797301979334e-08,1.67534516524509e-08,3.76262785454825e-08
0.008,1.25,20000,306,4.1984914396004e-08,1.24306699990618e-08,2.95542443969423e-08
0.008,1.25,20000,307,3.23406912004536e-08,9.19448921160373e-09,2.31462019888498e-08
0.008,1.25,20000,308,2.48546792276474e-08,6.77959120471598e-09,1.80750880229315e-08
0.008,1.25,20000,309,1.90578055240641e-08,4.98335971853991e-09,1.40744458055242e-08
0.008,1.25,20000,310,1.45796296915678e-08,3.65160503240512e-09,1.09280246591627e-08
0.008,1.25,20000,311,1.11283805398271e-08,2.66740024176967e-09,8.46098029805746e-09
0.008,1.25,20000,312,8.47485545226789e-09,1.94238540090228e-09,6.53247005136561e-09
0.008,1.25,20000,313,6.43947497147442e-09,1.41002058820154e-09,5.02945438327288e-09
0.008,1.25,20000,314,4.88190593137863e-09,1.02037152976713e-09,3.86153440161151e-09
0.008,1.25,20000,315,3.69276854003503e-09,7.36095293216698e-10,2.95667324681833e-09
0.008,1.25,20000,316,2.78702865459801e-09,5.2936177607099e-10,2.25766687852702e-09
0.008,1.25,20000,317,2.0987483465694e-09,3.79501892947421e-10,1.71924645362198e-09
0.008,1.25,20000,318,1.57692774393619e-09,2.71217771982196e-10,1.30570997195399e-09
0.008,1.25,20000,319,1.18222083777102e-09,1.93225825426899e-10,9.88995012344123e-10
0.008,1.25,20000,320,8.8434901572726e-10,1.37231884804615e-10,7.47117130922645e-10
0.008,1.25,20000,321,6.6006989303139e-10,9.71600467041449e-11,5.62909846327245e-10
0.008,1.25,20000,322,4.91586728301456e-10,6.85745918430424e-11,4.23012136458413e-10
0.008,1.25,20000,323,3.65306346192993e-10,4.82482513089652e-11,3.17058094884028e-10
0.008,1.25,20000,324,2.70871903095466e-10,3.38409661488024e-11,2.37030936946663e-10
0.008,1.25,20000,325,2.00411757011734e-10,2.36617444280122e-11,1.76750012583722e-10
0.008,1.25,20000,326,1.47957755319287e-10,1.64927696993095e-11,1.31464985619978e-10
0.008,1.25,20000,327,1.08995952178334e-10,1.14599641708289e-11,9.75359880075053e-11
0.008,1.25,20000,328,8.01205433326054e-11,7.93808517889702e-12,7.21824581537084e-11
0.008,1.25,20000,329,5.87680192389652e-11,5.48139474905456e-12,5.32866244899107e-11
0.008,1.25,20000,330,4.30134849773714e-11,3.77319485725804e-12,3.92402901201134e-11
0.008,1.25,20000,331,3.14150217969865e-11,2.5892275418236e-12,2.88257942551629e-11
0.008,1.25,20000,332,2.2895070852992e-11,1.77122621723917e-12,2.11238446357528e-11
0.008,1.25,20000,333,1.66502681887472e-11,1.20787133711212e-12,1.5442396851635e-11
0.008,1.25,20000,334,1.20830841568798e-11,8.21126652594956e-13,1.12619575042849e-11
0.008,1.25,20000,335,8.75012772659967e-12,5.5647089196783e-13,8.19365683463184e-12
0.008,1.25,20000,336,6.32315309930772e-12,3.75939175797821e-13,5.9472139235099e-12
0.008,1.25,20000,337,4.55972226518031e-12,2.53183586472122e-13,4.30653867870819e-12
0.008,1.25,20000,338,3.28118816118079e-12,1.69979418794948e-13,3.11120874238584e-12
0.008,1.25,20000,339,2.35621320913459e-12,1.13762718641002e-13,2.24245049049359e-12
0.008,1.25,20000,340,1.68846235649105e-12,7.59008105713606e-14,1.61256154591969e-12
0.008,1.25,20000,341,1.20743609464273e-12,5.04819003844554e-14,1.15695419425828e-12
0.008,1.25,20000,342,8.61659180186654e-13,3.34709321051486e-14,8.28188248081506e-13
0.008,1.25,20000,343,6.136321202005e-13,2.21229352345981e-14,5.91509184965902e-13
0.008,1.25,20000,344,4.36098351258749e-13,1.4576743734471e-14,4.21521607524278e-13
0.008,1.25,20000,345,3.0929092998477e-13,9.57461058062778e-15,2.99716319404143e-13
0.008,1.25,20000,346,2.18906610352918e-13,6.26937935817958e-15,2.12637230994738e-13
0.008,1.25,20000,347,1.54618722880648e-13,4.09233152975458e-15,1.50526391350894e-13
0.008,1.25,20000,348,1.08988167764312e-13,2.66293091462677e-15,1.06325236849685e-13
0.008,1.25,20000,349,7.66678395156068e-14,1.72739563995303e-15,7.49404438756537e-14
0.008,1.25,20000,350,5.38227930136889e-14,1.11703445296887e-15,5.270575856072e-14
0.008,1.25,20000,351,3.77086414415891e-14,7.20085635254671e-16,3.69885558063344e-14
0.008,1.25,20000,352,2.63657237546036e-14,4.62748006170795e-16,2.59029757484328e-14
0.008,1.25,20000,353,1.83977689658468e-14,2.96447501719028e-16,1.81013214641277e-14
0.008,1.25,20000,354,1.28120835153038e-14,1.89318852298918e-16,1.26227646630049e-14
0.008,1.25,20000,355,8.90442688104893e-15,1.20526559904856e-16,8.78390032114408e-15
0.008,1.25,20000,356,6.17626977730051e-15,7.64917309467885e-17,6.09977804635372e-15
0.008,1.25,20000,357,4.27546219247081e-15,4.83937243338185e-17,4.22706846813699e-15
0.008,1.25,20000,358,2.95378480901641e-15,3.05215393569846e-17,2.92326326965943e-15
0.008,1.25,20000,359,2.03664828617564e-15,1.91896321844131e-17,2.01745865399122e-15
0.008,1.25,20000,360,1.40151271417569e-15,1.20273430204974e-17,1.38948537115519e-15
0.008,1.25,20000,361,9.62552177721927e-16,7.51476793727436e-18,9.55037409784652e-16
0.008,1.25,20000,362,6.59781529621137e-16,4.68062965614656e-18,6.55100899964991e-16
0.008,1.25,20000,363,4.51364137180391e-16,2.90626904308455e-18,4.48457868137306e-16
0.008,1.25,20000,364,3.08182056589774e-16,1.7989130884928e-18,3.06383143501281e-16
0.008,1.25,20000,365,2.10011666584074e-16,1.11001124154532e-18,2.08901655342529e-16
0.008,1.25,20000,366,1.42835982343292e-16,6.82790393654085e-19,1.42153191949638e-16
0.008,1.25,20000,367,9.69599341843934e-17,4.18687752680039e-19,9.65412464317133e-17
0.008,1.25,20000,368,6.56915968138636e-17,2.5593868953014e-19,6.54356581243335e-17
0.008,1.25,20000,369,4.44214238658184e-17,1.55964032812638e-19,4.42654598330058e-17
0.008,1.25,20000,370,2.99807574170509e-17,9.47448910103246e-20,2.98860125260406e-17
0.008,1.25,20000,371,2.01958670844732e-17,5.73759612339577e-20,2.01384911232393e-17
0.008,1.25,20000,372,1.35785840413867e-17,3.4637535038769e-20,1.35439465063479e-17
0.008,1.25,20000,373,9.11214941287551e-18,2.08452357674684e-20,9.09130417710804e-18
0.008,1.25,20000,374,6.10328747805499e-18,1.25057422868649e-20,6.09078173576813e-18
0.008,1.25,20000,375,4.08024026824449e-18,7.4791969139214e-21,4.07276107133057e-18
0.008,1.25,20000,376,2.72263125346192e-18,4.45905973373513e-21,2.71817219372818e-18
0.008,1.25,20000,377,1.81332371369649e-18,2.65017432743818e-21,1.81067353936905e-18
0.008,1.25,20000,378,1.20544534801196e-18,1.57017632468936e-21,1.20387517168727e-18
0.008,1.25,20000,379,7.99848269969193e-19,9.2739603889589e-22,7.98920873930297e-19
0.008,1.25,20000,380,5.29733961438223e-19,5.46040528359896e-22,5.29187920909863e-19
0.008,1.25,20000,381,3.50187273075213e-19,3.20499495018936e-22,3.49866773580194e-19
0.008,1.25,20000,382,2.31066740640717e-19,1.87530819159778e-22,2.30879209821557e-19
0.008,1.25,20000,383,1.52184790374081e-19,1.09385758225064e-22,1.52075404615856e-19
0.008,1.25,20000,384,1.00046978970504e-19,6.36050710561978e-23,9.99833738994476e-20
0.008,1.25,20000,385,6.5650464004973e-20,3.68693543569978e-23,6.5613594650616e-20
0.008,1.25,20000,386,4.30006359857514e-20,2.13050301211083e-23,4.29793309556302e-20
0.008,1.25,20000,387,2.81136590136409e-20,1.22727419400623e-23,2.81013862717008e-20
0.008,1.25,20000,388,1.83471000907857e-20,7.04764276088737e-24,1.83400524480248e-20
0.008,1.25,20000,389,1.19516313631464e-20,4.03449323192663e-24,1.19475968699145e-20
0.008,1.25,20000,390,7.77139135693985e-21,2.30237960912546e-24,7.76908897733072e-21
0.008,1.25,20000,391,5.0441073788097e-21,1.30980818228554e-24,5.04279757062742e-21
0.008,1.25,20000,392,3.26802921952673e-21,7.42816081986565e-25,3.26728640344474e-21
0.008,1.25,20000,393,2.11351680839155e-21,4.19950135713599e-25,2.11309685825584e-21
0.008,1.25,20000,394,1.36441266744642e-21,2.36677505862541e-25,1.36417598994056e-21
0.008,1.25,20000,395,8.79241395070711e-22,1.32971654272649e-25,8.79108423416439e-22
0.008,1.25,20000,396,5.65581159948777e-22,7.44738814786766e-26,5.65506686067298e-22
0.008,1.25,20000,397,3.63168551271648e-22,4.15806942798549e-26,3.63126970577368e-22
0.008,1.25,20000,398,2.3278236914435e-22,2.31431416527228e-26,2.32759226002698e-22
0.008,1.25,20000,399,1.48943836422655e-22,1.28409075822243e-26,1.48930995515073e-22
0.008,1.25,20000,400,9.51322200964167e-23,7.10251168356151e-27,9.51251175847332e-23
0.008,1.25,25000,0,5.59898087078846e-12,3.99941387850341e-39,5.59898087078846e-12
0.008,1.25,25000,1,4.16284705957906e-12,7.65147025837255e-39,4.16284705957906e-12
0.008,1.25,25000,2,3.08966270715756e-12,1.46018439693407e-38,3.08966270715756e-12
0.008,1.25,25000,3,2.2891414895753e-12,2.77961582863581e-38,2.2891414895753e-12
0.008,1.25,25000,4,1.693077950839e-12,5.27808175122644e-38,1.693077950839e-12
0.008,1.25,25000,5,1.25004548655155e-12,9.99727671109273e-38,1.25004548655155e-12
0.008,1.25,25000,6,9.21342303583877e-13,1.88886786057456e-37,9.21342303583877e-13
0.008,1.25,25000,7,6.77897954638958e-13,3.55988283932716e-37,6.77897954638958e-13
0.008,1.25,25000,8,4.97917655031683e-13,6.69243399627144e-37,4.97917655031683e-13
0.008,1.25,25000,9,3.65092059962774e-13,1.25500874542673e-36,3.65092059962774e-13
0.008,1.25,25000,10,2.67239514340669e-13,2.34759767898757e-36,2.67239514340669e-13
0.008,1.25,25000,11,1.95278369494541e-13,4.38041093615321e-36,1.95278369494541e-13
0.008,1.25,25000,12,1.42450683734667e-13,8.15305367419834e-36,1.42450683734667e-13
0.008,1.25,25000,13,1.03736982797713e-13,1.51370070121646e-35,1.03736982797713e-13
0.008,1.25,25000,14,7.54159318569603e-14,2.80332846315196e-35,7.54159318569603e-14
0.008,1.25,25000,15,5.47336913446352e-14,5.17871754810418e-35,5.47336913446352e-14
0.008,1.25,25000,16,3.96561227635358e-14,9.54299567318395e-35,3.96561227635358e-14
0.008,1.25,25000,17,2.86834480587605e-14,1.7541288554828e-34,2.86834480587605e-14
0.008,1.25,25000,18,2.07118920254214e-14,3.21627016731787e-34,2.07118920254214e-14
0.008,1.25,25000,19,1.49305981973578e-14,5.882444195455e-34,1.49305981973578e-14
0.008,1.25,25000,20,1.07449738793309e-14,1.07319186783153e-33,1.07449738793309e-14
0.008,1.25,25000,21,7.71979802431454e-15,1.95304025203833e-33,7.71979802431454e-15
0.008,1.25,25000,22,5.53707773361872e-15,3.54535133421403e-33,5.53707773361872e-15
0.008,1.25,25000,23,3.96488957956343e-15,6.41980190973797e-33,3.96488957956343e-15
0.008,1.25,25000,24,2.83438633967919e-15,1.15957338862806e-32,2.83438633967919e-15
0.008,1.25,25000,25,2.02286146749813e-15,2.08924377227132e-32,2.02286146749813e-15
0.008,1.25,25000,26,1.44129888638179e-15,3.75486438624826e-32,1.44129888638179e-15
0.008,1.25,25000,27,1.02523738851556e-15,6.73152805434973e-32,1.02523738851556e-15
0.008,1.25,25000,28,7.28079749012729e-16,1.20378056591965e-31,7.28079749012729e-16
0.008,1.25,25000,29,5.1620148432048e-16,2.14731253396798e-31,5.16201484320479e-16
0.008,1.25,25000,30,3.6538185154972e-16,3.8208277057936e-31,3.6538185154972e-16
0.008,1.25,25000,31,2.58204472116258e-16,6.78162721966567e-31,2.58204472116257e-16
0.008,1.25,25000,32,1.82167645589327e-16,1.20067270000427e-30,1.82167645589326e-16
0.008,1.25,25000,33,1.28313117180744e-16,2.1204577454936e-30,1.28313117180741e-16
0.008,1.25,25000,34,9.0232878640938e-17,3.73550113794176e-30,9.02328786409343e-17
0.008,1.25,25000,35,6.33510959309937e-17,6.56420880307701e-30,6.33510959309871e-17
0.008,1.25,25000,36,4.44058947447926e-17,1.15061535442407e-29,4.44058947447811e-17
0.008,1.25,25000,37,3.10760560592942e-17,2.01183429414035e-29,3.10760560592741e-17
0.008,1.25,25000,38,2.17125856548435e-17,3.50887997133065e-29,2.17125856548084e-17
0.008,1.25,25000,39,1.51460422695626e-17,6.10462627863833e-29,1.51460422695015e-17
0.008,1.25,25000,40,1.05484911755218e-17,1.05940962675468e-28,1.05484911754159e-17
0.008,1.25,25000,41,7.33477279780084e-18,1.83393108551758e-28,7.33477279761745e-18
0.008,1.25,25000,42,5.0920153848899e-18,3.1667689109153e-28,5.09201538457322e-18
0.008,1.25,25000,43,3.52940129115979e-18,5.45461367852241e-28,3.52940129061433e-18
0.008,1.25,25000,44,2.44243059424885e-18,9.37186201170905e-28,2.44243059331166e-18
0.008,1.25,25000,45,1.68754297571769e-18,1.60620893581072e-27,1.68754297411148e-18
0.008,1.25,25000,46,1.16412717275087e-18,2.74594891590891e-27,1.16412717000492e-18
0.008,1.25,25000,47,8.01789817491933e-19,4.68270860414244e-27,8.01789812809225e-19
0.008,1.25,25000,48,5.51361854472089e-19,7.96555566350483e-27,5.51361846506533e-19
0.008,1.25,25000,49,3.78556324287689e-19,1.35160342661922e-26,3.78556310771655e-19
0.008,1.25,25000,50,2.59503631355351e-19,2.2876877952604e-26,2.59503608478473e-19
0.008,1.25,25000,51,1.77613939022642e-19,3.86241104325642e-26,1.77613900398531e-19
0.008,1.25,25000,52,1.21376007832185e-19,6.50480809961961e-26,1.21375942784104e-19
0.008,1.25,25000,53,8.28156409533838e-20,1.09275990400004e-25,8.28155316773934e-20
0.008,1.25,25000,54,5.64179256871614e-20,1.8311725842777e-25,5.64177425699029e-20
0.008,1.25,25000,55,3.83750185376572e-20,3.06089243262356e-25,3.83747124484139e-20
0.008,1.25,25000,56,2.6062034907471e-20,5.10365279715301e-25,2.60615245421913e-20
0.008,1.25,25000,57,1.76724916272626e-20,8.48845086720963e-25,1.76716427821759e-20
0.008,1.25,25000,58,1.19651591698789e-20,1.40828327213811e-24,1.19637508866068e-20
0.008,1.25,25000,59,8.08857287456432e-21,2.33058993169319e-24,8.08624228463263e-21
0.008,1.25,25000,60,5.45958397013202e-21,3.84729931335321e-24,5.45573667081866e-21
0.008,1.25,25000,61,3.67945031989157e-21,6.33520026091121e-24,3.67311511963065e-21
0.008,1.25,25000,62,2.47596029371321e-21,1.04058841010141e-23,2.46555440961219e-21
0.008,1.25,25000,63,1.66357943884178e-21,1.70495093314003e-23,1.64652992951038e-21
0.008,1.25,25000,64,1.11605324034549e-21,2.78650001136037e-23,1.08818824023189e-21
0.008,1.25,25000,65,7.47604146913689e-22,4.54276715598833e-23,7.02176475353805e-22
0.008,1.25,25000,66,5.00048433783133e-22,7.38747746352127e-23,4.26173659147921e-22
0.008,1.25,25000,67,3.33984032312616e-22,1.19835674492754e-22,2.14148357819862e-22
0.008,1.25,25000,68,2.22773485283445e-22,1.93905596587348e-22,2.88678886960966e-23
0.008,1.25,25000,69,1.48443329444369e-22,3.12974408463007e-22,-1.64531079018638e-22
0.008,1.25,25000,70,9.88961265791363e-23,5.03896769715e-22,-4.05000643135864e-22
0.008,1.25,25000,71,6.6021615276537e-23,8.09260951081463e-22,-7.43239335804926e-22
0.008,1.25,25000,72,4.44253481918942e-23,1.29643235055019e-21,-1.2520070023583e-21
0.008,1.25,25000,73,3.05852466299153e-23,2.07169299734801e-21,-2.0411077507181e-21
0.008,1.25,25000,74,2.23119989413713e-23,3.30228993036968e-21,-3.27997793142831e-21
0.008,1.25,25000,75,1.84379815164038e-23,5.25072491498518e-21,-5.23228693346878e-21
0.008,1.25,25000,76,1.86992692349913e-23,8.32794016189958e-21,-8.30924089266459e-21
0.008,1.25,25000,77,2.38135634195515e-23,1.31755935693714e-20,-1.31517800059519e-20
0.008,1.25,25000,78,3.58014748937235e-23,2.07929948955757e-20,-2.07571934206819e-20
0.008,1.25,25000,79,5.86599902965258e-23,3.27324239951094e-20,-3.26737640048129e-20
0.008,1.25,25000,80,9.95904432801827e-23,5.13988678583446e-20,-5.12992774150644e-20
0.008,1.25,25000,81,1.71132813854931e-22,8.05087718940794e-20,-8.03376390802245e-20
0.008,1.25,25000,82,2.94801977464592e-22,1.25790288847571e-19,-1.25495486870107e-19
0.008,1.25,25000,83,5.07221517291051e-22,1.96049297628206e-19,-1.95542076110915e-19
0.008,1.25,25000,84,8.70407125730043e-22,3.04787906478123e-19,-3.03917499352393e-19
0.008,1.25,25000,85,1.48892648237733e-21,4.72655194095143e-19,-4.71166267612765e-19
0.008,1.25,25000,86,2.53841695367346e-21,7.31148178750324e-19,-7.2860976179665e-19
0.008,1.25,25000,87,4.31279589875032e-21,1.12818581276032e-18,-1.12387301686157e-18
0.008,1.25,25000,88,7.30212169690301e-21,1.7364813742831e-18,-1.7291792525862e-18
0.008,1.25,25000,89,1.23205258690183e-20,2.6660843679117e-18,-2.65376384204269e-18
0.008,1.25,25000,90,2.07156344266583e-20,4.08311781583477e-18,-4.06240218140812e-18
0.008,1.25,25000,91,3.47101114842751e-20,6.23769589835372e-18,-6.20298578686945e-18
0.008,1.25,25000,92,5.79566116740793e-20,9.50540768953982e-18,-9.44745107786574e-18
0.008,1.25,25000,93,9.64361384920829e-20,1.44487927901495e-17,-1.43523566516574e-17
0.008,1.25,25000,94,1.59906907714345e-19,2.19081971775468e-17,-2.17482902698324e-17
0.008,1.25,25000,95,2.64232379039962e-19,3.31356872798438e-17,-3.28714549008038e-17
0.008,1.25,25000,96,4.35108033837061e-19,4.99918937424859e-17,-4.95567857086488e-17
0.008,1.25,25000,97,7.14005129826969e-19,7.52345725854099e-17,-7.45205674555829e-17
0.008,1.25,25000,98,1.16761501947345e-18,1.12940470157715e-16,-1.11772855138242e-16
0.008,1.25,25000,99,1.90279987734347e-18,1.69120396588934e-16,-1.6721759671159e-16
0.008,1.25,25000,100,3.09017225426718e-18,2.52613554176845e-16,-2.49523381922577e-16
0.008,1.25,25000,101,5.00114523281201e-18,3.76384364451549e-16,-3.71383219218737e-16
0.008,1.25,25000,102,8.06593206441081e-18,5.59397810717593e-16,-5.51331878653182e-16
0.008,1.25,25000,103,1.29640029101957e-17,8.29323963531155e-16,-8.16359960620959e-16
0.008,1.25,25000,104,2.07646367139683e-17,1.22642764284821e-15,-1.20566300613424e-15
0.008,1.25,25000,105,3.31444977113183e-17,1.80914722555626e-15,-1.77600272784494e-15
0.008,1.25,25000,106,5.27231927056193e-17,2.66207418612648e-15,-2.60935099342086e-15
0.008,1.25,25000,107,8.35788560086024e-17,3.90733512588501e-15,-3.82375626987641e-15
0.008,1.25,25000,108,1.32037395294709e-16,5.72078245090068e-15,-5.58874505560598e-15
0.008,1.25,25000,109,2.07876147985151e-16,8.35496178519188e-15,-8.14708563720673e-15
0.008,1.25,25000,110,3.2615269914839e-16,1.2171602665145e-14,-1.18454499659967e-14
0.008,1.25,25000,111,5.09973197839676e-16,1.76874542380495e-14,-1.71774810402098e-14
0.008,1.25,25000,112,7.94667178029456e-16,2.56387681839834e-14,-2.48441010059539e-14
0.008,1.25,25000,113,1.23405999732445e-15,3.70717634985217e-14,-3.58377035011972e-14
0.008,1.25,25000,114,1.90986165622727e-15,5.34691893577082e-14,-5.15593277014809e-14
0.008,1.25,25000,115,2.9456678615419e-15,7.69268975280637e-14,-7.39812296665218e-14
0.008,1.25,25000,116,4.52776111430502e-15,1.10399498156857e-13,-1.05871737042552e-13
0.008,1.25,25000,117,6.93589899678993e-15,1.58041173073453e-13,-1.51105274076663e-13
0.008,1.25,25000,118,1.05887144897076e-14,2.25677183860276e-13,-2.15088469370568e-13
0.008,1.25,25000,119,1.61104128547484e-14,3.21454364537682e-13,-3.05343951682934e-13
0.008,1.25,25000,120,2.44283884953562e-14,4.5673602041823e-13,-4.32307631922874e-13
0.008,1.25,25000,121,3.69155614038214e-14,6.47329596915959e-13,-6.10414035512137e-13
0.008,1.25,25000,122,5.55971429449348e-14,9.15166108507789e-13,-8.59568965562854e-13
0.008,1.25,25000,123,8.34498704003078e-14,1.29059107249933e-12,-1.20714120209902e-12
0.008,1.25,25000,124,1.24833441078613e-13,1.81548075089589e-12,-1.69064730981728e-12
0.008,1.25,25000,125,1.86110218824429e-13,2.54746897942184e-12,-2.36135876059741e-12
0.008,1.25,25000,126,2.76532033726127e-13,3.56566406199804e-12,-3.28913202827191e-12
0.008,1.25,25000,127,4.09504429148824e-13,4.97835895274852e-12,-4.5688545235997e-12
0.008,1.25,25000,128,6.04382239456198e-13,6.93339997082656e-12,-6.32901773137036e-12
0.008,1.25,25000,129,8.89010218774021e-13,9.63209073967953e-12,-8.74308052090551e-12
0.008,1.25,25000,130,1.30330434958934e-12,1.33477830738143e-11,-1.20444787242249e-11
0.008,1.25,25000,131,1.90428110781791e-12,1.84506630806228e-11,-1.65463819728049e-11
0.008,1.25,25000,132,2.77309350078241e-12,2.54407014082253e-11,-2.26676079074429e-11
0.008,1.25,25000,133,4.02483750374899e-12,3.4991329742899e-11,-3.096649223915e-11
0.008,1.25,25000,134,5.82216813992642e-12,4.80071668515617e-11,-4.21849987116352e-11
0.008,1.25,25000,135,8.39413376429478e-12,6.57000909077942e-11,-5.73059571434994e-11
0.008,1.25,25000,136,1.20621298349956e-11,8.96891953982043e-11,-7.76270655632087e-11
0.008,1.25,25000,137,1.72755279652936e-11,1.22131741340353e-10,-1.04856213375059e-10
0.008,1.25,25000,138,2.46604016625416e-11,1.65894212177365e-10,-1.41233810514823e-10
0.008,1.25,25000,139,3.50859099259645e-11,2.24775091550662e-10,-1.89689181624698e-10
0.008,1.25,25000,140,4.97543939666457e-11,3.03794142491164e-10,-2.54039748524519e-10
0.008,1.25,25000,141,7.03231921364993e-11,4.09566920173959e-10,-3.39243728037459e-10
0.008,1.25,25000,142,9.90687112670362e-11,5.50788181234115e-10,-4.51719469967079e-10
0.008,1.25,25000,143,1.39106568586205e-10,7.38853979324003e-10,-5.99747410737798e-10
0.008,1.25,25000,144,1.94685835663434e-10,9.88659820312234e-10,-7.939739846488e-10
0.008,1.25,25000,145,2.7158081983362e-10,1.31962160178529e-09,-1.04804078195167e-09
0.008,1.25,25000,146,3.77610710911064e-10,1.75697754741022e-09,-1.37936683649915e-09
0.008,1.25,25000,147,5.23326170215071e-10,2.33344339879713e-09,-1.81011722858206e-09
0.008,1.25,25000,148,7.22912992303584e-10,3.09131025008292e-09,-2.36839725777934e-09
0.008,1.25,25000,149,9.95376866804168e-10,4.08509518927161e-09,-3.08971832246744e-09
0.008,1.25,25000,150,1.36609065452158e-09,5.38488002127164e-09,-4.01878936675006e-09
0.008,1.25,25000,151,1.86880723716358e-09,7.08050356508059e-09,-5.21169632791701e-09
0.008,1.25,25000,152,2.54826781100961e-09,9.28680922277647e-09,-6.73854141176686e-09
0.008,1.25,25000,153,3.46356853481173e-09,1.21501927054027e-08,-8.68662417059092e-09
0.008,1.25,25000,154,4.69248894663803e-09,1.58567460835799e-08,-1.11642571369418e-08
0.008,1.25,25000,155,6.33703495657939e-09,2.064235494315e-08,-1.43053199865706e-08
0.008,1.25,25000,156,8.53050912686551e-09,2.68051767234881e-08,-1.82746675966226e-08
0.008,1.25,25000,157,1.14464932039044e-08,3.47210117692768e-08,-2.32745185653724e-08
0.008,1.25,25000,158,1.53102145202647e-08,4.48621758119166e-08,-2.95519612916519e-08
0.008,1.25,25000,159,2.04128712051228e-08,5.78205951789891e-08,-3.74077239738663e-08
0.008,1.25,25000,160,2.71296135987093e-08,7.43359757367149e-08,-4.72063621380056e-08
0.008,1.25,25000,161,3.59420235093732e-08,9.53300451561405e-08,-5.93880216467673e-08
0.008,1.25,25000,162,4.74661017730427e-08,1.21948037294668e-07,-7.44819355216251e-08
0.008,1.25,25000,163,6.24869708531605e-08,1.55608778957447e-07,-9.31218081042864e-08
0.008,1.25,25000,164,8.20017258444148e-08,1.98064954551604e-07,-1.16063228707189e-07
0.008,1.25,25000,165,1.07272127015587e-07,2.51475364429622e-07,-1.44203237414035e-07
0.008,1.25,25000,166,1.3988912252723e-07,3.18491258943355e-07,-1.78602136416125e-07
0.008,1.25,25000,167,1.81851523393249e-07,4.02359122824615e-07,-2.20507599431367e-07
0.008,1.25,25000,168,2.35661525757506e-07,5.07042603274337e-07,-2.71381077516831e-07
0.008,1.25,25000,169,3.04440188967593e-07,6.37366619091672e-07,-3.32926430124079e-07
0.008,1.25,25000,170,3.92066431530624e-07,7.99187055345274e-07,-4.07120623814649e-07
0.008,1.25,25000,171,5.03343599259032e-07,9.99589835346141e-07,-4.96246236087109e-07
0.008,1.25,25000,172,6.44198187503456e-07,1.24712356450268e-06,-6.02925376999223e-07
0.008,1.25,25000,173,8.21915857031493e-07,1.55207035289251e-06,-7.30154495861018e-07
0.008,1.25,25000,174,1.04542046313625e-06,1.92675983710436e-06,-8.81339373968106e-07
0.008,1.25,25000,175,1.32560240943571e-06,2.38593182706025e-06,-1.06032941762454e-06
0.008,1.25,25000,176,1.67570322785595e-06,2.94715338782699e-06,-1.27145015997104e-06
0.008,1.25,25000,177,2.1117638572313e-06,3.63129651511262e-06,-1.51953265788133e-06
0.008,1.25,25000,178,2.65314462368167e-06,4.46308285885665e-06,-1.80993823517498e-06
0.008,1.25,25000,179,3.32312539118715e-06,5.47170217199003e-06,-2.14857678080288e-06
0.008,1.25,25000,180,4.14959472100982e-06,6.69151128824427e-06,-2.54191656723444e-06
0.008,1.25,25000,181,5.1658371198961e-06,8.16282043831211e-06,-2.99698331841601e-06
0.008,1.25,25000,182,6.41142753114904e-06,9.93277356963863e-06,-3.52134603848958e-06
0.008,1.25,25000,183,7.93324208753471e-06,1.20563290112997e-05,-4.12308692376496e-06
0.008,1.25,25000,184,9.78659375493899e-06,1.4597346289573e-05,-4.81075253463402e-06
0.008,1.25,25000,185,1.20365008023422e-05,1.76297841183723e-05,-5.59328331603002e-06
0.008,1.25,25000,186,1.47590949869133e-05,2.12390135275376e-05,-6.47991854062432e-06
0.008,1.25,25000,187,1.80431748923071e-05,2.55232487172093e-05,-7.48007382490213e-06
0.008,1.25,25000,188,2.19919079542232e-05,3.05950965056886e-05,-8.60318855146539e-06
0.008,1.25,25000,189,2.67246823036809e-05,3.65832231415155e-05,-9.85854083783461e-06
0.008,1.25,25000,190,3.23791066143572e-05,4.3634134752288e-05,-1.12550281379308e-05
0.008,1.25,25000,191,3.91131526225414e-05,5.19140647830706e-05,-1.28009121605291e-05
0.008,1.25,25000,192,4.71074308741778e-05,6.16109584236509e-05,-1.45035275494732e-05
0.008,1.25,25000,193,5.65675855338301e-05,7.29365402333373e-05,-1.63689546995072e-05
0.008,1.25,25000,194,6.77267887723889e-05,8.6128446952684e-05,-1.84016581802951e-05
0.008,1.25,25000,195,8.08483093604306e-05,0.000101452402864988,-2.06040935045577e-05
0.008,1.25,25000,196,9.62281236810893e-05,0.000119204410073242,-2.29762863921528e-05
0.008,1.25,25000,197,0.000114197530513573,0.000139712920743972,-2.55153902303993e-05
0.008,1.25,25000,198,0.000135125723726652,0.000163340952809996,-2.82152290833445e-05
0.008,1.25,25000,199,0.000159422269589592,0.00019048810491109,-3.1065835321498e-05
0.008,1.25,25000,200,0.000187539427914868,0.0002215924205969,-3.40529926820321e-05
0.008,1.25,25000,201,0.000219974248880587,0.000257132046152697,-3.71577972721099e-05
0.008,1.25,25000,202,0.000257270370357698,0.000297626620988793,-4.03562506310949e-05
0.008,1.25,25000,203,0.000300019434130522,0.000343638334530699,-4.36189004001762e-05
0.008,1.25,25000,204,0.000348862033814665,0.000395772579148998,-4.69105453343329e-05
0.008,1.25,25000,205,0.000404488102827585,0.000454678125079553,-5.01900222519672e-05
0.008,1.25,25000,206,0.000467636647749092,0.00052104674072113,-5.34100929720382e-05
0.008,1.25,25000,207,0.000539094731121187,0.000595612180380259,-5.65174492590719e-05
0.008,1.25,25000,208,0.00061969560847316,0.000679148461684281,-5.94528532111208e-05
0.008,1.25,25000,209,0.000710315927398038,0.000772467356719758,-6.21514293217202e-05
0.008,1.25,25000,210,0.000811871902103677,0.000876415024678427,-6.45431225747497e-05
0.008,1.25,25000,211,0.00092531438523158,0.000991867719589766,-6.65533343581861e-05
0.008,1.25,25000,212,0.00105162277004481,0.00111972651474214,-6.81037446973332e-05
0.008,1.25,25000,213,0.00119179767043783,0.00126091099575972,-6.91133253218849e-05
0.008,1.25,25000,214,0.00134685234364656,0.00141635188708006,-6.94995434334974e-05
0.008,1.25,25000,215,0.00151780284098566,0.00158698259178337,-6.91797507977106e-05
0.008,1.25,25000,216,0.00170565689526719,0.00177372964231157,-6.80727470443781e-05
0.008,1.25,25000,217,0.00191140157951864,0.00197750207946851,-6.6100499949874e-05
0.008,1.25,25000,218,0.00213598979987302,0.00219917979902136,-6.31899991483395e-05
0.008,1.25,25000,219,0.0023803257156,0.00243960092895914,-5.92752133591373e-05
0.008,1.25,25000,220,0.00264524921063298,0.0026995483256594,-5.42991150264227e-05
0.008,1.25,25000,221,0.00293151957297545,0.0029797353034408,-4.82157304653569e-05
0.008,1.25,25000,222,0.00323979857030649,0.00328079073873383,-4.09921684273356e-05
0.008,1.25,25000,223,0.00357063314114281,0.0036032437168109,-3.26105756680863e-05
0.008,1.25,25000,224,0.00392443795019055,0.00394750791504471,-2.30699648541555e-05
0.008,1.25,25000,225,0.00430147808313745,0.00431386594132558,-1.23878581881299e-05
0.008,1.25,25000,226,0.00470185217918531,0.00470245386884435,-6.01689659032387e-07
0.008,1.25,25000,227,0.00512547631821268,0.0051132462281989,1.22300900137753e-05
0.008,1.25,25000,228,0.00557206899273908,0.00554604173397278,2.60272587662988e-05
0.008,1.25,25000,229,0.006041137502059,0.00600045003484928,4.06874672097208e-05
0.008,1.25,25000,230,0.00653196610635424,0.00647587978329459,5.60863230596488e-05
0.008,1.25,25000,231,0.00704360627173329,0.00697152832226801,7.20779494652784e-05
0.008,1.25,25000,232,0.00757486932260155,0.00748637328178724,8.84960408143098e-05
0.008,1.25,25000,233,0.0081243217953296,0.00801916636709598,0.000105155428233623
0.008,1.25,25000,234,0.00869028375685,0.00856842960239037,0.000121854154459637
0.008,1.25,25000,235,0.00927083031378141,0.0091324542694511,0.000138376044330318
0.008,1.25,25000,236,0.00986379649237437,0.00970930274916065,0.000154493743213718
0.008,1.25,25000,237,0.0104667856176398,0.0102968134359987,0.000169972181641111
0.008,1.25,25000,238,0.011077181262317,0.0108926088516275,0.000184572410689513
0.008,1.25,25000,239,0.011692162773923,0.0114941070342116,0.000198055739711381
0.008,1.25,25000,240,0.0123087243222393,0.0120985362259572,0.000210188096282087
0.008,1.25,25000,241,0.0129236973416267,0.0127029528234594,0.000220744518167238
0.008,1.25,25000,242,0.0135337761740363,0.0133042624949377,0.000229513679098523
0.008,1.25,25000,243,0.0141355466510896,0.0138992443065498,0.000236302344539812
0.008,1.25,25000,244,0.0147255172887858,0.0144845776380741,0.000240939650711702
0.008,1.25,25000,245,0.0153001527078706,0.0150568716077402,0.000243281100130376
0.008,1.25,25000,246,0.0158559088382649,0.0156126966683381,0.000243212169926834
0.008,1.25,25000,247,0.0163892694186651,0.0161486179833957,0.000240651435269371
0.008,1.25,25000,248,0.0168967832638274,0.01666123014459,0.000235553119237467
0.008,1.25,25000,249,0.017375101743284,0.0171471927509692,0.000227908992314761
0.008,1.25,25000,250,0.0178210158972171,0.017603266338215,0.000217749559002115
0.008,1.25,25000,251,0.0182314926086147,0.0180263481230824,0.00020514448553233
0.008,1.25,25000,252,0.0186037092560206,0.0184135070151662,0.000190202240854389
0.008,1.25,25000,253,0.0189350862882639,0.0187620173458469,0.000173068942417011
0.008,1.25,25000,254,0.0192233171912991,0.0190693907730262,0.000153926418272908
0.008,1.25,25000,255,0.0194663953571773,0.0193334058401425,0.000132989517034832
0.008,1.25,25000,256,0.0196626374154199,0.0195521346987728,0.00011050271664708
0.008,1.25,25000,257,0.0198107026465834,0.0197239665453944,8.67361011889604e-05
0.008,1.25,25000,258,0.0199096081652944,0.0198476273738506,6.19807914438372e-05
0.008,1.25,25000,259,0.0199587396339718,0.0199221957047382,3.65439292336206e-05
0.008,1.25,25000,260,0.0199578573471636,0.0199471140200716,1.07433270919166e-05
0.008,1.25,25000,261,0.0199070976081198,0.0199221957047382,-1.50980966183746e-05
0.008,1.25,25000,262,0.0198069694020419,0.0198476273738506,-4.06579718086886e-05
0.008,1.25,25000,263,0.0196583464525197,0.0197239665453944,-6.56200928747692e-05
0.008,1.25,25000,264,0.0194624548271693,0.0195521346987728,-8.9679871603493e-05
0.008,1.25,25000,265,0.0192208563336585,0.0193334058401425,-0.000112549506483959
0.008,1.25,25000,266,0.0189354280165565,0.0190693907730262,-0.000133962756469673
0.008,1.25,25000,267,0.0186083381273304,0.0187620173458469,-0.000153679218516535
0.008,1.25,25000,268,0.0182420189931042,0.0184135070151662,-0.000171488022061995
0.008,1.25,25000,269,0.0178391372535255,0.0180263481230824,-0.000187210869556892
0.008,1.25,25000,270,0.0174025619685084,0.017603266338215,-0.000200704369706543
0.008,1.25,25000,271,0.0169353311223028,0.0171471927509692,-0.000211861628666401
0.008,1.25,25000,272,0.0164406170610896,0.01666123014459,-0.000220613083500396
0.008,1.25,25000,273,0.0159216914022205,0.0161486179833957,-0.000226926581175221
0.008,1.25,25000,274,0.0153818899436625,0.0156126966683381,-0.000230806724675608
0.008,1.25,25000,275,0.0148245780827658,0.0150568716077402,-0.000232293524974442
0.008,1.25,25000,276,0.0142531172249619,0.0144845776380741,-0.000231460413112254
0.008,1.25,25000,277,0.0136708326264087,0.0138992443065498,-0.000228411680141165
0.008,1.25,25000,278,0.0130809830710817,0.0133042624949377,-0.000223279423856027
0.008,1.25,25000,279,0.0124867327336194,0.0127029528234594,-0.000216220089840099
0.008,1.25,25000,280,0.0118911255257035,0.0120985362259572,-0.000207410700253676
0.008,1.25,25000,281,0.0112970621672612,0.0114941070342116,-0.000197044866950465
0.008,1.25,25000,282,0.0107072801656774,0.0108926088516275,-0.000185328685950109
0.008,1.25,25000,283,0.0101243368278404,0.0102968134359987,-0.000172476608158327
0.008,1.25,25000,284,0.00955059537246483,0.00970930274916065,-0.000158707376695821
0.008,1.25,25000,285,0.00898821415490406,0.0091324542694511,-0.000144240114547034
0.008,1.25,25000,286,0.00843913896462423,0.00856842960239037,-0.000129290637766136
0.008,1.25,25000,287,0.00790509830754883,0.00801916636709598,-0.00011406805954715
0.008,1.25,25000,288,0.0073876015423499,0.00748637328178724,-9.87717394373448e-05
0.008,1.25,25000,289,0.00688793970202633,0.00697152832226801,-8.35886202416878e-05
0.008,1.25,25000,290,0.00640718880018735,0.00647587978329459,-6.86909831072325e-05
0.008,1.25,25000,291,0.00594621539559424,0.00600045003484928,-5.42346392550441e-05
0.008,1.25,25000,292,0.0055056841687894,0.00554604173397278,-4.03575651833771e-05
0.008,1.25,25000,293,0.00508606725099867,0.0051132462281989,-2.71789772002262e-05
0.008,1.25,25000,294,0.00468765503773009,0.00470245386884435,-1.47988311142598e-05
0.008,1.25,25000,295,0.00431056821729223,0.00431386594132558,-3.29772403334563e-06
0.008,1.25,25000,296,0.00395477074740003,0.00394750791504471,7.26283235532796e-06
0.008,1.25,25000,297,0.00362008352062103,0.0036032437168109,1.68398038101324e-05
0.008,1.25,25000,298,0.00330619847108082,0.00328079073873383,2.54077323469902e-05
0.008,1.25,25000,299,0.00301269288998369,0.0029797353034408,3.29575865428903e-05
0.008,1.25,25000,300,0.00273904373548507,0.0026995483256594,3.949540982567e-05
0.008,1.25,25000,301,0.00248464174264198,0.00243960092895914,4.50408136828469e-05
0.008,1.25,25000,302,0.00224880516094146,0.00219917979902136,4.96253619200995e-05
0.008,1.25,25000,303,0.00203079296966717,0.00197750207946851,5.32908901986597e-05
0.008,1.25,25000,304,0.00182981744455056,0.00177372964231157,5.60878022389903e-05
0.008,1.25,25000,305,0.00164505597225101,0.00158698259178337,5.80733804676384e-05
0.008,1.25,25000,306,0.00147566203176309,0.00141635188708006,5.93101446830294e-05
0.008,1.25,25000,307,0.00132077528346122,0.00126091099575972,5.98642877015004e-05
0.008,1.25,25000,308,0.00117953072682926,0.00111972651474214,5.9804212087113e-05
0.008,1.25,25000,309,0.00105106690671849,0.000991867719589766,5.91991871287236e-05
0.008,1.25,25000,310,0.000934533165027676,0.000876415024678427,5.81181403492489e-05
0.008,1.25,25000,311,0.000829095949862439,0.000772467356719758,5.66285931426805e-05
0.008,1.25,25000,312,0.000733944207425167,0.000679148461684281,5.47957457408861e-05
0.008,1.25,25000,313,0.000648293893080513,0.000595612180380259,5.26817127002538e-05
0.008,1.25,25000,314,0.000571391647253645,0.00052104674072113,5.03449065325155e-05
0.008,1.25,25000,315,0.000502517689107613,0.000454678125079553,4.78395640280604e-05
0.008,1.25,25000,316,0.000440987986406705,0.000395772579148998,4.52154072577068e-05
0.008,1.25,25000,317,0.000386155763726402,0.000343638334530699,4.25174291957037e-05
0.008,1.25,25000,318,0.000337412413361781,0.000297626620988793,3.97857923729878e-05
0.008,1.25,25000,319,0.000294187874073794,0.000257132046152697,3.70558279210968e-05
0.008,1.25,25000,320,0.000255950542365912,0.0002215924205969,3.43581217690116e-05
0.008,1.25,25000,321,0.00022220677947506,0.00019048810491109,3.17186745639696e-05
0.008,1.25,25000,322,0.000192500074863292,0.000163340952809996,2.91591220532961e-05
0.008,1.25,25000,323,0.00016640992387852,0.000139712920743972,2.66970031345473e-05
0.008,1.25,25000,324,0.000143550473573992,0.000119204410073242,2.434606350075e-05
0.008,1.25,25000,325,0.000123568986587129,0.000101452402864988,2.21165837221411e-05
0.008,1.25,25000,326,0.000106144168615871,8.6128446952684e-05,2.00157216631872e-05
0.008,1.25,25000,327,9.09844005183106e-05,7.29365402333373e-05,1.80478602849733e-05
0.008,1.25,25000,328,7.78259115074617e-05,6.16109584236509e-05,1.62149530838107e-05
0.008,1.25,25000,329,6.64309254109166e-05,5.19140647830706e-05,1.4516860627846e-05
0.008,1.25,25000,330,5.65858075931109e-05,4.3634134752288e-05,1.29516728408229e-05
0.008,1.25,25000,331,4.80992359595745e-05,3.65832231415155e-05,1.1516012818059e-05
0.008,1.25,25000,332,4.08004155277005e-05,3.05950965056886e-05,1.02053190220119e-05
0.008,1.25,25000,333,3.45373523941196e-05,2.55232487172093e-05,9.01410367691029e-06
0.008,1.25,25000,334,2.91751995800116e-05,2.12390135275376e-05,7.936186052474e-06
0.008,1.25,25000,335,2.45946842073932e-05,1.76297841183723e-05,6.96490008902092e-06
0.008,1.25,25000,336,2.06906227573671e-05,1.4597346289573e-05,6.09327646779406e-06
0.008,1.25,25000,337,1.73705287834689e-05,1.20563290112997e-05,5.31419977216926e-06
0.008,1.25,25000,338,1.45533153911706e-05,9.93277356963863e-06,4.62054182153198e-06
0.008,1.25,25000,339,1.21680930346811e-05,8.16282043831211e-06,4.005272596369e-06
0.008,1.25,25000,340,1.01530617068171e-05,6.69151128824427e-06,3.46155041857281e-06
0.008,1.25,25000,341,8.45449538636727e-06,5.47170217199003e-06,2.98279321437724e-06
0.008,1.25,25000,342,7.0258156375737e-06,4.46308285885665e-06,2.56273277871706e-06
0.008,1.25,25000,343,5.82675050450208e-06,3.63129651511262e-06,2.19545398938946e-06
0.008,1.25,25000,344,4.82257428521404e-06,2.94715338782699e-06,1.87542089738705e-06
0.008,1.25,25000,345,3.98342338304333e-06,2.38593182706025e-06,1.59749155598308e-06
0.008,1.25,25000,346,3.28368319189875e-06,1.92675983710436e-06,1.35692335479439e-06
0.008,1.25,25000,347,2.70144085746531e-06,1.55207035289251e-06,1.1493705045728e-06
0.008,1.25,25000,348,2.21799874594604e-06,1.24712356450268e-06,9.70875181443364e-07
0.008,1.25,25000,349,1.81744352767917e-06,9.99589835346141e-07,8.17853692333032e-07
0.008,1.25,25000,350,1.4862659274127e-06,7.99187055345274e-07,6.8707887206743e-07
0.008,1.25,25000,351,1.2130263908427e-06,6.37366619091672e-07,5.75659771751028e-07
0.008,1.25,25000,352,9.88062154647437e-07,5.07042603274337e-07,4.810195513731e-07
0.008,1.25,25000,353,8.03231472858395e-07,4.02359122824615e-07,4.00872350033779e-07
0.008,1.25,25000,354,6.51691035871599e-07,3.18491258943355e-07,3.33199776928244e-07
0.008,1.25,25000,355,5.2770291117362e-07,2.51475364429622e-07,2.76227546743998e-07
0.008,1.25,25000,356,4.26467629859134e-07,1.98064954551604e-07,2.2840267530753e-07
0.008,1.25,25000,357,3.43980334510301e-07,1.55608778957447e-07,1.88371555552854e-07
0.008,1.25,25000,358,2.76907187450865e-07,1.21948037294668e-07,1.54959150156197e-07
0.008,1.25,25000,359,2.22479510299128e-07,9.53300451561405e-08,1.27149465142987e-07
0.008,1.25,25000,360,1.78403383567591e-07,7.43359757367149e-08,1.04067407830876e-07
0.008,1.25,25000,361,1.42782677030877e-07,5.78205951789891e-08,8.49620818518876e-08
0.008,1.25,25000,362,1.14053706616512e-07,4.48621758119166e-08,6.91915308045953e-08
0.008,1.25,25000,363,9.0929921131437e-08,3.47210117692768e-08,5.62089093621603e-08
0.008,1.25,25000,364,7.23552121410592e-08,2.68051767234881e-08,4.55500354175711e-08
0.008,1.25,25000,365,5.74646130489177e-08,2.064235494315e-08,3.68222581057677e-08
0.008,1.25,25000,366,4.55513094451185e-08,1.58567460835799e-08,2.96945633615386e-08
0.008,1.25,25000,367,3.60390228706559e-08,1.21501927054027e-08,2.38888301652533e-08
0.008,1.25,25000,368,2.84589552005642e-08,9.28680922277647e-09,1.91721459777877e-08
0.008,1.25,25000,369,2.2430591896056e-08,7.08050356508059e-09,1.53500883309754e-08
0.008,1.25,25000,370,1.76457604829861e-08,5.38488002127164e-09,1.22608804617144e-08
0.008,1.25,25000,371,1.3855426869289e-08,4.08509518927161e-09,9.77033168001737e-09
0.008,1.25,25000,372,1.08587875977173e-08,3.09131025008292e-09,7.76747734763435e-09
0.008,1.25,25000,373,8.49428189339847e-09,2.33344339879713e-09,6.16083849460133e-09
0.008,1.25,25000,374,6.63220441459949e-09,1.75697754741022e-09,4.87522686718927e-09
0.008,1.25,25000,375,5.16864889956269e-09,1.31962160178529e-09,3.8490272977774e-09
0.008,1.25,25000,376,4.02055530858089e-09,9.88659820312234e-10,3.03189548826865e-09
0.008,1.25,25000,377,3.12166940682408e-09,7.38853979324003e-10,2.38281542750008e-09
0.008,1.25,25000,378,2.41925476825835e-09,5.50788181234115e-10,1.86846658702423e-09
0.008,1.25,25000,379,1.87142358320589e-09,4.09566920173959e-10,1.46185666303193e-09
0.008,1.25,25000,380,1.44497503281069e-09,3.03794142491164e-10,1.14118089031952e-09
0.008,1.25,25000,381,1.11364889915739e-09,2.24775091550662e-10,8.88873807606725e-10
0.008,1.25,25000,382,8.56717995139397e-10,1.65894212177365e-10,6.90823782962032e-10
0.008,1.25,25000,383,6.5785635154633e-10,1.22131741340353e-10,5.35724610205978e-10
0.008,1.25,25000,384,5.04231265985761e-10,8.96891953982043e-11,4.14542070587557e-10
0.008,1.25,25000,385,3.85776627129129e-10,6.57000909077942e-11,3.20076536221335e-10
0.008,1.25,25000,386,2.94612663159122e-10,4.80071668515617e-11,2.4660549630756e-10
0.008,1.25,25000,387,2.24583671274259e-10,3.4991329742899e-11,1.8959234153136e-10
0.008,1.25,25000,388,1.70890577314089e-10,2.54407014082253e-11,1.45449875905864e-10
0.008,1.25,25000,389,1.29799532205039e-10,1.84506630806228e-11,1.11348869124417e-10
0.008,1.25,25000,390,9.84113294602077e-11,1.33477830738143e-11,8.50635463863934e-11
0.008,1.25,25000,391,7.44793565251048e-11,9.63209073967953e-12,6.48472657854252e-11
0.008,1.25,25000,392,5.62661832126901e-11,6.93339997082656e-12,4.93327832418636e-11
0.008,1.25,25000,393,4.24308361835992e-11,4.97835895274852e-12,3.74524772308507e-11
0.008,1.25,25000,394,3.19403877344615e-11,3.56566406199804e-12,2.83747236724635e-11
0.008,1.25,25000,395,2.40007655344185e-11,2.54746897942184e-12,2.14532965549966e-11
0.008,1.25,25000,396,1.80027219288054e-11,1.81548075089589e-12,1.61872411779095e-11
0.008,1.25,25000,397,1.34797322662341e-11,1.29059107249933e-12,1.21891411937347e-11
0.008,1.25,25000,398,1.00752588314722e-11,9.15166108507789e-13,9.16009272296441e-12
0.008,1.25,25000,399,7.51735123512809e-12,6.47329596915959e-13,6.87002163821213e-12
0.008,1.25,25000,400,5.59898087078846e-12,4.5673602041823e-13,5.14224485037023e-12
0.01,1,10000,0,6.44961939410775e-17,2.05582901131573e-15,-1.99133281737465e-15
0.01,1,10000,1,1.20673175611006e-16,3.55437478443806e-15,-3.43370160882706e-15
0.01,1,10000,2,2.24499210373456e-16,6.11459892597934e-15,-5.89009971560588e-15
0.01,1,10000,3,4.15277664135046e-16,1.04664947445577e-14,-1.00512170804227e-14
0.01,1,10000,4,7.6379082777107e-16,1.78263763593815e-14,-1.70625855316105e-14
0.01,1,10000,5,1.39673823963239e-15,3.02101867900169e-14,-2.88134485503845e-14
0.01,1,10000,6,2.53952864943091e-15,5.09415643344014e-14,-4.84020356849705e-14
0.01,1,10000,7,4.59072939033657e-15,8.54711744730544e-14,-8.08804450827179e-14
0.01,1,10000,8,8.25075927066005e-15,1.42690675423217e-13,-1.34439916152556e-13
0.01,1,10000,9,1.47429074950655e-14,2.37028213518553e-13,-2.22285306023488e-13
0.01,1,10000,10,2.61904474111729e-14,3.91771663275433e-13,-3.6558121586426e-13
0.01,1,10000,11,4.62558852435457e-14,6.44309485639594e-13,-5.98053600396049e-13
0.01,1,10000,12,8.12174464392166e-14,1.05434940549645e-12,-9.73131959057235e-13
0.01,1,10000,13,1.41769914185418e-13,1.71673443074675e-12,-1.57496451656133e-12
0.01,1,10000,14,2.46017272945538e-13,2.78131517245272e-12,-2.53529789950718e-12
0.01,1,10000,15,4.24412805239033e-13,4.48358925858533e-12,-4.0591764533463e-12
0.01,1,10000,16,7.2785941457541e-13,7.1916735070127e-12,-6.46381409243729e-12
0.01,1,10000,17,1.24090256711039e-12,1.14779051893992e-11,-1.02370026222888e-11
0.01,1,10000,18,2.10307249489413e-12,1.82273625059549e-11,-1.61242900110608e-11
0.01,1,10000,19,3.54317525127315e-12,2.88013971883593e-11,-2.52582219370861e-11
0.01,1,10000,20,5.93401344679131e-12,4.52826473977172e-11,-3.93486339509259e-11
0.01,1,10000,21,9.87910993720068e-12,7.08400061301557e-11,-6.0960896192955e-11
0.01,1,10000,22,1.63492048756117e-11,1.10269117367086e-10,-9.39199124914739e-11
0.01,1,10000,23,2.6895605997929e-11,1.70788149981785e-10,-1.43892543983856e-10
0.01,1,10000,24,4.39813441214692e-11,2.63202553052039e-10,-2.1922120893057e-10
0.01,1,10000,25,7.14915882161805e-11,4.03599842987685e-10,-3.32108254771505e-10
0.01,1,10000,26,1.15514825834588e-10,6.15801024667086e-10,-5.00286198832498e-10
0.01,1,10000,27,1.85529994166551e-10,9.34885348130708e-10,-7.49355353964156e-10
0.01,1,10000,28,2.961976961861e-10,1.41222803014292e-09,-1.11603033395682e-09
0.01,1,10000,29,4.70043575384898e-10,2.1226570310422e-09,-1.6526134556573e-09
0.01,1,10000,30,7.41449299728638e-10,3.17455866796664e-09,-2.433109368238e-09
0.01,1,10000,31,1.1625454003095e-09,4.72406009973672e-09,-3.56151469942722e-09
0.01,1,10000,32,1.81184890528494e-09,6.99481122393749e-09,-5.18296231865255e-09
0.01,1,10000,33,2.80683143790332e-09,1.03054060881223e-08,-7.498574650219e-09
0.01,1,10000,34,4.32207130741104e-09,1.51071572330562e-08,-1.07850859256451e-08
0.01,1,10000,35,6.61527563365698e-09,2.20358047807951e-08,-1.54205291471381e-08
0.01,1,10000,36,1.00643051890259e-08,3.19818521133502e-08,-2.19175469243243e-08
0.01,1,10000,37,1.52194563709184e-08,4.61856258305332e-08,-3.09661694596148e-08
0.01,1,10000,38,2.28767253158761e-08,6.63649211179146e-08,-4.34881958020385e-08
0.01,1,10000,39,3.41796862013585e-08,9.48852835606196e-08,-6.07055973592611e-08
0.01,1,10000,40,5.07600608926144e-08,1.3498566943462e-07,-8.42256085420051e-08
0.01,1,10000,41,7.49301552217718e-08,1.91075496669301e-07,-1.1614534144753e-07
0.01,1,10000,42,1.09944214298148e-07,2.69123025917017e-07,-1.59178811618869e-07
0.01,1,10000,43,1.60350538000041e-07,3.77159668050407e-07,-2.16809130050366e-07
0.01,1,10000,44,2.32462030562667e-07,5.25930261089507e-07,-2.93468230526841e-07
0.01,1,10000,45,3.3497985679597e-07,7.29725634589542e-07,-3.94745777793573e-07
0.01,1,10000,46,4.79813139129225e-07,1.00744088833089e-06,-5.27627749201665e-07
0.01,1,10000,47,6.83147208436157e-07,1.38391071313774e-06,-7.00763504701582e-07
0.01,1,10000,48,9.66823805199162e-07,1.89158166991355e-06,-9.24757864714387e-07
0.01,1,10000,49,1.36010870967967e-06,2.57259043206331e-06,-1.21248172238364e-06
0.01,1,10000,50,1.90193532794886e-06,3.4813262986687e-06,-1.57939097071983e-06
0.01,1,10000,51,2.64372638130634e-06,4.6875653919673e-06,-2.04383901066096e-06
0.01,1,10000,52,3.65290944862263e-06,6.28027231301823e-06,-2.6273628643956e-06
0.01,1,10000,53,5.01725487074922e-06,8.37217193670763e-06,-3.35491706595841e-06
0.01,1,10000,54,6.85017535694492e-06,1.11051986051417e-05,-4.25502324819675e-06
0.01,1,10000,55,9.29713416558865e-06,1.46569311773448e-05,-5.35979701175616e-06
0.01,1,10000,56,1.25433113065095e-05,1.92481189963786e-05,-6.70480768986911e-06
0.01,1,10000,57,1.68226728971297e-05,2.51513944788949e-05,-8.3287215817652e-06
0.01,1,10000,58,2.24285754340599e-05,3.2701251243082e-05,-1.02726758090221e-05
0.01,1,10000,59,2.97260119929385e-05,4.23053409419851e-05,-1.25793289490466e-05
0.01,1,10000,60,3.91655688740967e-05,5.44571057588177e-05,-1.5291536884721e-05
0.01,1,10000,61,5.12991067099392e-05,6.97497154752718e-05,-1.84506087653326e-05
0.01,1,10000,62,6.67971075842323e-05,8.88912170219437e-05,-2.20941094377114e-05
0.01,1,10000,63,8.64675378614726e-05,0.000112720729739824,-2.62531918783518e-05
0.01,1,10000,64,0.000111275964562508,0.000142225431063134,-3.09494665006262e-05
0.01,1,10000,65,0.000142366531707044,0.00017855797555045,-3.61914438434057e-05
0.01,1,10000,66,0.000181083253892879,0.000223053876622905,-4.19706227300258e-05
0.01,1,10000,67,0.000228990920934784,0.000277248257559954,-4.825733662517e-05
0.01,1,10000,68,0.000287894734911619,0.000342891249995171,-5.49965150835522e-05
0.01,1,10000,69,0.000359857626695044,0.000421961189368503,-6.21035626734592e-05
0.01,1,10000,70,0.000447214032156934,0.000516674633852301,-6.94606016953673e-05
0.01,1,10000,71,0.000552578759822867,0.000629492123746017,-7.69133639231505e-05
0.01,1,10000,72,0.000678849464356945,0.000763118510886196,-8.42690465292506e-05
0.01,1,10000,73,0.000829201167607059,0.000920496631724023,-9.12954641169641e-05
0.01,1,10000,74,0.00100707125509825,0.00110479308330028,-9.77218282020311e-05
0.01,1,10000,75,0.00121613343449036,0.00131937489825376,-0.000103241463763401
0.01,1,10000,76,0.00146025928584008,0.00156777601242171,-0.000107516726581633
0.01,1,10000,77,0.00174346627122058,0.00185365258435171,-0.000110186313131124
0.01,1,10000,78,0.00206985140937497,0.00218072646584863,-0.000110875056473667
0.01,1,10000,79,0.00244351026085484,0.00255271643934383,-0.000109206178488993
0.01,1,10000,80,0.0028684414060153,0.00297325723059073,-0.000104815824575437
0.01,1,10000,81,0.00334843722130184,0.00344580676889233,-9.73695475904885e-05
0.01,1,10000,82,0.00388696245056382,0.00397354269193195,-8.65802413681257e-05
0.01,1,10000,83,0.0044870228028401,0.00455924966347558,-7.22268606354742e-05
0.01,1,10000,84,0.00515102655492754,0.00520519966990174,-5.41731149742057e-05
0.01,1,10000,85,0.00588064285936227,0.00591302806118227,-3.23852018200045e-05
0.01,1,10000,86,0.00667666111559333,0.00668360867508848,-6.94755949514746e-06
0.01,1,10000,87,0.00753885631155753,0.00751693189860458,2.192441295295e-05
0.01,1,10000,88,0.00846586564249556,0.0084119899448311,5.38756976644541e-05
0.01,1,10000,89,0.00945508192474519,0.00936667392426119,8.84080004839947e-05
0.01,1,10000,90,0.0105025693114017,0.0103776874355149,0.000124881875886834
0.01,1,10000,91,0.0116030065597731,0.0114404813658796,0.000162525193893526
0.01,1,10000,92,0.012749662584157,0.0125492143560091,0.000200448228147921
0.01,1,10000,93,0.0139344082513054,0.0136967429337025,0.0002376653176029
0.01,1,10000,94,0.0151477673539427,0.0148746446564367,0.000273122697505943
0.01,1,10000,95,0.0163790084584794,0.0160732767298802,0.000305731728599216
0.01,1,10000,96,0.0176162779094396,0.0172818715102635,0.000334406399176125
0.01,1,10000,97,0.0188467727406421,0.0184886690841627,0.000358103656479362
0.01,1,10000,98,0.0200569506577763,0.0196810857928572,0.000375864864919102
0.01,1,10000,99,0.0212327726917317,0.0208459161822864,0.000386856509445241
0.01,1,10000,100,0.0223599726532147,0.0219695644733861,0.000390408179828577
0.01,1,10000,101,0.0234243462221011,0.0230383003253055,0.000386045896795618
0.01,1,10000,102,0.02441205144947,0.0240385324709827,0.000373518978487281
0.01,1,10000,103,0.0253099116964155,0.0249570928036152,0.000352818892800266
0.01,1,10000,104,0.0261057116280271,0.0257815227404741,0.000324188887552986
0.01,1,10000,105,0.0267884768531596,0.0265003532344029,0.000288123618756766
0.01,1,10000,106,0.0273487281617265,0.0271033696776216,0.000245358484104886
0.01,1,10000,107,0.0277787020523214,0.0275818531662706,0.000196848886050819
0.01,1,10000,108,0.0280725303354132,0.0279287901697234,0.000143740165689774
0.01,1,10000,109,0.0282263729942836,0.0281390435606505,8.73294336331161e-05
0.01,1,10000,110,0.028238500124701,0.0282094791773878,2.90209473131492e-05
0.01,1,10000,111,0.028109320580167,0.0281390435606505,-2.97229804834646e-05
0.01,1,10000,112,0.0278413568395917,0.0279287901697234,-8.7433330131715e-05
0.01,1,10000,113,0.0274391675021998,0.0275818531662706,-0.00014268566407076
0.01,1,10000,114,0.0269092206155788,0.0271033696776216,-0.000194149062042754
0.01,1,10000,115,0.0262597226783248,0.0265003532344029,-0.000240630556078029
0.01,1,10000,116,0.0255004095602114,0.0257815227404741,-0.00028111318026269
0.01,1,10000,117,0.0246423066953089,0.0249570928036152,-0.000314786108306386
0.01,1,10000,118,0.0236974666882279,0.0240385324709827,-0.000341065782754842
0.01,1,10000,119,0.0226786929094264,0.0230383003253055,-0.000359607415879114
0.01,1,10000,120,0.0215992577389868,0.0219695644733861,-0.00037030673439933
0.01,1,10000,121,0.0204726238633301,0.0208459161822864,-0.000373292318956324
0.01,1,10000,122,0.01931217646543,0.0196810857928572,-0.000368909327427159
0.01,1,10000,123,0.0181309733187311,0.0184886690841627,-0.000357695765431699
0.01,1,10000,124,0.0169415187507107,0.0172818715102635,-0.000340352759552801
0.01,1,10000,125,0.0157555662429816,0.0160732767298802,-0.000317710486898621
0.01,1,10000,126,0.014583953143191,0.0148746446564367,-0.000290691513245686
0.01,1,10000,127,0.0134364696414918,0.0136967429337025,-0.000260273292210723
0.01,1,10000,128,0.0123217628692343,0.0125492143560091,-0.000227451486774784
0.01,1,10000,129,0.0112472757616945,0.0114404813658796,-0.000193205604185055
0.01,1,10000,130,0.0102192192337061,0.0103776874355149,-0.000158468201808787
0.01,1,10000,131,0.00924257528081451,0.00936667392426119,-0.000124098643446681
0.01,1,10000,132,0.00832112786229916,0.0084119899448311,-9.08620825319419e-05
0.01,1,10000,133,0.00745751785875958,0.00751693189860458,-5.94140398449995e-05
0.01,1,10000,134,0.00665331802845934,0.00668360867508848,-3.0290646629137e-05
0.01,1,10000,135,0.00590912370664313,0.00591302806118227,-3.90435453914012e-06
0.01,1,10000,136,0.00522465498622176,0.00520519966990174,1.94553163200186e-05
0.01,1,10000,137,0.00459886626605605,0.00455924966347558,3.96166025804744e-05
0.01,1,10000,138,0.00403005932971089,0.00397354269193195,5.65166377789429e-05
0.01,1,10000,139,0.00351599649555259,0.00344580676889233,7.0189726660258e-05
0.01,1,10000,140,0.00305401083007537,0.00297325723059073,8.07535994846397e-05
0.01,1,10000,141,0.00264111091261453,0.00255271643934383,8.83944732706942e-05
0.01,1,10000,142,0.00227407815523383,0.00218072646584863,9.33516893851984e-05
0.01,1,10000,143,0.00194955519350778,0.00185365258435171,9.59026091560773e-05
0.01,1,10000,144,0.00166412435263008,0.00156777601242171,9.63483402083745e-05
0.01,1,10000,145,0.00141437564318063,0.00131937489825376,9.50007449268694e-05
0.01,1,10000,146,0.00119696414045912,0.00110479308330028,9.21710571588487e-05
0.01,1,10000,147,0.00100865694300687,0.000920496631724023,8.81603112828481e-05
0.01,1,10000,148,0.00084637018594482,0.000763118510886196,8.32516750586246e-05
0.01,1,10000,149,0.000707196802476104,0.000629492123746017,7.77046787300866e-05
0.01,1,10000,150,0.000588425884498478,0.000516674633852301,7.17512506461768e-05
0.01,1,10000,151,0.00048755459508068,0.000421961189368503,6.55934057121768e-05
0.01,1,10000,152,0.000402293637500244,0.000342891249995171,5.9402387505073e-05
0.01,1,10000,153,0.000330567294573904,0.000277248257559954,5.33190370139499e-05
0.01,1,10000,154,0.000270509025613922,0.000223053876622905,4.74551489910174e-05
0.01,1,10000,155,0.000220453554077977,0.00017855797555045,4.1895578527527e-05
0.01,1,10000,156,0.000178926304132664,0.000142225431063134,3.67008730695303e-05
0.01,1,10000,157,0.000144630955654225,0.000112720729739824,3.19102259144008e-05
0.01,1,10000,158,0.000116435790627475,8.88912170219437e-05,2.75445736055316e-05
0.01,1,10000,159,9.33594045887131e-05,6.97497154752718e-05,2.36096891134413e-05
0.01,1,10000,160,7.45562588810727e-05,5.44571057588177e-05,2.0099153122255e-05
0.01,1,10000,161,5.93024563223847e-05,4.23053409419851e-05,1.69971153803996e-05
0.01,1,10000,162,4.69820368238259e-05,3.2701251243082e-05,1.42807855807439e-05
0.01,1,10000,163,3.70740121463987e-05,2.51513944788949e-05,1.19226176675038e-05
0.01,1,10000,164,2.91402912517591e-05,1.92481189963786e-05,9.89217225538048e-06
0.01,1,10000,165,2.28145899222032e-05,1.46569311773448e-05,8.15765874485838e-06
0.01,1,10000,166,1.77923703523241e-05,1.11051986051417e-05,6.6871717471824e-06
0.01,1,10000,167,1.38218177561352e-05,8.37217193670763e-06,5.44964581942759e-06
0.01,1,10000,168,1.06958309387381e-05,6.28027231301823e-06,4.41555862571985e-06
0.01,1,10000,169,8.24498133838945e-06,4.6875653919673e-06,3.55741594642215e-06
0.01,1,10000,170,6.33137925503418e-06,3.4813262986687e-06,2.85005295636548e-06
0.01,1,10000,171,4.84337582431394e-06,2.57259043206331e-06,2.27078539225062e-06
0.01,1,10000,172,3.6910237773795e-06,1.89158166991355e-06,1.79944210746595e-06
0.01,1,10000,173,2.80221821430702e-06,1.38391071313774e-06,1.41830750116928e-06
0.01,1,10000,174,2.11943966665934e-06,1.00744088833089e-06,1.11199877832845e-06
0.01,1,10000,175,1.59702488735388e-06,7.29725634589542e-07,8.67299252764339e-07
0.01,1,10000,176,1.19889544464408e-06,5.25930261089507e-07,6.72965183554575e-07
0.01,1,10000,177,8.96679778989779e-07,3.77159668050407e-07,5.19520110939372e-07
0.01,1,10000,178,6.68170475243232e-07,2.69123025917017e-07,3.99047449326215e-07
0.01,1,10000,179,4.9606476898199e-07,1.91075496669301e-07,3.04989272312688e-07
0.01,1,10000,180,3.66942488428878e-07,1.3498566943462e-07,2.31956818994258e-07
0.01,1,10000,181,2.70441546752361e-07,9.48852835606196e-08,1.75556263191741e-07
0.01,1,10000,182,1.98596617823448e-07,6.63649211179146e-08,1.32231696705533e-07
0.01,1,10000,183,1.45311674548877e-07,4.61856258305332e-08,9.91260487183442e-08
0.01,1,10000,184,1.05941604027402e-07,3.19818521133502e-08,7.39597519140518e-08
0.01,1,10000,185,7.69621287514011e-08,2.20358047807951e-08,5.4926323970606e-08
0.01,1,10000,186,5.57107702811782e-08,1.51071572330562e-08,4.0603613048122e-08
0.01,1,10000,187,4.01846186806247e-08,1.03054060881223e-08,2.98792125925024e-08
0.01,1,10000,188,2.88832546281208e-08,6.99481122393749e-09,2.18884434041833e-08
0.01,1,10000,189,2.06873540456794e-08,4.72406009973672e-09,1.59632939459427e-08
0.01,1,10000,190,1.47653320382548e-08,3.17455866796664e-09,1.15907733702882e-08
0.01,1,10000,191,1.05018983938769e-08,2.1226570310422e-09,8.37924136283466e-09
0.01,1,10000,192,7.44364344216311e-09,1.41222803014292e-09,6.0314154120202e-09
0.01,1,10000,193,5.25779026604667e-09,9.34885348130708e-10,4.32290491791597e-09
0.01,1,10000,194,3.70107300981787e-09,6.15801024667086e-10,3.08527198515078e-09
0.01,1,10000,195,2.59636326924009e-09,4.03599842987685e-10,2.19276342625241e-09
0.01,1,10000,196,1.81519523471107e-09,2.63202553052039e-10,1.55199268165903e-09
0.01,1,10000,197,1.2647594811117e-09,1.70788149981785e-10,1.09397133112992e-09
0.01,1,10000,198,8.78265559969716e-10,1.10269117367086e-10,7.67996442602631e-10
0.01,1,10000,199,6.07832089377109e-10,7.08400061301557e-11,5.36992083246953e-10
0.01,1,10000,200,4.19264192493597e-10,4.52826473977172e-11,3.7398154509588e-10
0.01,1,10000,201,2.88233712146893e-10,2.88013971883593e-11,2.59432314958533e-10
0.01,1,10000,202,1.97497257019376e-10,1.82273625059549e-11,1.79269894513421e-10
0.01,1,10000,203,1.34878600539244e-10,1.14779051893992e-11,1.23400695349845e-10
0.01,1,10000,204,9.18115003084975e-11,7.1916735070127e-12,8.46198268014848e-11
0.01,1,10000,205,6.22916005157156e-11,4.48358925858533e-12,5.78080112571302e-11
0.01,1,10000,206,4.21256438219117e-11,2.78131517245272e-12,3.9344328649459e-11
0.01,1,10000,207,2.83958265934951e-11,1.71673443074675e-12,2.66790921627484e-11
0.01,1,10000,208,1.90791749297341e-11,1.05434940549645e-12,1.80248255242377e-11
0.01,1,10000,209,1.27781489335183e-11,6.44309485639594e-13,1.21338394478787e-11
0.01,1,10000,210,8.53072055753106e-12,3.91771663275433e-13,8.13894889425562e-12
0.01,1,10000,211,5.67700133909358e-12,2.37028213518553e-13,5.43997312557503e-12
0.01,1,10000,212,3.76594390582369e-12,1.42690675423217e-13,3.62325323040048e-12
0.01,1,10000,213,2.49032649182141e-12,8.54711744730544e-14,2.40485531734835e-12
0.01,1,10000,214,1.64161876284495e-12,5.09415643344014e-14,1.59067719851055e-12
0.01,1,10000,215,1.07876749419792e-12,3.02101867900169e-14,1.04855730740791e-12
0.01,1,10000,216,7.06689818749852e-13,1.78263763593815e-14,6.88863442390471e-13
0.01,1,10000,217,4.61510017456681e-13,1.04664947445577e-14,4.51043522712124e-13
0.01,1,10000,218,3.00462713634877e-13,6.11459892597934e-15,2.94348114708897e-13
0.01,1,10000,219,1.95012746379972e-13,3.55437478443806e-15,1.91458371595534e-13
0.01,1,10000,220,1.26183956708919e-13,2.05582901131573e-15,1.24128127697603e-13
0.01,1,10000,221,8.13991270670689e-14,1.18314858636503e-15,8.02159784807038e-14
0.01,1,10000,222,5.23498589532406e-14,6.77516873117446e-16,5.16723420801232e-14
0.01,1,10000,223,3.35658083350937e-14,3.86037477767721e-16,3.3179770857326e-14
0.01,1,10000,224,2.14570572544938e-14,2.1886048180415e-16,2.12381967726897e-14
0.01,1,10000,225,1.36754069706885e-14,1.23462128524105e-16,1.35519448421644e-14
0.01,1,10000,226,8.68986378737624e-15,6.92992759032093e-17,8.62056451147303e-15
0.01,1,10000,227,5.50546257329777e-15,3.87036711546593e-17,5.46675890214311e-15
0.01,1,10000,228,3.47766935623577e-15,2.1508204293992e-17,3.45616115194178e-15
0.01,1,10000,229,2.19029115435323e-15,1.18928152516366e-17,2.1783983391016e-15
0.01,1,10000,230,1.37543452557208e-15,6.54325309812316e-18,1.36889127247396e-15
0.01,1,10000,231,8.61207686365254e-16,3.58204711713413e-18,8.5762563924812e-16
0.01,1,10000,232,5.37664217947553e-16,1.95118027248151e-18,5.35713037675071e-16
0.01,1,10000,233,3.34699419817537e-16,1.05752836832119e-18,3.33641891449216e-16
0.01,1,10000,234,2.07751737459222e-16,5.70315511363663e-19,2.07181421947858e-16
0.01,1,10000,235,1.2858357910733e-16,3.06032019814988e-19,1.28277547087515e-16
0.01,1,10000,236,7.93565400594764e-17,1.63398129729462e-19,7.91931419297469e-17
0.01,1,10000,237,4.88361594652289e-17,8.68072146583791e-20,4.87493522505705e-17
0.01,1,10000,238,2.99686383375916e-17,4.58873617674787e-20,2.99227509758241e-17
0.01,1,10000,239,1.8338524054522e-17,2.41356436234766e-20,1.83143884108985e-17
0.01,1,10000,240,1.11902221902868e-17,1.26314500076566e-20,1.11775907402792e-17
0.01,1,10000,241,6.8091840326751e-18,6.57773023273599e-21,6.80260630244237e-18
0.01,1,10000,242,4.13179251414958e-18,3.40821855328626e-21,4.12838429559629e-18
0.01,1,10000,243,2.50019576237561e-18,1.75714395197184e-21,2.49843861842364e-18
0.01,1,10000,244,1.50871281736274e-18,9.01396308884399e-22,1.50781142105386e-18
0.01,1,10000,245,9.07906544341641e-19,4.60100532895942e-22,9.07446443808745e-19
0.01,1,10000,246,5.44857120628068e-19,2.33678214060436e-22,5.44623442414008e-19
0.01,1,10000,247,3.26088827622216e-19,1.18089760249818e-22,3.25970737861966e-19
0.01,1,10000,248,1.94628245703345e-19,5.93792604886259e-23,1.94568866442856e-19
0.01,1,10000,249,1.15850337660877e-19,2.97088510148226e-23,1.15820628809862e-19
0.01,1,10000,250,6.87725335848197e-20,1.47899073950077e-23,6.87577436774247e-20
0.01,1,10000,251,4.07158772626812e-20,7.32611246244878e-24,4.07085511502188e-20
0.01,1,10000,252,2.40407692615287e-20,3.61085654895248e-24,2.40371584049797e-20
0.01,1,10000,253,1.41570714901814e-20,1.77082407153793e-24,1.41553006661098e-20
0.01,1,10000,254,8.31464426059871e-21,8.64110189106616e-25,8.31378015040961e-21
0.01,1,10000,255,4.87039019043365e-21,4.19557378289832e-25,4.86997063305536e-21
0.01,1,10000,256,2.84536705993754e-21,2.02694576003526e-25,2.84516436536153e-21
0.01,1,10000,257,1.65795179675608e-21,9.74364425694147e-26,1.65785436031351e-21
0.01,1,10000,258,9.63538617646583e-22,4.6604648732328e-26,9.6349201299785e-22
0.01,1,10000,259,5.58514583455413e-22,2.21802065508438e-26,5.58492403248862e-22
0.01,1,10000,260,3.22903378871254e-22,1.05034134452875e-26,3.22892875457809e-22
0.01,1,10000,261,1.86203494654606e-22,4.94907303981502e-27,1.86198545581566e-22
0.01,1,10000,262,1.07098821171471e-22,2.3203088326967e-27,1.07096500862638e-22
0.01,1,10000,263,6.14423207067493e-23,1.08242110320227e-27,6.14412382856461e-23
0.01,1,10000,264,3.51593626321263e-23,5.02429621467204e-28,3.51588602025048e-23
0.01,1,10000,265,2.00682368320703e-23,2.32050628312308e-28,2.00680047814419e-23
0.01,1,10000,266,1.14255373777687e-23,1.06639669146951e-28,1.14254307380995e-23
0.01,1,10000,267,6.48854876797276e-24,4.87622073532173e-29,6.48850000576541e-24
0.01,1,10000,268,3.67558381986972e-24,2.21858694141699e-29,3.6755616340003e-24
0.01,1,10000,269,2.07690763858905e-24,1.00438004482658e-29,2.0768975947886e-24
0.01,1,10000,270,1.17064274931391e-24,4.52426699213996e-30,1.17063822504691e-24
0.01,1,10000,271,6.5819130720107e-25,2.02780833793804e-30,6.58189279392732e-25
0.01,1,10000,272,3.69151527391331e-25,9.04344934497788e-31,3.69150623046396e-25
0.01,1,10000,273,2.06531421843958e-25,4.01300632068844e-31,2.06531020543325e-25
0.01,1,10000,274,1.15265857618614e-25,1.7718791787998e-31,1.15265680430696e-25
0.01,1,10000,275,6.41730153128695e-26,7.78443135800759e-32,6.41729374685559e-26
0.01,1,10000,276,3.56406416421804e-26,3.40289234375517e-32,3.56406076132569e-26
0.01,1,10000,277,1.97462196815127e-26,1.48012383908186e-32,1.97462048802743e-26
0.01,1,10000,278,1.09136958643299e-26,6.40584498396467e-33,1.0913689458485e-26
0.01,1,10000,279,6.01745966857741e-27,2.75856564920401e-33,6.01745691001176e-27
0.01,1,10000,280,3.30987802901971e-27,1.18200346721404e-33,3.30987684701624e-27
0.01,1,10000,281,1.81623579769366e-27,5.03944494127406e-34,1.81623529374916e-27
0.01,1,10000,282,9.94255190449745e-28,2.13783993973855e-34,9.94254976665751e-28
0.01,1,10000,283,5.42991246542629e-28,9.02393993246009e-35,5.4299115630323e-28
0.01,1,10000,284,2.95842813865004e-28,3.79005692326587e-35,2.95842775964435e-28
0.01,1,10000,285,1.60807514960488e-28,1.58388555208912e-35,1.60807499121633e-28
0.01,1,10000,286,8.72032436083321e-29,6.58613137457571e-36,8.72032370222007e-29
0.01,1,10000,287,4.71784599769546e-29,2.72499374120468e-36,4.71784572519608e-29
0.01,1,10000,288,2.54649906623703e-29,1.12183544182829e-36,2.54649895405349e-29
0.01,1,10000,289,1.37131023379911e-29,4.59537895835276e-37,1.37131018784532e-29
0.01,1,10000,290,7.36756745077042e-30,1.87301835706149e-37,7.36756726346858e-30
0.01,1,10000,291,3.94923050031002e-30,7.59611032772585e-38,3.94923042434892e-30
0.01,1,10000,292,2.11205163565396e-30,3.06527202440517e-38,2.11205160500124e-30
0.01,1,10000,293,1.12694825474832e-30,1.2307654800264e-38,1.12694824244067e-30
0.01,1,10000,294,5.9994922822975e-31,4.91711221636261e-39,5.99949223312637e-31
0.01,1,10000,295,3.18668962803622e-31,1.9546700567904e-39,3.18668960848952e-31
0.01,1,10000,296,1.68882022640432e-31,7.73152791346982e-40,1.68882021867279e-31
0.01,1,10000,297,8.92995119716082e-32,3.04288629242125e-40,8.92995116673196e-32
0.01,1,10000,298,4.71129565272496e-32,1.19161139344986e-40,4.71129564080885e-32
0.01,1,10000,299,2.48005219957796e-32,4.64314341166733e-41,2.48005219493482e-32
0.01,1,10000,300,1.30260887832968e-32,1.80018888638499e-41,1.30260887652949e-32
0.01,1,10000,301,6.82658549848814e-33,6.94468548935753e-42,6.82658549154345e-33
0.01,1,10000,302,3.56970921329992e-33,2.66572666240746e-42,3.56970921063419e-33
0.01,1,10000,303,1.86253932510465e-33,1.01813924254543e-42,1.86253932408651e-33
0.01,1,10000,304,9.69671976905386e-34,3.86925422698203e-43,9.6967197651846e-34
0.01,1,10000,305,5.03726130019079e-34,1.46310630577457e-43,5.03726129872768e-34
0.01,1,10000,306,2.61106566778659e-34,5.5049455287606e-44,2.61106566723609e-34
0.01,1,10000,307,1.3505112537183e-34,2.06090843871031e-44,1.35051125351221e-34
0.01,1,10000,308,6.97010175784733e-35,7.67702397076055e-45,6.97010175707963e-35
0.01,1,10000,309,3.58958223698923e-35,2.84548056300315e-45,3.58958223670468e-35
0.01,1,10000,310,1.84465832042225e-35,1.0494140578386e-45,1.84465832031731e-35
0.01,1,10000,311,9.45929006781218e-36,3.85093917938307e-46,9.45929006742709e-36
0.01,1,10000,312,4.84033092555416e-36,1.40609598788606e-46,4.84033092541355e-36
0.01,1,10000,313,2.47154642940178e-36,5.10848127836326e-47,2.47154642935069e-36
0.01,1,10000,314,1.25933996134388e-36,1.84670349353821e-47,1.25933996132541e-36
0.01,1,10000,315,6.40325732869239e-37,6.64249235172143e-48,6.40325732862597e-37
0.01,1,10000,316,3.24897173877585e-37,2.37735196195904e-48,3.24897173875208e-37
0.01,1,10000,317,1.64505775561758e-37,8.46612020222879e-49,1.64505775560912e-37
0.01,1,10000,318,8.31208195531562e-38,2.99988015707811e-49,8.31208195528562e-38
0.01,1,10000,319,4.19116857468711e-38,1.05767419336315e-49,4.19116857467653e-38
0.01,1,10000,320,2.10892081203265e-38,3.71046584424606e-50,2.10892081202894e-38
0.01,1,10000,321,1.05898169983886e-38,1.29519003974606e-50,1.05898169983756e-38
0.01,1,10000,322,5.30668227190912e-39,4.49849333476914e-51,5.30668227190462e-39
0.01,1,10000,323,2.65380338390662e-39,1.55463769702537e-51,2.65380338390507e-39
0.01,1,10000,324,1.32445257092326e-39,5.34588774317069e-52,1.32445257092272e-39
0.01,1,10000,325,6.59738322590894e-40,1.8291065419926e-52,6.59738322590711e-40
0.01,1,10000,326,3.28176047610777e-40,6.22711231314894e-53,3.28176047610715e-40
0.01,1,10000,327,1.63483404059747e-40,2.10941933346809e-53,1.63483404059726e-40
0.01,1,10000,328,8.27846084670856e-41,7.10996844151471e-54,8.27846084670785e-41
0.01,1,10000,329,4.58146045412322e-41,2.38451990217789e-54,4.58146045412298e-41
0.01,1,10000,330,3.55660743154476e-41,7.95724550746146e-55,3.55660743154468e-41
0.01,1,10000,331,5.16238181585266e-41,2.64212336339153e-55,5.16238181585263e-41
0.01,1,10000,332,1.14717946501482e-40,8.72914992565667e-56,1.14717946501482e-40
0.01,1,10000,333,2.8932732044443e-40,2.86958663903555e-56,2.8932732044443e-40
0.01,1,10000,334,7.47083096902747e-40,9.38631787925849e-57,7.47083096902747e-40
0.01,1,10000,335,1.93143867202697e-39,3.05491901778413e-57,1.93143867202697e-39
0.01,1,10000,336,4.9779049377147e-39,9.89310625965008e-58,4.9779049377147e-39
0.01,1,10000,337,1.27791570973581e-38,3.18782280392328e-58,1.27791570973581e-38
0.01,1,10000,338,3.2671603982773e-38,1.0220783754782e-58,3.2671603982773e-38
0.01,1,10000,339,8.31817379462683e-38,3.26063926648992e-59,8.31817379462683e-38
0.01,1,10000,340,2.10892728344709e-37,1.03502260822044e-59,2.10892728344709e-37
0.01,1,10000,341,5.32426893564648e-37,3.26907922655447e-60,5.32426893564648e-37
0.01,1,10000,342,1.33848076738584e-36,1.02737639484489e-60,1.33848076738584e-36
0.01,1,10000,343,3.35048054696378e-36,3.21264137218243e-61,3.35048054696378e-36
0.01,1,10000,344,8.35091189424444e-36,9.99593538785859e-62,8.35091189424444e-36
0.01,1,10000,345,2.07243791373942e-35,3.09466155863903e-62,2.07243791373942e-35
0.01,1,10000,346,5.12081329961274e-35,9.53303983500817e-63,5.12081329961274e-35
0.01,1,10000,347,1.25978105424908e-34,2.9219863508371e-63,1.25978105424908e-34
0.01,1,10000,348,3.08559430515236e-34,8.91155487414223e-64,3.08559430515236e-34
0.01,1,10000,349,7.52417824189893e-34,2.70431524247315e-64,7.52417824189893e-34
0.01,1,10000,350,1.82660515900395e-33,8.16562955974701e-65,1.82660515900395e-33
0.01,1,10000,351,4.41452999747855e-33,2.45329943846531e-65,4.41452999747855e-33
0.01,1,10000,352,1.06210454287945e-32,7.33398424276533e-66,1.06210454287945e-32
0.01,1,10000,353,2.5437935376517e-32,2.18151354180536e-66,2.5437935376517e-32
0.01,1,10000,354,6.06480769507726e-32,6.45660742942085e-67,6.06480769507726e-32
0.01,1,10000,355,1.43933392447211e-31,1.90142577779598e-67,1.43933392447211e-31
0.01,1,10000,356,3.40019794866509e-31,5.57163811703213e-68,3.40019794866509e-31
0.01,1,10000,357,7.99528051877125e-31,1.62448218093999e-68,7.99528051877125e-31
0.01,1,10000,358,1.87128020825614e-30,4.71276224536907e-69,1.87128020825614e-30
0.01,1,10000,359,4.35921513265336e-30,1.36039377748962e-69,4.35921513265336e-30
0.01,1,10000,360,1.01072006461068e-29,3.90734960240282e-70,1.01072006461068e-29
0.01,1,10000,361,2.33235862619394e-29,1.11667921353196e-70,2.33235862619394e-29
0.01,1,10000,362,5.35661438985037e-29,3.17543422285878e-71,5.35661438985037e-29
0.01,1,10000,363,1.22434783482627e-28,8.98475703861575e-72,1.22434783482627e-28
0.01,1,10000,364,2.78501416702855e-28,2.52951979175242e-72,2.78501416702855e-28
0.01,1,10000,365,6.30444631367113e-28,7.08595440629556e-73,6.30444631367113e-28
0.01,1,10000,366,1.42020898546681e-27,1.97509119522917e-73,1.42020898546681e-27
0.01,1,10000,367,3.18370015589762e-27,5.47777866171733e-74,3.18370015589762e-27
0.01,1,10000,368,7.10191578690099e-27,1.51164681888831e-74,7.10191578690099e-27
0.01,1,10000,369,1.5764174105924e-26,4.15073222349233e-75,1.5764174105924e-26
0.01,1,10000,370,3.48183504803668e-26,1.13403804947857e-75,3.48183504803668e-26
0.01,1,10000,371,7.65200744097021e-26,3.08289734448306e-76,7.65200744097021e-26
0.01,1,10000,372,1.67325368987219e-25,8.33909705783529e-77,1.67325368987219e-25
0.01,1,10000,373,3.64046159671018e-25,2.24443752481465e-77,3.64046159671018e-25
0.01,1,10000,374,7.88040352675602e-25,6.01069292388589e-78,7.88040352675602e-25
0.01,1,10000,375,1.697176208383e-24,1.60165911210768e-78,1.697176208383e-24
0.01,1,10000,376,3.63647896012928e-24,4.24662746406288e-79,3.63647896012928e-24
0.01,1,10000,377,7.75175677684691e-24,1.12033206733056e-79,7.75175677684691e-24
0.01,1,10000,378,1.64389252694521e-23,2.94088401946135e-80,1.64389252694521e-23
0.01,1,10000,379,3.46808958410613e-23,7.68135002363658e-81,3.46808958410613e-23
0.01,1,10000,380,7.27847246590464e-23,1.99629969824438e-81,7.27847246590464e-23
0.01,1,10000,381,1.51954215353507e-22,5.16229066871991e-82,1.51954215353507e-22
0.01,1,10000,382,3.15571253664403e-22,1.32827407167332e-82,3.15571253664403e-22
0.01,1,10000,383,6.51904495966641e-22,3.40064630079636e-83,6.51904495966641e-22
0.01,1,10000,384,1.33955992734867e-21,8.66290914391262e-84,1.33955992734867e-21
0.01,1,10000,385,2.7379266649163e-21,2.19580911303389e-84,2.7379266649163e-21
0.01,1,10000,386,5.56612465176099e-21,5.53801253398364e-85,5.56612465176099e-21
0.01,1,10000,387,1.1255001481512e-20,1.38976641744131e-85,1.1255001481512e-20
0.01,1,10000,388,2.26354879567912e-20,3.47022967666583e-86,2.26354879567912e-20
0.01,1,10000,389,4.52768406677157e-20,8.62190341412371e-87,4.52768406677157e-20
0.01,1,10000,390,9.00730160042147e-20,2.13145719304675e-87,9.00730160042147e-20
0.01,1,10000,391,1.78211668123825e-19,5.24298486561438e-88,1.78211668123825e-19
0.01,1,10000,392,3.50663879489041e-19,1.28324364092049e-88,3.50663879489041e-19
0.01,1,10000,393,6.86199112363141e-19,3.12513055523649e-89,6.86199112363141e-19
0.01,1,10000,394,1.33537848901272e-18,7.57278692038918e-90,1.33537848901272e-18
0.01,1,10000,395,2.58431070018104e-18,1.82587833915701e-90,2.58431070018104e-18
0.01,1,10000,396,4.97350273076785e-18,4.38042716539761e-91,4.97350273076785e-18
0.01,1,10000,397,9.51806321881468e-18,1.04565788879091e-91,9.51806321881468e-18
0.01,1,10000,398,1.81131861823939e-17,2.48365518239245e-92,1.81131861823939e-17
0.01,1,10000,399,3.42762075843473e-17,5.86977575929191e-93,3.42762075843473e-17
0.01,1,10000,400,6.44961939410775e-17,1.38032148470256e-93,6.44961939410775e-17
0.01,1,20000,0,1.20417689669476e-19,2.2876877952604e-26,1.20417666792598e-19
0.01,1,20000,1,8.15906692467929e-20,3.86241104325642e-26,8.15906306226825e-20
0.01,1,20000,2,5.51930261637592e-20,6.50480809961961e-26,5.51929611156782e-20
0.01,1,20000,3,3.72754574696369e-20,1.09275990400004e-25,3.72753481936465e-20
0.01,1,20000,4,2.51338128554413e-20,1.8311725842777e-25,2.51336297381828e-20
0.01,1,20000,5,1.69196722047793e-20,3.06089243262356e-25,1.6919366115536e-20
0.01,1,20000,6,1.1371696074445e-20,5.10365279715301e-25,1.13711857091653e-20
0.01,1,20000,7,7.6306204531513e-21,8.48845086720963e-25,7.62977160806458e-21
0.01,1,20000,8,5.11207725315944e-21,1.40828327213811e-24,5.11066896988731e-21
0.01,1,20000,9,3.41931977384336e-21,2.33058993169319e-24,3.41698918391167e-21
0.01,1,20000,10,2.28343702326482e-21,3.84729931335321e-24,2.27958972395146e-21
0.01,1,20000,11,1.52247029315059e-21,6.33520026091121e-24,1.51613509288968e-21
0.01,1,20000,12,1.01350458298251e-21,1.04058841010141e-23,1.00309869888149e-21
0.01,1,20000,13,6.73650618657465e-22,1.70495093314003e-23,6.56601109326065e-22
0.01,1,20000,14,4.47108432175195e-22,2.78650001136037e-23,4.19243432061591e-22
0.01,1,20000,15,2.96384222523157e-22,4.54276715598833e-23,2.50956550963274e-22
0.01,1,20000,16,1.96339560692498e-22,7.38747746352127e-23,1.22464786057286e-22
0.01,1,20000,17,1.301702943027e-22,1.19835674492754e-22,1.03346198099461e-23
0.01,1,20000,18,8.67004911028189e-23,1.93905596587348e-22,-1.07205105484529e-22
0.01,1,20000,19,5.85753677995828e-23,3.12974408463007e-22,-2.54399040663424e-22
0.01,1,20000,20,4.10750258555695e-23,5.03896769715e-22,-4.62821743859431e-22
0.01,1,20000,21,3.13682544805731e-23,8.09260951081463e-22,-7.7789269660089e-22
0.01,1,20000,22,2.80974797506811e-23,1.29643235055019e-21,-1.26833487079951e-21
0.01,1,20000,23,3.12436701751577e-23,2.07169299734801e-21,-2.04044932717286e-21
0.01,1,20000,24,4.22737386409976e-23,3.30228993036968e-21,-3.26001619172868e-21
0.01,1,20000,25,6.46331193278832e-23,5.25072491498518e-21,-5.1860917956573e-21
0.01,1,20000,26,1.04725501407222e-22,8.32794016189958e-21,-8.22321466049236e-21
0.01,1,20000,27,1.73637922022148e-22,1.31755935693714e-20,-1.30019556473493e-20
0.01,1,20000,28,2.90049127322612e-22,2.07929948955757e-20,-2.0502945768253e-20
0.01,1,20000,29,4.85043446895418e-22,3.27324239951094e-20,-3.2247380548214e-20
0.01,1,20000,30,8.100059934458e-22,5.13988678583446e-20,-5.05888618648988e-20
0.01,1,20000,31,1.34949963708944e-21,8.05087718940794e-20,-7.915927225699e-20
0.01,1,20000,32,2.24218043169496e-21,1.25790288847571e-19,-1.23548108415876e-19
0.01,1,20000,33,3.71464847406318e-21,1.96049297628206e-19,-1.92334649154143e-19
0.01,1,20000,34,6.13605155317288e-21,3.04787906478123e-19,-2.9865185492495e-19
0.01,1,20000,35,1.01058784787614e-20,4.72655194095143e-19,-4.62549315616381e-19
0.01,1,20000,36,1.6594662237315e-20,7.31148178750324e-19,-7.14553516513009e-19
0.01,1,20000,37,2.71687577871054e-20,1.12818581276032e-18,-1.10101705497321e-18
0.01,1,20000,38,4.43482826864076e-20,1.7364813742831e-18,-1.6921330915967e-18
0.01,1,20000,39,7.21752837779184e-20,2.6660843679117e-18,-2.59390908413379e-18
0.01,1,20000,40,1.17112709286883e-19,4.08311781583477e-18,-3.96600510654789e-18
0.01,1,20000,41,1.89462227112738e-19,6.23769589835372e-18,-6.04823367124098e-18
0.01,1,20000,42,3.05593157652807e-19,9.50540768953982e-18,-9.19981453188701e-18
0.01,1,20000,43,4.91435272145741e-19,1.44487927901495e-17,-1.39573575180037e-17
0.01,1,20000,44,7.87934464542077e-19,2.19081971775468e-17,-2.11202627130047e-17
0.01,1,20000,45,1.25954688791389e-18,3.31356872798438e-17,-3.18761403919299e-17
0.01,1,20000,46,2.00742105257617e-18,4.99918937424859e-17,-4.79844726899097e-17
0.01,1,20000,47,3.18978899990243e-18,7.52345725854099e-17,-7.20447835855074e-17
0.01,1,20000,48,5.05340686770317e-18,1.12940470157715e-16,-1.07887063290012e-16
0.01,1,20000,49,7.98187489349346e-18,1.69120396588934e-16,-1.6113852169544e-16
0.01,1,20000,50,1.25696575882151e-17,2.52613554176845e-16,-2.4004389658863e-16
0.01,1,20000,51,1.97351043932126e-17,3.76384364451549e-16,-3.56649260058337e-16
0.01,1,20000,52,3.08924574942982e-17,5.59397810717593e-16,-5.28505353223295e-16
0.01,1,20000,53,4.82127789174229e-17,8.29323963531155e-16,-7.81111184613732e-16
0.01,1,20000,54,7.50184703813546e-17,1.22642764284821e-15,-1.15140917246686e-15
0.01,1,20000,55,1.16377832680958e-16,1.80914722555626e-15,-1.6927693928753e-15
0.01,1,20000,56,1.79998157914487e-16,2.66207418612648e-15,-2.48207602821199e-15
0.01,1,20000,57,2.77562848514593e-16,3.90733512588501e-15,-3.62977227737042e-15
0.01,1,20000,58,4.26726746163961e-16,5.72078245090068e-15,-5.29405570473672e-15
0.01,1,20000,59,6.54083883410283e-16,8.35496178519188e-15,-7.70087790178159e-15
0.01,1,20000,60,9.99567022707757e-16,1.2171602665145e-14,-1.11720356424373e-14
0.01,1,20000,61,1.52294822433108e-15,1.76874542380495e-14,-1.61645060137184e-14
0.01,1,20000,62,2.31341206168223e-15,2.56387681839834e-14,-2.33253561223012e-14
0.01,1,20000,63,3.50360718438861e-15,3.70717634985217e-14,-3.35681563141331e-14
0.01,1,20000,64,5.29020283811624e-15,5.34691893577082e-14,-4.8178986519592e-14
0.01,1,20000,65,7.96386188546157e-15,7.69268975280637e-14,-6.89630356426022e-14
0.01,1,20000,66,1.19527985335359e-14,1.10399498156857e-13,-9.8446699623321e-14
0.01,1,20000,67,1.78858670159476e-14,1.58041173073453e-13,-1.40155306057506e-13
0.01,1,20000,68,2.66836340325956e-14,2.25677183860276e-13,-1.9899354982768e-13
0.01,1,20000,69,3.96894083641309e-14,3.21454364537682e-13,-2.81764956173551e-13
0.01,1,20000,70,5.88571278098317e-14,4.5673602041823e-13,-3.97878892608398e-13
0.01,1,20000,71,8.70198725872082e-14,6.47329596915959e-13,-5.60309724328751e-13
0.01,1,20000,72,1.28272315765393e-13,9.15166108507789e-13,-7.86893792742396e-13
0.01,1,20000,73,1.88513625578891e-13,1.29059107249933e-12,-1.10207744692044e-12
0.01,1,20000,74,2.76215539380525e-13,1.81548075089589e-12,-1.53926521151537e-12
0.01,1,20000,75,4.03505334087829e-13,2.54746897942184e-12,-2.14396364533401e-12
0.01,1,20000,76,5.87687633782597e-13,3.56566406199804e-12,-2.97797642821544e-12
0.01,1,20000,77,8.53375636942623e-13,4.97835895274852e-12,-4.1249833158059e-12
0.01,1,20000,78,1.23546568409232e-12,6.93339997082656e-12,-5.69793428673424e-12
0.01,1,20000,79,1.78327476896082e-12,9.63209073967953e-12,-7.84881597071871e-12
0.01,1,20000,80,2.56627605862671e-12,1.33477830738143e-11,-1.07815070151875e-11
0.01,1,20000,81,3.68202247872571e-12,1.84506630806228e-11,-1.47686406018971e-11
0.01,1,20000,82,5.26705566082331e-12,2.54407014082253e-11,-2.0173645747402e-11
0.01,1,20000,83,7.51187356959671e-12,3.4991329742899e-11,-2.74794561733023e-11
0.01,1,20000,84,1.06813963048848e-11,4.80071668515617e-11,-3.73257705466768e-11
0.01,1,20000,85,1.51428534282044e-11,6.57000909077942e-11,-5.05572374795898e-11
0.01,1,20000,86,2.14036529577162e-11,8.96891953982043e-11,-6.82855424404881e-11
0.01,1,20000,87,3.01626268789741e-11,1.22131741340353e-10,-9.19691144613785e-11
0.01,1,20000,88,4.23791377020182e-11,1.65894212177365e-10,-1.23515074475346e-10
0.01,1,20000,89,5.93659473331159e-11,2.24775091550662e-10,-1.65409144217546e-10
0.01,1,20000,90,8.29135838904181e-11,3.03794142491164e-10,-2.20880558600746e-10
0.01,1,20000,91,1.154563073067e-10,4.09566920173959e-10,-2.94110612867259e-10
0.01,1,20000,92,1.60292811455262e-10,5.50788181234115e-10,-3.90495369778853e-10
0.01,1,20000,93,2.21878683326157e-10,7.38853979324003e-10,-5.16975295997845e-10
0.01,1,20000,94,3.06212582828924e-10,9.88659820312234e-10,-6.82447237483309e-10
0.01,1,20000,95,4.21344372384022e-10,1.31962160178529e-09,-8.98277229401264e-10
0.01,1,20000,96,5.78041332660331e-10,1.75697754741022e-09,-1.17893621474989e-09
0.01,1,20000,97,7.90658535491423e-10,2.33344339879713e-09,-1.54278486330571e-09
0.01,1,20000,98,1.07827187096679e-09,3.09131025008292e-09,-2.01303837911613e-09
0.01,1,20000,99,1.46614769690738e-09,4.08509518927161e-09,-2.61894749236423e-09
0.01,1,20000,100,1.98764225268579e-09,5.38488002127164e-09,-3.39723776858585e-09
0.01,1,20000,101,2.68664763017688e-09,7.08050356508059e-09,-4.39385593490371e-09
0.01,1,20000,102,3.62073012865073e-09,9.28680922277647e-09,-5.66607909412574e-09
0.01,1,20000,103,4.86514228968573e-09,1.21501927054027e-08,-7.28505041571692e-09
0.01,1,20000,104,6.51793302429848e-09,1.58567460835799e-08,-9.33881305928139e-09
0.01,1,20000,105,8.70643239088612e-09,2.064235494315e-08,-1.19359225522639e-08
0.01,1,20000,106,1.15954503242552e-08,2.68051767234881e-08,-1.5209726399233e-08
0.01,1,20000,107,1.53976037056236e-08,3.47210117692768e-08,-1.93234080636532e-08
0.01,1,20000,108,2.03862755421973e-08,4.48621758119166e-08,-2.44759002697193e-08
0.01,1,20000,109,2.69118158163395e-08,5.78205951789891e-08,-3.09087793626495e-08
0.01,1,20000,110,3.5421718059396e-08,7.43359757367149e-08,-3.89142576773189e-08
0.01,1,20000,111,4.64856513357976e-08,9.53300451561405e-08,-4.88443938203429e-08
0.01,1,20000,112,6.08263966217837e-08,1.21948037294668e-07,-6.11216406728841e-08
0.01,1,20000,113,7.93579321066603e-08,1.55608778957447e-07,-7.62508468507867e-08
0.01,1,20000,114,1.03232136277645e-07,1.98064954551604e-07,-9.48328182739586e-08
0.01,1,20000,115,1.33895833186513e-07,2.51475364429622e-07,-1.17579531243109e-07
0.01,1,20000,116,1.73160193198578e-07,3.18491258943355e-07,-1.45331065744777e-07
0.01,1,20000,117,2.2328482654932e-07,4.02359122824615e-07,-1.79074296275295e-07
0.01,1,20000,118,2.87079267354949e-07,5.07042603274337e-07,-2.19963335919388e-07
0.01,1,20000,119,3.68024942720142e-07,6.37366619091672e-07,-2.6934167637153e-07
0.01,1,20000,120,4.70421154603922e-07,7.99187055345274e-07,-3.28765900741352e-07
0.01,1,20000,121,5.99559069181784e-07,9.99589835346141e-07,-4.00030766164357e-07
0.01,1,20000,122,7.61928206013073e-07,1.24712356450268e-06,-4.85195358489605e-07
0.01,1,20000,123,9.6546044189633e-07,1.55207035289251e-06,-5.86609910996181e-07
0.01,1,20000,124,1.21981708411822e-06,1.92675983710436e-06,-7.06942752986138e-07
0.01,1,20000,125,1.53672511451387e-06,2.38593182706025e-06,-8.49206712546375e-07
0.01,1,20000,126,1.93036924605257e-06,2.94715338782699e-06,-1.01678414177442e-06
0.01,1,20000,127,2.41784695097291e-06,3.63129651511262e-06,-1.21344956413971e-06
0.01,1,20000,128,3.01969409370162e-06,4.46308285885665e-06,-1.44338876515503e-06
0.01,1,20000,129,3.76048920901655e-06,5.47170217199003e-06,-1.71121296297348e-06
0.01,1,20000,130,4.66954477836912e-06,6.69151128824427e-06,-2.02196650987514e-06
0.01,1,20000,131,5.7816940432345e-06,8.16282043831211e-06,-2.38112639507761e-06
0.01,1,20000,132,7.13818191824704e-06,9.93277356963863e-06,-2.79459165139158e-06
0.01,1,20000,133,8.78766838957657e-06,1.20563290112997e-05,-3.2686606217231e-06
0.01,1,20000,134,1.07873523632738e-05,1.4597346289573e-05,-3.80999392629921e-06
0.01,1,20000,135,1.32042232195098e-05,1.76297841183723e-05,-4.4255608988625e-06
0.01,1,20000,136,1.61164462856007e-05,2.12390135275376e-05,-5.1225672419369e-06
0.01,1,20000,137,1.96148870169897e-05,2.55232487172093e-05,-5.90836170021961e-06
0.01,1,20000,138,2.38047768256351e-05,3.05950965056886e-05,-6.79031968005346e-06
0.01,1,20000,139,2.88075211771228e-05,3.65832231415155e-05,-7.77570196439273e-06
0.01,1,20000,140,3.47626477537445e-05,4.3634134752288e-05,-8.87148699854354e-06
0.01,1,20000,141,4.1829889120418e-05,5.19140647830706e-05,-1.00841756626526e-05
0.01,1,20000,142,5.01913904129139e-05,6.16109584236509e-05,-1.14195680107371e-05
0.01,1,20000,143,6.00540280849359e-05,7.29365402333373e-05,-1.28825121484014e-05
0.01,1,20000,144,7.16518207086743e-05,8.6128446952684e-05,-1.44766262440097e-05
0.01,1,20000,145,8.52484072467434e-05,0.000101452402864988,-1.6203995618245e-05
0.01,1,20000,146,0.000101139562146509,0.000119204410073242,-1.80648479267331e-05
0.01,1,20000,147,0.00011965571011806,0.000139712920743972,-2.00572106259122e-05
0.01,1,20000,148,0.000141164396636702,0.000163340952809996,-2.21765561732937e-05
0.01,1,20000,149,0.000166072663178479,0.00019048810491109,-2.44154417326114e-05
0.01,1,20000,150,0.000194829269098894,0.0002215924205969,-2.67631514980064e-05
0.01,1,20000,151,0.000227926695074306,0.000257132046152697,-2.92053510783907e-05
0.01,1,20000,152,0.00026590285634266,0.000297626620988793,-3.17237646461323e-05
0.01,1,20000,153,0.000309342447830649,0.000343638334530699,-3.42958867000499e-05
0.01,1,20000,154,0.000358877837885213,0.000395772579148998,-3.68947412637851e-05
0.01,1,20000,155,0.000415189423003373,0.000454678125079553,-3.94887020761793e-05
0.01,1,20000,156,0.000479005352952754,0.00052104674072113,-4.20413877683761e-05
0.01,1,20000,157,0.000551100534278165,0.000595612180380259,-4.45116461020941e-05
0.01,1,20000,158,0.000632294820676803,0.000679148461684281,-4.68536410074776e-05
0.01,1,20000,159,0.000723450301363768,0.000772467356719758,-4.90170553559903e-05
0.01,1,20000,160,0.000825467603586234,0.000876415024678427,-5.09474210921931e-05
0.01,1,20000,161,0.000939281133091761,0.000991867719589766,-5.25865864980054e-05
0.01,1,20000,162,0.00106585318678243,0.00111972651474214,-5.38733279597163e-05
0.01,1,20000,163,0.00120616688510537,0.00126091099575972,-5.47441106543483e-05
0.01,1,20000,164,0.001361217887989,0.00141635188708006,-5.51339990910583e-05
0.01,1,20000,165,0.00153200487730359,0.00158698259178337,-5.49777144797823e-05
0.01,1,20000,166,0.00171951881079067,0.00177372964231157,-5.42108315209058e-05
0.01,1,20000,167,0.0019247309769612,0.00197750207946851,-5.27711025073141e-05
0.01,1,20000,168,0.00214857990730455,0.00219917979902136,-5.05998917168047e-05
0.01,1,20000,169,0.002391957230875,0.00243960092895914,-4.76436980841352e-05
0.01,1,20000,170,0.00265569258642994,0.0026995483256594,-4.38557392294613e-05
0.01,1,20000,171,0.00294053773818752,0.0029797353034408,-3.9197565253279e-05
0.01,1,20000,172,0.00324715007227034,0.00328079073873383,-3.36406664634909e-05
0.01,1,20000,173,0.00357607568124872,0.0036032437168109,-2.71680355621823e-05
0.01,1,20000,174,0.00392773227307753,0.00394750791504471,-1.97756419671796e-05
0.01,1,20000,175,0.00430239216727562,0.00431386594132558,-1.14737740499523e-05
0.01,1,20000,176,0.00470016566455318,0.00470245386884435,-2.28820429116604e-06
0.01,1,20000,177,0.00512098509537636,0.0051132462281989,7.7388671774585e-06
0.01,1,20000,178,0.00556458986733612,0.00554604173397278,1.85481333633431e-05
0.01,1,20000,179,0.00603051283987571,0.00600045003484928,3.00628050264292e-05
0.01,1,20000,180,0.00651806835724341,0.00647587978329459,4.21885739488254e-05
0.01,1,20000,181,0.00702634226589615,0.00697152832226801,5.48139436281382e-05
0.01,1,20000,182,0.0075541842305547,0.00748637328178724,6.78109487674619e-05
0.01,1,20000,183,0.00810020264343688,0.00801916636709598,8.10362763408994e-05
0.01,1,20000,184,0.00866276239378816,0.00856842960239037,9.43327913977953e-05
0.01,1,20000,185,0.00923998572981426,0.0091324542694511,0.000107531460363165
0.01,1,20000,186,0.00982975640282482,0.00970930274916065,0.000120453653664173
0.01,1,20000,187,0.0104297272343733,0.0102968134359987,0.00013291379837458
0.01,1,20000,188,0.0110373311921816,0.0108926088516275,0.00014472234055409
0.01,1,20000,189,0.0116497960006324,0.0114941070342116,0.000155688966420788
0.01,1,20000,190,0.0122641622477511,0.0120985362259572,0.00016562602179398
0.01,1,20000,191,0.0128773048841827,0.0127029528234594,0.000174352060723224
0.01,1,20000,192,0.0134859579421595,0.0133042624949377,0.000181695447221748
0.01,1,20000,193,0.0140867422353772,0.0138992443065498,0.000187497928827348
0.01,1,20000,194,0.0146761957356609,0.0144845776380741,0.000191618097586733
0.01,1,20000,195,0.0152508062609244,0.0150568716077402,0.000193934653184189
0.01,1,20000,196,0.0158070460527753,0.0156126966683381,0.000194349384437261
0.01,1,20000,197,0.0163414077727151,0.0161486179833957,0.00019278978931939
0.01,1,20000,198,0.016850441404594,0.01666123014459,0.000189211260004023
0.01,1,20000,199,0.0173307915190267,0.0171471927509692,0.0001835987680575
0.01,1,20000,200,0.0177792343338555,0.017603266338215,0.000175967995640503
0.01,1,20000,201,0.018192713994235,0.0180263481230824,0.000166365871152582
0.01,1,20000,202,0.018568377497001,0.0184135070151662,0.000154870481834865
0.01,1,20000,203,0.0189036076968832,0.0187620173458469,0.00014159035103626
0.01,1,20000,204,0.019196053856747,0.0190693907730262,0.000126663083720818
0.01,1,20000,205,0.0194436592400099,0.0193334058401425,0.000110253399867481
0.01,1,20000,206,0.0196446852899837,0.0195521346987728,9.25505912109104e-05
0.01,1,20000,207,0.0197977319972019,0.0197239665453944,7.37654518074872e-05
0.01,1,20000,208,0.0199017541205736,0.0198476273738506,5.41267467229663e-05
0.01,1,20000,209,0.0199560730000284,0.0199221957047382,3.38772952901897e-05
0.01,1,20000,210,0.019960383775581,0.0199471140200716,1.32697555093354e-05
0.01,1,20000,211,0.0199147579086742,0.0199221957047382,-7.43779606404357e-06
0.01,1,20000,212,0.0198196409844412,0.0198476273738506,-2.79863894094255e-05
0.01,1,20000,213,0.0196758458562607,0.0197239665453944,-4.81206891337627e-05
0.01,1,20000,214,0.0194845412748275,0.0195521346987728,-6.75934239452586e-05
0.01,1,20000,215,0.0192472362211066,0.0193334058401425,-8.6169619035896e-05
0.01,1,20000,216,0.0189657602343225,0.0190693907730262,-0.000103630538703658
0.01,1,20000,217,0.0186422400910251,0.0187620173458469,-0.000119777254821842
0.01,1,20000,218,0.0182790732479429,0.0184135070151662,-0.00013443376722326
0.01,1,20000,219,0.017878898508709,0.0180263481230824,-0.000147449614373428
0.01,1,20000,220,0.0174445644117524,0.017603266338215,-0.000158701926462574
0.01,1,20000,221,0.0169790958631612,0.0171471927509692,-0.000168096887808021
0.01,1,20000,222,0.0164856595538104,0.01666123014459,-0.000175570590779613
0.01,1,20000,223,0.0159675287045293,0.0161486179833957,-0.000181089278866432
0.01,1,20000,224,0.0154280476767984,0.0156126966683381,-0.000184648991539643
0.01,1,20000,225,0.0148705969699328,0.0150568716077402,-0.000186274637807467
0.01,1,20000,226,0.0142985590996675,0.0144845776380741,-0.000186018538406611
0.01,1,20000,227,0.0137152858184564,0.0138992443065498,-0.000183958488093411
0.01,1,20000,228,0.013124067095734,0.0133042624949377,-0.00018019539920373
0.01,1,20000,229,0.0125281022281237,0.0127029528234594,-0.00017485059533578
0.01,1,20000,230,0.0119304733964267,0.0120985362259572,-0.000168062829530457
0.01,1,20000,231,0.0113341219295935,0.0114941070342116,-0.000159985104618177
0.01,1,20000,232,0.0107418274771542,0.0108926088516275,-0.00015078137447328
0.01,1,20000,233,0.0101561902321502,0.0102968134359987,-0.000140623203848583
0.01,1,20000,234,0.00957961628777242,0.00970930274916065,-0.000129686461388232
0.01,1,20000,235,0.00901430615391344,0.0091324542694511,-0.000118148115537658
0.01,1,20000,236,0.00846224640576805,0.00856842960239037,-0.00010618319662232
0.01,1,20000,237,0.00792520438646545,0.00801916636709598,-9.39619806305299e-05
0.01,1,20000,238,0.00740472584027917,0.00748637328178724,-8.16474415080738e-05
0.01,1,20000,239,0.0069021353129001,0.00697152832226801,-6.93930093679119e-05
0.01,1,20000,240,0.0064185391210462,0.00647587978329459,-5.73406622483858e-05
0.01,1,20000,241,0.00595483066562803,0.00600045003484928,-4.56193692212484e-05
0.01,1,20000,242,0.00551169784092908,0.00554604173397278,-3.43438930436998e-05
0.01,1,20000,243,0.00508963227677799,0.0051132462281989,-2.36139514209061e-05
0.01,1,20000,244,0.00468894014132092,0.00470245386884435,-1.35137275234275e-05
0.01,1,20000,245,0.00430975422845381,0.00431386594132558,-4.11171287176618e-06
0.01,1,20000,246,0.00395204705584271,0.00394750791504471,4.53914079800652e-06
0.01,1,20000,247,0.00361564470624878,0.0036032437168109,1.24009894378768e-05
0.01,1,20000,248,0.00330024115601686,0.00328079073873383,1.94504172830348e-05
0.01,1,20000,249,0.00300541284946572,0.0029797353034408,2.56775460249201e-05
0.01,1,20000,250,0.00273063329588626,0.0026995483256594,3.10849702268574e-05
0.01,1,20000,251,0.00247528748625375,0.00243960092895914,3.56865572946129e-05
0.01,1,20000,252,0.0022386859489389,0.00219917979902136,3.95061499175418e-05
0.01,1,20000,253,0.00202007828703241,0.00197750207946851,4.25762075638944e-05
0.01,1,20000,254,0.00181866606378445,0.00177372964231157,4.49364214728757e-05
0.01,1,20000,255,0.00163361492655935,0.00158698259178337,4.6632334775978e-05
0.01,1,20000,256,0.00146406588312589,0.00141635188708006,4.77139960458333e-05
0.01,1,20000,257,0.00130914566661875,0.00126091099575972,4.82346708590262e-05
0.01,1,20000,258,0.00116797614675488,0.00111972651474214,4.82496320127306e-05
0.01,1,20000,259,0.00103968276457748,0.000991867719589766,4.78150449877137e-05
0.01,1,20000,260,0.000923401985903989,0.000876415024678427,4.69869612255622e-05
0.01,1,20000,261,0.000818287784614175,0.000772467356719758,4.58204278944166e-05
0.01,1,20000,262,0.000723517180832094,0.000679148461684281,4.43687191478129e-05
0.01,1,20000,263,0.000638294870890612,0.000595612180380259,4.26826905103527e-05
0.01,1,20000,264,0.000561856995731015,0.00052104674072113,4.08102550098849e-05
0.01,1,20000,265,0.000493474102138031,0.000454678125079553,3.87959770584785e-05
0.01,1,20000,266,0.000432453357036298,0.000395772579148998,3.66807778872995e-05
0.01,1,20000,267,0.000378140079102548,0.000343638334530699,3.45017445718499e-05
0.01,1,20000,268,0.000329918654326879,0.000297626620988793,3.22920333380863e-05
0.01,1,20000,269,0.000287212903052348,0.000257132046152697,3.00808568996511e-05
0.01,1,20000,270,0.000249485965611411,0.0002215924205969,2.7893545014511e-05
0.01,1,20000,271,0.00021623977214236,0.00019048810491109,2.57516672312695e-05
0.01,1,20000,272,0.000187014159690953,0.000163340952809996,2.36732068809566e-05
0.01,1,20000,273,0.000161385696459738,0.000139712920743972,2.16727757157655e-05
0.01,1,20000,274,0.00013896626922985,0.000119204410073242,1.97618591566083e-05
0.01,1,20000,275,0.000119401485706349,0.000101452402864988,1.79490828413604e-05
0.01,1,20000,276,0.000102368938974136,8.6128446952684e-05,1.62404920214515e-05
0.01,1,20000,277,8.75763765282043e-05,7.29365402333373e-05,1.4639836294867e-05
0.01,1,20000,278,7.47598115746828e-05,6.16109584236509e-05,1.31488531510319e-05
0.01,1,20000,279,6.36816095870567e-05,5.19140647830706e-05,1.17675448039862e-05
0.01,1,20000,280,5.41285785281844e-05,4.3634134752288e-05,1.04944437758964e-05
0.01,1,20000,281,4.59100867807706e-05,3.65832231415155e-05,9.32686363925505e-06
0.01,1,20000,282,3.88562287195767e-05,3.05950965056886e-05,8.26113221388806e-06
0.01,1,20000,283,3.28160540468144e-05,2.55232487172093e-05,7.29280532960508e-06
0.01,1,20000,284,2.76558735243895e-05,2.12390135275376e-05,6.41685999685188e-06
0.01,1,20000,285,2.32576505883076e-05,1.76297841183723e-05,5.62786646993532e-06
0.01,1,20000,286,1.95174855273059e-05,1.4597346289573e-05,4.92013923773291e-06
0.01,1,20000,287,1.63441964470508e-05,1.20563290112997e-05,4.28786743575113e-06
0.01,1,20000,288,1.36579991136278e-05,9.93277356963863e-06,3.72522554398913e-06
0.01,1,20000,289,1.13892859606621e-05,8.16282043831211e-06,3.22646552234994e-06
0.01,1,20000,290,9.47750303412979e-06,6.69151128824427e-06,2.78599174588552e-06
0.01,1,20000,291,7.87012241559491e-06,5.47170217199003e-06,2.39842024360488e-06
0.01,1,20000,292,6.52170668405527e-06,4.46308285885665e-06,2.05862382519862e-06
0.01,1,20000,293,5.39306122350683e-06,3.63129651511262e-06,1.76176470839421e-06
0.01,1,20000,294,4.45046963211721e-06,2.94715338782699e-06,1.50331624429021e-06
0.01,1,20000,295,3.66500711422161e-06,2.38593182706025e-06,1.27907528716136e-06
0.01,1,20000,296,3.01192651374641e-06,1.92675983710436e-06,1.08516667664205e-06
0.01,1,20000,297,2.47011155389664e-06,1.55207035289251e-06,9.18041201004125e-07
0.01,1,20000,298,2.02159186134183e-06,1.24712356450268e-06,7.7446829683915e-07
0.01,1,20000,299,1.65111445378042e-06,9.99589835346141e-07,6.51524618434278e-07
0.01,1,20000,300,1.34576653962836e-06,7.99187055345274e-07,5.46579484283091e-07
0.01,1,20000,301,1.09464470157645e-06,6.37366619091672e-07,4.57278082484779e-07
0.01,1,20000,302,8.88565797746087e-07,5.07042603274337e-07,3.8152319447175e-07
0.01,1,20000,303,7.19815202891809e-07,4.02359122824615e-07,3.17456080067194e-07
0.01,1,20000,304,5.81928317098996e-07,3.18491258943355e-07,2.63437058155641e-07
0.01,1,20000,305,4.6950158194766e-07,2.51475364429622e-07,2.18026217518038e-07
0.01,1,20000,306,3.78029556953937e-07,1.98064954551604e-07,1.79964602402333e-07
0.01,1,20000,307,3.03764916468195e-07,1.55608778957447e-07,1.48156137510748e-07
0.01,1,20000,308,2.43598524571701e-07,1.21948037294668e-07,1.21650487277033e-07
0.01,1,20000,309,1.94957029450781e-07,9.53300451561405e-08,9.96269842946405e-08
0.01,1,20000,310,1.55715686779177e-07,7.43359757367149e-08,8.13797110424618e-08
0.01,1,20000,311,1.24124372166809e-07,5.78205951789891e-08,6.63037769878197e-08
0.01,1,20000,312,9.87449747868711e-08,4.48621758119166e-08,5.38827989749545e-08
0.01,1,20000,313,7.83985774907552e-08,3.47210117692768e-08,4.36775657214785e-08
0.01,1,20000,314,6.2121023137568e-08,2.68051767234881e-08,3.53158464140798e-08
0.01,1,20000,315,4.91256429377049e-08,2.064235494315e-08,2.84832879945549e-08
0.01,1,20000,316,3.87720810484691e-08,1.58567460835799e-08,2.29153349648892e-08
0.01,1,20000,317,3.0540291374772e-08,1.21501927054027e-08,1.83900986693694e-08
0.01,1,20000,318,2.40089085677531e-08,9.28680922277647e-09,1.47220993449766e-08
0.01,1,20000,319,1.88373067118357e-08,7.08050356508059e-09,1.17568031467551e-08
0.01,1,20000,320,1.47507573210855e-08,5.38488002127164e-09,9.36587729981388e-09
0.01,1,20000,321,1.15281842105704e-08,4.08509518927161e-09,7.44308902129876e-09
0.01,1,20000,322,8.992087729318e-09,3.09131025008292e-09,5.90077747923508e-09
0.01,1,20000,323,7.00027585909499e-09,2.33344339879713e-09,4.66683246029786e-09
0.01,1,20000,324,5.4390958622859e-09,1.75697754741022e-09,3.68211831487568e-09
0.01,1,20000,325,4.21790850093525e-09,1.31962160178529e-09,2.89828689914996e-09
0.01,1,20000,326,3.26458827302992e-09,9.88659820312234e-10,2.27592845271769e-09
0.01,1,20000,327,2.5218684707296e-09,7.38853979324003e-10,1.7830144914056e-09
0.01,1,20000,328,1.94437993105621e-09,5.50788181234115e-10,1.39359174982209e-09
0.01,1,20000,329,1.49625781946649e-09,4.09566920173959e-10,1.08669089929253e-09
0.01,1,20000,330,1.14921228478948e-09,3.03794142491164e-10,8.45418142298315e-10
0.01,1,20000,331,8.80976905102247e-10,2.24775091550662e-10,6.56201813551584e-10
0.01,1,20000,332,6.74063998482705e-10,1.65894212177365e-10,5.08169786305341e-10
0.01,1,20000,333,5.1476853071702e-10,1.22131741340353e-10,3.92636789376667e-10
0.01,1,20000,334,3.92372889850258e-10,8.96891953982043e-11,3.02683694452054e-10
0.01,1,20000,335,2.98513541396098e-10,6.57000909077942e-11,2.32813450488303e-10
0.01,1,20000,336,2.26677810113213e-10,4.80071668515617e-11,1.78670643261652e-10
0.01,1,20000,337,1.71804997003973e-10,3.4991329742899e-11,1.36813667261074e-10
0.01,1,20000,338,1.29970941100125e-10,2.54407014082253e-11,1.045302396919e-10
0.01,1,20000,339,9.81391514334661e-11,1.84506630806228e-11,7.96884883528433e-11
0.01,1,20000,340,7.39649152669579e-11,1.33477830738143e-11,6.06171321931437e-11
0.01,1,20000,341,5.56414608012893e-11,9.63209073967953e-12,4.60093700616098e-11
0.01,1,20000,342,4.17794226748121e-11,6.93339997082656e-12,3.48460227039855e-11
0.01,1,20000,343,3.13126158676055e-11,4.97835895274852e-12,2.6334256914857e-11
0.01,1,20000,344,2.34245425689707e-11,3.56566406199804e-12,1.98588785069727e-11
0.01,1,20000,345,1.74911990861282e-11,2.54746897942184e-12,1.49437301067064e-11
0.01,1,20000,346,1.30366672502629e-11,1.81548075089589e-12,1.1221186499367e-11
0.01,1,20000,347,9.69870935152513e-12,1.29059107249933e-12,8.4081182790258e-12
0.01,1,20000,348,7.2021722322549e-12,9.15166108507789e-13,6.28700612374711e-12
0.01,1,20000,349,5.33847333559927e-12,6.47329596915959e-13,4.69114373868332e-12
0.01,1,20000,350,3.94981256883798e-12,4.5673602041823e-13,3.49307654841975e-12
0.01,1,20000,351,2.91704779044536e-12,3.21454364537682e-13,2.59559342590768e-12
0.01,1,20000,352,2.15040398403074e-12,2.25677183860276e-13,1.92472680017047e-12
0.01,1,20000,353,1.58236921497618e-12,1.58041173073453e-13,1.42432804190273e-12
0.01,1,20000,354,1.16227433852486e-12,1.10399498156857e-13,1.051874840368e-12
0.01,1,20000,355,8.52166232172707e-13,7.69268975280637e-14,7.75239334644644e-13
0.01,1,20000,356,6.23672546964254e-13,5.34691893577082e-14,5.70203357606546e-13
0.01,1,20000,357,4.55624796432924e-13,3.70717634985217e-14,4.18553032934402e-13
0.01,1,20000,358,3.32260160537377e-13,2.56387681839834e-14,3.06621392353394e-13
0.01,1,20000,359,2.41863958638826e-13,1.76874542380495e-14,2.24176504400776e-13
0.01,1,20000,360,1.75746942250672e-13,1.2171602665145e-14,1.63575339585527e-13
0.01,1,20000,361,1.27476430891076e-13,8.35496178519188e-15,1.19121469105884e-13
0.01,1,20000,362,9.22994828585115e-14,5.72078245090068e-15,8.65787004076108e-14
0.01,1,20000,363,6.67110300874349e-14,3.90733512588501e-15,6.28036949615499e-14
0.01,1,20000,364,4.81312099780844e-14,2.66207418612648e-15,4.54691357919579e-14
0.01,1,20000,365,3.46647768576301e-14,1.80914722555626e-15,3.28556296320738e-14
0.01,1,20000,366,2.49220792059858e-14,1.22642764284821e-15,2.36956515631376e-14
0.01,1,20000,367,1.78861183870144e-14,8.29323963531155e-16,1.70567944234832e-14
0.01,1,20000,368,1.2814026666769e-14,5.59397810717593e-16,1.22546288560514e-14
0.01,1,20000,369,9.16420006335773e-15,3.76384364451549e-16,8.78781569890618e-15
0.01,1,20000,370,6.54251358536231e-15,2.52613554176845e-16,6.28990003118547e-15
0.01,1,20000,371,4.66270082117631e-15,1.69120396588934e-16,4.49358042458738e-15
0.01,1,20000,372,3.31722569157178e-15,1.12940470157715e-16,3.20428522141406e-15
0.01,1,20000,373,2.35591027352338e-15,7.52345725854099e-17,2.28067570093797e-15
0.01,1,20000,374,1.67028439992651e-15,4.99918937424859e-17,1.62029250618403e-15
0.01,1,20000,375,1.18214772179705e-15,3.31356872798438e-17,1.14901203451721e-15
0.01,1,20000,376,8.35226774256598e-16,2.19081971775468e-17,8.13318577079051e-16
0.01,1,20000,377,5.89101436973258e-16,1.44487927901495e-17,5.74652644183109e-16
0.01,1,20000,378,4.14792075286433e-16,9.50540768953982e-18,4.05286667596893e-16
0.01,1,20000,379,2.91559492640954e-16,6.23769589835372e-18,2.85321796742601e-16
0.01,1,20000,380,2.04588847609915e-16,4.08311781583477e-18,2.00505729794081e-16
0.01,1,20000,381,1.43316576196962e-16,2.6660843679117e-18,1.4065049182905e-16
0.01,1,20000,382,1.00224119373506e-16,1.7364813742831e-18,9.8487637999223e-17
0.01,1,20000,383,6.99698725924144e-17,1.12818581276032e-18,6.88416867796541e-17
0.01,1,20000,384,4.87657126471262e-17,7.31148178750324e-19,4.80345644683758e-17
0.01,1,20000,385,3.39300397906348e-17,4.72655194095143e-19,3.34573845965397e-17
0.01,1,20000,386,2.3567965998761e-17,3.04787906478123e-19,2.32631780922829e-17
0.01,1,20000,387,1.63429108284932e-17,1.96049297628206e-19,1.6146861530865e-17
0.01,1,20000,388,1.13137850244727e-17,1.25790288847571e-19,1.11879947356252e-17
0.01,1,20000,389,7.8191448940811e-18,8.05087718940794e-20,7.73863612218702e-18
0.01,1,20000,390,5.39492046272185e-18,5.13988678583446e-20,5.3435215948635e-18
0.01,1,20000,391,3.7160957255131e-18,3.27324239951094e-20,3.68336330151799e-18
0.01,1,20000,392,2.55544424667477e-18,2.07929948955757e-20,2.53465125177919e-18
0.01,1,20000,393,1.75438620382217e-18,1.31755935693714e-20,1.7412106102528e-18
0.01,1,20000,394,1.20244403627905e-18,8.32794016189958e-21,1.19411609611715e-18
0.01,1,20000,395,8.22786227226812e-19,5.25072491498518e-21,8.17535502311827e-19
0.01,1,20000,396,5.62073636830652e-19,3.30228993036968e-21,5.58771346900282e-19
0.01,1,20000,397,3.83340818805596e-19,2.07169299734801e-21,3.81269125808248e-19
0.01,1,20000,398,2.61014206178638e-19,1.29643235055019e-21,2.59717773828088e-19
0.01,1,20000,399,1.77432033343433e-19,8.09260951081463e-22,1.76622772392351e-19
0.01,1,20000,400,1.20417689669476e-19,5.03896769715e-22,1.19913792899761e-19
0.01,1,25000,0,2.15024069799742e-10,7.81840362266594e-32,2.15024069799742e-10
0.01,1,25000,1,1.67465857040619e-10,1.31376268719544e-31,1.67465857040619e-10
0.01,1,25000,2,1.30223899950603e-10,2.20316574360711e-31,1.30223899950603e-10
0.01,1,25000,3,1.01107083867116e-10,3.68730301434219e-31,1.01107083867116e-10
0.01,1,25000,4,7.8379083185336e-11,6.15888220221243e-31,7.8379083185336e-11
0.01,1,25000,5,6.06663295230582e-11,1.02665937642313e-30,6.06663295230582e-11
0.01,1,25000,6,4.68840847844102e-11,1.70797798750483e-30,4.68840847844102e-11
0.01,1,25000,7,3.61771692359562e-11,2.83576064811545e-30,3.61771692359562e-11
0.01,1,25000,8,2.78725284520141e-11,4.69881433341998e-30,2.78725284520141e-11
0.01,1,25000,9,2.14413452088693e-11,7.77031114054186e-30,2.14413452088693e-11
0.01,1,25000,10,1.64688317394595e-11,1.28238947423012e-29,1.64688317394595e-11
0.01,1,25000,11,1.26301899165352e-11,2.11218955748078e-29,1.26301899165352e-11
0.01,1,25000,12,9.67151513194319e-12,3.47198027080997e-29,9.67151513194319e-12
0.01,1,25000,13,7.39465496908492e-12,5.69577752030454e-29,7.39465496908492e-12
0.01,1,25000,14,5.64522549700451e-12,9.32524384150973e-29,5.64522549700451e-12
0.01,1,25000,15,4.30314388130337e-12,1.52369761377239e-28,4.30314388130337e-12
0.01,1,25000,16,3.27516244154685e-12,2.48467041610244e-28,3.27516244154685e-12
0.01,1,25000,17,2.48899162297215e-12,4.04361875070088e-28,2.48899162297215e-12
0.01,1,25000,18,1.88868200693077e-12,6.56754452018229e-28,1.88868200693077e-12
0.01,1,25000,19,1.43100210279245e-12,1.06455293152616e-27,1.43100210279245e-12
0.01,1,25000,20,1.08260224278534e-12,1.72211799964643e-27,1.08260224278534e-12
0.01,1,25000,21,8.17797902584614e-13,2.78028913703912e-27,8.17797902584611e-13
0.01,1,25000,22,6.16840210905334e-13,4.47969484173815e-27,6.1684021090533e-13
0.01,1,25000,23,4.64568938398057e-13,7.20341290591878e-27,4.6456893839805e-13
0.01,1,25000,24,3.49365212538568e-13,1.15600469935675e-26,3.49365212538556e-13
0.01,1,25000,25,2.62338682705357e-13,1.85145133221782e-26,2.62338682705339e-13
0.01,1,25000,26,1.96697743836436e-13,2.95935054985458e-26,1.96697743836407e-13
0.01,1,25000,27,1.47262434622699e-13,4.7207601503309e-26,1.47262434622652e-13
0.01,1,25000,28,1.10088335762447e-13,7.51551714165962e-26,1.10088335762372e-13
0.01,1,25000,29,8.21766714878931e-14,1.19409042201684e-25,8.21766714877737e-14
0.01,1,25000,30,6.12512380085164e-14,1.89342004690033e-25,6.12512380083271e-14
0.01,1,25000,31,4.55870461219419e-14,2.99631962068182e-25,4.55870461216423e-14
0.01,1,25000,32,3.38789124031631e-14,4.73217412338613e-25,3.38789124026898e-14
0.01,1,25000,33,2.51408560155594e-14,7.45872689716342e-25,2.51408560148136e-14
0.01,1,25000,34,1.86292091835163e-14,1.17327578098419e-24,1.8629209182343e-14
0.01,1,25000,35,1.37839502641613e-14,1.84190368730037e-24,1.37839502623194e-14
0.01,1,25000,36,1.01840155618888e-14,2.88579276115381e-24,1.0184015559003e-14
0.01,1,25000,37,7.51331585451198e-15,4.51226682611735e-24,7.51331584999972e-15
0.01,1,25000,38,5.53493632029696e-15,7.04134814313711e-24,5.53493631325561e-15
0.01,1,25000,39,4.07158168237128e-15,1.09660007945906e-23,4.07158167140528e-15
0.01,1,25000,40,2.99077929367255e-15,1.70440240968867e-23,2.99077927662852e-15
0.01,1,25000,41,2.19370090852799e-15,2.64379280962494e-23,2.19370088209006e-15
0.01,1,25000,42,1.60673200807261e-15,4.09273952541773e-23,1.60673196714521e-15
0.01,1,25000,43,1.17512373318177e-15,6.32313137668044e-23,1.17512366995046e-15
0.01,1,25000,44,8.5822074881285e-16,9.74948591006962e-23,8.58220651317991e-16
0.01,1,25000,45,6.25879633266958e-16,1.50024655327823e-22,6.25879483242303e-16
0.01,1,25000,46,4.55785137676949e-16,2.3039601886515e-22,4.5578490728093e-16
0.01,1,25000,47,3.31442474171138e-16,3.53117071564289e-22,3.31442121054066e-16
0.01,1,25000,48,2.40677758410129e-16,5.40124489684323e-22,2.40677218285639e-16
0.01,1,25000,49,1.74519788048104e-16,8.24518557594501e-22,1.74518963529547e-16
0.01,1,25000,50,1.26367516926742e-16,1.25614105975148e-21,1.26366260785683e-16
0.01,1,25000,51,9.13712202634805e-17,1.90988755855509e-21,9.1369310375922e-17
0.01,1,25000,52,6.59732321624731e-17,2.89806818077493e-21,6.59703340942923e-17
0.01,1,25000,53,4.75676484125814e-17,4.38874965749621e-21,4.75632596629239e-17
0.01,1,25000,54,3.42485768912189e-17,6.63291496492639e-21,3.4241943976254e-17
0.01,1,25000,55,2.46241885865377e-17,1.00045938294919e-20,2.46141839927082e-17
0.01,1,25000,56,1.76795869382999e-17,1.50600323502316e-20,1.76645269059497e-17
0.01,1,25000,57,1.26758380859173e-17,2.26247484311547e-20,1.26532133374862e-17
0.01,1,25000,58,9.07574381600466e-18,3.39213418859857e-20,9.04182247411867e-18
0.01,1,25000,59,6.48936101100843e-18,5.07567376384769e-20,6.43860427336995e-18
0.01,1,25000,60,4.63407942423742e-18,7.57959128082597e-20,4.55828351142916e-18
0.01,1,25000,61,3.30541718525847e-18,1.12961197011185e-19,3.19245598824729e-18
0.01,1,25000,62,2.35569640284775e-18,1.6801350624028e-19,2.18768289660747e-18
0.01,1,25000,63,1.67850684570601e-18,2.49396592524264e-19,1.42911025318175e-18
0.01,1,25000,64,1.1974196322257e-18,3.69460698401503e-19,8.27958933824197e-19
0.01,1,25000,65,8.57824598137244e-19,5.46232314923268e-19,3.11592283213976e-19
0.01,1,25000,66,6.21071824803715e-19,8.05968266754469e-19,-1.84896441950754e-19
0.01,1,25000,67,4.60327966641789e-19,1.18683380296945e-18,-7.26505836327662e-19
0.01,1,25000,68,3.5773318298595e-19,1.74418795401437e-18,-1.38645477102842e-18
0.01,1,25000,69,3.02581647730667e-19,2.55816215246282e-18,-2.25558050473215e-18
0.01,1,25000,70,2.90361653588105e-19,3.74450372491725e-18,-3.45414207132914e-18
0.01,1,25000,71,3.22592352214085e-19,5.47005729878623e-18,-5.14746494657214e-18
0.01,1,25000,72,4.07494768763936e-19,7.97482010840793e-18,-7.567325339644e-18
0.01,1,25000,73,5.61647267415797e-19,1.16032947908581e-17,-1.10416475234423e-17
0.01,1,25000,74,8.12914726672861e-19,1.68489626562684e-17,-1.60360479295955e-17
0.01,1,25000,75,1.20512494263222e-18,2.44172314855877e-17,-2.32121065429555e-17
0.01,1,25000,76,1.80522020788048e-18,3.53143392136621e-17,-3.35091190057816e-17
0.01,1,25000,77,2.71397110276495e-18,5.09726437359276e-17,-4.82586726331626e-17
0.01,1,25000,78,4.08185157058565e-18,7.34268073340027e-17,-6.93449557634171e-17
0.01,1,25000,79,6.13240736086174e-18,1.05561011252958e-16,-9.9428603892096e-17
0.01,1,25000,80,9.19649995385847e-18,1.51455081839134e-16,-1.42258581885276e-16
0.01,1,25000,81,1.37623106443374e-17,2.16868047267231e-16,-2.03105736622893e-16
0.01,1,25000,82,2.0548135481448e-17,3.09912218570037e-16,-2.89364083088589e-16
0.01,1,25000,83,3.06080595890053e-17,4.41990810650041e-16,-4.11382751061036e-16
0.01,1,25000,84,4.54849452424449e-17,6.29099285909669e-16,-5.83614340667224e-16
0.01,1,25000,85,6.74313279228262e-17,8.93627562375096e-16,-8.2619623445227e-16
0.01,1,25000,86,9.97275216171057e-17,1.26685039026834e-15,-1.16712286865123e-15
0.01,1,25000,87,1.47138508012671e-16,1.7923611206937e-15,-1.64522261268103e-15
0.01,1,25000,88,2.16568436275422e-16,2.53079583482373e-15,-2.31422739854831e-15
0.01,1,25000,89,3.17995742214038e-16,3.56631843324718e-15,-3.24832269103314e-15
0.01,1,25000,90,4.65805695974376e-16,5.01550348654367e-15,-4.54969779056929e-15
0.01,1,25000,91,6.80684297866739e-16,7.03947654142958e-15,-6.35879224356284e-15
0.01,1,25000,92,9.92302917552988e-16,9.86046977985145e-15,-8.86816686229846e-15
0.01,1,25000,93,1.44311381307857e-15,1.378434892252e-14,-1.23412351094415e-14
0.01,1,25000,94,2.09370206393167e-15,1.9231197160419e-14,-1.71374950964873e-14
0.01,1,25000,95,3.03031224711874e-15,2.67767456841189e-14,-2.37464334370001e-14
0.01,1,25000,96,4.37540560937209e-15,3.72083728473527e-14,-3.28329672379806e-14
0.01,1,25000,97,6.30242877705409e-15,5.16006264281843e-14,-4.52981976511302e-14
0.01,1,25000,98,9.0564194294726e-15,7.14168483284113e-14,-6.23604288989387e-14
0.01,1,25000,99,1.29826796896477e-14,9.86456180669172e-14,-8.56629383772695e-14
0.01,1,25000,100,1.85665701577149e-14,1.35983535035959e-13,-1.17416964878244e-13
0.01,1,25000,101,2.64885909562561e-14,1.87079528491128e-13,-1.60590937534872e-13
0.01,1,25000,102,3.77004196643581e-14,2.5686067377292e-13,-2.19160254108562e-13
0.01,1,25000,103,5.35296002929432e-14,3.51965729856031e-13,-2.98436129563088e-13
0.01,1,25000,104,7.58232948715404e-14,4.81320713761969e-13,-4.05497418890429e-13
0.01,1,25000,105,1.07145146367908e-13,6.56901322075965e-13,-5.49756175708057e-13
0.01,1,25000,106,1.51044155441347e-13,8.94740571933619e-13,-7.43696416492272e-13
0.01,1,25000,107,2.12420931674199e-13,1.21625751522553e-12,-1.00383658355133e-12
0.01,1,25000,108,2.98025247136864e-13,1.65000535524917e-12,-1.35198010811231e-12
0.01,1,25000,109,4.17130151193291e-13,2.23396611687909e-12,-1.8168359656858e-12
0.01,1,25000,110,5.82442846971282e-13,3.01855588580643e-12,-2.43611303883515e-12
0.01,1,25000,111,8.11332172903971e-13,4.07055166100076e-12,-3.25921948809679e-12
0.01,1,25000,112,1.12747827832672e-12,5.4782107025687e-12,-4.35073242424198e-12
0.01,1,25000,113,1.56308372354125e-12,7.35792919305727e-12,-5.79484546951602e-12
0.01,1,25000,114,2.16182905921434e-12,9.86288313934045e-12,-7.7010540801261e-12
0.01,1,25000,115,2.98281285442116e-12,1.31942157594476e-11,-1.02114029050264e-11
0.01,1,25000,116,4.10578982873638e-12,1.76154883248589e-11,-1.35096984961226e-11
0.01,1,25000,117,5.6381158477285e-12,2.34713031762401e-11,-1.78331873285116e-11
0.01,1,25000,118,7.72393090536061e-12,3.1211247714291e-11,-2.34873168089304e-11
0.01,1,25000,119,1.05562681607716e-11,4.14206079483896e-11,-3.08643397876181e-11
0.01,1,25000,120,1.43929777573566e-11,5.48596734744339e-11,-4.04666957170774e-11
0.01,1,25000,121,1.95776098911141e-11,7.25139192807917e-11,-5.29363093896776e-11
0.01,1,25000,122,2.65667264890747e-11,9.56579237471641e-11,-6.90911972580893e-11
0.01,1,25000,123,3.5965522278868e-11,1.2593659090729e-10,-8.99710686284216e-11
0.01,1,25000,124,4.85741553320198e-11,1.65468117625481e-10,-1.16893962293461e-10
0.01,1,25000,125,6.54478404939535e-11,2.16974217585757e-10,-1.51526377091804e-10
0.01,1,25000,126,8.79745783597005e-11,2.83944425318136e-10,-1.95969846958436e-10
0.01,1,25000,127,1.17975416342129e-10,3.708429039756e-10,-2.5286748763347e-10
0.01,1,25000,128,1.57833413744711e-10,4.833681281894e-10,-3.25534714444689e-10
0.01,1,25000,129,2.10659065994667e-10,6.28778176238452e-10,-4.18119110243786e-10
0.01,1,25000,130,2.80501901938555e-10,8.16297223813702e-10,-5.35795321875146e-10
0.01,1,25000,131,3.72620383067493e-10,1.05762227796032e-09,-6.85001894892827e-10
0.01,1,25000,132,4.93825200625211e-10,1.36755333246872e-09,-8.73728131843504e-10
0.01,1,25000,133,6.5291469916561e-10,1.7647750900477e-09,-1.11186039088209e-09
0.01,1,25000,134,8.6122558672153e-10,2.27282432584676e-09,-1.41159873912523e-09
0.01,1,25000,135,1.13332747858041e-09,2.92128402592409e-09,-1.78795654734369e-09
0.01,1,25000,136,1.4878963457404e-09,3.74725381058824e-09,-2.25935746484784e-09
0.01,1,25000,137,1.94880981129349e-09,4.79715605859384e-09,-2.84834624730035e-09
0.01,1,25000,138,2.54651670114198e-09,6.12894882322944e-09,-3.58243212208745e-09
0.01,1,25000,139,3.31974458775746e-09,7.81483034332761e-09,-4.49508575557015e-09
0.01,1,25000,140,4.3176225836985e-09,9.94453599924941e-09,-5.62691341555092e-09
0.01,1,25000,141,5.60231270323506e-09,1.26293472753321e-08,-7.027034572097e-09
0.01,1,25000,142,7.25226211754216e-09,1.60069540274191e-08,-8.75469190987694e-09
0.01,1,25000,143,9.36621102936726e-09,2.02473365099867e-08,-1.08811254806194e-08
0.01,1,25000,144,1.20681171819286e-08,2.55598626159139e-08,-1.34917454339853e-08
0.01,1,25000,145,1.55131887365984e-08,3.22018290757121e-08,-1.66886403391137e-08
0.01,1,25000,146,1.9895252993499e-08,4.04887134299021e-08,-2.05934604364031e-08
0.01,1,25000,147,2.54557298207427e-08,5.08064469263159e-08,-2.53507171055732e-08
0.01,1,25000,148,3.24945263723863e-08,6.36260676148217e-08,-3.11315412424354e-08
0.01,1,25000,149,4.13832244138354e-08,7.95211683309211e-08,-3.81379439170857e-08
0.01,1,25000,150,5.2580994058392e-08,9.9188616484987e-08,-4.6607622426595e-08
0.01,1,25000,151,6.66537386781323e-08,1.23473092091876e-07,-5.68193534137439e-08
0.01,1,25000,152,8.42970559027863e-08,1.53396067733055e-07,-6.90990118302691e-08
0.01,1,25000,153,1.06363689643859e-07,1.90189939526641e-07,-8.38262498827819e-08
0.01,1,25000,154,1.33896248597952e-07,2.35338111991213e-07,-1.01441863393261e-07
0.01,1,25000,155,1.68166078218237e-07,2.90621942114772e-07,-1.22455863896535e-07
0.01,1,25000,156,2.10719296087442e-07,3.58175559022499e-07,-1.47456262935057e-07
0.01,1,25000,157,2.63431135192112e-07,4.40549695235503e-07,-1.77118560043391e-07
0.01,1,25000,158,3.28569885768766e-07,5.40785793263469e-07,-2.12215907494703e-07
0.01,1,25000,159,4.08871883863601e-07,6.62501786546459e-07,-2.53629902682858e-07
0.01,1,25000,160,5.07629162863967e-07,8.09991095608912e-07,-3.02361932744945e-07
0.01,1,25000,161,6.28791561949212e-07,9.88336527401473e-07,-3.59544965452261e-07
0.01,1,25000,162,7.77085271106542e-07,1.20354091645512e-06,-4.26455645348575e-07
0.01,1,25000,163,9.58149983933598e-07,1.46267649845782e-06,-5.04526514524223e-07
0.01,1,25000,164,1.1786970241282e-06,1.77405515746429e-06,-5.95358133336091e-07
0.01,1,25000,165,1.44669100585078e-06,2.14742183386622e-06,-7.0073082801544e-07
0.01,1,25000,166,1.7715577777454e-06,2.59417351756633e-06,-8.22615739820934e-07
0.01,1,25000,167,2.1644215801666e-06,3.12760637493191e-06,-9.6318479476531e-07
0.01,1,25000,168,2.63837450900791e-06,3.76319366377901e-06,-1.1248191547711e-06
0.01,1,25000,169,3.20878152042263e-06,4.51889717186432e-06,-1.3101156514417e-06
0.01,1,25000,170,3.89362432063815e-06,5.41551496442732e-06,-1.52189064378917e-06
0.01,1,25000,171,4.7138875549625e-06,6.47706823780667e-06,-1.76318068284417e-06
0.01,1,25000,172,5.69399072996643e-06,7.73123004095225e-06,-2.03723931098582e-06
0.01,1,25000,173,6.86226926177919e-06,9.20979853604417e-06,-2.34752927426498e-06
0.01,1,25000,174,8.25150792972312e-06,1.09492173141555e-05,-2.69770938443234e-06
0.01,1,25000,175,9.89952981570496e-06,1.29911450522738e-05,-3.09161523656885e-06
0.01,1,25000,176,1.18498435129573e-05,1.53830764840799e-05,-3.53323297112259e-06
0.01,1,25000,177,1.41523509796874e-05,1.81790162486262e-05,-4.02666526893873e-06
0.01,1,25000,178,1.68641178807726e-05,2.14402066685723e-05,-4.57608878779967e-06
0.01,1,25000,179,2.00502075910398e-05,2.52359098834129e-05,-5.18570229237309e-06
0.01,1,25000,180,2.37845792148465e-05,2.96442440143865e-05,-5.85966479954006e-06
0.01,1,25000,181,2.81510489978226e-05,3.47530721587281e-05,-6.60202316090544e-06
0.01,1,25000,182,3.32443133586601e-05,4.06609419952938e-05,-7.41662863663377e-06
0.01,1,25000,183,3.91710304449269e-05,4.74780726268385e-05,-8.30704218191158e-06
0.01,1,25000,184,4.60509556131061e-05,5.53273839841124e-05,-9.27642837100625e-06
0.01,1,25000,185,5.40181245489151e-05,6.43455626739323e-05,-1.03274381250172e-05
0.01,1,25000,186,6.32220758831014e-05,7.46841565710936e-05,-1.14620806879922e-05
0.01,1,25000,187,7.38291031286311e-05,8.65106887396685e-05,-1.26815856110374e-05
0.01,1,25000,188,8.6023523581136e-05,0.000100009779434197,-1.39862558530609e-05
0.01,1,25000,189,0.000100008949505108,0.000115384262991277,-1.53753134861697e-05
0.01,1,25000,190,0.000116009544499425,0.000132856284397711,-1.68467398982858e-05
0.01,1,25000,191,0.00013427124542977,0.000152668358238342,-1.83971128085719e-05
0.01,1,25000,192,0.000155062927771781,0.000175084370616127,-2.00214428443459e-05
0.01,1,25000,193,0.000178677489673729,0.000200390502535156,-2.17130128614267e-05
0.01,1,25000,194,0.000205432827574508,0.000228896051186309,-2.34632236118013e-05
0.01,1,25000,195,0.000235672673861699,0.000260934123621932,-2.52614497602338e-05
0.01,1,25000,196,0.00026976726489167,0.000296862175502512,-2.70949106108426e-05
0.01,1,25000,197,0.000308113805790521,0.000337062366001187,-2.89485602106665e-05
0.01,1,25000,198,0.000351136696887223,0.00038194169862129,-3.08050017340665e-05
0.01,1,25000,199,0.00039928748547751,0.000431931916681037,-3.26444312035277e-05
0.01,1,25000,200,0.000453044505959626,0.000487489121612795,-3.44446156531686e-05
0.01,1,25000,201,0.00051291217130144,0.000549093082077465,-3.61809107760248e-05
0.01,1,25000,202,0.000579419879370827,0.000617246202271939,-3.78263229011115e-05
0.01,1,25000,203,0.000653120498961602,0.000692472118771044,-3.93516198094413e-05
0.01,1,25000,204,0.000734588402442513,0.000775313896852626,-4.07254944101131e-05
0.01,1,25000,205,0.000824417014904681,0.000866331799556608,-4.1914784651927e-05
0.01,1,25000,206,0.000923215853529194,0.000966100605769083,-4.28847522398888e-05
0.01,1,25000,207,0.0010316070356726,0.00107520645743364,-4.35994217610385e-05
0.01,1,25000,208,0.00115022123988824,0.00119424322059451,-4.40219807062707e-05
0.01,1,25000,209,0.00127969311076097,0.00132380835037628,-4.41152396153145e-05
0.01,1,25000,210,0.00142065610600532,0.00146449825619265,-4.38421501873308e-05
0.01,1,25000,211,0.00157373679271371,0.00161690317042505,-4.31663777113423e-05
0.01,1,25000,212,0.0017395486088676,0.00178160153147355,-4.20529226059447e-05
0.01,1,25000,213,0.00191868511614241,0.00195915390039111,-4.04687842486986e-05
0.01,1,25000,214,0.00211171278052126,0.00215009643918046,-3.83836586591983e-05
0.01,1,25000,215,0.00231916332813458,0.00235493398815095,-3.57706600163758e-05
0.01,1,25000,216,0.00254152573488814,0.00257413278937322,-3.26070544850875e-05
0.01,1,25000,217,0.00277923791963684,0.0028081129130812,-2.88749934443562e-05
0.01,1,25000,218,0.00303267822168887,0.00305724045368766,-2.45622319987914e-05
0.01,1,25000,219,0.00330215675405558,0.00332181957171662,-1.96628176610419e-05
0.01,1,25000,220,0.00358790673385212,0.00360208446721537,-1.41777333632488e-05
0.01,1,25000,221,0.00389007590035193,0.00389819137888282,-8.11547853088717e-06
0.01,1,25000,222,0.00420871813915359,0.00421021071102433,-1.49257187074137e-06
0.01,1,25000,223,0.00454378543748086,0.00453811939729784,5.66604018301976e-06
0.01,1,25000,224,0.00489512030056875,0.00488179361583824,1.33266847305111e-05
0.01,1,25000,225,0.00526244876216789,0.00524100197452794,2.14467876399563e-05
0.01,1,25000,226,0.00564537412322688,0.00561539928772721,2.99748354996672e-05
0.01,1,25000,227,0.00604337155161859,0.00600452106651158,3.88504851070101e-05
0.01,1,25000,228,0.0064557836722272,0.00640777884323282,4.80048289943757e-05
0.01,1,25000,229,0.00688181727071564,0.00682445644790149,5.73608228141512e-05
0.01,1,25000,230,0.00732054122579925,0.00725370734839229,6.68338774069584e-05
0.01,1,25000,231,0.00777088577386769,0.0076945531587495,7.63326151181978e-05
0.01,1,25000,232,0.00823164319637449,0.0081458834099072,8.57597864672849e-05
0.01,1,25000,233,0.00870147000466797,0.00860645666497827,9.50133396897049e-05
0.01,1,25000,234,0.00917889067903332,0.00907490304698815,0.000103987632045173
0.01,1,25000,235,0.00966230299887368,0.00954972823067113,0.000112574768202551
0.01,1,25000,236,0.0101499849794554,0.0100293189318874,0.000120666047568045
0.01,1,25000,237,0.0106401034078,0.0105119499085904,0.000128153499209553
0.01,1,25000,238,0.0111307239464875,0.0109957924663505,0.000134931480137023
0.01,1,25000,239,0.0116198227497554,0.0114789244395361,0.000140898310219302
0.01,1,25000,240,0.0121052995117538,0.0119593415967282,0.000145957915025601
0.01,1,25000,241,0.0125849918426216,0.0124349703961675,0.00015002144645412
0.01,1,25000,242,0.0130566908446362,0.0129036819944321,0.000153008850204016
0.01,1,25000,243,0.0135181577385273,0.0133633073895168,0.000154850349010544
0.01,1,25000,244,0.0139671413696045,0.0138116535584824,0.000155487811122158
0.01,1,25000,245,0.0144013964050453,0.0142465204302773,0.000154875974768001
0.01,1,25000,246,0.0148187020179542,0.0146657185166198,0.000152983501334407
0.01,1,25000,247,0.0152168808409855,0.0150670870083675,0.000149793832618001
0.01,1,25000,248,0.015593817962739,0.0154485121319364,0.000145305830802583
0.01,1,25000,249,0.015947479734058,0.0158079455503998,0.000139534183658255
0.01,1,25000,250,0.0162759321489561,0.0161434225871536,0.000132509561802455
0.01,1,25000,251,0.0165773585663042,0.0164530800467027,0.000124278519601454
0.01,1,25000,252,0.0168500765436654,0.0167351734073464,0.000114903136318945
0.01,1,25000,253,0.0170925535637285,0.0169880931644069,0.000104460399321618
0.01,1,25000,254,0.0173034214465624,0.0172103801101593,9.30413364031747e-05
0.01,1,25000,255,0.0174814892571911,0.0174007393477259,8.0749909465213e-05
0.01,1,25000,256,0.0176257545375197,0.0175580528507543,6.77016867653597e-05
0.01,1,25000,257,0.0177354127140914,0.0176813903984988,5.40223155925945e-05
0.01,1,25000,258,0.0178098645581273,0.0177700187366945,3.9845821432842e-05
0.01,1,25000,259,0.0178487216013645,0.017823408838014,2.53127633505629e-05
0.01,1,25000,260,0.0178518094398612,0.0178412411615277,1.05682783334733e-05
0.01,1,25000,261,0.0178191688876706,0.017823408838014,-4.23995034333491e-06
0.01,1,25000,262,0.0177510549725577,0.0177700187366945,-1.89637641367681e-05
0.01,1,25000,263,0.0176479337961913,0.0176813903984988,-3.3456602307462e-05
0.01,1,25000,264,0.0175104773109536,0.0175580528507543,-4.7575539800674e-05
0.01,1,25000,265,0.0173395560941278,0.0174007393477259,-6.11832535980239e-05
0.01,1,25000,266,0.0171362302272639,0.0172103801101593,-7.41498828953566e-05
0.01,1,25000,267,0.0169017384135092,0.0169880931644069,-8.63547508977262e-05
0.01,1,25000,268,0.0166374854882077,0.0167351734073464,-9.76879191387364e-05
0.01,1,25000,269,0.0163450284977657,0.0164530800467027,-0.000108051548937036
0.01,1,25000,270,0.0160260615383414,0.0161434225871536,-0.000117361048812235
0.01,1,25000,271,0.0156823995591226,0.0158079455503998,-0.000125545991277197
0.01,1,25000,272,0.015315961344639,0.0154485121319364,-0.000132550787297386
0.01,1,25000,273,0.0149287518966368,0.0150670870083675,-0.000138335111730725
0.01,1,25000,274,0.0145228444384998,0.0146657185166198,-0.00014287407812001
0.01,1,25000,275,0.0141003622641003,0.0142465204302773,-0.000146158166176961
0.01,1,25000,276,0.0136634606484213,0.0138116535584824,-0.0001481929100611
0.01,1,25000,277,0.0132143090295036,0.0133633073895168,-0.000148998360013133
0.01,1,25000,278,0.0127550736604821,0.0129036819944321,-0.000148608333949989
0.01,1,25000,279,0.0122879009169745,0.0124349703961675,-0.000147069479193015
0.01,1,25000,280,0.0118149014292227,0.0119593415967282,-0.000144440167505476
0.01,1,25000,281,0.0113381351905156,0.0114789244395361,-0.000140789249020534
0.01,1,25000,282,0.0108595977739492,0.0109957924663505,-0.000136194692401276
0.01,1,25000,283,0.0103812077689061,0.0105119499085904,-0.000130742139684283
0.01,1,25000,284,0.00990479552717562,0.0100293189318874,-0.00012452340471176
0.01,1,25000,285,0.00943209328679582,0.00954972823067113,-0.000117634943875315
0.01,1,25000,286,0.0089647267198801,0.00907490304698815,-0.000110176327108047
0.01,1,25000,287,0.00850420792925784,0.00860645666497827,-0.00010224873572043
0.01,1,25000,288,0.00805192989807497,0.0081458834099072,-9.39535118322284e-05
0.01,1,25000,289,0.0076091623768693,0.0076945531587495,-8.53907818801989e-05
0.01,1,25000,290,0.00717704917433813,0.00725370734839229,-7.66581740541663e-05
0.01,1,25000,291,0.00675660680129519,0.00682445644790149,-6.78496466062955e-05
0.01,1,25000,292,0.00634872440234986,0.00640777884323282,-5.90544408829684e-05
0.01,1,25000,293,0.0059541648967939,0.00600452106651158,-5.03561697176736e-05
0.01,1,25000,294,0.00557356723914397,0.00561539928772721,-4.18320485832419e-05
0.01,1,25000,295,0.00520744970081982,0.00524100197452794,-3.35522737081135e-05
0.01,1,25000,296,0.00485621406755632,0.00488179361583824,-2.55795482819203e-05
0.01,1,25000,297,0.00452015064232104,0.00453811939729784,-1.79687549768026e-05
0.01,1,25000,298,0.00419944394068055,0.00421021071102433,-1.07667703437859e-05
0.01,1,25000,299,0.00389417896462695,0.00389819137888282,-4.01241425586514e-06
0.01,1,25000,300,0.00360434794172251,0.00360208446721537,2.26347450714599e-06
0.01,1,25000,301,0.00332985741889061,0.00332181957171662,8.03784717399005e-06
0.01,1,25000,302,0.00307053560411438,0.00305724045368766,1.32951504267223e-05
0.01,1,25000,303,0.00282613985451448,0.0028081129130812,1.80269414332772e-05
0.01,1,25000,304,0.00259636421557707,0.00257413278937322,2.22314262038502e-05
0.01,1,25000,305,0.00238084692349604,0.00235493398815095,2.59129353450847e-05
0.01,1,25000,306,0.00217917779048499,0.00215009643918046,2.90813513045295e-05
0.01,1,25000,307,0.00199090540131418,0.00195915390039111,3.17515009230682e-05
0.01,1,25000,308,0.00181554405804943,0.00178160153147355,3.3942526575887e-05
0.01,1,25000,309,0.00165258041884322,0.00161690317042505,3.56772484181708e-05
0.01,1,25000,310,0.00150147978549,0.00146449825619265,3.69815292973539e-05
0.01,1,25000,311,0.00136169200316378,0.00132380835037628,3.78836527875021e-05
0.01,1,25000,312,0.0012326569441778,0.00119424322059451,3.84137235832857e-05
0.01,1,25000,313,0.00111380955563072,0.00107520645743364,3.86030981970791e-05
0.01,1,25000,314,0.00100458445833997,0.000966100605769083,3.84838525708835e-05
0.01,1,25000,315,0.000904420091433765,0.000866331799556608,3.80882918771568e-05
0.01,1,25000,316,0.000812762403323199,0.000775313896852626,3.74485064705728e-05
0.01,1,25000,317,0.000729068095463412,0.000692472118771044,3.65959766923684e-05
0.01,1,25000,318,0.000652807430315117,0.000617246202271939,3.55612280431786e-05
0.01,1,25000,319,0.000583466619225337,0.000549093082077465,3.43735371478722e-05
0.01,1,25000,320,0.000520549809563749,0.000487489121612795,3.30606879509538e-05
0.01,1,25000,321,0.00046358069339515,0.000431931916681037,3.16487767141123e-05
0.01,1,25000,322,0.000412103762265971,0.00038194169862129,3.01620636446813e-05
0.01,1,25000,323,0.00036568523436893,0.000337062366001187,2.86228683677434e-05
0.01,1,25000,324,0.000323913681467324,0.000296862175502512,2.70515059648116e-05
0.01,1,25000,325,0.000286400383556607,0.000260934123621932,2.54662599346746e-05
0.01,1,25000,326,0.000252779439367369,0.000228896051186309,2.388338818106e-05
0.01,1,25000,327,0.000222707660524236,0.000200390502535156,2.23171579890802e-05
0.01,1,25000,328,0.000195864276524245,0.000175084370616127,2.07799059081179e-05
0.01,1,25000,329,0.000171950476740363,0.000152668358238342,1.92821185020209e-05
0.01,1,25000,330,0.000150688814444155,0.000132856284397711,1.78325300464438e-05
0.01,1,25000,331,0.000131822496427209,0.000115384262991277,1.64382334359313e-05
0.01,1,25000,332,0.000115114580232013,0.000100009779434197,1.51048007978164e-05
0.01,1,25000,333,0.000100347099324151,8.65106887396685e-05,1.38364105844829e-05
0.01,1,25000,334,8.73201347899407e-05,7.46841565710936e-05,1.26359782188471e-05
0.01,1,25000,335,7.5850850363647e-05,6.43455626739323e-05,1.15052876897146e-05
0.01,1,25000,336,6.57725058085684e-05,5.53273839841124e-05,1.0445121824456e-05
0.01,1,25000,337,5.6933461924702e-05,4.74780726268385e-05,9.45538929786348e-06
0.01,1,25000,338,4.91961887561243e-05,4.06609419952938e-05,8.5352467608305e-06
0.01,1,25000,339,4.24362869432267e-05,3.47530721587281e-05,7.68321478449862e-06
0.01,1,25000,340,3.65415306241762e-05,2.96442440143865e-05,6.89728660978968e-06
0.01,1,25000,341,3.14109388483367e-05,2.52359098834129e-05,6.17502896492384e-06
0.01,1,25000,342,2.695388113037e-05,2.14402066685723e-05,5.51367446179777e-06
0.01,1,25000,343,2.308922155278e-05,1.81790162486262e-05,4.91020530415385e-06
0.01,1,25000,344,1.97445047194075e-05,1.53830764840799e-05,4.36142823532756e-06
0.01,1,25000,345,1.68551858731307e-05,1.29911450522738e-05,3.86404082085693e-06
0.01,1,25000,346,1.43639066159958e-05,1.09492173141555e-05,3.41468930184029e-06
0.01,1,25000,347,1.22198169057243e-05,9.20979853604417e-06,3.01001836968015e-06
0.01,1,25000,348,1.03779433441716e-05,7.73123004095225e-06,2.64671330321939e-06
0.01,1,25000,349,8.79860321489083e-06,6.47706823780667e-06,2.32153497708416e-06
0.01,1,25000,350,7.44686326177094e-06,5.41551496442732e-06,2.03134829734361e-06
0.01,1,25000,351,6.29204182145827e-06,4.51889717186432e-06,1.77314464959395e-06
0.01,1,25000,352,5.30725262132762e-06,3.76319366377901e-06,1.54405895754861e-06
0.01,1,25000,353,4.46898832439381e-06,3.12760637493191e-06,1.34138194946189e-06
0.01,1,25000,354,3.75674173502154e-06,2.59417351756633e-06,1.1625682174552e-06
0.01,1,25000,355,3.15266246706221e-06,2.14742183386622e-06,1.00524063319598e-06
0.01,1,25000,356,2.6412468118586e-06,1.77405515746429e-06,8.67191654394311e-07
0.01,1,25000,357,2.20905852052713e-06,1.46267649845782e-06,7.46382022069306e-07
0.01,1,25000,358,1.8444782266079e-06,1.20354091645512e-06,6.40937310152782e-07
0.01,1,25000,359,1.53747927560754e-06,9.88336527401473e-07,5.49142748206065e-07
0.01,1,25000,360,1.2794277917061e-06,8.09991095608912e-07,4.69436696097185e-07
0.01,1,25000,361,1.06290489404483e-06,6.62501786546459e-07,4.00403107498373e-07
0.01,1,25000,362,8.81549071173165e-07,5.40785793263469e-07,3.40763277909696e-07
0.01,1,25000,363,7.29916828546431e-07,4.40549695235503e-07,2.89367133310928e-07
0.01,1,25000,364,6.03359837068409e-07,3.58175559022499e-07,2.4518427804591e-07
0.01,1,25000,365,4.97916927675212e-07,2.90621942114772e-07,2.07294985560441e-07
0.01,1,25000,366,4.10219395415704e-07,2.35338111991213e-07,1.7488128342449e-07
0.01,1,25000,367,3.37408194363989e-07,1.90189939526641e-07,1.47218254837348e-07
0.01,1,25000,368,2.77061720341029e-07,1.53396067733055e-07,1.23665652607973e-07
0.01,1,25000,369,2.27132990501528e-07,1.23473092091876e-07,1.03659898409651e-07
0.01,1,25000,370,1.85895136334851e-07,9.9188616484987e-08,8.67065198498639e-08
0.01,1,25000,371,1.51894228774176e-07,7.95211683309211e-08,7.23730604432552e-08
0.01,1,25000,372,1.23908550374505e-07,6.36260676148217e-08,6.02824827596835e-08
0.01,1,25000,373,1.00913519571402e-07,5.08064469263159e-08,5.01070726450865e-08
0.01,1,25000,374,8.20515556974908e-08,4.04887134299021e-08,4.15628422675886e-08
0.01,1,25000,375,6.66062506791844e-08,3.22018290757121e-08,3.44044216034723e-08
0.01,1,25000,376,5.39802842398898e-08,2.55598626159139e-08,2.8420421623976e-08
0.01,1,25000,377,4.36765841650417e-08,2.02473365099867e-08,2.34292476550551e-08
0.01,1,25000,378,3.52822919747267e-08,1.60069540274191e-08,1.92753379473076e-08
0.01,1,25000,379,2.845514748841e-08,1.26293472753321e-08,1.58258002130779e-08
0.01,1,25000,380,2.29119535766952e-08,9.94453599924941e-09,1.29674175774458e-08
0.01,1,25000,381,1.8418825223555e-08,7.81483034332761e-09,1.06039948802273e-08
0.01,1,25000,382,1.4782965227982e-08,6.12894882322944e-09,8.65401640475253e-09
0.01,1,25000,383,1.18457428189811e-08,4.79715605859384e-09,7.04858676038726e-09
0.01,1,25000,384,9.47688150108393e-09,3.74725381058824e-09,5.72962769049569e-09
0.01,1,25000,385,7.56958893869121e-09,2.92128402592409e-09,4.64830491276711e-09
0.01,1,25000,386,6.03648496249458e-09,2.27282432584676e-09,3.76366063664782e-09
0.01,1,25000,387,4.80620415918916e-09,1.7647750900477e-09,3.04142906914146e-09
0.01,1,25000,388,3.82056728686885e-09,1.36755333246872e-09,2.45301395440013e-09
0.01,1,25000,389,3.03223122274383e-09,1.05762227796032e-09,1.97460894478351e-09
0.01,1,25000,390,2.40274055591617e-09,8.16297223813702e-10,1.58644333210247e-09
0.01,1,25000,391,1.90091552347017e-09,6.28778176238452e-10,1.27213734723171e-09
0.01,1,25000,392,1.50152096972358e-09,4.833681281894e-10,1.01815284153418e-09
0.01,1,25000,393,1.18416958250218e-09,3.708429039756e-10,8.13326678526581e-10
0.01,1,25000,394,9.32420003683428e-10,2.83944425318136e-10,6.48475578365291e-10
0.01,1,25000,395,7.33036682602855e-10,2.16974217585757e-10,5.16062465017098e-10
0.01,1,25000,396,5.75383681660777e-10,1.65468117625481e-10,4.09915564035297e-10
0.01,1,25000,397,4.50929179132313e-10,1.2593659090729e-10,3.24992588225023e-10
0.01,1,25000,398,3.52841255670167e-10,9.56579237471641e-11,2.57183331923003e-10
0.01,1,25000,399,2.75658795849959e-10,7.25139192807917e-11,2.03144876569167e-10
0.01,1,25000,400,2.15024069799742e-10,5.48596734744339e-11,1.60164396325308e-10
0.015,0.666666666666667,10000,0,1.64691308417809e-11,4.01862412158526e-11,-2.37171103740716e-11
0.015,0.666666666666667,10000,1,2.42137370756787e-11,5.78888434062992e-11,-3.36751063306205e-11
0.015,0.666666666666667,10000,2,3.54751324409915e-11,8.31121869712547e-11,-4.76370545302632e-11
0.015,0.666666666666667,10000,3,5.17911548922701e-11,1.18928762419664e-10,-6.71376075273943e-11
0.015,0.666666666666667,10000,4,7.53450770602417e-11,1.69613900200564e-10,-9.4268823140322e-11
0.015,0.666666666666667,10000,5,1.09224552966807e-10,2.41095072016669e-10,-1.31870519049862e-10
0.015,0.666666666666667,10000,6,1.5777936918428e-10,3.41560450753512e-10,-1.83781081569232e-10
0.015,0.666666666666667,10000,7,2.271136203095e-10,4.822799134211e-10,-2.55166293111601e-10
0.015,0.666666666666667,10000,8,3.25759954141599e-10,6.78708240612358e-10,-3.52948286470758e-10
0.015,0.666666666666667,10000,9,4.65599311670876e-10,9.51961581803942e-10,-4.86362270133066e-10
0.015,0.666666666666667,10000,10,6.63110183738884e-10,1.33078554038399e-09,-6.67675356645104e-10
0.015,0.666666666666667,10000,11,9.41058146637196e-10,1.85416797865579e-09,-9.13109832018592e-10
0.015,0.666666666666667,10000,12,1.33077096681151e-09,2.574793662268e-09,-1.24402269545649e-09
0.015,0.666666666666667,10000,13,1.87518890174072e-09,3.56359333565593e-09,-1.68840443391521e-09
0.015,0.666666666666667,10000,14,2.63293643631937e-09,4.91570934866613e-09,-2.28277291234676e-09
0.015,0.666666666666667,10000,15,3.68373356590026e-09,6.75828662269004e-09,-3.07455305678977e-09
0.015,0.666666666666667,10000,16,5.13555544792426e-09,9.26060517085713e-09,-4.12504972293287e-09
0.015,0.666666666666667,10000,17,7.13406304740152e-09,1.26472027774999e-08,-5.5131397300984e-09
0.015,0.666666666666667,10000,18,9.87496930253934e-09,1.72147986365735e-08,-7.33982933403421e-09
0.015,0.666666666666667,10000,19,1.36201811625668e-08,2.33540262520932e-08,-9.7338450895264e-09
0.015,0.666666666666667,10000,20,1.87187743061427e-08,3.15772229006846e-08,-1.28584485945419e-08
0.015,0.666666666666667,10000,21,2.56341220552756e-08,4.25538102987524e-08,-1.69196882434769e-08
0.015,0.666666666666667,10000,22,3.49788214922742e-08,5.71551442747899e-08,-2.21763227825158e-08
0.015,0.666666666666667,10000,23,4.75594474751469e-08,7.65111182148187e-08,-2.89516707396718e-08
0.015,0.666666666666667,10000,24,6.44336293097648e-08,1.0208128418984e-07,-3.7647654880075e-08
0.015,0.666666666666667,10000,25,8.69824960448669e-08,1.35743815497526e-07,-4.87613194526591e-08
0.015,0.666666666666667,10000,26,1.17002185792112e-07,1.79906283199463e-07,-6.29040974073506e-08
0.015,0.666666666666667,10000,27,1.56818873141958e-07,2.37642964876786e-07,-8.08240917348277e-08
0.015,0.666666666666667,10000,28,2.09432647041201e-07,3.12864252926778e-07,-1.03431605885577e-07
0.015,0.666666666666667,10000,29,2.7869657851503e-07,4.1052468719474e-07,-1.3182810867971e-07
0.015,0.666666666666667,10000,30,3.69538460287432e-07,5.36877204954691e-07,-1.67338744667258e-07
0.015,0.666666666666667,10000,31,4.88233982391072e-07,6.99782379127255e-07,-2.11548396736183e-07
0.015,0.666666666666667,10000,32,6.42741528498318e-07,9.090826975242e-07,-2.66341169025882e-07
0.015,0.666666666666667,10000,33,8.43110330254327e-07,1.17705331046411e-06,-3.33942980209786e-07
0.015,0.666666666666667,10000,34,1.10197538708077e-06,1.51894212287532e-06,-4.16966735794552e-07
0.015,0.666666666666667,10000,35,1.43515432309138e-06,1.9536136030759e-06,-5.1845927998452e-07
0.015,0.666666666666667,10000,36,1.86236317595593e-06,2.50431218694695e-06,-6.41949010991016e-07
0.015,0.666666666666667,10000,37,2.4080699465147e-06,3.19956262496216e-06,-7.91492678447458e-07
0.015,0.666666666666667,10000,38,3.10250651919257e-06,4.07422598952765e-06,-9.71719470335084e-07
0.015,0.666666666666667,10000,39,3.98286121126207e-06,5.17073125641444e-06,-1.18787004515237e-06
0.015,0.666666666666667,10000,40,5.09467562467793e-06,6.54050330699988e-06,-1.44582768232195e-06
0.015,0.666666666666667,10000,41,6.49347053885155e-06,8.24560876253002e-06,-1.75213822367848e-06
0.015,0.666666666666667,10000,42,8.24662615760728e-06,1.03606411373889e-05,-2.1140149797816e-06
0.015,0.666666666666667,10000,43,1.04355419502908e-05,1.2974866250664e-05,-2.53932430037323e-06
0.015,0.666666666666667,10000,44,1.31581004290617e-05,1.61946475165549e-05,-3.03654708749321e-06
0.015,0.666666666666667,10000,45,1.65314572898917e-05,2.01461684866251e-05,-3.61471119673342e-06
0.015,0.666666666666667,10000,46,2.06951772106628e-05,2.49784666764249e-05,-4.28328946576213e-06
0.015,0.666666666666667,10000,47,2.58147300377585e-05,3.08667881101844e-05,-5.05205807242589e-06
0.015,0.666666666666667,10000,48,3.20853558969165e-05,3.80162659998199e-05,-5.93091010290335e-06
0.015,0.666666666666667,10000,49,3.97362997412279e-05,4.66659193910863e-05,-6.92961964985844e-06
0.015,0.666666666666667,10000,50,4.90354058289566e-05,5.7092958335171e-05,-8.05755250621436e-06
0.015,0.666666666666667,10000,51,6.02940504730318e-05,6.96173710857592e-05,-9.32332061272747e-06
0.015,0.666666666666667,10000,52,7.38723770407924e-05,8.46067559310558e-05,-1.07343788902634e-05
0.015,0.666666666666667,10000,53,9.01847805922752e-05,0.000102481345555146,-1.22965649628711e-05
0.015,0.666666666666667,10000,54,0.00010970557079702,0.000123719155360005,-1.40135845629852e-05
0.015,0.666666666666667,10000,55,0.000132974721031828,0.000148861169126182,-1.58864480943538e-05
0.015,0.666666666666667,10000,56,0.00016060358911885,0.000178516455997304,-1.79128668784536e-05
0.015,0.666666666666667,10000,57,0.000193280471426739,0.000213367092394398,-2.00866209676593e-05
0.015,0.666666666666667,10000,58,0.000231775827577361,0.000254172741564406,-2.2396913987045e-05
0.015,0.666666666666667,10000,59,0.000276946988470955,0.000301774722621919,-2.48277341509639e-05
0.015,0.666666666666667,10000,60,0.000329742136601918,0.000357099380847855,-2.73572442459374e-05
0.015,0.666666666666667,10000,61,0.000391203325662273,0.000421160552468059,-2.99572268057857e-05
0.015,0.666666666666667,10000,62,0.000462468287320866,0.000495060901053186,-3.25926137323199e-05
0.015,0.666666666666667,10000,63,0.000544770758026086,0.000579991890046834,-3.52211320207477e-05
0.015,0.666666666666667,10000,64,0.000639439048981536,0.000677232147789594,-3.77930988080582e-05
0.015,0.666666666666667,10000,65,0.000747892579391133,0.000788143978839906,-4.02513994487726e-05
0.015,0.666666666666667,10000,66,0.000871636097947517,0.000914167779467397,-4.253168151988e-05
0.015,0.666666666666667,10000,67,0.00101225133155448,0.00105681412692836,-4.4562795373885e-05
0.015,0.666666666666667,10000,68,0.00117138582450128,0.00121765333244258,-4.62675079412954e-05
0.015,0.666666666666667,10000,69,0.00135073876660811,0.00139830227743827,-4.75635108301683e-05
0.015,0.666666666666667,10000,70,0.00155204365582519,0.00160040839217032,-4.8364736345132e-05
0.015,0.666666666666667,10000,71,0.0017770476996385,0.00182563068553361,-4.85829858951161e-05
0.015,0.666666666666667,10000,72,0.00202748793024685,0.00207561779475809,-4.81298645112305e-05
0.015,0.666666666666667,10000,73,0.00230506409020513,0.0023519830932881,-4.69190030829682e-05
0.015,0.666666666666667,10000,74,0.00261140843694379,0.00265627697371495,-4.48685367711536e-05
0.015,0.666666666666667,10000,75,0.00294805271461764,0.00298995650891281,-4.19037942951655e-05
0.015,0.666666666666667,10000,76,0.00331639264790947,0.0033543527868446,-3.79601389351326e-05
0.015,0.666666666666667,10000,77,0.00371765042200352,0.00375063631073082,-3.29858887272994e-05
0.015,0.666666666666667,10000,78,0.0041528357227602,0.00417978095386799,-2.69452311077931e-05
0.015,0.666666666666667,10000,79,0.00462270601756999,0.00464252705442387,-1.9821036853886e-05
0.015,0.666666666666667,10000,80,0.00512772685653558,0.00513934432679231,-1.16174702567331e-05
0.015,0.666666666666667,10000,81,0.00566803306142783,0.00567039534910653,-2.36228767869131e-06
0.015,0.666666666666667,10000,82,0.00624339174214007,0.00623550045771086,7.89128442920967e-06
0.015,0.666666666666667,10000,83,0.0068531681330937,0.00683410493520993,1.90631978837733e-05
0.015,0.666666666666667,10000,84,0.00749629527148125,0.00746524941572544,3.10458557558103e-05
0.015,0.666666666666667,10000,85,0.00817124854209069,0.00812754444606053,4.37040960301616e-05
0.015,0.666666666666667,10000,86,0.00887602608709652,0.00881915013190643,5.68759551900933e-05
0.015,0.666666666666667,10000,87,0.00960813602179471,0.00953776176192114,7.03742598735652e-05
0.015,0.666666666666667,10000,88,0.0103645913079165,0.0102806022380883,8.39890698282279e-05
0.015,0.666666666666667,10000,89,0.0111419130150654,0.0110444220476929,9.74909673724742e-05
0.015,0.666666666666667,10000,90,0.0119361425493119,0.0118255073909459,0.000110635158366026
0.015,0.666666666666667,10000,91,0.0127428632485781,0.0126196969301699,0.000123166318408181
0.015,0.666666666666667,10000,92,0.0135572315408323,0.0134224074539906,0.000134824086841701
0.015,0.666666666666667,10000,93,0.0143740176381256,0.0142286685566525,0.000145349081473152
0.015,0.666666666666667,10000,94,0.0151876555029266,0.0150331662228595,0.000154489280067064
0.015,0.666666666666667,10000,95,0.0159923015797317,0.015830294987777,0.000162006591954745
0.015,0.666666666666667,10000,96,0.0167819015418238,0.0166142181161014,0.000167683425722338
0.015,0.666666666666667,10000,97,0.0175502640679999,0.0173789350200422,0.000171329047957712
0.015,0.666666666666667,10000,98,0.018291140444899,0.018118354920643,0.000172785524256067
0.015,0.666666666666667,10000,99,0.0189983085948225,0.0188263755571752,0.000171933037647287
0.015,0.666666666666667,10000,100,0.0196656599638035,0.0194969655722741,0.000168694391529341
0.015,0.666666666666667,10000,101,0.0202872875764931,0.0201242490525487,0.000163038523944413
0.015,0.666666666666667,10000,102,0.020857573478505,0.0207025905913773,0.00015498288712764
0.015,0.666666666666667,10000,103,0.0213712737472299,0.0212266791673659,0.000144594579863998
0.015,0.666666666666667,10000,104,0.0218235992613485,0.0216916091021973,0.00013199015915125
0.015,0.666666666666667,10000,105,0.0222102904782814,0.0220929563777196,0.000117334100561771
0.015,0.666666666666667,10000,106,0.0225276845768829,0.0224268486550083,0.000100835921874539
0.015,0.666666666666667,10000,107,0.0227727734773791,0.0226900274471479,8.27460302312462e-05
0.015,0.666666666666667,10000,108,0.0229432514478166,0.0228799010504167,6.3350397399884e-05
0.015,0.666666666666667,10000,109,0.0230375512405839,0.022994587031693,4.29642088908763e-05
0.015,0.666666666666667,10000,110,0.0230548679670343,0.023032943298089,2.19246689452182e-05
0.015,0.666666666666667,10000,111,0.0229951702049819,0.022994587031693,5.83173288958017e-07
0.015,0.666666666666667,10000,112,0.0228591981341849,0.0228799010504167,-2.07029162318066e-05
0.015,0.666666666666667,10000,113,0.022648448799772,0.0226900274471479,-4.15786473758895e-05
0.015,0.666666666666667,10000,114,0.0223651489036955,0.0224268486550083,-6.16997513127812e-05
0.015,0.666666666666667,10000,115,0.0220122158107231,0.0220929563777196,-8.07405669965081e-05
0.015,0.666666666666667,10000,116,0.0215932077198132,0.0216916091021973,-9.84013823840876e-05
0.015,0.666666666666667,10000,117,0.0211122641864011,0.0212266791673659,-0.000114414980964803
0.015,0.666666666666667,10000,118,0.020574038379724,0.0207025905913773,-0.000128552211653317
0.015,0.666666666666667,10000,119,0.0199836226167586,0.0201242490525487,-0.0001406264357901
0.015,0.666666666666667,10000,120,0.0193464688270191,0.0194969655722741,-0.000150496745254976
0.015,0.666666666666667,10000,121,0.0186683056683444,0.0188263755571752,-0.000158069888830804
0.015,0.666666666666667,10000,122,0.0179550540324592,0.018118354920643,-0.000163300888183809
0.015,0.666666666666667,10000,123,0.0172127426516677,0.0173789350200422,-0.000166192368374483
0.015,0.666666666666667,10000,124,0.0164474254471096,0.0166142181161014,-0.000166792668991847
0.015,0.666666666666667,10000,125,0.0156651021484917,0.015830294987777,-0.000165192839285275
0.015,0.666666666666667,10000,126,0.0148716435701156,0.0150331662228595,-0.000161522652743903
0.015,0.666666666666667,10000,127,0.0140727227542415,0.0142286685566525,-0.000155945802410972
0.015,0.666666666666667,10000,128,0.0132737529968911,0.0134224074539906,-0.000148654457099514
0.015,0.666666666666667,10000,129,0.0124798335599741,0.0126196969301699,-0.000139863370195855
0.015,0.666666666666667,10000,130,0.0116957036541072,0.0118255073909459,-0.000129803736838725
0.015,0.666666666666667,10000,131,0.0109257050555076,0.0110444220476929,-0.000118716992185323
0.015,0.666666666666667,10000,132,0.0101737535043219,0.0102806022380883,-0.000106848733766424
0.015,0.666666666666667,10000,133,0.00944331882656192,0.00953776176192114,-9.44429353592242e-05
0.015,0.666666666666667,10000,134,0.00873741353255084,0.00881915013190643,-8.17365993555901e-05
0.015,0.666666666666667,10000,135,0.00805858947568119,0.00812754444606053,-6.89549703793424e-05
0.015,0.666666666666667,10000,136,0.00740894200961694,0.00746524941572544,-5.63074061084943e-05
0.015,0.666666666666667,10000,137,0.0067901209621142,0.00683410493520993,-4.39839730957342e-05
0.015,0.666666666666667,10000,138,0.00620334765067641,0.00623550045771086,-3.21528070344494e-05
0.015,0.666666666666667,10000,139,0.00564943709962669,0.00567039534910653,-2.09582494798324e-05
0.015,0.666666666666667,10000,140,0.00512882457932042,0.00513934432679231,-1.05197474718861e-05
0.015,0.666666666666667,10000,141,0.00464159557479491,0.00464252705442387,-9.31479628965906e-07
0.015,0.666666666666667,10000,142,0.00418751830115555,0.00417978095386799,7.73734728755273e-06
0.015,0.666666666666667,10000,143,0.00376607791388794,0.00375063631073082,1.54416031571156e-05
0.015,0.666666666666667,10000,144,0.00337651161112991,0.0033543527868446,2.21588242853045e-05
0.015,0.666666666666667,10000,145,0.00301784388854406,0.00298995650891281,2.78873796312504e-05
0.015,0.666666666666667,10000,146,0.00268892128249094,0.00265627697371495,3.2644308775994e-05
0.015,0.666666666666667,10000,147,0.00238844602040687,0.0023519830932881,3.64629271187673e-05
0.015,0.666666666666667,10000,148,0.00211500808544923,0.00207561779475809,3.93902906911494e-05
0.015,0.666666666666667,10000,149,0.00186711529260165,0.00182563068553361,4.14846070680328e-05
0.015,0.666666666666667,10000,150,0.00164322106283698,0.00160040839217032,4.28126706666604e-05
0.015,0.666666666666667,10000,151,0.00144174966826209,0.00139830227743827,4.3447390823815e-05
0.015,0.666666666666667,10000,152,0.00126111880243872,0.00121765333244258,4.34654699961433e-05
0.015,0.666666666666667,10000,153,0.00109975940471297,0.00105681412692836,4.29452777846084e-05
0.015,0.666666666666667,10000,154,0.000956132734212293,0.000914167779467397,4.1964954744896e-05
0.015,0.666666666666667,10000,155,0.000828744747394784,0.000788143978839906,4.06007685548781e-05
0.015,0.666666666666667,10000,156,0.000716157882230473,0.000677232147789594,3.89257344408785e-05
0.015,0.666666666666667,10000,157,0.000617000392159786,0.000579991890046834,3.70085021129521e-05
0.015,0.666666666666667,10000,158,0.000529973404093783,0.000495060901053186,3.49125030405962e-05
0.015,0.666666666666667,10000,159,0.000453855897320773,0.000421160552468059,3.26953448527148e-05
0.015,0.666666666666667,10000,160,0.000387507814881117,0.000357099380847855,3.0408434033262e-05
0.015,0.666666666666667,10000,161,0.000329871526527525,0.000301774722621919,2.80968039056062e-05
0.015,0.666666666666667,10000,162,0.000279971863661456,0.000254172741564406,2.57991220970496e-05
0.015,0.666666666666667,10000,163,0.000236914942541394,0.000213367092394398,2.35478501469961e-05
0.015,0.666666666666667,10000,164,0.000199885983528119,0.000178516455997304,2.13695275308153e-05
0.015,0.666666666666667,10000,165,0.000168146322081917,0.000148861169126182,1.92851529557354e-05
0.015,0.666666666666667,10000,166,0.000141029792531502,0.000123719155360005,1.73106371714968e-05
0.015,0.666666666666667,10000,167,0.000117938649104667,0.000102481345555146,1.54573035495204e-05
0.015,0.666666666666667,10000,168,9.83391710780172e-05,8.46067559310558e-05,1.37324151469615e-05
0.015,0.666666666666667,10000,169,8.17570808096968e-05,6.96173710857592e-05,1.21397097239376e-05
0.015,0.666666666666667,10000,170,6.77728854121651e-05,5.7092958335171e-05,1.0679927076994e-05
0.015,0.666666666666667,10000,171,5.60172353533344e-05,4.66659193910863e-05,9.35131596224811e-06
0.015,0.666666666666667,10000,172,4.61663767014466e-05,3.80162659998199e-05,8.15011070162671e-06
0.015,0.666666666666667,10000,173,3.79377583212965e-05,3.08667881101844e-05,7.07097021111213e-06
0.015,0.666666666666667,10000,174,3.10858412747883e-05,2.49784666764249e-05,6.10737459836339e-06
0.015,0.666666666666667,10000,175,2.5398145092905e-05,2.01461684866251e-05,5.25197660627985e-06
0.015,0.666666666666667,10000,176,2.06915545216165e-05,1.61946475165549e-05,4.49690700506164e-06
0.015,0.666666666666667,10000,177,1.68089008008394e-05,1.2974866250664e-05,3.83403455017544e-06
0.015,0.666666666666667,10000,178,1.3615823470083e-05,1.03606411373889e-05,3.25518233269411e-06
0.015,0.666666666666667,10000,179,1.09979120302233e-05,8.24560876253002e-06,2.75230326769329e-06
0.015,0.666666666666667,10000,180,8.85812142659639e-06,6.54050330699988e-06,2.31761811959651e-06
0.015,0.666666666666667,10000,181,7.11445113623122e-06,5.17073125641444e-06,1.94371987981678e-06
0.015,0.666666666666667,10000,182,5.69787451367623e-06,4.07422598952765e-06,1.62364852414858e-06
0.015,0.666666666666667,10000,183,4.55050284370169e-06,3.19956262496216e-06,1.35094021873953e-06
0.015,0.666666666666667,10000,184,3.62396713429086e-06,2.50431218694695e-06,1.11965494734391e-06
0.015,0.666666666666667,10000,185,2.87799993358522e-06,1.9536136030759e-06,9.24386330509322e-07
0.015,0.666666666666667,10000,186,2.27919925124245e-06,1.51894212287532e-06,7.60257128367126e-07
0.015,0.666666666666667,10000,187,1.79995689903765e-06,1.17705331046411e-06,6.2290358857354e-07
0.015,0.666666666666667,10000,188,1.41753413942792e-06,9.090826975242e-07,5.08451441903721e-07
0.015,0.666666666666667,10000,189,1.11326835769059e-06,6.99782379127255e-07,4.13485978563332e-07
0.015,0.666666666666667,10000,190,8.71895478301834e-07,5.36877204954691e-07,3.35018273347144e-07
0.015,0.666666666666667,10000,191,6.8097396599615e-07,4.1052468719474e-07,2.7044927880141e-07
0.015,0.666666666666667,10000,192,5.30397433794061e-07,3.12864252926778e-07,2.17533180867283e-07
0.015,0.666666666666667,10000,193,4.11984081540201e-07,2.37642964876786e-07,1.74341116663415e-07
0.015,0.666666666666667,10000,194,3.19132375516111e-07,1.79906283199463e-07,1.39226092316649e-07
0.015,0.666666666666667,10000,195,2.46533526828988e-07,1.35743815497526e-07,1.10789711331462e-07
0.015,0.666666666666667,10000,196,1.89932414804635e-07,1.0208128418984e-07,8.78511306147951e-08
0.015,0.666666666666667,10000,197,1.459296186944e-07,7.65111182148187e-08,6.94185004795817e-08
0.015,0.666666666666667,10000,198,1.11818158707033e-07,5.71551442747899e-08,5.46630144322428e-08
0.015,0.666666666666667,10000,199,8.54494017480399e-08,4.25538102987524e-08,4.28955914492874e-08
0.015,0.666666666666667,10000,200,6.51233575017467e-08,3.15772229006846e-08,3.35461346010621e-08
0.015,0.666666666666667,10000,201,4.949927826436e-08,2.33540262520932e-08,2.61452520122669e-08
0.015,0.666666666666667,10000,202,3.75230846659501e-08,1.72147986365735e-08,2.03082860293765e-08
0.015,0.666666666666667,10000,203,2.83686738017978e-08,1.26472027774999e-08,1.57214710242979e-08
0.015,0.666666666666667,10000,204,2.13906318405649e-08,9.26060517085713e-09,1.21300266697078e-08
0.015,0.666666666666667,10000,205,1.60862758538809e-08,6.75828662269004e-09,9.32798923119087e-09
0.015,0.666666666666667,10000,206,1.20652955532052e-08,4.91570934866613e-09,7.1495862045391e-09
0.015,0.666666666666667,10000,207,9.02556090817469e-09,3.56359333565593e-09,5.46196757251875e-09
0.015,0.666666666666667,10000,208,6.73391212575851e-09,2.574793662268e-09,4.1591184634905e-09
0.015,0.666666666666667,10000,209,5.01095973343341e-09,1.85416797865579e-09,3.15679175477762e-09
0.015,0.666666666666667,10000,210,3.71909967200311e-09,1.33078554038399e-09,2.38831413161912e-09
0.015,0.666666666666667,10000,211,2.75309605922694e-09,9.51961581803942e-10,1.801134477423e-09
0.015,0.666666666666667,10000,212,2.03270686579953e-09,6.78708240612358e-10,1.35399862518717e-09
0.015,0.666666666666667,10000,213,1.49692892048252e-09,4.822799134211e-10,1.01464900706142e-09
0.015,0.666666666666667,10000,214,1.09952175494078e-09,3.41560450753512e-10,7.57961304187272e-10
0.015,0.666666666666667,10000,215,8.05537713212459e-10,2.41095072016669e-10,5.6444264119579e-10
0.015,0.666666666666667,10000,216,5.886409976472e-10,1.69613900200564e-10,4.19027097446637e-10
0.015,0.666666666666667,10000,217,4.29043059049509e-10,1.18928762419664e-10,3.10114296629844e-10
0.015,0.666666666666667,10000,218,3.11917800922096e-10,8.31121869712547e-11,2.28805613950841e-10
0.015,0.666666666666667,10000,219,2.26189010220103e-10,5.78888434062992e-11,1.68300166813804e-10
0.015,0.666666666666667,10000,220,1.63605555590693e-10,4.01862412158526e-11,1.2341931437484e-10
0.015,0.666666666666667,10000,221,1.18038298609519e-10,2.78043183620028e-11,9.02339802475158e-11
0.015,0.666666666666667,10000,222,8.49472482620614e-11,1.91734148965682e-11,6.57738333654931e-11
0.015,0.666666666666667,10000,223,6.09789996028517e-11,1.31776824962225e-11,4.78013171066292e-11
0.015,0.666666666666667,10000,224,4.36635457238382e-11,9.02674055944126e-12,3.4636805164397e-11
0.015,0.666666666666667,10000,225,3.11866366615305e-11,6.16275968927937e-12,2.50238769722512e-11
0.015,0.666666666666667,10000,226,2.22193843300423e-11,4.19345375134614e-12,1.80259305786962e-11
0.015,0.666666666666667,10000,227,1.57911055995168e-11,2.8439426469237e-12,1.29471629525931e-11
0.015,0.666666666666667,10000,228,1.11947185614875e-11,1.92230440774751e-12,9.27241415374003e-12
0.015,0.666666666666667,10000,229,7.916569489953e-12,1.29501810885961e-12,6.62155138109339e-12
0.015,0.666666666666667,10000,230,5.58453679794632e-12,8.69524599010376e-13,4.71501219893594e-12
0.015,0.666666666666667,10000,231,3.92976546550704e-12,5.81889145366933e-13,3.3478763201401e-12
0.015,0.666666666666667,10000,232,2.75853507779401e-12,3.8810656645e-13,2.37042851134401e-12
0.015,0.666666666666667,10000,233,1.9316384627426e-12,2.57996656201393e-13,1.67364180654121e-12
0.015,0.666666666666667,10000,234,1.34930980113323e-12,1.70934417186217e-13,1.17837538394702e-12
0.015,0.666666666666667,10000,235,9.40240679169946e-13,1.12874881026889e-13,8.27365798143057e-13
0.015,0.666666666666667,10000,236,6.53598363903203e-13,7.42877914813311e-14,5.79310572421872e-13
0.015,0.666666666666667,10000,237,4.53242317962819e-13,4.87292739701132e-14,4.04513043992706e-13
0.015,0.666666666666667,10000,238,3.13545472209191e-13,3.18577269729743e-14,2.81687745236217e-13
0.015,0.666666666666667,10000,239,2.16383531081719e-13,2.07583095006584e-14,1.9562522158106e-13
0.015,0.666666666666667,10000,240,1.48971933850434e-13,1.34809820837941e-14,1.3549095176664e-13
0.015,0.666666666666667,10000,241,1.02316170020154e-13,8.72576338035198e-15,9.35904066398023e-14
0.015,0.666666666666667,10000,242,7.01046199133048e-14,5.6290834105547e-15,6.44755365027501e-14
0.015,0.666666666666667,10000,243,4.79197470270298e-14,3.61929754154691e-15,4.43004494854828e-14
0.015,0.666666666666667,10000,244,3.26776538768542e-14,2.31933372680735e-15,3.03583201500468e-14
0.015,0.666666666666667,10000,245,2.22309819538163e-14,1.48133931981137e-15,2.07496426340049e-14
0.015,0.666666666666667,10000,246,1.50883167780776e-14,9.42970724132959e-16,1.41453460539447e-14
0.015,0.666666666666667,10000,247,1.02164554477683e-14,5.98265859760826e-16,9.61818958800745e-15
0.015,0.666666666666667,10000,248,6.90144336822333e-15,3.78305436861148e-16,6.52313793136218e-15
0.015,0.666666666666667,10000,249,4.65117586477118e-15,2.38420336745486e-16,4.4127555280257e-15
0.015,0.666666666666667,10000,250,3.12731516994456e-15,1.49760183300976e-16,2.97755498664359e-15
0.015,0.666666666666667,10000,251,2.09782618190977e-15,9.37565850915293e-17,2.00406959681825e-15
0.015,0.666666666666667,10000,252,1.40397444302255e-15,5.85004962257554e-17,1.34547394679679e-15
0.015,0.666666666666667,10000,253,9.37440339007931e-16,3.63805843985858e-17,9.01059754609345e-16
0.015,0.666666666666667,10000,254,6.24490278830914e-16,2.25492521960258e-17,6.01941026634889e-16
0.015,0.666666666666667,10000,255,4.15057438827662e-16,1.39298669538356e-17,4.01127571873827e-16
0.015,0.666666666666667,10000,256,2.75228912151315e-16,8.57658003477606e-18,2.66652332116539e-16
0.015,0.666666666666667,10000,257,1.82089995739208e-16,5.26300366825126e-18,1.76826992070957e-16
0.015,0.666666666666667,10000,258,1.2019520372674e-16,3.21888567723876e-18,1.16976318049501e-16
0.015,0.666666666666667,10000,259,7.91589528936408e-17,1.96213906275753e-18,7.71968138308832e-17
0.015,0.666666666666667,10000,260,5.20148818311079e-17,1.19208264984775e-18,5.08227991812601e-17
0.015,0.666666666666667,10000,261,3.41014367673847e-17,7.21830621907899e-19,3.33796061454768e-17
0.015,0.666666666666667,10000,262,2.23068387440609e-17,4.35628804835384e-19,2.18712099392255e-17
0.015,0.666666666666667,10000,263,1.45588296111729e-17,2.62029523451544e-19,1.42968000877213e-17
0.015,0.666666666666667,10000,264,9.48070798451566e-18,1.57085542817286e-19,9.32362244169838e-18
0.015,0.666666666666667,10000,265,6.16004274042326e-18,9.38587052392567e-20,6.06618403518401e-18
0.015,0.666666666666667,10000,266,3.99354054423131e-18,5.58940079630976e-20,3.93764653626821e-18
0.015,0.666666666666667,10000,267,2.58325124326322e-18,3.31747988094044e-20,2.55007644445382e-18
0.015,0.666666666666667,10000,268,1.66729375483003e-18,1.96247301974929e-20,1.64766902463254e-18
0.015,0.666666666666667,10000,269,1.07373539272268e-18,1.15704817979817e-20,1.0621649109247e-18
0.015,0.666666666666667,10000,270,6.89961432839433e-19,6.79910180308118e-21,6.83162331036352e-19
0.015,0.666666666666667,10000,271,4.42382040395518e-19,3.98202512663273e-21,4.38400015268885e-19
0.015,0.666666666666667,10000,272,2.8302056869709e-19,2.32438893849348e-21,2.80696179758597e-19
0.015,0.666666666666667,10000,273,1.80671253154923e-19,1.3522779160102e-21,1.79318975238913e-19
0.015,0.666666666666667,10000,274,1.15083578280262e-19,7.84107238390443e-22,1.14299471041872e-19
0.015,0.666666666666667,10000,275,7.31465061947059e-20,4.53145135380895e-22,7.2693361059325e-20
0.015,0.666666666666667,10000,276,4.63908602860206e-20,2.61006626178535e-22,4.61298536598421e-20
0.015,0.666666666666667,10000,277,2.93584108759076e-20,1.49836664077564e-22,2.92085742118301e-20
0.015,0.666666666666667,10000,278,1.85394395699709e-20,8.57308263240459e-23,1.84537087436468e-20
0.015,0.666666666666667,10000,279,1.16822702987809e-20,4.88886759822292e-23,1.16333816227987e-20
0.015,0.666666666666667,10000,280,7.34559759979975e-21,2.77863750560417e-23,7.3178112247437e-21
0.015,0.666666666666667,10000,281,4.60891697171758e-21,1.5740113617004e-23,4.59317685810058e-21
0.015,0.666666666666667,10000,282,2.88565979324417e-21,8.8866112902442e-24,2.87677318195393e-21
0.015,0.666666666666667,10000,283,1.80288689079003e-21,5.00053944021526e-24,1.79788635134982e-21
0.015,0.666666666666667,10000,284,1.12401355603414e-21,2.80446407839376e-24,1.12120909195574e-21
0.015,0.666666666666667,10000,285,6.99289376699493e-22,1.56760001146593e-24,6.97721776688027e-22
0.015,0.666666666666667,10000,286,4.34137413815302e-22,8.73319155364498e-25,4.33264094659937e-22
0.015,0.666666666666667,10000,287,2.68958318783064e-22,4.84912149901243e-25,2.68473406633163e-22
0.015,0.666666666666667,10000,288,1.66277237843894e-22,2.68352408456608e-25,1.66008885435438e-22
0.015,0.666666666666667,10000,289,1.02582490158548e-22,1.48013142965139e-25,1.02434477015583e-22
0.015,0.666666666666667,10000,290,6.31551602893734e-23,8.13668335967104e-26,6.30737934557767e-23
0.015,0.666666666666667,10000,291,3.8800932157421e-23,4.4580701948033e-26,3.87563514554729e-23
0.015,0.666666666666667,10000,292,2.37889747378723e-23,2.4344381255468e-26,2.37646303566169e-23
0.015,0.666666666666667,10000,293,1.45549951737778e-23,1.32496049952216e-26,1.45417455687825e-23
0.015,0.666666666666667,10000,294,8.88696968467629e-24,7.18719574171361e-27,8.87978248893457e-24
0.015,0.666666666666667,10000,295,5.41505824815989e-24,3.88569194056338e-27,5.41117255621933e-24
0.015,0.666666666666667,10000,296,3.29278115160593e-24,2.09377308103097e-27,3.2906873785249e-24
0.015,0.666666666666667,10000,297,1.99818361418801e-24,1.124457923372e-27,1.99705915626464e-24
0.015,0.666666666666667,10000,298,1.21010538372691e-24,6.01878954373595e-28,1.20950350477254e-24
0.015,0.666666666666667,10000,299,7.31355850392697e-25,3.21090501422308e-28,7.31034759891275e-25
0.015,0.666666666666667,10000,300,4.41117713722207e-25,1.70725388873542e-28,4.40946988333334e-25
0.015,0.666666666666667,10000,301,2.65523474756791e-25,9.04734423209069e-29,2.6543300131447e-25
0.015,0.666666666666667,10000,302,1.59505793361246e-25,4.7785536942536e-29,1.59458007824304e-25
0.015,0.666666666666667,10000,303,9.56263440579218e-26,2.51549916656129e-29,9.56011890662561e-26
0.015,0.666666666666667,10000,304,5.72148317476429e-26,1.31978818739506e-29,5.7201633865769e-26
0.015,0.666666666666667,10000,305,3.41642666437292e-26,6.90139123326609e-30,3.41573652524959e-26
0.015,0.666666666666667,10000,306,2.03596545419676e-26,3.59684241135883e-30,2.03560576995562e-26
0.015,0.666666666666667,10000,307,1.210893532924e-26,1.8683512409568e-30,1.21070669779991e-26
0.015,0.666666666666667,10000,308,7.18755610843127e-27,9.67270607181021e-31,7.18658883782409e-27
0.015,0.666666666666667,10000,309,4.25793415303929e-27,4.99102572931269e-31,4.25743505046636e-27
0.015,0.666666666666667,10000,310,2.51745878348117e-27,2.56675240868819e-31,2.5172021082403e-27
0.015,0.666666666666667,10000,311,1.48551510954457e-27,1.31562009850879e-31,1.48538354753472e-27
0.015,0.666666666666667,10000,312,8.74895074315552e-28,6.72093000533128e-32,8.74827865015499e-28
0.015,0.666666666666667,10000,313,5.14323650726387e-28,3.42200466466831e-32,5.14289430679741e-28
0.015,0.666666666666667,10000,314,3.01882128573467e-28,1.73653752977326e-32,3.01864763198169e-28
0.015,0.666666666666667,10000,315,1.77070585676021e-28,8.78294375972462e-33,1.77061802732261e-28
0.015,0.666666666666667,10000,316,1.04096121225473e-28,4.42739613618235e-33,1.04091693829337e-28
0.015,0.666666666666667,10000,317,6.19174407787797e-29,2.22438016275458e-33,6.1915216398617e-29
0.015,0.666666666666667,10000,318,3.83655560687651e-29,1.11383791376312e-33,3.83644422308514e-29
0.015,0.666666666666667,10000,319,2.6752758883873e-29,5.55888041956247e-34,2.67522029958311e-29
0.015,0.666666666666667,10000,320,2.40613121362396e-29,2.76506292185911e-34,2.40610356299474e-29
0.015,0.666666666666667,10000,321,3.02500599768172e-29,1.37080303437854e-34,3.02499228965138e-29
0.015,0.666666666666667,10000,322,4.85557054404012e-29,6.77325532902775e-35,4.85556377078479e-29
0.015,0.666666666666667,10000,323,8.69980185530152e-29,3.33558636085334e-35,8.69979851971516e-29
0.015,0.666666666666667,10000,324,1.61735527517555e-28,1.63719075304855e-35,1.61735511145647e-28
0.015,0.666666666666667,10000,325,3.03616346013868e-28,8.00900801897246e-36,3.0361633800486e-28
0.015,0.666666666666667,10000,326,5.70483302973277e-28,3.90490547656258e-36,5.70483299068371e-28
0.015,0.666666666666667,10000,327,1.06996906423822e-27,1.89755631920229e-36,1.06996906234067e-27
0.015,0.666666666666667,10000,328,2.00144835619626e-27,9.19033146366178e-37,2.00144835527723e-27
0.015,0.666666666666667,10000,329,3.73291830467112e-27,4.43629101451129e-37,3.73291830422749e-27
0.015,0.666666666666667,10000,330,6.9413870022551e-27,2.13432834265249e-37,6.94138700204166e-27
0.015,0.666666666666667,10000,331,1.28683782951933e-26,1.02342209154671e-37,1.2868378295091e-26
0.015,0.666666666666667,10000,332,2.37834257364627e-26,4.89103414753439e-38,2.37834257364138e-26
0.015,0.666666666666667,10000,333,4.38221269553886e-26,2.32969439160621e-38,4.38221269553654e-26
0.015,0.666666666666667,10000,334,8.04965086685342e-26,1.10598583607311e-38,8.04965086685231e-26
0.015,0.666666666666667,10000,335,1.47408150152345e-25,5.23302160629016e-39,1.4740815015234e-25
0.015,0.666666666666667,10000,336,2.69105883821486e-25,2.46778796724888e-39,2.69105883821483e-25
0.015,0.666666666666667,10000,337,4.89754632612835e-25,1.15988653951128e-39,4.89754632612834e-25
0.015,0.666666666666667,10000,338,8.88554374629709e-25,5.43344814133844e-40,8.88554374629709e-25
0.015,0.666666666666667,10000,339,1.60707451457587e-24,2.53680973706983e-40,1.60707451457587e-24
0.015,0.666666666666667,10000,340,2.89755061718415e-24,1.18046364708462e-40,2.89755061718415e-24
0.015,0.666666666666667,10000,341,5.20793482795272e-24,5.47481804972335e-41,5.20793482795272e-24
0.015,0.666666666666667,10000,342,9.33116859834384e-24,2.5306909685651e-41,9.33116859834384e-24
0.015,0.666666666666667,10000,343,1.66662935726746e-23,1.16589889775787e-41,1.66662935726746e-23
0.015,0.666666666666667,10000,344,2.96736547274944e-23,5.35346564456444e-42,2.96736547274944e-23
0.015,0.666666666666667,10000,345,5.26657911027755e-23,2.4499741379214e-42,5.26657911027755e-23
0.015,0.666666666666667,10000,346,9.31769101468264e-23,1.11748147317124e-42,9.31769101468264e-23
0.015,0.666666666666667,10000,347,1.64326154184123e-22,5.08009127125361e-43,1.64326154184123e-22
0.015,0.666666666666667,10000,348,2.88881921888568e-22,2.30173356178585e-43,2.88881921888568e-22
0.015,0.666666666666667,10000,349,5.0622773494775e-22,1.03941968429403e-43,5.0622773494775e-22
0.015,0.666666666666667,10000,350,8.84260106944265e-22,4.67820421339356e-44,8.84260106944265e-22
0.015,0.666666666666667,10000,351,1.53964042003636e-21,2.0985521499407e-44,1.53964042003636e-21
0.015,0.666666666666667,10000,352,2.67214744419936e-21,9.3823732949366e-45,2.67214744419936e-21
0.015,0.666666666666667,10000,353,4.62274632642778e-21,4.18078661483513e-45,4.62274632642778e-21
0.015,0.666666666666667,10000,354,7.97140628522136e-21,1.85675946938479e-45,7.97140628522136e-21
0.015,0.666666666666667,10000,355,1.37013006174839e-20,8.21874762600305e-46,1.37013006174839e-20
0.015,0.666666666666667,10000,356,2.34734737782385e-20,3.62583463953546e-46,2.34734737782385e-20
0.015,0.666666666666667,10000,357,4.00846804225026e-20,1.59427301207024e-46,4.00846804225026e-20
0.015,0.666666666666667,10000,358,6.82278638049594e-20,6.98666221431681e-47,6.82278638049594e-20
0.015,0.666666666666667,10000,359,1.15750860445962e-19,3.05161085441843e-47,1.15750860445962e-19
0.015,0.666666666666667,10000,360,1.95732358981849e-19,1.32843682774401e-47,1.95732358981849e-19
0.015,0.666666666666667,10000,361,3.29893566904108e-19,5.76374839753926e-48,3.29893566904108e-19
0.015,0.666666666666667,10000,362,5.54185001626795e-19,2.49242141353035e-48,5.54185001626795e-19
0.015,0.666666666666667,10000,363,9.27902425356036e-19,1.07421270574016e-48,9.27902425356036e-19
0.015,0.666666666666667,10000,364,1.548507859176e-18,4.61435972034154e-49,1.548507859176e-18
0.015,0.666666666666667,10000,365,2.57563932525197e-18,1.97553606368649e-49,2.57563932525197e-18
0.015,0.666666666666667,10000,366,4.26986559067852e-18,8.42967494958982e-50,4.26986559067852e-18
0.015,0.666666666666667,10000,367,7.05501441915285e-18,3.5849990623479e-50,7.05501441915285e-18
0.015,0.666666666666667,10000,368,1.16180489064634e-17,1.51956616927589e-50,1.16180489064634e-17
0.015,0.666666666666667,10000,369,1.90685278216519e-17,6.41951972360955e-51,1.90685278216519e-17
0.015,0.666666666666667,10000,370,3.11922644698695e-17,2.70294874674749e-51,3.11922644698695e-17
0.015,0.666666666666667,10000,371,5.08533483556617e-17,1.13429347958673e-51,5.08533483556617e-17
0.015,0.666666666666667,10000,372,8.26289580243781e-17,4.74422646876331e-52,8.26289580243781e-17
0.015,0.666666666666667,10000,373,1.33808057547328e-16,1.97768782758091e-52,1.33808057547328e-16
0.015,0.666666666666667,10000,374,2.15956732671651e-16,8.21679440667983e-53,2.15956732671651e-16
0.015,0.666666666666667,10000,375,3.47362536665369e-16,3.40251032980661e-53,3.47362536665369e-16
0.015,0.666666666666667,10000,376,5.56837200853873e-16,1.40426423783957e-53,5.56837200853873e-16
0.015,0.666666666666667,10000,377,8.89610416388166e-16,5.77631104340537e-54,8.89610416388166e-16
0.015,0.666666666666667,10000,378,1.41643021475303e-15,2.36812519344812e-54,1.41643021475303e-15
0.015,0.666666666666667,10000,379,2.24756155713781e-15,9.6763394857572e-55,2.24756155713781e-15
0.015,0.666666666666667,10000,380,3.55423808191821e-15,3.94066836275231e-55,3.55423808191821e-15
0.015,0.666666666666667,10000,381,5.60141043503443e-15,1.59948815905031e-55,5.60141043503443e-15
0.015,0.666666666666667,10000,382,8.79754956627234e-15,6.47059955062168e-56,8.79754956627234e-15
0.015,0.666666666666667,10000,383,1.37700975113927e-14,2.60891763772476e-56,1.37700975113927e-14
0.015,0.666666666666667,10000,384,2.14793350459475e-14,1.04840375118192e-56,2.14793350459475e-14
0.015,0.666666666666667,10000,385,3.33895652780828e-14,4.19903133204337e-57,3.33895652780828e-14
0.015,0.666666666666667,10000,386,5.17254694453559e-14,1.67618525527964e-57,5.17254694453559e-14
0.015,0.666666666666667,10000,387,7.98545241144829e-14,6.6687934829745e-58,7.98545241144829e-14
0.015,0.666666666666667,10000,388,1.22855250485919e-13,2.64438614332191e-58,1.22855250485919e-13
0.015,0.666666666666667,10000,389,1.88358302514567e-13,1.0450927350163e-58,1.88358302514567e-13
0.015,0.666666666666667,10000,390,2.87786516226467e-13,4.11658546639612e-59,2.87786516226467e-13
0.015,0.666666666666667,10000,391,4.3817597274074e-13,1.61611326835959e-59,4.3817597274074e-13
0.015,0.666666666666667,10000,392,6.64839746310181e-13,6.3235186971759e-60,6.64839746310181e-13
0.015,0.666666666666667,10000,393,1.00524884444931e-12,2.46602894534094e-60,1.00524884444931e-12
0.015,0.666666666666667,10000,394,1.51466404063056e-12,9.58495072306397e-61,1.51466404063056e-12
0.015,0.666666666666667,10000,395,2.27427588167538e-12,3.71307695981095e-61,2.27427588167538e-12
0.015,0.666666666666667,10000,396,3.40292273454881e-12,1.43360784496571e-61,3.40292273454881e-12
0.015,0.666666666666667,10000,397,5.07389174320287e-12,5.51669709269221e-62,5.07389174320287e-12
0.015,0.666666666666667,10000,398,7.53891014083458e-12,2.11582751304239e-62,7.53891014083458e-12
0.015,0.666666666666667,10000,399,1.11622651595518e-11,8.0878620175295e-63,1.11622651595518e-11
0.015,0.666666666666667,10000,400,1.64691308417809e-11,3.08133955048863e-63,1.64691308417809e-11
0.015,0.666666666666667,20000,0,8.91485133559685e-15,1.7844822427644e-18,8.91306685335409e-15
0.015,0.666666666666667,20000,1,6.69582904352554e-15,2.53019147007336e-18,6.69329885205547e-15
0.015,0.666666666666667,20000,2,5.02268159519356e-15,3.58154753639873e-18,5.01910004765716e-15
0.015,0.666666666666667,20000,3,3.76289756359833e-15,5.06132503214921e-18,3.75783623856618e-15
0.015,0.666666666666667,20000,4,2.81573331861104e-15,7.14058695636663e-18,2.80859273165468e-15
0.015,0.666666666666667,20000,5,2.10471780054129e-15,1.00572621922679e-17,2.09466053834902e-15
0.015,0.666666666666667,20000,6,1.57190416603801e-15,1.41417061308512e-17,1.55776245990715e-15
0.015,0.666666666666667,20000,7,1.1734697631227e-15,1.98518058885207e-17,1.15361795723418e-15
0.015,0.666666666666667,20000,8,8.76356025327484e-16,2.78211070702821e-17,8.48534918257202e-16
0.015,0.666666666666667,20000,9,6.55710298560774e-16,3.89246728507635e-17,6.16785625710011e-16
0.015,0.666666666666667,20000,10,4.92946657299372e-16,5.43690457381535e-17,4.38577611561218e-16
0.015,0.666666666666667,20000,11,3.74285866338338e-16,7.58149103483486e-17,2.9847095598999e-16
0.015,0.666666666666667,20000,12,2.8966853833896e-16,1.05544040687072e-16,1.84124497651888e-16
0.015,0.666666666666667,20000,13,2.31962420000762e-16,1.46686107375362e-16,8.52763126254001e-17
0.015,0.666666666666667,20000,14,1.96406389604634e-16,2.03526248077477e-16,-7.11985847284354e-18
0.015,0.666666666666667,20000,15,1.80251635896903e-16,2.81921401239554e-16,-1.0166976534265e-16
0.015,0.666666666666667,20000,16,1.82575864891422e-16,3.8986283796842e-16,-2.07286973076997e-16
0.015,0.666666666666667,20000,17,2.04260361546018e-16,5.38234844978455e-16,-3.33974483432438e-16
0.015,0.666666666666667,20000,18,2.48133368196179e-16,7.41836087982436e-16,-4.93702719786257e-16
0.015,0.666666666666667,20000,19,3.192975906673e-16,1.0207520920773e-15,-7.01454501410002e-16
0.015,0.666666666666667,20000,20,4.25675849689247e-16,1.4021961705604e-15,-9.76520320871153e-16
0.015,0.666666666666667,20000,21,5.78828269896205e-16,1.92297416945925e-15,-1.34414589956305e-15
0.015,0.666666666666667,20000,22,7.95118513959572e-16,2.63277836404815e-15,-1.83765985008858e-15
0.015,0.666666666666667,20000,23,1.09733737489572e-15,3.59858135868249e-15,-2.50124398378677e-15
0.015,0.666666666666667,20000,24,1.51693200284485e-15,4.91048656725846e-15,-3.39355456441361e-15
0.015,0.666666666666667,20000,25,2.09704132518703e-15,6.6895037985204e-15,-4.59246247333337e-15
0.015,0.666666666666667,20000,26,2.89660689852364e-15,9.09786436454063e-15,-6.20125746601699e-15
0.015,0.666666666666667,20000,27,3.99591878355943e-15,1.23526798828638e-14,-8.35676109930436e-15
0.015,0.666666666666667,20000,28,5.50407489105466e-15,1.67439952383572e-14,-1.12399203473025e-14
0.015,0.666666666666667,20000,29,7.56898845172454e-15,2.26586052103616e-14,-1.50896167586371e-14
0.015,0.666666666666667,20000,30,1.03907832474375e-14,3.06114166984973e-14,-2.02206334510598e-14
0.015,0.666666666666667,20000,31,1.42396847598072e-14,4.12866705444263e-14,-2.70469857846191e-14
0.015,0.666666666666667,20000,32,1.94798664498625e-14,5.55920219450898e-14,-3.61121554952273e-14
0.015,0.666666666666667,20000,33,2.66011684050409e-14,7.47293585320715e-14,-4.81281901270306e-14
0.015,0.666666666666667,20000,34,3.62612019005183e-14,1.00287363577485e-13,-6.40261616769671e-14
0.015,0.666666666666667,20000,35,4.93411280949926e-14,1.34362275542986e-13,-8.50211474479931e-14
0.015,0.666666666666667,20000,36,6.70194032641992e-14,1.79715138621056e-13,-1.12695735356857e-13
0.015,0.666666666666667,20000,37,9.08690817922732e-14,2.39976187762803e-13,-1.4910710597053e-13
0.015,0.666666666666667,20000,38,1.22985944307463e-13,3.19909998249783e-13,-1.9692405394232e-13
0.015,0.666666666666667,20000,39,1.66156876666197e-13,4.25758819313196e-13,-2.59601942646998e-13
0.015,0.666666666666667,20000,40,2.24080698412423e-13,5.65686309329315e-13,-3.41605610916892e-13
0.015,0.666666666666667,20000,41,3.01657193851444e-13,7.50349952294705e-13,-4.48692758443261e-13
0.015,0.666666666666667,20000,42,4.05364644963613e-13,9.93638078381678e-13,-5.88273433418065e-13
0.015,0.666666666666667,20000,43,5.43751966428576e-13,1.31361702708083e-12,-7.69865060652254e-13
0.015,0.666666666666667,20000,44,7.28078928556313e-13,1.73374606289325e-12,-1.00566713433694e-12
0.015,0.666666666666667,20000,45,9.73147335123569e-13,2.28443277522376e-12,-1.31128544010019e-12
0.015,0.666666666666667,20000,46,1.29837791177317e-12,3.00502059572545e-12,-1.70664268395228e-12
0.015,0.666666666666667,20000,47,1.72920269204144e-12,3.94632364123376e-12,-2.21712094919232e-12
0.015,0.666666666666667,20000,48,2.29886164875744e-12,5.17385342965114e-12,-2.8749917808937e-12
0.015,0.666666666666667,20000,49,3.05071617965032e-12,6.77191844875946e-12,-3.72120226910914e-12
0.015,0.666666666666667,20000,50,4.04122201337139e-12,8.84882269876348e-12,-4.80760068539209e-12
0.015,0.666666666666667,20000,51,5.3437416243428e-12,1.15434451353243e-11,-6.1997035109815e-12
0.015,0.666666666666667,20000,52,7.05342313034947e-12,1.50335507761664e-11,-7.98012764581697e-12
0.015,0.666666666666667,20000,53,9.29343109193054e-12,1.95462689521878e-11,-1.02528378602573e-11
0.015,0.666666666666667,20000,54,1.22228873120599e-11,2.53712782109708e-11,-1.31483908989109e-11
0.015,0.666666666666667,20000,55,1.60469698961877e-11,3.28773648260308e-11,-1.68303949298431e-11
0.015,0.666666666666667,20000,56,2.10297304089249e-11,4.25331776420483e-11,-2.15034472331234e-11
0.015,0.666666666666667,20000,57,2.75103267019656e-11,5.49331919520644e-11,-2.74228652500988e-11
0.015,0.666666666666667,20000,58,3.59235386025891e-11,7.08301262203721e-11,-3.4906587617783e-11
0.015,0.666666666666667,20000,59,4.68256420006519e-11,9.11753359884925e-11,-4.43496939878406e-11
0.015,0.666666666666667,20000,60,6.09269721582452e-11,1.17169048986025e-10,-5.62420768277797e-11
0.015,0.666666666666667,20000,61,7.91328190743957e-11,1.50322715807458e-10,-7.11898967330627e-11
0.015,0.666666666666667,20000,62,1.02594678099449e-10,1.92536245012298e-10,-8.99415669128489e-11
0.015,0.666666666666667,20000,63,1.32774341494547e-10,2.4619348597035e-10,-1.13419144475803e-10
0.015,0.666666666666667,20000,64,1.7152387755225e-10,3.14280035662878e-10,-1.42756158110628e-10
0.015,0.666666666666667,20000,65,2.21185222401147e-10,4.00528298436965e-10,-1.79343076035817e-10
0.015,0.666666666666667,20000,66,2.84713928195139e-10,5.09595745294921e-10,-2.24881817099782e-10
0.015,0.666666666666667,20000,67,3.65832596323125e-10,6.47283530457855e-10,-2.8145093413473e-10
0.015,0.666666666666667,20000,68,4.69220706186603e-10,8.20804060808027e-10,-3.51583354621424e-10
0.015,0.666666666666667,20000,69,6.00748964517218e-10,1.03910781640686e-09,-4.38358851889639e-10
0.015,0.666666666666667,20000,70,7.67767988230077e-10,1.31328173106208e-09,-5.45513742831999e-10
0.015,0.666666666666667,20000,71,9.79463142749202e-10,1.65703381036267e-09,-6.77570667613471e-10
0.015,0.666666666666667,20000,72,1.24728974187527e-09,2.08728144683241e-09,-8.3999170495714e-10
0.015,0.666666666666667,20000,73,1.58550563659008e-09,2.62486415125179e-09,-1.03935851466171e-09
0.015,0.666666666666667,20000,74,2.01182154922032e-09,3.29540522703297e-09,-1.28358367781265e-09
0.015,0.666666666666667,20000,75,2.54819342595212e-09,4.13035135057813e-09,-1.58215792462601e-09
0.015,0.666666666666667,20000,76,3.22178567476892e-09,5.1682241736838e-09,-1.94643849891488e-09
0.015,0.666666666666667,20000,77,4.06613952837113e-09,6.45612403278326e-09,-2.38998450441213e-09
0.015,0.666666666666667,20000,78,5.122587035085e-09,8.05153274276147e-09,-2.92894570767647e-09
0.015,0.666666666666667,20000,79,6.44195846006342e-09,1.00244703893071e-08,-3.58251192924365e-09
0.015,0.666666666666667,20000,80,8.08663931197992e-09,1.24600701430326e-08,-4.37343083105267e-09
0.015,0.666666666666667,20000,81,1.01330429479364e-08,1.54616455413524e-08,-5.32860259341609e-09
0.015,0.666666666666667,20000,82,1.26745759158859e-08,1.91543365713162e-08,-6.4797606554303e-09
0.015,0.666666666666667,20000,83,1.58251860472927e-08,2.36894343992281e-08,-7.86424835193543e-09
0.015,0.666666666666667,20000,84,1.97235980036628e-08,2.92494999011074e-08,-9.52590189744456e-09
0.015,0.666666666666667,20000,85,2.45383577116684e-08,3.60544084299748e-08,-1.15160507183063e-08
0.015,0.666666666666667,20000,86,3.04738261062004e-08,4.43684726959472e-08,-1.38946465897468e-08
0.015,0.666666666666667,20000,87,3.77772840608884e-08,5.4508817421511e-08,-1.67315333606227e-08
0.015,0.666666666666667,20000,88,4.6747334549558e-08,6.68552037565472e-08,-2.01078692069892e-08
0.015,0.666666666666667,20000,89,5.77438151805657e-08,8.18615284825848e-08,-2.41177133020191e-08
0.015,0.666666666666667,20000,90,7.11994645080923e-08,1.0006925298337e-07,-2.88697884752782e-08
0.015,0.666666666666667,20000,91,8.76336191724441e-08,1.22123049976984e-07,-3.44894308045401e-08
0.015,0.666666666666667,20000,92,1.07668256163974e-07,1.48788992242899e-07,-4.11207360789248e-08
0.015,0.666666666666667,20000,93,1.32046735530131e-07,1.80975647159515e-07,-4.89289116293844e-08
0.015,0.666666666666667,20000,94,1.61655643810178e-07,2.19758483883916e-07,-5.81028400737375e-08
0.015,0.666666666666667,20000,95,1.97550187504944e-07,2.66408046502842e-07,-6.88578589978977e-08
0.015,0.666666666666667,20000,96,2.40983639035215e-07,3.22422396455466e-07,-8.14387574202505e-08
0.015,0.666666666666667,20000,97,2.93441394912858e-07,3.89564380902382e-07,-9.6122985989524e-08
0.015,0.666666666666667,20000,98,3.56680267164425e-07,4.6990434034141e-07,-1.13224073176985e-07
0.015,0.666666666666667,20000,99,4.32773694233488e-07,5.65868928407465e-07,-1.33095234173977e-07
0.015,0.666666666666667,20000,100,5.24163626357769e-07,6.80296779092795e-07,-1.56133152735026e-07
0.015,0.666666666666667,20000,101,6.33719912351833e-07,8.16501821115313e-07,-1.82781908763479e-07
0.015,0.666666666666667,20000,102,7.64808089256263e-07,9.7834510523871e-07,-2.13537015982447e-07
0.015,0.666666666666667,20000,103,9.21366552700002e-07,1.17031607724666e-06,-2.48949524546661e-07
0.015,0.666666666666667,20000,104,1.10799416313298e-06,1.39762429606231e-06,-2.89630132929326e-07
0.015,0.666666666666667,20000,105,1.33004942017909e-06,1.66630266206482e-06,-3.36253241885737e-07
0.015,0.666666666666667,20000,106,1.59376241286247e-06,1.98332328366751e-06,-3.89560870805048e-07
0.015,0.666666666666667,20000,107,1.90636082575115e-06,2.35672716915169e-06,-4.50366343400543e-07
0.015,0.666666666666667,20000,108,2.27621134825508e-06,2.79576898383702e-06,-5.19557635581944e-07
0.015,0.666666666666667,20000,109,2.71297789424546e-06,3.31107815791543e-06,-5.98100263669971e-07
0.015,0.666666666666667,20000,110,3.22779808937708e-06,3.91483766544548e-06,-6.87039576068392e-07
0.015,0.666666666666667,20000,111,3.83347952124861e-06,4.62098181761794e-06,-7.8750229636933e-07
0.015,0.666666666666667,20000,112,4.54471726979232e-06,5.44541442074421e-06,-9.00697150951883e-07
0.015,0.666666666666667,20000,113,5.37833423872161e-06,6.40624863854078e-06,-1.02791439981916e-06
0.015,0.666666666666667,20000,114,6.35354578989373e-06,7.52406986602707e-06,-1.17052407613334e-06
0.015,0.666666666666667,20000,115,7.49225013723316e-06,8.82222286537393e-06,-1.32997272814077e-06
0.015,0.666666666666667,20000,116,8.81934588136603e-06,1.03271243288328e-05,-1.50777844746682e-06
0.015,0.666666666666667,20000,117,1.03630779561328e-05,1.20686019168251e-05,-1.70552396069231e-06
0.015,0.666666666666667,20000,118,1.21554131093683e-05,1.40802606666961e-05,-1.92484755732782e-06
0.015,0.666666666666667,20000,119,1.42324458484169e-05,1.63998774758616e-05,-2.16743162744467e-06
0.015,0.666666666666667,20000,120,1.66348355415008e-05,1.90698241284835e-05,-2.4349885869827e-06
0.015,0.666666666666667,20000,121,1.94082750751252e-05,2.21375190539591e-05,-2.72924397883386e-06
0.015,0.666666666666667,20000,122,2.26039911213115e-05,2.5655907675186e-05,-3.05191655387449e-06
0.015,0.666666666666667,20000,123,2.62792756630838e-05,2.96839708219378e-05,-3.40469515885398e-06
0.015,0.666666666666667,20000,124,3.04980479593208e-05,3.42872602473622e-05,-3.78921228804141e-06
0.015,0.666666666666667,20000,125,3.53314455985025e-05,3.95384597918329e-05,-4.20701419333043e-06
0.015,0.666666666666667,20000,126,4.08584426935418e-05,4.55179701870765e-05,-4.65952749353467e-06
0.015,0.666666666666667,20000,127,4.71664926062914e-05,5.23145148844791e-05,-5.14802227818776e-06
0.015,0.666666666666667,20000,128,5.43521918611059e-05,6.00257636255527e-05,-5.67357176444688e-06
0.015,0.666666666666667,20000,129,6.25219611140028e-05,6.87589697516702e-05,-6.23700863766737e-06
0.015,0.666666666666667,20000,130,7.1792738190966e-05,7.8631616477591e-05,-6.83887828662498e-06
0.015,0.666666666666667,20000,131,8.22926773008864e-05,8.97720665336381e-05,-7.47938923275176e-06
0.015,0.666666666666667,20000,132,9.41618475724542e-05,0.000102320208720831,-8.15836114837657e-06
0.015,0.666666666666667,20000,133,0.000107552923068816,0.000116428094029637,-8.87517096082045e-06
0.015,0.666666666666667,20000,134,0.00012263185540985,0.000132260553055827,-9.62869764597652e-06
0.015,0.666666666666667,20000,135,0.000139578519092409,0.000149995785517498,-1.04172664250887e-05
0.015,0.666666666666667,20000,136,0.000158587318558954,0.000169825911748859,-1.12385931899052e-05
0.015,0.666666666666667,20000,137,0.000179867745041738,0.000191957475133737,-1.2089730091999e-05
0.015,0.666666666666667,20000,138,0.000203644870222527,0.000216611883561811,-1.29670133392837e-05
0.015,0.666666666666667,20000,139,0.000230159762817755,0.000244025777161605,-1.38660143438501e-05
0.015,0.666666666666667,20000,140,0.000259669813349278,0.0002744513088064,-1.47814954571217e-05
0.015,0.666666666666667,20000,141,0.000292448951615895,0.000308156323223766,-1.57073716078703e-05
0.015,0.666666666666667,20000,142,0.000328787740766516,0.000345424419988893,-1.66366792223774e-05
0.015,0.666666666666667,20000,143,0.000368993331419072,0.000386554885269759,-1.75615538506871e-05
0.015,0.666666666666667,20000,144,0.000413389258997225,0.000431862476942225,-1.84732179449995e-05
0.015,0.666666666666667,20000,145,0.000462315067397003,0.000481677047629521,-1.93619802325183e-05
0.015,0.666666666666667,20000,146,0.000516125742274388,0.000536342990366846,-2.02172480924575e-05
0.015,0.666666666666667,20000,147,0.000575190937688319,0.000596218491970857,-2.10275542825374e-05
0.015,0.666666666666667,20000,148,0.000639893980565334,0.000661674579827169,-2.17805992618355e-05
0.015,0.666666666666667,20000,149,0.000710630638493646,0.000733093948716017,-2.24633102223711e-05
0.015,0.666666666666667,20000,150,0.000787807637723944,0.000810869555494024,-2.30619177700805e-05
0.015,0.666666666666667,20000,151,0.000871840919965981,0.000895402970952274,-2.35620509862926e-05
0.015,0.666666666666667,20000,152,0.000963153628633885,0.000987102479987581,-2.39488513536962e-05
0.015,0.666666666666667,20000,153,0.00106217381761319,0.00108638092336058,-2.42071057473816e-05
0.015,0.666666666666667,20000,154,0.00116933187839762,0.00119365327677146,-2.43213983738408e-05
0.015,0.666666666666667,20000,155,0.00128505768456508,0.00130933396575713,-2.42762811920531e-05
0.015,0.666666666666667,20000,156,0.00140977745601556,0.0014338339179908,-2.40564619752434e-05
0.015,0.666666666666667,20000,157,0.00154391034915492,0.00156755735792957,-2.36470087746497e-05
0.015,0.666666666666667,20000,158,0.00168786478324864,0.00171089835238286,-2.30335691342295e-05
0.015,0.666666666666667,20000,159,0.0018420345174488,0.00186423711943347,-2.22026019846705e-05
0.015,0.666666666666667,20000,160,0.00200679449747079,0.00202793611719543,-2.1141619724642e-05
0.015,0.666666666666667,20000,161,0.00218249649550741,0.00220233593309339,-1.98394375859824e-05
0.015,0.666666666666667,20000,162,0.00236946457165822,0.00238775099864484,-1.82864269866207e-05
0.015,0.666666666666667,20000,163,0.00256799038985002,0.00258446515906098,-1.64747692109582e-05
0.015,0.666666666666667,20000,164,0.00277832842585743,0.00279272713128948,-1.4398705432051e-05
0.015,0.666666666666667,20000,165,0.00300069110952055,0.00301274588833425,-1.2054778813702e-05
0.015,0.666666666666667,20000,166,0.00323524394751508,0.00324468601172845,-9.44206421336956e-06
0.015,0.666666666666667,20000,167,0.00348210067697365,0.00348866305783178,-6.56238085813485e-06
0.015,0.666666666666667,20000,168,0.00374131850379641,0.00374473898709103,-3.42048329461881e-06
0.015,0.666666666666667,20000,169,0.00401289348253764,0.00401291770846504,-2.42259273995626e-08
0.015,0.666666666666667,20000,170,0.00429675609722728,0.00429314079379217,3.61530343511406e-06
0.015,0.666666666666667,20000,171,0.00459276710430002,0.00458528341889283,7.4836854071815e-06
0.015,0.666666666666667,20000,172,0.00490071369988486,0.00488915058957932,1.15631103055442e-05
0.015,0.666666666666667,20000,173,0.00522030607398608,0.00520447371142217,1.58323625639081e-05
0.015,0.666666666666667,20000,174,0.00555117441350325,0.00553090756203699,2.02668514662557e-05
0.015,0.666666666666667,20000,175,0.00589286641454695,0.00586802772375612,2.48386907908283e-05
0.015,0.666666666666667,20000,176,0.00624484536207233,0.0062153285327961,2.95168292762304e-05
0.015,0.666666666666667,20000,177,0.0066064888314548,0.0065722215983949,3.42672330598953e-05
0.015,0.666666666666667,20000,178,0.00697708806226693,0.0069380349418576,3.90531204093334e-05
0.015,0.666666666666667,20000,179,0.00735584804919395,0.00731201280101414,4.38352481798056e-05
0.015,0.666666666666667,20000,180,0.00774188838877726,0.00769331614027276,4.85722485044924e-05
0.015,0.666666666666667,20000,181,0.00813424491354872,0.00808102390027769,5.32210132710292e-05
0.015,0.666666666666667,20000,182,0.00853187213717705,0.00847413501419651,5.77371229805376e-05
0.015,0.666666666666667,20000,183,0.008933646525575,0.0088715712099346,6.20753156404062e-05
0.015,0.666666666666667,20000,184,0.0093383705996114,0.00927218060917971,6.6189990431691e-05
0.015,0.666666666666667,20000,185,0.0097447778652506,0.00967474212521478,7.00357400358221e-05
0.015,0.666666666666667,20000,186,0.0101515385567329,0.0100779706520096,7.3567904723305e-05
0.015,0.666666666666667,20000,187,0.0105572661679557,0.0104805230273353,7.67431406203736e-05
0.015,0.666666666666667,20000,188,0.0109605247366658,0.0108810047426719,7.95199939939706e-05
0.015,0.666666666666667,20000,189,0.0113598368355966,0.0112779773626452,8.18594729514368e-05
0.015,0.666666666666667,20000,190,0.0117536922144306,0.0116699666067815,8.37256076491374e-05
0.015,0.666666666666667,20000,191,0.0121405570266222,0.0120554710366636,8.50859899585756e-05
0.015,0.666666666666667,20000,192,0.0125188835658315,0.0124329712822722,8.59122835592235e-05
0.015,0.666666666666667,20000,193,0.0128871204281633,0.0128009397325485,8.61806956147897e-05
0.015,0.666666666666667,20000,194,0.0132437230087361,0.0131578506071826,8.5872401553477e-05
0.015,0.666666666666667,20000,195,0.0135871642344573,0.0135021903194535,8.49739150037589e-05
0.015,0.666666666666667,20000,196,0.0139159454294002,0.0138324680337648,8.34773956354239e-05
0.015,0.666666666666667,20000,197,0.0142286072049593,0.0141472263164517,8.13808885075738e-05
0.015,0.666666666666667,20000,198,0.0145237402641226,0.0144450517746013,7.86884895213665e-05
0.015,0.666666666666667,20000,199,0.0147999960077967,0.014724585575101,7.54104326956759e-05
0.015,0.666666666666667,20000,200,0.0150560968312155,0.0149845337350046,7.15630962108346e-05
0.015,0.666666666666667,20000,201,0.0152908460000859,0.0152236770746094,6.71689254765073e-05
0.015,0.666666666666667,20000,202,0.0155031369992628,0.0154408807264149,6.2256272847885e-05
0.015,0.666666666666667,20000,203,0.0156919622513931,0.0156351030963769,5.68591550162041e-05
0.015,0.666666666666667,20000,204,0.0158564211090629,0.015805404178559,5.10169305039318e-05
0.015,0.666666666666667,20000,205,0.0159957270314554,0.0159509531303802,4.47739010752436e-05
0.015,0.666666666666667,20000,206,0.0161092138652731,0.0160710350230723,3.81788422007985e-05
0.015,0.666666666666667,20000,207,0.0161963411595898,0.016165056690625,3.12844689648317e-05
0.015,0.666666666666667,20000,208,0.0162566984552117,0.0162325516102697,2.41468449420357e-05
0.015,0.666666666666667,20000,209,0.0162900085009046,0.0162731837583178,1.68247425867893e-05
0.015,0.666666666666667,20000,210,0.0162961293612998,0.016286750396764,9.37896453578543e-06
0.015,0.666666666666667,20000,211,0.0162750553942365,0.0162731837583178,1.87163591865852e-06
0.015,0.666666666666667,20000,212,0.0162269170885471,0.0162325516102697,-5.634521722548e-06
0.015,0.666666666666667,20000,213,0.0161519797666354,0.016165056690625,-1.3076923989587e-05
0.015,0.666666666666667,20000,214,0.0160506411694409,0.0160710350230723,-2.03938536313224e-05
0.015,0.666666666666667,20000,215,0.0159234279543231,0.0159509531303802,-2.75251760570236e-05
0.015,0.666666666666667,20000,216,0.0157709911488501,0.015805404178559,-3.44130297089199e-05
0.015,0.666666666666667,20000,217,0.0155941006152467,0.0156351030963769,-4.10024811302208e-05
0.015,0.666666666666667,20000,218,0.0153936385911875,0.0154408807264149,-4.72421352274537e-05
0.015,0.666666666666667,20000,219,0.0151705923825487,0.0152236770746094,-5.3084692060704e-05
0.015,0.666666666666667,20000,220,0.0149260462925268,0.0149845337350046,-5.84874424778004e-05
0.015,0.666666666666667,20000,221,0.0146611728790822,0.014724585575101,-6.34126960188264e-05
0.015,0.666666666666667,20000,222,0.014377223638867,0.0144450517746013,-6.78281357342544e-05
0.015,0.666666666666667,20000,223,0.0140755192205996,0.0141472263164517,-7.170709585211e-05
0.015,0.666666666666667,20000,224,0.0137574392741879,0.0138324680337648,-7.50287595769096e-05
0.015,0.666666666666667,20000,225,0.0134244120437808,0.0135021903194535,-7.77782756727127e-05
0.015,0.666666666666667,20000,226,0.0130779038133332,0.0131578506071826,-7.99467938494142e-05
0.015,0.666666666666667,20000,227,0.0127194083122405,0.0128009397325485,-8.15314203080307e-05
0.015,0.666666666666667,20000,228,0.0123504361861921,0.0124329712822722,-8.25350960801628e-05
0.015,0.666666666666667,20000,229,0.0119725046346646,0.0120554710366636,-8.29664019990611e-05
0.015,0.666666666666667,20000,230,0.0115871273115448,0.0116699666067815,-8.28392952366749e-05
0.015,0.666666666666667,20000,231,0.0111958045793241,0.0112779773626452,-8.21727833210852e-05
0.015,0.666666666666667,20000,232,0.0108000142002806,0.0108810047426719,-8.09905423912946e-05
0.015,0.666666666666667,20000,233,0.0104012025401951,0.0104805230273353,-7.93204871402126e-05
0.015,0.666666666666667,20000,234,0.0100007763515748,0.0100779706520096,-7.71943004348793e-05
0.015,0.666666666666667,20000,235,0.00960009519423781,0.00967474212521478,-7.46469309769633e-05
0.015,0.666666666666667,20000,236,0.00920046454160023,0.00927218060917971,-7.17160675794779e-05
0.015,0.666666666666667,20000,237,0.00880312961125107,0.0088715712099346,-6.84415986835253e-05
0.015,0.666666666666667,20000,238,0.00840926994856309,0.00847413501419651,-6.48650656334213e-05
0.015,0.666666666666667,20000,239,0.00801999478230448,0.00808102390027769,-6.10291179732048e-05
0.015,0.666666666666667,20000,240,0.00763633916163664,0.00769331614027276,-5.69769786361255e-05
0.015,0.666666666666667,20000,241,0.00725926087463023,0.00731201280101414,-5.27519263839099e-05
0.015,0.666666666666667,20000,242,0.00688963813962663,0.0069380349418576,-4.83968022309735e-05
0.015,0.666666666666667,20000,243,0.00652826805251929,0.0065722215983949,-4.39535458756166e-05
0.015,0.666666666666667,20000,244,0.00617586576542018,0.0062153285327961,-3.94627673759237e-05
0.015,0.666666666666667,20000,245,0.00583306436528615,0.00586802772375612,-3.49633584699749e-05
0.015,0.666666666666667,20000,246,0.00550041541496921,0.00553090756203699,-3.04921470677816e-05
0.015,0.666666666666667,20000,247,0.00517839011386798,0.00520447371142217,-2.60835975541846e-05
0.015,0.666666666666667,20000,248,0.00486738103092252,0.00488915058957932,-2.1769558656794e-05
0.015,0.666666666666667,20000,249,0.00456770435912639,0.00458528341889283,-1.75790597664411e-05
0.015,0.666666666666667,20000,250,0.00427960263802515,0.00429314079379217,-1.35381557670212e-05
0.015,0.666666666666667,20000,251,0.00400324788881628,0.00401291770846504,-9.66981964875546e-06
0.015,0.666666666666667,20000,252,0.0037387451056331,0.00374473898709103,-5.99388145793326e-06
0.015,0.666666666666667,20000,253,0.0034861360463458,0.00348866305783178,-2.52701148598837e-06
0.015,0.666666666666667,20000,254,0.00324540326669914,0.00324468601172845,7.17254970694203e-07
0.015,0.666666666666667,20000,255,0.0030164743427695,0.00301274588833425,3.72845443525043e-06
0.015,0.666666666666667,20000,256,0.00279922622850177,0.00279272713128948,6.49909721229039e-06
0.015,0.666666666666667,20000,257,0.00259348969740948,0.00258446515906098,9.0245383484993e-06
0.015,0.666666666666667,20000,258,0.00239905382031689,0.00238775099864484,1.13028216720493e-05
0.015,0.666666666666667,20000,259,0.00221567043421549,0.00220233593309339,1.33345011221033e-05
0.015,0.666666666666667,20000,260,0.00204305856082308,0.00202793611719543,1.51224436276509e-05
0.015,0.666666666666667,20000,261,0.00188090873719856,0.00186423711943347,1.66716177650882e-05
0.015,0.666666666666667,20000,262,0.00172888722470494,0.00171089835238286,1.79888723220759e-05
0.015,0.666666666666667,20000,263,0.00158664006665921,0.00156755735792957,1.90827087296326e-05
0.015,0.666666666666667,20000,264,0.0014537969690938,0.0014338339179908,1.99630511029942e-05
0.015,0.666666666666667,20000,265,0.00132997498312028,0.00130933396575713,2.06410173631468e-05
0.015,0.666666666666667,20000,266,0.00121478197137574,0.00119365327677146,2.11286946042869e-05
0.015,0.666666666666667,20000,267,0.00110781984489723,0.00108638092336058,2.14389215366568e-05
0.015,0.666666666666667,20000,268,0.00100868756046573,0.000987102479987581,2.15850804781454e-05
0.015,0.666666666666667,20000,269,0.00091698387195249,0.000895402970952274,2.15809010002162e-05
0.015,0.666666666666667,20000,270,0.00083230983245612,0.000810869555494024,2.14402769620959e-05
0.015,0.666666666666667,20000,271,0.000754271047015061,0.000733093948716017,2.1177098299044e-05
0.015,0.666666666666667,20000,272,0.000682479678399928,0.000661674579827169,2.08050985727589e-05
0.015,0.666666666666667,20000,273,0.000616556210920835,0.000596218491970857,2.03377189499783e-05
0.015,0.666666666666667,20000,274,0.000556130979321207,0.000536342990366846,1.97879889543611e-05
0.015,0.666666666666667,20000,275,0.000500845471670277,0.000481677047629521,1.91684240407557e-05
0.015,0.666666666666667,20000,276,0.000450353416715073,0.000431862476942225,1.84909397728486e-05
0.015,0.666666666666667,20000,277,0.000404321667417437,0.000386554885269759,1.77667821476777e-05
0.015,0.666666666666667,20000,278,0.00036243089339338,0.000345424419988893,1.70064734044871e-05
0.015,0.666666666666667,20000,279,0.00032437609570572,0.000308156323223766,1.62197724819539e-05
0.015,0.666666666666667,20000,280,0.000289866957952948,0.0002744513088064,1.54156491465475e-05
0.015,0.666666666666667,20000,281,0.00025862804786673,0.000244025777161605,1.46022707051255e-05
0.015,0.666666666666667,20000,282,0.000230398883697249,0.000216611883561811,1.37870001354381e-05
0.015,0.666666666666667,20000,283,0.000204933879551053,0.000191957475133737,1.29764044173165e-05
0.015,0.666666666666667,20000,284,0.000182002183571555,0.000169825911748859,1.21762718226964e-05
0.015,0.666666666666667,20000,285,0.000161387422439477,0.000149995785517498,1.13916369219783e-05
0.015,0.666666666666667,20000,286,0.000142887365140574,0.000132260553055827,1.06268120847478e-05
0.015,0.666666666666667,20000,287,0.00012631351832153,0.000116428094029637,9.88542429189297e-06
0.015,0.666666666666667,20000,288,0.000111490664851614,0.000102320208720831,9.17045613078369e-06
0.015,0.666666666666667,20000,289,9.82563564462244e-05,8.97720665336381e-05,8.4842899125863e-06
0.015,0.666666666666667,20000,290,8.64603704058529e-05,7.8631616477591e-05,7.8287539282619e-06
0.015,0.666666666666667,20000,291,7.59641396963476e-05,6.87589697516702e-05,7.20516994467748e-06
0.015,0.666666666666667,20000,292,6.66401647576562e-05,6.00257636255527e-05,6.61440113210347e-06
0.015,0.666666666666667,20000,293,5.83714145914055e-05,5.23145148844791e-05,6.05689970692636e-06
0.015,0.666666666666667,20000,294,5.10507238536818e-05,4.55179701870765e-05,5.53275366660527e-06
0.015,0.666666666666667,20000,295,4.45801918778198e-05,3.95384597918329e-05,5.04173208598689e-06
0.015,0.666666666666667,20000,296,3.88705887808317e-05,3.42872602473622e-05,4.58332853346949e-06
0.015,0.666666666666667,20000,297,3.38407730728559e-05,2.96839708219378e-05,4.15680225091809e-06
0.015,0.666666666666667,20000,298,2.94171244967758e-05,2.5655907675186e-05,3.7612168215898e-06
0.015,0.666666666666667,20000,299,2.55329951787917e-05,2.21375190539591e-05,3.39547612483267e-06
0.015,0.666666666666667,20000,300,2.21281815728577e-05,1.90698241284835e-05,3.05835744437413e-06
0.015,0.666666666666667,20000,301,1.91484191340853e-05,1.63998774758616e-05,2.74854165822368e-06
0.015,0.666666666666667,20000,302,1.65449011590816e-05,1.40802606666961e-05,2.46464049238554e-06
0.015,0.666666666666667,20000,303,1.42738227844988e-05,1.20686019168251e-05,2.20522086767365e-06
0.015,0.666666666666667,20000,304,1.22959507378836e-05,1.03271243288328e-05,1.96882640905077e-06
0.015,0.666666666666667,20000,305,1.05762190856892e-05,8.82222286537393e-06,1.7539962203153e-06
0.015,0.666666666666667,20000,306,9.08335091998479e-06,7.52406986602707e-06,1.55928105395773e-06
0.015,0.666666666666667,20000,307,7.78950566556535e-06,6.40624863854078e-06,1.38325702702458e-06
0.015,0.666666666666667,20000,308,6.66995147007023e-06,5.44541442074421e-06,1.22453704932602e-06
0.015,0.666666666666667,20000,309,5.7027619584374e-06,4.62098181761794e-06,1.08178014081946e-06
0.015,0.666666666666667,20000,310,4.86853648647613e-06,3.91483766544548e-06,9.53698821030658e-07
0.015,0.666666666666667,20000,311,4.15014291339811e-06,3.31107815791543e-06,8.39064755482677e-07
0.015,0.666666666666667,20000,312,3.53248182666911e-06,2.79576898383702e-06,7.36712842832084e-07
0.015,0.666666666666667,20000,313,3.00227109144124e-06,2.35672716915169e-06,6.45543922289544e-07
0.015,0.666666666666667,20000,314,2.54784955809961e-06,1.98332328366751e-06,5.645262744321e-07
0.015,0.666666666666667,20000,315,2.15899874223513e-06,1.66630266206482e-06,4.92696080170302e-07
0.015,0.666666666666667,20000,316,1.82678128891503e-06,1.39762429606231e-06,4.29156992852728e-07
0.015,0.666666666666667,20000,317,1.54339504491822e-06,1.17031607724666e-06,3.73078967671555e-07
0.015,0.666666666666667,20000,318,1.30204158627078e-06,9.7834510523871e-07,3.23696481032071e-07
0.015,0.666666666666667,20000,319,1.09680808179527e-06,8.16501821115313e-07,2.80306260679956e-07
0.015,0.666666666666667,20000,320,9.22561414507356e-07,6.80296779092795e-07,2.42264635414561e-07
0.015,0.666666666666667,20000,321,7.74853529791006e-07,5.65868928407465e-07,2.08984601383541e-07
0.015,0.666666666666667,20000,322,6.49837030786381e-07,4.6990434034141e-07,1.79932690444971e-07
0.015,0.666666666666667,20000,323,5.4419009595246e-07,3.89564380902382e-07,1.54625715050078e-07
0.015,0.666666666666667,20000,324,4.5504985011782e-07,3.22422396455466e-07,1.32627453662354e-07
0.015,0.666666666666667,20000,325,3.79953377477302e-07,2.66408046502842e-07,1.1354533097446e-07
0.015,0.666666666666667,20000,326,3.16785622057247e-07,2.19758483883916e-07,9.70271381733312e-08
0.015,0.666666666666667,20000,327,2.63733477431055e-07,1.80975647159515e-07,8.27578302715393e-08
0.015,0.666666666666667,20000,328,2.19245422327064e-07,1.48788992242899e-07,7.04564300841649e-08
0.015,0.666666666666667,20000,329,1.81996111758728e-07,1.22123049976984e-07,5.98730617817436e-08
0.015,0.666666666666667,20000,330,1.50855384057041e-07,1.0006925298337e-07,5.07861310736703e-08
0.015,0.666666666666667,20000,331,1.24861192425676e-07,8.18615284825848e-08,4.29996639430908e-08
0.015,0.666666666666667,20000,332,1.03196015181673e-07,6.68552037565472e-08,3.63408114251259e-08
0.015,0.666666666666667,20000,333,8.5166341571357e-08,5.4508817421511e-08,3.0657524149846e-08
0.015,0.666666666666667,20000,334,7.0184869905742e-08,4.43684726959472e-08,2.58163972097948e-08
0.015,0.666666666666667,20000,335,5.77550917362164e-08,3.60544084299748e-08,2.17006833062417e-08
0.015,0.666666666666667,20000,336,4.74579699259596e-08,2.92494999011074e-08,1.82084700248522e-08
0.015,0.666666666666667,20000,337,3.89404498355455e-08,2.36894343992281e-08,1.52510154363174e-08
0.015,0.666666666666667,20000,338,3.19055715294358e-08,1.91543365713162e-08,1.27512349581196e-08
0.015,0.666666666666667,20000,339,2.61039770409388e-08,1.54616455413524e-08,1.06423314995863e-08
0.015,0.666666666666667,20000,340,2.13266304389795e-08,1.24600701430326e-08,8.86656029594691e-09
0.015,0.666666666666667,20000,341,1.73985898630302e-08,1.00244703893071e-08,7.37411947372315e-09
0.015,0.666666666666667,20000,342,1.4173689981211e-08,8.05153274276147e-09,6.12215723844954e-09
0.015,0.666666666666667,20000,343,1.15300106318779e-08,6.45612403278326e-09,5.07388659909462e-09
0.015,0.666666666666667,20000,344,9.36602288177225e-09,5.1682241736838e-09,4.19779870808845e-09
0.015,0.666666666666667,20000,345,7.59731752228726e-09,4.13035135057813e-09,3.46696617170913e-09
0.015,0.666666666666667,20000,346,6.15383327356133e-09,3.29540522703297e-09,2.85842804652837e-09
0.015,0.666666666666667,20000,347,4.97751281215514e-09,2.62486415125179e-09,2.35264866090335e-09
0.015,0.666666666666667,20000,348,4.02032431344962e-09,2.08728144683241e-09,1.93304286661721e-09
0.015,0.666666666666667,20000,349,3.24259462857492e-09,1.65703381036267e-09,1.58556081821225e-09
0.015,0.666666666666667,20000,350,2.61160761364377e-09,1.31328173106208e-09,1.29832588258169e-09
0.015,0.666666666666667,20000,351,2.10042760413115e-09,1.03910781640686e-09,1.0613197877243e-09
0.015,0.666666666666667,20000,352,1.68691367899233e-09,8.20804060808027e-10,8.66109618184306e-10
0.015,0.666666666666667,20000,353,1.35289527896959e-09,6.47283530457855e-10,7.05611748511739e-10
0.015,0.666666666666667,20000,354,1.08348401500748e-09,5.09595745294921e-10,5.73888269712557e-10
0.015,0.666666666666667,20000,355,8.66500201643821e-10,4.00528298436965e-10,4.65971903206856e-10
0.015,0.666666666666667,20000,356,6.91995845282601e-10,3.14280035662878e-10,3.77715809619723e-10
0.015,0.666666666666667,20000,357,5.51858570151551e-10,2.4619348597035e-10,3.05665084181201e-10
0.015,0.666666666666667,20000,358,4.39483330872391e-10,1.92536245012298e-10,2.46947085860092e-10
0.015,0.666666666666667,20000,359,3.49500789356988e-10,1.50322715807458e-10,1.9917807354953e-10
0.015,0.666666666666667,20000,360,2.77552969149267e-10,1.17169048986025e-10,1.60383920163242e-10
0.015,0.666666666666667,20000,361,2.20108281308361e-10,9.11753359884925e-11,1.28932945319869e-10
0.015,0.666666666666667,20000,362,1.74309276857032e-10,7.08301262203721e-11,1.0347915063666e-10
0.015,0.666666666666667,20000,363,1.37847551949478e-10,5.49331919520644e-11,8.2914359997414e-11
0.015,0.666666666666667,20000,364,1.08861139766708e-10,4.25331776420483e-11,6.63279621246594e-11
0.015,0.666666666666667,20000,365,8.58504909048135e-11,3.28773648260308e-11,5.29731260787827e-11
0.015,0.666666666666667,20000,366,6.76097918758802e-11,2.53712782109708e-11,4.22385136649094e-11
0.015,0.666666666666667,20000,367,5.31709168321293e-11,1.95462689521878e-11,3.36246478799415e-11
0.015,0.666666666666667,20000,368,4.1757765939532e-11,1.50335507761664e-11,2.67242151633655e-11
0.015,0.666666666666667,20000,369,3.27491280815552e-11,1.15434451353243e-11,2.12056829462309e-11
0.015,0.666666666666667,20000,370,2.56485270579653e-11,8.84882269876348e-12,1.67997043592018e-11
0.015,0.666666666666667,20000,371,2.00597788521658e-11,6.77191844875946e-12,1.32878604034064e-11
0.015,0.666666666666667,20000,372,1.56672111743555e-11,5.17385342965114e-12,1.04933577447043e-11
0.015,0.666666666666667,20000,373,1.22196824358173e-11,3.94632364123376e-12,8.27335879458355e-12
0.015,0.666666666666667,20000,374,9.51769160991386e-12,3.00502059572545e-12,6.51267101418841e-12
0.015,0.666666666666667,20000,375,7.40299821761643e-12,2.28443277522376e-12,5.11856544239268e-12
0.015,0.666666666666667,20000,376,5.75027728677489e-12,1.73374606289325e-12,4.01653122388164e-12
0.015,0.666666666666667,20000,377,4.4604212495989e-12,1.31361702708083e-12,3.14680422251807e-12
0.015,0.666666666666667,20000,378,3.45517246083241e-12,9.93638078381678e-13,2.46153438245073e-12
0.015,0.666666666666667,20000,379,2.67282894676975e-12,7.50349952294705e-13,1.92247899447504e-12
0.015,0.666666666666667,20000,380,2.06481432047374e-12,5.65686309329315e-13,1.49912801114442e-12
0.015,0.666666666666667,20000,381,1.59294235325348e-12,4.25758819313196e-13,1.16718353394029e-12
0.015,0.666666666666667,20000,382,1.22723900700971e-12,3.19909998249783e-13,9.07329008759928e-13
0.015,0.666666666666667,20000,383,9.44211082006892e-13,2.39976187762803e-13,7.04234894244089e-13
0.015,0.666666666666667,20000,384,7.2547208075237e-13,1.79715138621056e-13,5.45756942131313e-13
0.015,0.666666666666667,20000,385,5.56653311162558e-13,1.34362275542986e-13,4.22291035619572e-13
0.015,0.666666666666667,20000,386,4.26542379855654e-13,1.00287363577485e-13,3.26255016278169e-13
0.015,0.666666666666667,20000,387,3.26402661331513e-13,7.47293585320715e-14,2.51673302799442e-13
0.015,0.666666666666667,20000,388,2.49436567360843e-13,5.55920219450898e-14,1.93844545415754e-13
0.015,0.666666666666667,20000,389,1.90362891460371e-13,4.12866705444263e-14,1.49076220915945e-13
0.015,0.666666666666667,20000,390,1.45084501112182e-13,3.06114166984973e-14,1.14473084413684e-13
0.015,0.666666666666667,20000,391,1.1042747003086e-13,2.26586052103616e-14,8.7768864820498e-14
0.015,0.666666666666667,20000,392,8.39366088228048e-14,1.67439952383572e-14,6.71926135844476e-14
0.015,0.666666666666667,20000,393,6.3715448011937e-14,1.23526798828638e-14,5.13627681290732e-14
0.015,0.666666666666667,20000,394,4.83012017904309e-14,9.09786436454063e-15,3.92033374258903e-14
0.015,0.666666666666667,20000,395,3.6567215207379e-14,6.6895037985204e-15,2.98777114088586e-14
0.015,0.666666666666667,20000,396,2.76469701395756e-14,4.91048656725846e-15,2.27364835723172e-14
0.015,0.666666666666667,20000,397,2.08749758688724e-14,3.59858135868249e-15,1.72763945101899e-14
0.015,0.666666666666667,20000,398,1.57408627016357e-14,2.63277836404815e-15,1.31080843375876e-14
0.015,0.666666666666667,20000,399,1.18537836374006e-14,1.92297416945925e-15,9.93080946794132e-15
0.015,0.666666666666667,20000,400,8.91485133559685e-15,1.4021961705604e-15,7.51265516503645e-15
0.015,0.666666666666667,25000,0,4.69226660072618e-08,3.90098951493736e-22,4.69226660072614e-08
0.015,0.666666666666667,25000,1,3.93050984145597e-08,5.51366878468982e-22,3.93050984145592e-08
0.015,0.666666666666667,25000,2,3.28855240221026e-08,7.78265009525236e-22,3.28855240221019e-08
0.015,0.666666666666667,25000,3,2.74821587529488e-08,1.09707236977158e-21,2.74821587529477e-08
0.015,0.666666666666667,25000,4,2.29396955170007e-08,1.54441492566415e-21,2.29396955169992e-08
0.015,0.666666666666667,25000,5,1.91256282897065e-08,2.17126905895122e-21,1.91256282897044e-08
0.015,0.666666666666667,25000,6,1.59270578864971e-08,3.0484862310928e-21,1.5927057886494e-08
0.015,0.666666666666667,25000,7,1.32479207363235e-08,4.27440601868865e-21,1.32479207363193e-08
0.015,0.666666666666667,25000,8,1.10065884445886e-08,5.98533204142043e-21,1.10065884445826e-08
0.015,0.666666666666667,25000,9,9.13379180366027e-09,8.36992689035347e-21,9.1337918036519e-09
0.015,0.666666666666667,25000,10,7.57082820281348e-09,1.16889640109431e-20,7.57082820280179e-09
0.015,0.666666666666667,25000,11,6.26801615256649e-09,1.63023915254803e-20,6.26801615255019e-09
0.015,0.666666666666667,25000,12,5.18336491323435e-09,2.27063620045551e-20,5.18336491321165e-09
0.015,0.666666666666667,25000,13,4.28143104463625e-09,3.15838258616972e-20,4.28143104460467e-09
0.015,0.666666666666667,25000,14,3.53233711187466e-09,4.38735580551072e-20,3.53233711183079e-09
0.015,0.666666666666667,25000,15,2.91093082745965e-09,6.08641998056116e-20,2.91093082739879e-09
0.015,0.666666666666667,25000,16,2.39606561712638e-09,8.43221978248383e-20,2.39606561704206e-09
0.015,0.666666666666667,25000,17,1.96998599760507e-09,1.16665610906916e-19,1.9699859974884e-09
0.015,0.666666666666667,25000,18,1.61780327924412e-09,1.61199890330182e-19,1.61780327908292e-09
0.015,0.666666666666667,25000,19,1.32704898244568e-09,2.22437274552597e-19,1.32704898222324e-09
0.015,0.666666666666667,25000,20,1.08729500988339e-09,3.06528831061259e-19,1.08729500957686e-09
0.015,0.666666666666667,25000,21,8.89831069886135e-10,4.21848038033706e-19,8.89831069464287e-10
0.015,0.666666666666667,25000,22,7.27391121640625e-10,5.79777929318946e-19,7.27391121060847e-10
0.015,0.666666666666667,25000,23,5.93921729544883e-10,7.95771286790506e-19,5.93921728749112e-10
0.015,0.666666666666667,25000,24,4.84386189890046e-10,1.09077654670719e-18,4.84386188799269e-10
0.015,0.666666666666667,25000,25,3.94599144133756e-10,1.49315281965406e-18,3.94599142640603e-10
0.015,0.666666666666667,25000,26,3.21087133855213e-10,2.0412381038755e-18,3.21087131813975e-10
0.015,0.666666666666667,25000,27,2.60971196091632e-10,2.78678853675162e-18,2.60971193304843e-10
0.015,0.666666666666667,25000,28,2.11868155842584e-10,3.79957747878284e-18,2.11868152043006e-10
0.015,0.666666666666667,25000,29,1.71807755547741e-10,5.17353670797573e-18,1.71807750374204e-10
0.015,0.666666666666667,25000,30,1.39163178616163e-10,7.03494498785141e-18,1.39163171581218e-10
0.015,0.666666666666667,25000,31,1.12592883899271e-10,9.55333082103998e-18,1.1259287434594e-10
0.015,0.666666666666667,25000,32,9.09919777040417e-11,1.29559680779309e-17,9.09919647480736e-11
0.015,0.666666666666667,25000,33,7.34516160378019e-11,1.75471206470471e-17,7.34515984906813e-11
0.015,0.666666666666667,25000,34,5.92251579957449e-11,2.37335550275894e-17,5.92251342621898e-11
0.015,0.666666666666667,25000,35,4.76999865937959e-11,3.20583133755114e-17,4.76999545354825e-11
0.015,0.666666666666667,25000,36,3.83740803434697e-11,4.32453568158733e-17,3.83740370981129e-11
0.015,0.666666666666667,25000,37,3.08365613429019e-11,5.82584922055609e-17,3.08365030844097e-11
0.015,0.666666666666667,25000,38,2.47515670107698e-11,7.83790394316694e-17,2.47514886317304e-11
0.015,0.666666666666667,25000,39,1.98448957744289e-11,1.05308050662943e-16,1.98447904663782e-11
0.015,0.666666666666667,25000,40,1.58929646129274e-11,1.41300647306084e-16,1.58928233122801e-11
0.015,0.666666666666667,25000,41,1.27136905828995e-11,1.89342309341469e-16,1.27135012405901e-11
0.015,0.666666666666667,25000,42,1.01589712552894e-11,2.53379881565756e-16,1.01587178754078e-11
0.015,0.666666666666667,25000,43,8.10849203575591e-12,3.38623838637114e-16,8.10815341191728e-12
0.015,0.666666666666667,25000,44,6.46463307410641e-12,4.51943213198505e-16,6.46418113089321e-12
0.015,0.666666666666667,25000,45,5.14828613022156e-12,6.02380840533314e-16,5.14768374938103e-12
0.015,0.666666666666667,25000,46,4.09542342279793e-12,8.0182459202243e-16,4.09462159820591e-12
0.015,0.666666666666667,25000,47,3.25428705796294e-12,1.06588054294894e-15,3.25322117741999e-12
0.015,0.666666666666667,25000,48,2.58308990065053e-12,1.41500716087886e-15,2.58167489348966e-12
0.015,0.666666666666667,25000,49,2.04813738169457e-12,1.87598638252212e-15,2.04626139531205e-12
0.015,0.666666666666667,25000,50,1.6222952985145e-12,2.48382884431096e-15,1.61981146967019e-12
0.015,0.666666666666667,25000,51,1.28374165279413e-12,3.28423777081144e-15,1.28045741502331e-12
0.015,0.666666666666667,25000,52,1.01495138753588e-12,4.33679064470927e-15,1.01061459689117e-12
0.015,0.666666666666667,25000,53,8.01871888661573e-13,5.7190417117224e-15,7.96152846949851e-13
0.015,0.666666666666667,25000,54,6.33254599849483e-13,7.53180402728532e-15,6.25722795822198e-13
0.015,0.666666666666667,25000,55,5.00114314921728e-13,9.9059401442469e-15,4.90208374777481e-13
0.015,0.666666666666667,25000,56,3.95292872496451e-13,1.301107943135e-14,3.82281793065101e-13
0.015,0.666666666666667,25000,57,3.13108262698988e-13,1.70667920797665e-14,2.96041470619222e-13
0.015,0.666666666666667,25000,58,2.49073717771994e-13,2.23568909125498e-14,2.26716826859444e-13
0.015,0.666666666666667,25000,59,1.99674326585089e-13,2.92477093690136e-14,1.70426617216076e-13
0.015,0.666666666666667,25000,60,1.62191197231733e-13,3.8211426417974e-14,1.23979770813759e-13
0.015,0.666666666666667,25000,61,1.3456528620538e-13,4.98557876899666e-14,8.47094985154133e-14
0.015,0.666666666666667,25000,62,1.15294798351204e-13,6.49619204140644e-14,5.03328779371394e-14
0.015,0.666666666666667,25000,63,1.03361610054348e-13,8.45323745514929e-14,1.88292355028556e-14
0.015,0.666666666666667,25000,64,9.8183542419422e-14,1.09852064424247e-13,-1.1668522004825e-14
0.015,0.666666666666667,25000,65,9.95905695364522e-14,1.42565459399578e-13,-4.29748898631259e-14
0.015,0.666666666666667,25000,66,1.07824243998708e-13,1.84774209738087e-13,-7.69499657393789e-14
0.015,0.666666666666667,25000,67,1.23560811040352e-13,2.39160432344622e-13,-1.1559962130427e-13
0.015,0.666666666666667,25000,68,1.47959718175046e-13,3.09142166991404e-13,-1.61182448816358e-13
0.015,0.666666666666667,25000,69,1.8274056611514e-13,3.99069102762096e-13,-2.16328536646955e-13
0.015,0.666666666666667,25000,70,2.30293051260233e-13,5.14468635235345e-13,-2.84175583975113e-13
0.015,0.666666666666667,25000,71,2.93826189997122e-13,6.62354730063941e-13,-3.6852854006682e-13
0.015,0.666666666666667,25000,72,3.7756517063131e-13,8.51615038328405e-13,-4.74049867697095e-13
0.015,0.666666666666667,25000,73,4.87006643606031e-13,1.09349535444718e-12,-6.06488710841146e-13
0.015,0.666666666666667,25000,74,6.29246245408164e-13,1.40220497454885e-12,-7.72958729140683e-13
0.015,0.666666666666667,25000,75,8.13395788007512e-13,1.79567197782869e-12,-9.82276189821181e-13
0.015,0.666666666666667,25000,76,1.05111199158113e-12,2.29648412666596e-12,-1.24537213508483e-12
0.015,0.666666666666667,25000,77,1.35726408297902e-12,2.93305921629387e-12,-1.57579513331486e-12
0.015,0.666666666666667,25000,78,1.75077425341124e-12,3.74109860443022e-12,-1.99032435101898e-12
0.015,0.666666666666667,25000,79,2.25567313960896e-12,4.76538967707598e-12,-2.50971653746702e-12
0.015,0.666666666666667,25000,80,2.90242249162322e-12,6.06203758950608e-12,-3.15961509788286e-12
0.015,0.666666666666667,25000,81,3.72956941142708e-12,7.70122427359676e-12,-3.97165486216968e-12
0.015,0.666666666666667,25000,82,4.78581146146579e-12,9.77061403191855e-12,-4.98480257045276e-12
0.015,0.666666666666667,25000,83,6.13257011551096e-12,1.23795507652148e-11,-6.24698064970379e-12
0.015,0.666666666666667,25000,84,7.84719212902664e-12,1.5664222853374e-11,-7.81703072434735e-12
0.015,0.666666666666667,25000,85,1.00269252447702e-11,1.97940089333812e-11,-9.76708368861096e-12
0.015,0.666666666666667,25000,86,1.27938471746996e-11,2.49792624704243e-11,-1.21854152957248e-11
0.015,0.666666666666667,25000,87,1.63009661417125e-11,3.14808464847449e-11,-1.51798803430324e-11
0.015,0.666666666666667,25000,88,2.07397587615719e-11,3.96217936982883e-11,-1.88820349367164e-11
0.015,0.666666666666667,25000,89,2.63494682750246e-11,4.9801543596241e-11,-2.34520753212164e-11
0.015,0.666666666666667,25000,90,3.34285549613812e-11,6.25132986677406e-11,-2.90847437063594e-11
0.015,0.666666666666667,25000,91,4.23487731612623e-11,7.83651499661468e-11,-3.60163768048845e-11
0.015,0.666666666666667,25000,92,5.35724482666907e-11,9.81057500927652e-11,-4.45333018260745e-11
0.015,0.666666666666667,25000,93,6.76736452924029e-11,1.22655463208706e-10,-5.49818179163034e-11
0.015,0.666666666666667,25000,94,8.53640617108382e-11,1.53144100701077e-10,-6.77800389902384e-11
0.015,0.666666666666667,25000,95,1.07524645170849e-10,1.90956562259819e-10,-8.34319170889693e-11
0.015,0.666666666666667,25000,96,1.35244136231619e-10,2.37787950630988e-10,-1.02543814399369e-10
0.015,0.666666666666667,25000,97,1.6986597277128e-10,2.95710020240337e-10,-1.25844047469057e-10
0.015,0.666666666666667,25000,98,2.1304527255358e-10,3.67251162129469e-10,-1.54205889575889e-10
0.015,0.666666666666667,25000,99,2.66817940779829e-10,4.55492528081199e-10,-1.8867458730137e-10
0.015,0.666666666666667,25000,100,3.33684338604965e-10,5.64183364370515e-10,-2.3049902576555e-10
0.015,0.666666666666667,25000,101,4.16710406036409e-10,6.97879170393548e-10,-2.81168764357138e-10
0.015,0.666666666666667,25000,102,5.19649669174504e-10,8.62106930946461e-10,-3.42457261771956e-10
0.015,0.666666666666667,25000,103,6.4709018968771e-10,1.06356240604529e-09,-4.16472216357582e-10
0.015,0.666666666666667,25000,104,8.04631247678861e-10,1.31034531337915e-09,-5.05714065700285e-10
0.015,0.666666666666667,25000,105,9.99095403433967e-10,1.61223922198604e-09,-6.13143818552075e-10
0.015,0.666666666666667,25000,106,1.23878257668042e-09,1.98104410962226e-09,-7.42261532941839e-10
0.015,0.666666666666667,25000,107,1.53377393381105e-09,2.43097084067648e-09,-8.97196906865428e-10
0.015,0.666666666666667,25000,108,1.89629470630027e-09,2.97910831864382e-09,-1.08281361234355e-09
0.015,0.666666666666667,25000,109,2.34114660203196e-09,3.64597578172021e-09,-1.30482917968825e-09
0.015,0.666666666666667,25000,110,2.88622224298108e-09,4.45617466904993e-09,-1.56995242606885e-09
0.015,0.666666666666667,25000,111,3.55311609804377e-09,5.43915671817215e-09,-1.88604062012838e-09
0.015,0.666666666666667,25000,112,4.3678487122591e-09,6.6301274935542e-09,-2.2622787812951e-09
0.015,0.666666666666667,25000,113,5.36172369987862e-09,8.07110742680906e-09,-2.70938372693044e-09
0.015,0.666666666666667,25000,114,6.57234000871566e-09,9.81217570911599e-09,-3.23983570040033e-09
0.015,0.666666666666667,25000,115,8.04478542035057e-09,1.19129260561511e-08,-3.86814063580057e-09
0.015,0.666666666666667,25000,116,9.83304117194248e-09,1.44441675089254e-08,-4.61112633698295e-09
0.015,0.666666666666667,25000,117,1.20016320208976e-08,1.74899080864329e-08,-5.48827606553533e-09
0.015,0.666666666666667,25000,118,1.46275610771247e-08,2.11496643165813e-08,-6.52210323945661e-09
0.015,0.666666666666667,25000,119,1.78025743559197e-08,2.55411454914225e-08,-7.73857113550286e-09
0.015,0.666666666666667,25000,120,2.16358063174476e-08,3.08033679741055e-08,-9.16756165665784e-09
0.015,0.666666666666667,25000,121,2.62568647187e-08,3.7100262082616e-08,-1.0843397363916e-08
0.015,0.666666666666667,25000,122,3.18194209751165e-08,4.46248420445924e-08,-1.28054210694758e-08
0.015,0.666666666666667,25000,123,3.85053809776526e-08,5.36040183139122e-08,-1.50986373362596e-08
0.015,0.666666666666667,25000,124,4.65297210034275e-08,6.43041412183654e-08,-1.77744202149379e-08
0.015,0.666666666666667,25000,125,5.61460840603243e-08,7.70373755219989e-08,-2.08912914616746e-08
0.015,0.666666666666667,25000,126,6.7653243782599e-08,9.21690170863253e-08,-2.45157733037263e-08
0.015,0.666666666666667,25000,127,8.14025559072556e-08,1.10125875448064e-07,-2.87233195408088e-08
0.015,0.666666666666667,25000,128,9.78065314666177e-08,1.3140585983824e-07,-3.35993283716224e-08
0.015,0.666666666666667,25000,129,1.17348681181534e-07,1.56588920981573e-07,-3.92402398000396e-08
0.015,0.666666666666667,25000,130,1.40594797173652e-07,1.86349516959926e-07,-4.57547197862741e-08
0.015,0.666666666666667,25000,131,1.68205856064602e-07,2.21470788510968e-07,-5.32649324463662e-08
0.015,0.666666666666667,25000,132,2.00952746811158e-07,2.62860647360848e-07,-6.19079005496897e-08
0.015,0.666666666666667,25000,133,2.39733047237925e-07,3.11570000538025e-07,-7.18369533000996e-08
0.015,0.666666666666667,25000,134,2.85590095151749e-07,3.68813354045038e-07,-8.32232588932884e-08
0.015,0.666666666666667,25000,135,3.39734623109864e-07,4.35992060713221e-07,-9.62574376033566e-08
0.015,0.666666666666667,25000,136,4.03569250293646e-07,5.14720499442929e-07,-1.11151249149283e-07
0.015,0.666666666666667,25000,137,4.78716150406659e-07,6.06855496219334e-07,-1.28139345812674e-07
0.015,0.666666666666667,25000,138,5.67048240927717e-07,7.14529321137973e-07,-1.47481080210256e-07
0.015,0.666666666666667,25000,139,6.7072426622425e-07,8.40186619984227e-07,-1.69462353759977e-07
0.015,0.666666666666667,25000,140,7.9222817474005e-07,9.86625663454225e-07,-1.94397488714175e-07
0.015,0.666666666666667,25000,141,9.34413218435637e-07,1.15704432160386e-06,-2.22631103168226e-07
0.015,0.666666666666667,25000,142,1.10055123054549e-06,1.35509119524091e-06,-2.54539964695418e-07
0.015,0.666666666666667,25000,143,1.29438756513107e-06,1.58492235935347e-06,-2.90534794222402e-07
0.015,0.666666666666667,25000,144,1.520202208395e-06,1.8512641958613e-06,-3.31061987466299e-07
0.015,0.666666666666667,25000,145,1.7828775967565e-06,2.15948281349142e-06,-3.76605216734925e-07
0.015,0.666666666666667,25000,146,2.0879736996751e-06,2.51566057086103e-06,-4.27686871185926e-07
0.015,0.666666666666667,25000,147,2.44181094548249e-06,2.92668023428239e-06,-4.848692887999e-07
0.015,0.666666666666667,25000,148,2.85156158529643e-06,3.40031731370532e-06,-5.48755728408888e-07
0.015,0.666666666666667,25000,149,3.32535010262903e-06,3.9453411278385e-06,-6.19991025209474e-07
0.015,0.666666666666667,25000,150,3.87236328367022e-06,4.57162515203613e-06,-6.99261868365913e-07
0.015,0.666666666666667,25000,151,4.50297056446071e-06,5.29026719913335e-06,-7.87296634672639e-07
0.015,0.666666666666667,25000,152,5.22885526523148e-06,6.11371997314256e-06,-8.84864707911088e-07
0.015,0.666666666666667,25000,153,6.06315730798207e-06,7.05593251760847e-06,-9.927752096264e-07
0.015,0.666666666666667,25000,154,7.02062798974258e-06,8.13250305344843e-06,-1.11187506370586e-06
0.015,0.666666666666667,25000,155,8.11779734971582e-06,9.36084366422566e-06,-1.24304631450984e-06
0.015,0.666666666666667,25000,156,9.37315462239431e-06,1.07603572389429e-05,-1.38720261654855e-06
0.015,0.666666666666667,25000,157,1.08073422095403e-05,1.23526270225222e-05,-1.54528481298192e-06
0.015,0.666666666666667,25000,158,1.24433635303533e-05,1.41616190510744e-05,-1.71825552072111e-06
0.015,0.666666666666667,25000,159,1.43068050200021e-05,1.62138976618069e-05,-1.9070926418049e-06
0.015,0.666666666666667,25000,160,1.64260724407675e-05,1.85388541649632e-05,-2.11278172419571e-06
0.015,0.666666666666667,25000,161,1.88326415462231e-05,2.1168948646587e-05,-2.33630710036387e-06
0.015,0.666666666666667,25000,162,2.15613229961364e-05,2.41399647353088e-05,-2.57864173917245e-06
0.015,0.666666666666667,25000,163,2.46505412572174e-05,2.74912770130251e-05,-2.84073575580772e-06
0.015,0.666666666666667,25000,164,2.81426270417459e-05,3.12661305776969e-05,-3.12350353595098e-06
0.015,0.666666666666667,25000,165,3.2084122631927e-05,3.55119320761213e-05,-3.42780944419432e-06
0.015,0.666666666666667,25000,166,3.65260992122715e-05,4.02805513152224e-05,-3.75445210295093e-06
0.015,0.666666666666667,25000,167,4.15244850853403e-05,4.56286323322067e-05,-4.10414724686643e-06
0.015,0.666666666666667,25000,168,4.71404033781135e-05,5.16179125571426e-05,-4.47750917902919e-06
0.015,0.666666666666667,25000,169,5.34405175576895e-05,5.83155484367697e-05,-4.87503087908024e-06
0.015,0.666666666666667,25000,170,6.04973827670089e-05,6.57944456065808e-05,-5.29706283957193e-06
0.015,0.666666666666667,25000,171,6.83898006652714e-05,7.41335914007703e-05,-5.74379073549888e-06
0.015,0.666666666666667,25000,172,7.72031751156082e-05,8.34183871782294e-05,-6.2152120626212e-06
0.015,0.666666666666667,25000,173,8.70298657067418e-05,9.37409776195449e-05,-6.71111191280315e-06
0.015,0.666666666666667,25000,174,9.7969535728761e-05,0.000105200573817505,-7.23103808874429e-06
0.015,0.666666666666667,25000,175,0.000110129490849174,0.000117903766645001,-7.77427579582759e-06
0.015,0.666666666666667,25000,176,0.000123625004358079,0.000131964826542954,-8.33982218487403e-06
0.015,0.666666666666667,25000,177,0.000138579624475154,0.000147505985531005,-8.92636105585104e-06
0.015,0.666666666666667,25000,178,0.00015512545884126,0.000164657696909685,-9.53223806842473e-06
0.015,0.666666666666667,25000,179,0.000173403430959475,0.000183558867799499,-1.0155436840024e-05
0.015,0.666666666666667,25000,180,0.000193563503010348,0.000204357059355381,-1.07935563450335e-05
0.015,0.666666666666667,25000,181,0.000215764859150734,0.000227208649209857,-1.14437900591228e-05
0.015,0.666666666666667,25000,182,0.000240176043121782,0.00025227895044144,-1.21029073196576e-05
0.015,0.666666666666667,25000,183,0.000266975043746753,0.000279742281142585,-1.2767237395832e-05
0.015,0.666666666666667,25000,184,0.000296349321701103,0.000309781978480767,-1.34326567796643e-05
0.015,0.666666666666667,25000,185,0.000328495770793449,0.000342590351013948,-1.40945802204995e-05
0.015,0.666666666666667,25000,186,0.000363620606914539,0.000378368562944723,-1.47479560301839e-05
0.015,0.666666666666667,25000,187,0.000401939177800124,0.000417326443983015,-1.53872661828914e-05
0.015,0.666666666666667,25000,188,0.000443675686820289,0.000459682218542133,-1.60065317218446e-05
0.015,0.666666666666667,25000,189,0.000489062824159915,0.000505662148124024,-1.65993239641093e-05
0.015,0.666666666666667,25000,190,0.000538341298999304,0.00055550008096306,-1.71587819637554e-05
0.015,0.666666666666667,25000,191,0.000591759266647105,0.000609436903299478,-1.76776366523737e-05
0.015,0.666666666666667,25000,192,0.000649571645025046,0.000667719887048874,-1.81482420238287e-05
0.015,0.666666666666667,25000,193,0.000712039315460285,0.000730601929127426,-1.85626136671415e-05
0.015,0.666666666666667,25000,194,0.000779428203409953,0.000798340678287273,-1.89124748773192e-05
0.015,0.666666666666667,25000,195,0.000852008235525998,0.000871197546015142,-1.91893104891437e-05
0.015,0.666666666666667,25000,196,0.000930052170367516,0.000949436598851201,-1.93844284836844e-05
0.015,0.666666666666667,25000,197,0.00101383430108184,0.00103332333039402,-1.94890293121817e-05
0.015,0.666666666666667,25000,198,0.00110362902950194,0.00112312331227002,-1.94942827680842e-05
0.015,0.666666666666667,25000,199,0.0011997093123424,0.0012191007244585,-1.93914121161094e-05
0.015,0.666666666666667,25000,200,0.00130234498151271,0.00132151676657164,-1.91717850589336e-05
0.015,0.666666666666667,25000,201,0.00141180094199703,0.00143062795298605,-1.88270109890171e-05
0.015,0.666666666666667,25000,202,0.00152833525226326,0.00154668429610001,-1.83490438367508e-05
0.015,0.666666666666667,25000,203,0.00165219709374964,0.00166992738343849,-1.77302896888429e-05
0.015,0.666666666666667,25000,204,0.00178362463761877,0.00180058835583363,-1.69637182148561e-05
0.015,0.666666666666667,25000,205,0.00192284281865159,0.0019388857954589,-1.60429768073069e-05
0.015,0.666666666666667,25000,206,0.00207006102785881,0.00208502353407309,-1.49625062142774e-05
0.015,0.666666666666667,25000,207,0.00222547073709419,0.00223918839342017,-1.37176563259817e-05
0.015,0.666666666666667,25000,208,0.00238924307064225,0.00240154787131262,-1.2304800670361e-05
0.015,0.666666666666667,25000,209,0.00256152634039875,0.00257224778847944,-1.07214480806871e-05
0.015,0.666666666666667,25000,210,0.00274244356284153,0.00275140991276415,-8.96634992261737e-06
0.015,0.666666666666667,25000,211,0.0029320899774783,0.00293912957869002,-7.03960121171184e-06
0.015,0.666666666666667,25000,212,0.00313053058782947,0.00313547332174733,-4.94273391785918e-06
0.015,0.666666666666667,25000,213,0.00333779774723421,0.00334047654797588,-2.67880074167944e-06
0.015,0.666666666666667,25000,214,0.00355388881283103,0.00355414126049343,-2.52447662398968e-07
0.015,0.666666666666667,25000,215,0.00377876389193453,0.00377643386553267,2.33002640186207e-06
0.015,0.666666666666667,25000,216,0.00401234370568579,0.0040072830812747,5.06062441108998e-06
0.015,0.666666666666667,25000,217,0.00425450759527198,0.00424657797328292,7.92962198905341e-06
0.015,0.666666666666667,25000,218,0.00450509169617117,0.00449416614062966,1.09255555415053e-05
0.015,0.666666666666667,25000,219,0.00476388730576399,0.00474985207684892,1.40352289150717e-05
0.015,0.666666666666667,25000,220,0.00503063946924893,0.00501339572962836,1.72437396205637e-05
0.015,0.666666666666667,25000,221,0.00530504580809183,0.00528451128265746,2.05345254343705e-05
0.015,0.666666666666667,25000,222,0.00558675561422348,0.00556286618226747,2.38894319560066e-05
0.015,0.666666666666667,25000,223,0.00587536923186894,0.00584808043042543,2.72888014435108e-05
0.015,0.666666666666667,25000,224,0.00617043774724657,0.0061397261642754,3.07115829711697e-05
0.015,0.666666666666667,25000,225,0.00647146300441995,0.0064373275407566,3.4135463663351e-05
0.015,0.666666666666667,25000,226,0.00677789796332911,0.00674036094287459,3.75370204545198e-05
0.015,0.666666666666667,25000,227,0.00708914741348196,0.00704825552196682,4.08918915151407e-05
0.015,0.666666666666667,25000,228,0.00740456905397322,0.00736039408780183,4.41749661713869e-05
0.015,0.666666666666667,25000,229,0.00772347494743408,0.00767611435559829,4.73605918357876e-05
0.015,0.666666666666667,25000,230,0.00804513335223447,0.00799471055606933,5.04227961651386e-05
0.015,0.666666666666667,25000,231,0.00836877093378676,0.00831543541141373,5.33355223730388e-05
0.015,0.666666666666667,25000,232,0.00869357535217385,0.0086375024768193,5.60728753545466e-05
0.015,0.666666666666667,25000,233,0.00901869821958416,0.00896008884354847,5.86093760356916e-05
0.015,0.666666666666667,25000,234,0.00934325841722012,0.00928233819607828,6.09202211418348e-05
0.015,0.666666666666667,25000,235,0.00966634575750474,0.00960336421210704,6.29815453976976e-05
0.015,0.666666666666667,25000,236,0.00998702497358456,0.00992225429055943,6.47706830251282e-05
0.015,0.666666666666667,25000,237,0.0103043400143676,0.0102380735890656,6.62664253019939e-05
0.015,0.666666666666667,25000,238,0.0106173186196891,0.0105498693488024,6.74492708867304e-05
0.015,0.666666666666667,25000,239,0.0109249771467161,0.0108566754811138,6.83016656023022e-05
0.015,0.666666666666667,25000,240,0.0112263256154283,0.0111575173870173,6.88082284109881e-05
0.015,0.666666666666667,25000,241,0.0115203729380005,0.0114514169776002,6.89559604002635e-05
0.015,0.666666666666667,25000,242,0.011806132294198,0.0117373978604601,6.87344337379457e-05
0.015,0.666666666666667,25000,243,0.0120826266125255,0.0120144906547826,6.81359577428611e-05
0.015,0.666666666666667,25000,244,0.0123488941148827,0.0122817383954297,6.71557194529774e-05
0.015,0.666666666666667,25000,245,0.0126039938809035,0.0125382019845504,6.5791896353069e-05
0.015,0.666666666666667,25000,246,0.0128470113870221,0.0127829656477755,6.40457392465828e-05
0.015,0.666666666666667,25000,247,0.0130770639746434,0.0130151423510276,6.19216236157193e-05
0.015,0.666666666666667,25000,248,0.0132933062016088,0.0132338791334032,5.94270682055895e-05
0.015,0.666666666666667,25000,249,0.0134949350314611,0.0134383623114741,5.65727199870469e-05
0.015,0.666666666666667,25000,250,0.0136811948158141,0.013627822510723,5.33723050911757e-05
0.015,0.666666666666667,25000,251,0.0138513820264421,0.0138015394806812,4.98425457609829e-05
0.015,0.666666666666667,25000,252,0.0140048496954909,0.0139588466516654,4.60030438254981e-05
0.015,0.666666666666667,25000,253,0.0141410115244748,0.0140991353928169,4.18761316579273e-05
0.015,0.666666666666667,25000,254,0.0142593456254374,0.0142218589334064,3.74866920310139e-05
0.015,0.666666666666667,25000,255,0.0143593978607814,0.0143265359120656,3.28619487158354e-05
0.015,0.666666666666667,25000,256,0.0144407847517966,0.0144127535217142,2.80312300823538e-05
0.015,0.666666666666667,25000,257,0.0145031959297739,0.0144801702214328,2.30257083411196e-05
0.015,0.666666666666667,25000,258,0.0145463961077644,0.0145285179903527,1.7878117411706e-05
0.015,0.666666666666667,25000,259,0.0145702265554578,0.0145576041027504,1.26224527073823e-05
0.015,0.666666666666667,25000,260,0.0145746060642766,0.0145673124078944,7.29365638222484e-06
0.015,0.666666666666667,25000,261,0.0145595313945426,0.0145576041027504,1.92729179216908e-06
0.015,0.666666666666667,25000,262,0.0145250772014258,0.0145285179903527,-3.4407889268704e-06
0.015,0.666666666666667,25000,263,0.0144713954412652,0.0144801702214328,-8.77478016757943e-06
0.015,0.666666666666667,25000,264,0.0143987142646991,0.0144127535217142,-1.40392570151786e-05
0.015,0.666666666666667,25000,265,0.0143073364078057,0.0143265359120656,-1.91995042598796e-05
0.015,0.666666666666667,25000,266,0.0141976370970727,0.0142218589334064,-2.422183633362e-05
0.015,0.666666666666667,25000,267,0.0140700614884297,0.0140991353928169,-2.90739043872397e-05
0.015,0.666666666666667,25000,268,0.0139251216647464,0.0139588466516654,-3.37249869189517e-05
0.015,0.666666666666667,25000,269,0.0137633932200705,0.0138015394806812,-3.81462606106851e-05
0.015,0.666666666666667,25000,270,0.0135855114624016,0.013627822510723,-4.23110483214022e-05
0.015,0.666666666666667,25000,271,0.013392167269953,0.0134383623114741,-4.61950415210719e-05
0.015,0.666666666666667,25000,272,0.0131841026385844,0.0132338791334032,-4.97764948188748e-05
0.015,0.666666666666667,25000,273,0.012962105960388,0.0130151423510276,-5.30363906396693e-05
0.015,0.666666666666667,25000,274,0.0127270070752511,0.0127829656477755,-5.59585725244879e-05
0.015,0.666666666666667,25000,275,0.0124796721385795,0.0125382019845504,-5.85298459709581e-05
0.015,0.666666666666667,25000,276,0.0122209983492549,0.0122817383954297,-6.07400461747343e-05
0.015,0.666666666666667,25000,277,0.0119519085822985,0.0120144906547826,-6.25820724841301e-05
0.015,0.666666666666667,25000,278,0.0116733459706398,0.0117373978604601,-6.40518898203189e-05
0.015,0.666666666666667,25000,279,0.0113862684798523,0.0114514169776002,-6.51484977479584e-05
0.015,0.666666666666667,25000,280,0.0110916435187268,0.0111575173870173,-6.58738682904822e-05
0.015,0.666666666666667,25000,281,0.0107904426271423,0.0108566754811138,-6.62328539714849e-05
0.015,0.666666666666667,25000,282,0.0104836362808848,0.0105498693488024,-6.62330679176218e-05
0.015,0.666666666666667,25000,283,0.0101721888508873,0.0102380735890656,-6.58847381782568e-05
0.015,0.666666666666667,25000,284,0.00985705375186216,0.00992225429055943,-6.52005386972722e-05
0.015,0.666666666666667,25000,285,0.00953916881249818,0.00960336421210704,-6.41953996088612e-05
0.015,0.666666666666667,25000,286,0.00921945189635714,0.00928233819607828,-6.28862997211453e-05
0.015,0.666666666666667,25000,287,0.00889879679935427,0.00896008884354847,-6.12920441941962e-05
0.015,0.666666666666667,25000,288,0.0085780694463014,0.0086375024768193,-5.94330305178983e-05
0.015,0.666666666666667,25000,289,0.00825810440547281,0.00831543541141373,-5.73310059409186e-05
0.015,0.666666666666667,25000,290,0.00793970173656339,0.00799471055606933,-5.5008819505941e-05
0.015,0.666666666666667,25000,291,0.00762362418379766,0.00767611435559829,-5.24901718006255e-05
0.015,0.666666666666667,25000,292,0.00731059472235342,0.00736039408780183,-4.97993654484169e-05
0.015,0.666666666666667,25000,293,0.00700129446273124,0.00704825552196682,-4.69610592355833e-05
0.015,0.666666666666667,25000,294,0.00669636091426648,0.00674036094287459,-4.40000286081104e-05
0.015,0.666666666666667,25000,295,0.00639638660568059,0.0064373275407566,-4.09409350760129e-05
0.015,0.666666666666667,25000,296,0.00610191805743643,0.0061397261642754,-3.78081068389711e-05
0.015,0.666666666666667,25000,297,0.00581345509772535,0.00584808043042543,-3.46253327000801e-05
0.015,0.666666666666667,25000,298,0.00553145051119867,0.00556286618226747,-3.14156710687985e-05
0.015,0.666666666666667,25000,299,0.00525631000708235,0.00528451128265746,-2.82012755751107e-05
0.015,0.666666666666667,25000,300,0.004988392491099,0.00501339572962836,-2.50032385293655e-05
0.015,0.666666666666667,25000,301,0.00472801062367832,0.00474985207684892,-2.18414531706007e-05
0.015,0.666666666666667,25000,302,0.00447543164527332,0.00449416614062966,-1.87344953563387e-05
0.015,0.666666666666667,25000,303,0.00423087844822113,0.00424657797328292,-1.56995250617945e-05
0.015,0.666666666666667,25000,304,0.00399453087349338,0.0040072830812747,-1.27522077813169e-05
0.015,0.666666666666667,25000,305,0.00376652720986938,0.00377643386553267,-9.90665566328935e-06
0.015,0.666666666666667,25000,306,0.00354696587252898,0.00355414126049343,-7.17538796445299e-06
0.015,0.666666666666667,25000,307,0.00333590723779169,0.00334047654797588,-4.56931018419241e-06
0.015,0.666666666666667,25000,308,0.00313337561071149,0.00313547332174733,-2.09771103583736e-06
0.015,0.666666666666667,25000,309,0.00293936130245783,0.00293912957869002,2.31723767812018e-07
0.015,0.666666666666667,25000,310,0.00275382279485619,0.00275140991276415,2.41288209203985e-06
0.015,0.666666666666667,25000,311,0.0025766889701063,0.00257224778847944,4.44118162686198e-06
0.015,0.666666666666667,25000,312,0.00240786138452322,0.00240154787131262,6.31351321060507e-06
0.015,0.666666666666667,25000,313,0.00224721656613464,0.00223918839342017,8.0281727144675e-06
0.015,0.666666666666667,25000,314,0.00209460831709478,0.00208502353407309,9.58478302169434e-06
0.015,0.666666666666667,25000,315,0.00194987000311961,0.0019388857954589,1.09842076607147e-05
0.015,0.666666666666667,25000,316,0.00181281681348609,0.00180058835583363,1.22284576524597e-05
0.015,0.666666666666667,25000,317,0.00168324797655065,0.00166992738343849,1.33205931121577e-05
0.015,0.666666666666667,25000,318,0.00156094891720488,0.00154668429610001,1.42646211048626e-05
0.015,0.666666666666667,25000,319,0.00144569334418134,0.00143062795298605,1.5065391195293e-05
0.015,0.666666666666667,25000,320,0.00133724525662924,0.00132151676657164,1.57284900576015e-05
0.015,0.666666666666667,25000,321,0.00123536086088091,0.0012191007244585,1.62601364224054e-05
0.015,0.666666666666667,25000,322,0.00113979038980847,0.00112312331227002,1.66670775384467e-05
0.015,0.666666666666667,25000,323,0.00105027981861172,0.00103332333039402,1.69564882177024e-05
0.015,0.666666666666667,25000,324,0.000966572472268602,0.000949436598851201,1.71358734174018e-05
0.015,0.666666666666667,25000,325,0.000888410521207941,0.000871197546015142,1.72129751927994e-05
0.015,0.666666666666667,25000,326,0.000815536363020077,0.000798340678287273,1.71956847328042e-05
0.015,0.666666666666667,25000,327,0.000747693889196075,0.000730601929127426,1.70919600686484e-05
0.015,0.666666666666667,25000,328,0.000684629636974393,0.000667719887048874,1.69097499255189e-05
0.015,0.666666666666667,25000,329,0.000626093827369896,0.000609436903299478,1.66569240704179e-05
0.015,0.666666666666667,25000,330,0.000571841291360552,0.00055550008096306,1.63412103974925e-05
0.015,0.666666666666667,25000,331,0.000521632287010447,0.000505662148124024,1.59701388864232e-05
0.015,0.666666666666667,25000,332,0.000475233211013135,0.000459682218542133,1.5550992471001e-05
0.015,0.666666666666667,25000,333,0.000432417208747595,0.000417326443983015,1.50907647645796e-05
0.015,0.666666666666667,25000,334,0.000392964687452278,0.000378368562944723,1.45961245075549e-05
0.015,0.666666666666667,25000,335,0.000356663737543494,0.000342590351013948,1.4073386529546e-05
0.015,0.666666666666667,25000,336,0.000323310467436791,0.000309781978480767,1.35284889560242e-05
0.015,0.666666666666667,25000,337,0.000292709257478312,0.000279742281142585,1.29669763357276e-05
0.015,0.666666666666667,25000,338,0.000264672938762679,0.00025227895044144,1.23939883212392e-05
0.015,0.666666666666667,25000,339,0.000239022902710246,0.000227208649209857,1.18142535003895e-05
0.015,0.666666666666667,25000,340,0.000215589147305685,0.000204357059355381,1.12320879503036e-05
0.015,0.666666666666667,25000,341,0.000194210265867942,0.000183558867799499,1.06513980684421e-05
0.015,0.666666666666667,25000,342,0.000174733384135109,0.000164657696909685,1.00756872254243e-05
0.015,0.666666666666667,25000,343,0.000157014051313013,0.000147505985531005,9.50806578200723e-06
0.015,0.666666666666667,25000,344,0.000140916090559694,0.000131964826542954,8.95126401674043e-06
0.015,0.666666666666667,25000,345,0.00012631141416578,0.000117903766645001,8.40764752077836e-06
0.015,0.666666666666667,25000,346,0.000113079808448825,0.000105200573817505,7.8792346313195e-06
0.015,0.666666666666667,25000,347,0.000101108693114026,9.37409776195449e-05,7.36771549448103e-06
0.015,0.666666666666667,25000,348,9.02928595495308e-05,8.34183871782294e-05,6.87447237130138e-06
0.015,0.666666666666667,25000,349,8.05341922270865e-05,7.41335914007703e-05,6.40060082631624e-06
0.015,0.666666666666667,25000,350,7.1741377072645e-05,6.57944456065808e-05,5.94693146606422e-06
0.015,0.666666666666667,25000,351,6.38296003610726e-05,5.83155484367697e-05,5.51405192430291e-06
0.015,0.666666666666667,25000,352,5.67202413781967e-05,5.16179125571426e-05,5.10232882105408e-06
0.015,0.666666666666667,25000,353,5.03405617854922e-05,4.56286323322067e-05,4.71192945328546e-06
0.015,0.666666666666667,25000,354,4.4623394320823e-05,4.02805513152224e-05,4.34284300560055e-06
0.015,0.666666666666667,25000,355,3.95068331753995e-05,3.55119320761213e-05,3.99490109927814e-06
0.015,0.666666666666667,25000,356,3.49339281047305e-05,3.12661305776969e-05,3.66779752703359e-06
0.015,0.666666666666667,25000,357,3.08523840616436e-05,2.74912770130251e-05,3.36110704861847e-06
0.015,0.666666666666667,25000,358,2.72142678838924e-05,2.41399647353088e-05,3.07430314858352e-06
0.015,0.666666666666667,25000,359,2.39757233285821e-05,2.1168948646587e-05,2.80677468199507e-06
0.015,0.666666666666667,25000,360,2.10966955214151e-05,1.85388541649632e-05,2.55784135645193e-06
0.015,0.666666666666667,25000,361,1.85406656811126e-05,1.62138976618069e-05,2.32676801930565e-06
0.015,0.666666666666667,25000,362,1.62743967885456e-05,1.41616190510744e-05,2.11277773747116e-06
0.015,0.666666666666667,25000,363,1.42676906961324e-05,1.23526270225222e-05,1.91506367361024e-06
0.015,0.666666666666667,25000,364,1.24931570157345e-05,1.07603572389429e-05,1.73279977679163e-06
0.015,0.666666666666667,25000,365,1.09259939822507e-05,9.36084366422566e-06,1.56515031802503e-06
0.015,0.666666666666667,25000,366,9.5437813648548e-06,8.13250305344843e-06,1.41127831140636e-06
0.015,0.666666666666667,25000,367,8.32628538769826e-06,7.05593251760847e-06,1.27035287008979e-06
0.015,0.666666666666667,25000,368,7.25527552617784e-06,6.11371997314256e-06,1.14155555303528e-06
0.015,0.666666666666667,25000,369,6.31435296272404e-06,5.29026719913335e-06,1.02408576359068e-06
0.015,0.666666666666667,25000,370,5.48879041662862e-06,4.57162515203613e-06,9.17165264592491e-07
0.015,0.666666666666667,25000,371,4.76538300478757e-06,3.9453411278385e-06,8.20041876949066e-07
0.015,0.666666666666667,25000,372,4.13230974345506e-06,3.40031731370532e-06,7.31992429749747e-07
0.015,0.666666666666667,25000,373,3.57900526424813e-06,2.92668023428239e-06,6.52325029965743e-07
0.015,0.666666666666667,25000,374,3.09604128977674e-06,2.51566057086103e-06,5.80380718915708e-07
0.015,0.666666666666667,25000,375,2.67501739448946e-06,2.15948281349142e-06,5.15534580998035e-07
0.015,0.666666666666667,25000,376,2.30846056373373e-06,1.8512641958613e-06,4.57196367872432e-07
0.015,0.666666666666667,25000,377,1.989733057783e-06,1.58492235935347e-06,4.04810698429532e-07
0.015,0.666666666666667,25000,378,1.71294808687278e-06,1.35509119524091e-06,3.57856891631867e-07
0.015,0.666666666666667,25000,379,1.47289280735295e-06,1.15704432160386e-06,3.15848485749091e-07
0.015,0.666666666666667,25000,380,1.2649581571919e-06,9.86625663454225e-07,2.78332493737678e-07
0.015,0.666666666666667,25000,381,1.0850750606013e-06,8.40186619984227e-07,2.44888440617076e-07
0.015,0.666666666666667,25000,382,9.29656545881951e-07,7.14529321137973e-07,2.15127224743978e-07
0.015,0.666666666666667,25000,383,7.95545337168664e-07,6.06855496219334e-07,1.8868984094933e-07
0.015,0.666666666666667,25000,384,6.79966499076606e-07,5.14720499442929e-07,1.65245999633678e-07
0.015,0.666666666666667,25000,385,5.80484732875369e-07,4.35992060713221e-07,1.44492672162148e-07
0.015,0.666666666666667,25000,386,4.9496594334257e-07,3.68813354045038e-07,1.26152589297533e-07
0.015,0.666666666666667,25000,387,4.21542716526777e-07,3.11570000538025e-07,1.09972715988752e-07
0.015,0.666666666666667,25000,388,3.58583369975335e-07,2.62860647360848e-07,9.57227226144875e-08
0.015,0.666666666666667,25000,389,3.04664258294713e-07,2.21470788510968e-07,8.31934697837454e-08
0.015,0.666666666666667,25000,390,2.58545037986567e-07,1.86349516959926e-07,7.21955210266411e-08
0.015,0.666666666666667,25000,391,2.19146616156113e-07,1.56588920981573e-07,6.25576951745394e-08
0.015,0.666666666666667,25000,392,1.85531527767655e-07,1.3140585983824e-07,5.41256679294147e-08
0.015,0.666666666666667,25000,393,1.56886505502488e-07,1.10125875448064e-07,4.67606300544235e-08
0.015,0.666666666666667,25000,394,1.32507024861488e-07,9.21690170863253e-08,4.03380077751629e-08
0.015,0.666666666666667,25000,395,1.11783624876718e-07,7.70373755219989e-08,3.47462493547193e-08
0.015,0.666666666666667,25000,396,9.41898216031541e-08,6.43041412183654e-08,2.98856803847887e-08
0.015,0.666666666666667,25000,397,7.92714474213365e-08,5.36040183139122e-08,2.56674291074242e-08
0.015,0.666666666666667,25000,398,6.66372640786592e-08,4.46248420445924e-08,2.20124220340668e-08
0.015,0.666666666666667,25000,399,5.59507113290343e-08,3.7100262082616e-08,1.88504492464183e-08
0.015,0.666666666666667,25000,400,4.69226660072618e-08,3.08033679741055e-08,1.61192980331563e-08
0.02,0.5,10000,0,3.76458684433577e-09,5.38488002127164e-09,-1.62029317693587e-09
0.02,0.5,10000,1,4.99134306612523e-09,7.08050356508059e-09,-2.08916049895536e-09
0.02,0.5,10000,2,6.60082138015972e-09,9.28680922277647e-09,-2.68598784261674e-09
0.02,0.5,10000,3,8.70679560295244e-09,1.21501927054027e-08,-3.44339710245022e-09
0.02,0.5,10000,4,1.14550738338621e-08,1.58567460835799e-08,-4.4016722497178e-09
0.02,0.5,10000,5,1.50319732734385e-08,2.064235494315e-08,-5.61038166971145e-09
0.02,0.5,10000,6,1.96748783786259e-08,2.68051767234881e-08,-7.13029834486224e-09
0.02,0.5,10000,7,2.56853504293208e-08,3.47210117692768e-08,-9.03566133995594e-09
0.02,0.5,10000,8,3.34453501178041e-08,4.48621758119166e-08,-1.14168256941125e-08
0.02,0.5,10000,9,4.34372440857942e-08,5.78205951789891e-08,-1.43833510931948e-08
0.02,0.5,10000,10,5.62683933836772e-08,7.43359757367149e-08,-1.80675823530377e-08
0.02,0.5,10000,11,7.27012686494158e-08,9.53300451561405e-08,-2.26287765067247e-08
0.02,0.5,10000,12,9.36902054702118e-08,1.21948037294668e-07,-2.8257831824456e-08
0.02,0.5,10000,13,1.20426105942971e-07,1.55608778957447e-07,-3.5182673014476e-08
0.02,0.5,10000,14,1.5439061083599e-07,1.98064954551604e-07,-4.36743437156138e-08
0.02,0.5,10000,15,1.97421512728667e-07,2.51475364429622e-07,-5.40538517009555e-08
0.02,0.5,10000,16,2.51791455518654e-07,3.18491258943355e-07,-6.66998034247006e-08
0.02,0.5,10000,17,3.2030227074748e-07,4.02359122824615e-07,-8.20568520771358e-08
0.02,0.5,10000,18,4.06397636719344e-07,5.07042603274337e-07,-1.00644966554993e-07
0.02,0.5,10000,19,5.14297112006847e-07,6.37366619091672e-07,-1.23069507084825e-07
0.02,0.5,10000,20,6.49154989299841e-07,7.99187055345274e-07,-1.50032066045433e-07
0.02,0.5,10000,21,8.17247836094664e-07,9.99589835346141e-07,-1.82341999251477e-07
0.02,0.5,10000,22,1.02619503141542e-06,1.24712356450268e-06,-2.20928533087263e-07
0.02,0.5,10000,23,1.28521706685895e-06,1.55207035289251e-06,-2.66853286033559e-07
0.02,0.5,10000,24,1.60543684801753e-06,1.92675983710436e-06,-3.21322989086831e-07
0.02,0.5,10000,25,2.00022969874529e-06,2.38593182706025e-06,-3.85702128314957e-07
0.02,0.5,10000,26,2.48562822324949e-06,2.94715338782699e-06,-4.61525164577507e-07
0.02,0.5,10000,27,3.08078860427562e-06,3.63129651511262e-06,-5.50507910837003e-07
0.02,0.5,10000,28,3.80852529139908e-06,4.46308285885665e-06,-6.54557567457564e-07
0.02,0.5,10000,29,4.69592134016228e-06,5.47170217199003e-06,-7.75780831827742e-07
0.02,0.5,10000,30,5.77502187579749e-06,6.69151128824427e-06,-9.16489412446777e-07
0.02,0.5,10000,31,7.08361824660381e-06,8.16282043831211e-06,-1.0792021917083e-06
0.02,0.5,10000,32,8.66613037063318e-06,9.93277356963863e-06,-1.26664319900545e-06
0.02,0.5,10000,33,1.05745945312441e-05,1.20563290112997e-05,-1.48173448005553e-06
0.02,0.5,10000,34,1.28697634058993e-05,1.4597346289573e-05,-1.72758288367368e-06
0.02,0.5,10000,35,1.56223243800329e-05,1.76297841183723e-05,-2.00745973833934e-06
0.02,0.5,10000,36,1.89142411645275e-05,2.12390135275376e-05,-2.32477236301013e-06
0.02,0.5,10000,37,2.28402223618527e-05,2.55232487172093e-05,-2.6830263553566e-06
0.02,0.5,10000,38,2.7509318873902e-05,3.05950965056886e-05,-3.08577763178655e-06
0.02,0.5,10000,39,3.30466498782613e-05,3.65832231415155e-05,-3.5365732632542e-06
0.02,0.5,10000,40,3.95952544875591e-05,4.3634134752288e-05,-4.0388802647289e-06
0.02,0.5,10000,41,4.73180631233039e-05,5.19140647830706e-05,-4.59600165976665e-06
0.02,0.5,10000,42,5.63999790640222e-05,6.16109584236509e-05,-5.21097935962873e-06
0.02,0.5,10000,43,6.70500565607668e-05,7.29365402333373e-05,-5.88648367257051e-06
0.02,0.5,10000,44,7.9503757357037e-05,8.6128446952684e-05,-6.62468959564702e-06
0.02,0.5,10000,45,9.402526242569e-05,0.000101452402864988,-7.42714043929837e-06
0.02,0.5,10000,46,0.000110909810280605,0.000119204410073242,-8.29459979263674e-06
0.02,0.5,10000,47,0.000130486027393106,0.000139712920743972,-9.22689335086598e-06
0.02,0.5,10000,48,0.000153118210121017,0.000163340952809996,-1.02227426889787e-05
0.02,0.5,10000,49,0.000179208511242966,0.00019048810491109,-1.12795936681242e-05
0.02,0.5,10000,50,0.000209198977806927,0.0002215924205969,-1.23934427899737e-05
0.02,0.5,10000,51,0.000243573380698791,0.000257132046152697,-1.35586654539062e-05
0.02,0.5,10000,52,0.000282858770286284,0.000297626620988793,-1.47678507025083e-05
0.02,0.5,10000,53,0.00032762668689032,0.000343638334530699,-1.60116476403784e-05
0.02,0.5,10000,54,0.000378493949894647,0.000395772579148998,-1.72786292543508e-05
0.02,0.5,10000,55,0.000436122945256743,0.000454678125079553,-1.85551798228097e-05
0.02,0.5,10000,56,0.000501221328272294,0.00052104674072113,-1.98254124488357e-05
0.02,0.5,10000,57,0.000574541056923086,0.000595612180380259,-2.10711234571724e-05
0.02,0.5,10000,58,0.000656876671255052,0.000679148461684281,-2.2271790429229e-05
0.02,0.5,10000,59,0.000749062736233501,0.000772467356719758,-2.34046204862574e-05
0.02,0.5,10000,60,0.000851970369634918,0.000876415024678427,-2.44446550435092e-05
0.02,0.5,10000,61,0.000966502782962181,0.000991867719589766,-2.53649366275853e-05
0.02,0.5,10000,62,0.00109358977228199,0.00111972651474214,-2.61367424601556e-05
0.02,0.5,10000,63,0.00123418110740338,0.00126091099575972,-2.67298883563382e-05
0.02,0.5,10000,64,0.00138923878201442,0.00141635188708006,-2.71131050656361e-05
0.02,0.5,10000,65,0.00155972810427584,0.00158698259178337,-2.72544875075263e-05
0.02,0.5,10000,66,0.00174660762686872,0.00177372964231157,-2.71220154428567e-05
0.02,0.5,10000,67,0.00195081793746094,0.00197750207946851,-2.66841420075751e-05
0.02,0.5,10000,68,0.00217326935476214,0.00219917979902136,-2.59104442592189e-05
0.02,0.5,10000,69,0.00241482860145628,0.00243960092895914,-2.47723275028557e-05
0.02,0.5,10000,70,0.00267630455292411,0.0026995483256594,-2.32437727352959e-05
0.02,0.5,10000,71,0.00295843318929304,0.0029797353034408,-2.13021141477637e-05
0.02,0.5,10000,72,0.00326186190739555,0.00328079073873383,-1.89288313382817e-05
0.02,0.5,10000,73,0.00358713337801916,0.0036032437168109,-1.6110338791737e-05
0.02,0.5,10000,74,0.00393466916166786,0.00394750791504471,-1.28387533768473e-05
0.02,0.5,10000,75,0.00430475332215176,0.00431386594132558,-9.11261917381587e-06
0.02,0.5,10000,76,0.00469751630087588,0.00470245386884435,-4.93756796846479e-06
0.02,0.5,10000,77,0.0051129193348917,0.0051132462281989,-3.26893307201793e-07
0.02,0.5,10000,78,0.00555073971780455,0.00554604173397278,4.69798383177615e-06
0.02,0.5,10000,79,0.00601055721372802,0.00600045003484928,1.01071788787431e-05
0.02,0.5,10000,80,0.00649174193993879,0.00647587978329459,1.58621566442082e-05
0.02,0.5,10000,81,0.00699344403309673,0.00697152832226801,2.19157108287118e-05
0.02,0.5,10000,82,0.00751458540635449,0.00748637328178724,2.82121245672442e-05
0.02,0.5,10000,83,0.0080538538900264,0.00801916636709598,3.46875229304249e-05
0.02,0.5,10000,84,0.00860970002651533,0.00856842960239037,4.12704241249603e-05
0.02,0.5,10000,85,0.00918033676088586,0.0091324542694511,4.78824914347618e-05
0.02,0.5,10000,86,0.00976374223199016,0.00970930274916065,5.44394828295072e-05
0.02,0.5,10000,87,0.0103576658257704,0.0102968134359987,6.08523897716682e-05
0.02,0.5,10000,88,0.0109596376028488,0.0108926088516275,6.70287512213093e-05
0.02,0.5,10000,89,0.0115669811575533,0.0114941070342116,7.28741233416378e-05
0.02,0.5,10000,90,0.0121768299060712,0.0120985362259572,7.82936801140052e-05
0.02,0.5,10000,91,0.0127861467386233,0.0127029528234594,8.31939151638775e-05
0.02,0.5,10000,92,0.013391746905689,0.0133042624949377,8.74844107513015e-05
0.02,0.5,10000,93,0.0139903239428099,0.0138992443065498,9.10796362600854e-05
0.02,0.5,10000,94,0.0145784783738559,0.0144845776380741,9.39007357818079e-05
0.02,0.5,10000,95,0.0151527488704052,0.0150568716077402,9.58772626649482e-05
0.02,0.5,10000,96,0.0157096454866247,0.0156126966683381,9.69488182866098e-05
0.02,0.5,10000,97,0.0162456845362764,0.0161486179833957,9.70665528807306e-05
0.02,0.5,10000,98,0.0167574246326406,0.01666123014459,9.6194488050573e-05
0.02,0.5,10000,99,0.0172415033745725,0.0171471927509692,9.43106236033324e-05
0.02,0.5,10000,100,0.017694674133739,0.017603266338215,9.14077955239782e-05
0.02,0.5,10000,101,0.0181138423802483,0.0180263481230824,8.74942571658759e-05
0.02,0.5,10000,102,0.0184961009771199,0.0184135070151662,8.25939619537759e-05
0.02,0.5,10000,103,0.0188387638787524,0.0187620173458469,7.67465329054549e-05
0.02,0.5,10000,104,0.0191393976849192,0.0190693907730262,7.00069118930342e-05
0.02,0.5,10000,105,0.0193958505297038,0.0193334058401425,6.24446895612987e-05
0.02,0.5,10000,106,0.0196062778237396,0.0195521346987728,5.41431249667761e-05
0.02,0.5,10000,107,0.0197691644174428,0.0197239665453944,4.51978720483921e-05
0.02,0.5,10000,108,0.0198833428115949,0.0198476273738506,3.57154377443325e-05
0.02,0.5,10000,109,0.0199480071084262,0.0199221957047382,2.58114036880246e-05
0.02,0.5,10000,110,0.0199627224697996,0.0199471140200716,1.56084497279253e-05
0.02,0.5,10000,111,0.0199274299275579,0.0199221957047382,5.23422281969999e-06
0.02,0.5,10000,112,0.0198424464728176,0.0198476273738506,-5.1809010330299e-06
0.02,0.5,10000,113,0.0197084604341048,0.0197239665453944,-1.5506111289601e-05
0.02,0.5,10000,114,0.0195265222368667,0.0195521346987728,-2.56124619061049e-05
0.02,0.5,10000,115,0.0192980307171704,0.0193334058401425,-3.53751229720221e-05
0.02,0.5,10000,116,0.0190247152385588,0.0190693907730262,-4.46755344673672e-05
0.02,0.5,10000,117,0.0187086139313651,0.0187620173458469,-5.34034144818382e-05
0.02,0.5,10000,118,0.0183520484368254,0.0184135070151662,-6.14585783407576e-05
0.02,0.5,10000,119,0.0179575955927418,0.0180263481230824,-6.87525303406378e-05
0.02,0.5,10000,120,0.0175280565421861,0.017603266338215,-7.52097960289022e-05
0.02,0.5,10000,121,0.0170664237809983,0.0171471927509692,-8.07689699709388e-05
0.02,0.5,10000,122,0.0165758466830809,0.01666123014459,-8.53834615090684e-05
0.02,0.5,10000,123,0.0160595960544999,0.0161486179833957,-8.90219288957918e-05
0.02,0.5,10000,124,0.0155210282682014,0.0156126966683381,-9.16684001366665e-05
0.02,0.5,10000,125,0.0149635495210731,0.0150568716077402,-9.33220866671438e-05
0.02,0.5,10000,126,0.0143905807346852,0.0144845776380741,-9.39969033889407e-05
0.02,0.5,10000,127,0.0138055235911566,0.0138992443065498,-9.37207153932675e-05
0.02,0.5,10000,128,0.0132117281572136,0.0133042624949377,-9.2534337724175e-05
0.02,0.5,10000,129,0.0126124625038292,0.0127029528234594,-9.04903196302185e-05
0.02,0.5,10000,130,0.0120108846771533,0.0120985362259572,-8.7651548803868e-05
0.02,0.5,10000,131,0.0114100173201738,0.0114941070342116,-8.40897140378504e-05
0.02,0.5,10000,132,0.0108127251851324,0.0108926088516275,-7.98836664951431e-05
0.02,0.5,10000,133,0.0102216957156012,0.0102968134359987,-7.51177203975571e-05
0.02,0.5,10000,134,0.00963942281573883,0.00970930274916065,-6.98799334218174e-05
0.02,0.5,10000,135,0.00906819386392983,0.0091324542694511,-6.42604055212624e-05
0.02,0.5,10000,136,0.00851007997002062,0.00856842960239037,-5.83496323697513e-05
0.02,0.5,10000,137,0.00796692942082327,0.00801916636709598,-5.22369462727067e-05
0.02,0.5,10000,138,0.00744036420843065,0.00748637328178724,-4.60090733565965e-05
0.02,0.5,10000,139,0.00693177949098096,0.00697152832226801,-3.97488312870523e-05
0.02,0.5,10000,140,0.00644234579645033,0.00647587978329459,-3.35339868442587e-05
0.02,0.5,10000,141,0.00597301374728372,0.00600045003484928,-2.74362875655647e-05
0.02,0.5,10000,142,0.00552452105746068,0.00554604173397278,-2.15206765120943e-05
0.02,0.5,10000,143,0.00509740153401992,0.0051132462281989,-1.58446941789826e-05
0.02,0.5,10000,144,0.00469199580205969,0.00470245386884435,-1.0458066784659e-05
0.02,0.5,10000,145,0.00430846346556248,0.00431386594132558,-5.40247576309456e-06
0.02,0.5,10000,146,0.00394679641570175,0.00394750791504471,-7.114993429546e-07
0.02,0.5,10000,147,0.00360683300310561,0.0036032437168109,3.58928629470758e-06
0.02,0.5,10000,148,0.0032882728003128,0.00328079073873383,7.48206157896855e-06
0.02,0.5,10000,149,0.00299069169472963,0.0029797353034408,1.09563912888298e-05
0.02,0.5,10000,150,0.00271355707010454,0.0026995483256594,1.40087444451338e-05
0.02,0.5,10000,151,0.00245624285517768,0.00243960092895914,1.66419262185428e-05
0.02,0.5,10000,152,0.00221804424102988,0.00219917979902136,1.88644420085183e-05
0.02,0.5,10000,153,0.00199819189305588,0.00197750207946851,2.06898135873641e-05
0.02,0.5,10000,154,0.0017958655087607,0.00177372964231157,2.21358664491264e-05
0.02,0.5,10000,155,0.00161020659810788,0.00158698259178337,2.32240063245098e-05
0.02,0.5,10000,156,0.00144033038837415,0.00141635188708006,2.39785012940928e-05
0.02,0.5,10000,157,0.00128533677989155,0.00126091099575972,2.44257841318287e-05
0.02,0.5,10000,158,0.00114432030225942,0.00111972651474214,2.45937875172778e-05
0.02,0.5,10000,159,0.00101637904223433,0.000991867719589766,2.45113226445663e-05
0.02,0.5,10000,160,0.000900622534279147,0.000876415024678427,2.42075096007196e-05
0.02,0.5,10000,161,0.000796178622470913,0.000772467356719758,2.37112657511543e-05
0.02,0.5,10000,162,0.000702199317997348,0.000679148461684281,2.30508563130666e-05
0.02,0.5,10000,163,0.000617865689747886,0.000595612180380259,2.22535093676266e-05
0.02,0.5,10000,164,0.000542391836519118,0.00052104674072113,2.13450957979882e-05
0.02,0.5,10000,165,0.000475027998151922,0.000454678125079553,2.03498730723691e-05
0.02,0.5,10000,166,0.000415062869588846,0.000395772579148998,1.92902904398478e-05
0.02,0.5,10000,167,0.000361825186513293,0.000343638334530699,1.81868519825943e-05
0.02,0.5,10000,168,0.000314684654063675,0.000297626620988793,1.70580330748821e-05
0.02,0.5,10000,169,0.000273052291285006,0.000257132046152697,1.59202451323088e-05
0.02,0.5,10000,170,0.000236380263680454,0.0002215924205969,1.47878430835532e-05
0.02,0.5,10000,171,0.000204161274657315,0.00019048810491109,1.36731697462243e-05
0.02,0.5,10000,172,0.000175927584028192,0.000163340952809996,1.25866312181956e-05
0.02,0.5,10000,173,0.00015124971822802,0.000139712920743972,1.15367974840476e-05
0.02,0.5,10000,174,0.000129734932731975,0.000119204410073242,1.05305226587329e-05
0.02,0.5,10000,175,0.000111025482487618,0.000101452402864988,9.57307962263009e-06
0.02,0.5,10000,176,9.47967511719201e-05,8.6128446952684e-05,8.66830421923608e-06
0.02,0.5,10000,177,8.07552848986032e-05,7.29365402333373e-05,7.81874466526586e-06
0.02,0.5,10000,178,6.86367707645622e-05,6.16109584236509e-05,7.02581234091123e-06
0.02,0.5,10000,179,5.82039954485322e-05,5.19140647830706e-05,6.28993066546163e-06
0.02,0.5,10000,180,4.9244814055183e-05,4.3634134752288e-05,5.61067930289503e-06
0.02,0.5,10000,181,4.15701546098629e-05,3.65832231415155e-05,4.98693146834733e-06
0.02,0.5,10000,182,3.50120791129972e-05,3.05950965056886e-05,4.4169826073086e-06
0.02,0.5,10000,183,2.94219179024671e-05,2.55232487172093e-05,3.89866918525778e-06
0.02,0.5,10000,184,2.46684902766731e-05,2.12390135275376e-05,3.42947674913552e-06
0.02,0.5,10000,185,2.0636420917158e-05,1.76297841183723e-05,3.00663679878573e-06
0.02,0.5,10000,186,1.72245586232444e-05,1.4597346289573e-05,2.62721233367139e-06
0.02,0.5,10000,187,1.43445012283273e-05,1.20563290112997e-05,2.28817221702763e-06
0.02,0.5,10000,188,1.19192282966541e-05,9.93277356963863e-06,1.98645472701545e-06
0.02,0.5,10000,189,9.88184128283802e-06,8.16282043831211e-06,1.71902084452591e-06
0.02,0.5,10000,190,8.17440925147274e-06,6.69151128824427e-06,1.48289796322847e-06
0.02,0.5,10000,191,6.74691697515398e-06,5.47170217199003e-06,1.27521480316396e-06
0.02,0.5,10000,192,5.55631122791729e-06,4.46308285885665e-06,1.09322836906065e-06
0.02,0.5,10000,193,4.56564033838551e-06,3.63129651511262e-06,9.34343823272885e-07
0.02,0.5,10000,194,3.74328153338633e-06,2.94715338782699e-06,7.96128145559335e-07
0.02,0.5,10000,195,3.06225025955948e-06,2.38593182706025e-06,6.76318432499233e-07
0.02,0.5,10000,196,2.49958548974691e-06,1.92675983710436e-06,5.72825652642551e-07
0.02,0.5,10000,197,2.03580497653624e-06,1.55207035289251e-06,4.83734623643732e-07
0.02,0.5,10000,198,1.6544244828953e-06,1.24712356450268e-06,4.07300918392621e-07
0.02,0.5,10000,199,1.34153517720241e-06,9.99589835346141e-07,3.41945341856268e-07
0.02,0.5,10000,200,1.0854336071996e-06,7.99187055345274e-07,2.86246551854325e-07
0.02,0.5,10000,201,8.76298946820407e-07,6.37366619091672e-07,2.38932327728735e-07
0.02,0.5,10000,202,7.05912526084849e-07,5.07042603274337e-07,1.98869922810512e-07
0.02,0.5,10000,203,5.67414994117064e-07,4.02359122824615e-07,1.65055871292448e-07
0.02,0.5,10000,204,4.55096817704219e-07,3.18491258943355e-07,1.36605558760864e-07
0.02,0.5,10000,205,3.64218173482017e-07,2.51475364429622e-07,1.12742809052395e-07
0.02,0.5,10000,206,2.90854643364238e-07,1.98064954551604e-07,9.27896888126345e-08
0.02,0.5,10000,207,2.31765464371466e-07,1.55608778957447e-07,7.61566854140186e-08
0.02,0.5,10000,208,1.84281411094372e-07,1.21948037294668e-07,6.23333737997041e-08
0.02,0.5,10000,209,1.462096984021e-07,9.53300451561405e-08,5.0879653245959e-08
0.02,0.5,10000,210,1.15753581469363e-07,7.43359757367149e-08,4.14176057326482e-08
0.02,0.5,10000,211,9.14445984163931e-08,5.78205951789891e-08,3.3624003237404e-08
0.02,0.5,10000,212,7.20856472267728e-08,4.48621758119166e-08,2.72234714148562e-08
0.02,0.5,10000,213,5.67033131080912e-08,3.47210117692768e-08,2.19823013388145e-08
0.02,0.5,10000,214,4.45080655288572e-08,2.68051767234881e-08,1.77028888053691e-08
0.02,0.5,10000,215,3.48611265947328e-08,2.064235494315e-08,1.42187716515828e-08
0.02,0.5,10000,216,2.72469752684218e-08,1.58567460835799e-08,1.13902291848419e-08
0.02,0.5,10000,217,2.12505964192268e-08,1.21501927054027e-08,9.10040371382419e-09
0.02,0.5,10000,218,1.65387111500417e-08,9.28680922277647e-09,7.25190192726522e-09
0.02,0.5,10000,219,1.28443366870191e-08,7.08050356508059e-09,5.76383312193856e-09
0.02,0.5,10000,220,9.95412173776216e-09,5.38488002127164e-09,4.56924171649053e-09
0.02,0.5,10000,221,7.69798801218551e-09,4.08509518927161e-09,3.6128928229139e-09
0.02,0.5,10000,222,5.94068189176039e-09,3.09131025008292e-09,2.84937164167747e-09
0.02,0.5,10000,223,4.57490329514001e-09,2.33344339879713e-09,2.24145989634288e-09
0.02,0.5,10000,224,3.51573280757827e-09,1.75697754741022e-09,1.75875526016805e-09
0.02,0.5,10000,225,2.69612421539983e-09,1.31962160178529e-09,1.37650261361454e-09
0.02,0.5,10000,226,2.06326871932046e-09,9.88659820312234e-10,1.07460889900823e-09
0.02,0.5,10000,227,1.57567020210252e-09,7.38853979324003e-10,8.36816222778515e-10
0.02,0.5,10000,228,1.20079881523197e-09,5.50788181234115e-10,6.5001063399785e-10
0.02,0.5,10000,229,9.13213555854094e-10,4.09566920173959e-10,5.03646635680135e-10
0.02,0.5,10000,230,6.93064075279648e-10,3.03794142491164e-10,3.89269932788484e-10
0.02,0.5,10000,231,5.24898262210777e-10,2.24775091550662e-10,3.00123170660114e-10
0.02,0.5,10000,232,3.96715673980993e-10,1.65894212177365e-10,2.30821461803629e-10
0.02,0.5,10000,233,2.99218078857587e-10,1.22131741340353e-10,1.77086337517234e-10
0.02,0.5,10000,234,2.25217594329598e-10,8.96891953982043e-11,1.35528398931394e-10
0.02,0.5,10000,235,1.69170480298507e-10,6.57000909077942e-11,1.03470389390713e-10
0.02,0.5,10000,236,1.26810845672814e-10,4.80071668515617e-11,7.88036788212527e-11
0.02,0.5,10000,237,9.48635845935645e-11,3.4991329742899e-11,5.98722548506655e-11
0.02,0.5,10000,238,7.08199711991335e-11,2.54407014082253e-11,4.53792697909082e-11
0.02,0.5,10000,239,5.2762675276433e-11,1.84506630806228e-11,3.43120121958101e-11
0.02,0.5,10000,240,3.92296543982437e-11,1.33477830738143e-11,2.58818713244294e-11
0.02,0.5,10000,241,2.91085473347609e-11,9.63209073967953e-12,1.94764565950814e-11
0.02,0.5,10000,242,2.15549352161292e-11,6.93339997082656e-12,1.46215352453027e-11
0.02,0.5,10000,243,1.59292310854304e-11,4.97835895274852e-12,1.09508721326819e-11
0.02,0.5,10000,244,1.17480710886987e-11,3.56566406199804e-12,8.1824070267007e-12
0.02,0.5,10000,245,8.64696580820047e-12,2.54746897942184e-12,6.09949682877863e-12
0.02,0.5,10000,246,6.35167253173877e-12,1.81548075089589e-12,4.53619178084288e-12
0.02,0.5,10000,247,4.65630475385402e-12,1.29059107249933e-12,3.36571368135469e-12
0.02,0.5,10000,248,3.40663333202495e-12,9.15166108507789e-13,2.49146722351716e-12
0.02,0.5,10000,249,2.48737828358815e-12,6.47329596915959e-13,1.84004868667219e-12
0.02,0.5,10000,250,1.81256041959005e-12,4.5673602041823e-13,1.35582439917182e-12
0.02,0.5,10000,251,1.31819331883988e-12,3.21454364537682e-13,9.96738954302194e-13
0.02,0.5,10000,252,9.56760929257769e-13,2.25677183860276e-13,7.31083745397494e-13
0.02,0.5,10000,253,6.93054232445533e-13,1.58041173073453e-13,5.3501305937208e-13
0.02,0.5,10000,254,5.0103979324379e-13,1.10399498156857e-13,3.90640295086933e-13
0.02,0.5,10000,255,3.61509885533621e-13,7.69268975280637e-14,2.84582988005557e-13
0.02,0.5,10000,256,2.60323179820447e-13,5.34691893577082e-14,2.06853990462738e-13
0.02,0.5,10000,257,1.87090593389152e-13,3.70717634985217e-14,1.50018829890631e-13
0.02,0.5,10000,258,1.34195902749642e-13,2.56387681839834e-14,1.08557134565658e-13
0.02,0.5,10000,259,9.60675008656353e-14,1.76874542380495e-14,7.83800466275859e-14
0.02,0.5,10000,260,6.86381235369779e-14,1.2171602665145e-14,5.64665208718329e-14
0.02,0.5,10000,261,4.89449310611024e-14,8.35496178519188e-15,4.05899692759105e-14
0.02,0.5,10000,262,3.48341474720441e-14,5.72078245090068e-15,2.91133650211434e-14
0.02,0.5,10000,263,2.47434088338705e-14,3.90733512588501e-15,2.08360737079855e-14
0.02,0.5,10000,264,1.75417326619906e-14,2.66207418612648e-15,1.48796584758641e-14
0.02,0.5,10000,265,1.2412114905572e-14,1.80914722555626e-15,1.06029676800157e-14
0.02,0.5,10000,266,8.76559008821551e-15,1.22642764284821e-15,7.5391624453673e-15
0.02,0.5,10000,267,6.1784612153324e-15,8.29323963531155e-16,5.34913725180125e-15
0.02,0.5,10000,268,4.34655333873749e-15,5.59397810717593e-16,3.7871555280199e-15
0.02,0.5,10000,269,3.05194670780463e-15,3.76384364451549e-16,2.67556234335308e-15
0.02,0.5,10000,270,2.13883775715037e-15,2.52613554176845e-16,1.88622420297353e-15
0.02,0.5,10000,271,1.49606140918037e-15,1.69120396588934e-16,1.32694101259144e-15
0.02,0.5,10000,272,1.04446381048075e-15,1.12940470157715e-16,9.31523340323039e-16
0.02,0.5,10000,273,7.27799050549565e-16,7.52345725854099e-17,6.52564477964155e-16
0.02,0.5,10000,274,5.06180482910164e-16,4.99918937424859e-17,4.56188589167678e-16
0.02,0.5,10000,275,3.51379838862142e-16,3.31356872798438e-17,3.18244151582299e-16
0.02,0.5,10000,276,2.4345994650264e-16,2.19081971775468e-17,2.21551749325093e-16
0.02,0.5,10000,277,1.68367843422426e-16,1.44487927901495e-17,1.53919050632276e-16
0.02,0.5,10000,278,1.16218006692452e-16,9.50540768953982e-18,1.06712599002912e-16
0.02,0.5,10000,279,8.00704080588207e-17,6.23769589835372e-18,7.38327121604669e-17
0.02,0.5,10000,280,5.50625987789422e-17,4.08311781583477e-18,5.09794809631075e-17
0.02,0.5,10000,281,3.77945437201104e-17,2.6660843679117e-18,3.51284593521986e-17
0.02,0.5,10000,282,2.58935108567726e-17,1.7364813742831e-18,2.41570294824895e-17
0.02,0.5,10000,283,1.77069554266028e-17,1.12818581276032e-18,1.65787696138425e-17
0.02,0.5,10000,284,1.2086196679906e-17,7.31148178750324e-19,1.13550485011557e-17
0.02,0.5,10000,285,8.23436121851457e-18,4.72655194095143e-19,7.76170602441943e-18
0.02,0.5,10000,286,5.59972046347523e-18,3.04787906478123e-19,5.29493255699711e-18
0.02,0.5,10000,287,3.8010242208112e-18,1.96049297628206e-19,3.60497492318299e-18
0.02,0.5,10000,288,2.57533932503151e-18,1.25790288847571e-19,2.44954903618394e-18
0.02,0.5,10000,289,1.74168451105993e-18,8.05087718940794e-20,1.66117573916585e-18
0.02,0.5,10000,290,1.17572945692868e-18,5.13988678583446e-20,1.12433058907034e-18
0.02,0.5,10000,291,7.92227397250767e-19,3.27324239951094e-20,7.59494973255657e-19
0.02,0.5,10000,292,5.32842098927044e-19,2.07929948955757e-20,5.12049104031468e-19
0.02,0.5,10000,293,3.57729768872319e-19,1.31755935693714e-20,3.44554175302948e-19
0.02,0.5,10000,294,2.39729330758371e-19,8.32794016189958e-21,2.31401390596472e-19
0.02,0.5,10000,295,1.60360891442415e-19,5.25072491498518e-21,1.5511016652743e-19
0.02,0.5,10000,296,1.07075128531442e-19,3.30228993036968e-21,1.03772838601072e-19
0.02,0.5,10000,297,7.1366312121967e-20,2.07169299734801e-21,6.9294619124619e-20
0.02,0.5,10000,298,4.74803671199008e-20,1.29643235055019e-21,4.61839347693506e-20
0.02,0.5,10000,299,3.1532086099165e-20,8.09260951081463e-22,3.07228251480836e-20
0.02,0.5,10000,300,2.09031067473176e-20,5.03896769715e-22,2.03992099776026e-20
0.02,0.5,10000,301,1.3832166186908e-20,3.12974408463007e-22,1.3519191778445e-20
0.02,0.5,10000,302,9.13676885809266e-21,1.93905596587348e-22,8.94286326150531e-21
0.02,0.5,10000,303,6.02449085024416e-21,1.19835674492754e-22,5.90465517575141e-21
0.02,0.5,10000,304,3.96530301581658e-21,7.38747746352127e-23,3.89142824118136e-21
0.02,0.5,10000,305,2.60534941847531e-21,4.54276715598833e-23,2.55992174691543e-21
0.02,0.5,10000,306,1.70883443129764e-21,2.78650001136037e-23,1.68096943118404e-21
0.02,0.5,10000,307,1.11893155107427e-21,1.70495093314003e-23,1.10188204174287e-21
0.02,0.5,10000,308,7.3153986265514e-22,1.04058841010141e-23,7.21133978554126e-22
0.02,0.5,10000,309,4.77701987676566e-22,6.33520026091121e-24,4.71366787415654e-22
0.02,0.5,10000,310,3.11851446589026e-22,3.84729931335321e-24,3.08004147275672e-22
0.02,0.5,10000,311,2.03978197821234e-22,2.33058993169319e-24,2.01647607889541e-22
0.02,0.5,10000,312,1.34426605657497e-22,1.40828327213811e-24,1.33018322385359e-22
0.02,0.5,10000,313,9.04649869495628e-23,8.48845086720963e-25,8.96161418628418e-23
0.02,0.5,10000,314,6.40553534562797e-23,5.10365279715301e-25,6.35449881765644e-23
0.02,0.5,10000,315,5.04510056978785e-23,3.06089243262356e-25,5.01449164546162e-23
0.02,0.5,10000,316,4.73897261557924e-23,1.8311725842777e-25,4.72066088973646e-23
0.02,0.5,10000,317,5.47541521187827e-23,1.09275990400004e-25,5.46448761283827e-23
0.02,0.5,10000,318,7.46558821226764e-23,6.50480809961961e-26,7.45908340416802e-23
0.02,0.5,10000,319,1.11980893694089e-22,3.86241104325642e-26,1.11942269583657e-22
0.02,0.5,10000,320,1.75525854928872e-22,2.2876877952604e-26,1.7550297805092e-22
0.02,0.5,10000,321,2.79975488518102e-22,1.35160342661922e-26,2.79961972483836e-22
0.02,0.5,10000,322,4.49143747931532e-22,7.96555566350483e-27,4.49135782375868e-22
0.02,0.5,10000,323,7.2115983237841e-22,4.68270860414244e-27,7.21155149669805e-22
0.02,0.5,10000,324,1.15667402059174e-21,2.74594891590891e-27,1.15667127464282e-21
0.02,0.5,10000,325,1.85176347586385e-21,1.60620893581072e-27,1.85176186965491e-21
0.02,0.5,10000,326,2.95814924202107e-21,9.37186201170905e-28,2.95814830483487e-21
0.02,0.5,10000,327,4.71476686324181e-21,5.45461367852241e-28,4.71476631778044e-21
0.02,0.5,10000,328,7.49692887634503e-21,3.1667689109153e-28,7.49692855966814e-21
0.02,0.5,10000,329,1.18926783539084e-20,1.83393108551758e-28,1.18926781705153e-20
0.02,0.5,10000,330,1.88210637578727e-20,1.05940962675468e-28,1.88210636519317e-20
0.02,0.5,10000,331,2.9714878139005e-20,6.10462627863833e-29,2.97148780779588e-20
0.02,0.5,10000,332,4.68022696873732e-20,3.50887997133065e-29,4.68022696522844e-20
0.02,0.5,10000,333,7.3539597521291e-20,2.01183429414035e-29,7.35395975011727e-20
0.02,0.5,10000,334,1.15275041418366e-19,1.15061535442407e-29,1.1527504140686e-19
0.02,0.5,10000,335,1.8026334258006e-19,6.56420880307701e-30,1.80263342573496e-19
0.02,0.5,10000,336,2.81213435818225e-19,3.73550113794176e-30,2.8121343581449e-19
0.02,0.5,10000,337,4.37642674901093e-19,2.1204577454936e-30,4.37642674898972e-19
0.02,0.5,10000,338,6.79448682799458e-19,1.20067270000427e-30,6.79448682798257e-19
0.02,0.5,10000,339,1.05231441345049e-18,6.78162721966567e-31,1.05231441344981e-18
0.02,0.5,10000,340,1.62586584820596e-18,3.8208277057936e-31,1.62586584820557e-18
0.02,0.5,10000,341,2.50595179088203e-18,2.14731253396798e-31,2.50595179088181e-18
0.02,0.5,10000,342,3.85307994898975e-18,1.20378056591965e-31,3.85307994898963e-18
0.02,0.5,10000,343,5.91002253603972e-18,6.73152805434973e-32,5.91002253603965e-18
0.02,0.5,10000,344,9.04304255130715e-18,3.75486438624826e-32,9.04304255130712e-18
0.02,0.5,10000,345,1.3803297762049e-17,2.08924377227132e-32,1.38032977620489e-17
0.02,0.5,10000,346,2.10180547135721e-17,1.15957338862806e-32,2.1018054713572e-17
0.02,0.5,10000,347,3.19258232516013e-17,6.41980190973797e-33,3.19258232516013e-17
0.02,0.5,10000,348,4.83760242757078e-17,3.54535133421403e-33,4.83760242757078e-17
0.02,0.5,10000,349,7.31232173996348e-17,1.95304025203833e-33,7.31232173996348e-17
0.02,0.5,10000,350,1.10259505323851e-16,1.07319186783153e-33,1.10259505323851e-16
0.02,0.5,10000,351,1.6584829366745e-16,5.882444195455e-34,1.6584829366745e-16
0.02,0.5,10000,352,2.48850660825403e-16,3.21627016731787e-34,2.48850660825403e-16
0.02,0.5,10000,353,3.72475769650852e-16,1.7541288554828e-34,3.72475769650852e-16
0.02,0.5,10000,354,5.56144078505025e-16,9.54299567318395e-35,5.56144078505025e-16
0.02,0.5,10000,355,8.28333661522928e-16,5.17871754810418e-35,8.28333661522928e-16
0.02,0.5,10000,356,1.23069562158709e-15,2.80332846315196e-35,1.23069562158709e-15
0.02,0.5,10000,357,1.82398816275066e-15,1.51370070121646e-35,1.82398816275066e-15
0.02,0.5,10000,358,2.69660953381998e-15,8.15305367419834e-36,2.69660953381998e-15
0.02,0.5,10000,359,3.97683427813912e-15,4.38041093615321e-36,3.97683427813912e-15
0.02,0.5,10000,360,5.85031162001978e-15,2.34759767898757e-36,5.85031162001978e-15
0.02,0.5,10000,361,8.58501972083729e-15,1.25500874542673e-36,8.58501972083729e-15
0.02,0.5,10000,362,1.25667539561492e-14,6.69243399627144e-37,1.25667539561492e-14
0.02,0.5,10000,363,1.83494555951927e-14,3.55988283932716e-37,1.83494555951927e-14
0.02,0.5,10000,364,2.67263877250434e-14,1.88886786057456e-37,2.67263877250434e-14
0.02,0.5,10000,365,3.88305122564615e-14,9.99727671109273e-38,3.88305122564615e-14
0.02,0.5,10000,366,5.6275651156068e-14,5.27808175122644e-38,5.6275651156068e-14
0.02,0.5,10000,367,8.13544445189515e-14,2.77961582863581e-38,8.13544445189515e-14
0.02,0.5,10000,368,1.1731517473854e-13,1.46018439693407e-38,1.1731517473854e-13
0.02,0.5,10000,369,1.68747781521528e-13,7.65147025837255e-39,1.68747781521528e-13
0.02,0.5,10000,370,2.42120609505248e-13,3.99941387850341e-39,2.42120609505248e-13
0.02,0.5,10000,371,3.46524622649948e-13,2.08526890886067e-39,3.46524622649948e-13
0.02,0.5,10000,372,4.94702330451064e-13,1.08453120013032e-39,4.94702330451064e-13
0.02,0.5,10000,373,7.04466273035468e-13,5.62647374566018e-40,7.04466273035468e-13
0.02,0.5,10000,374,1.00064893664323e-12,2.91168779986824e-40,1.00064893664323e-12
0.02,0.5,10000,375,1.41777547248065e-12,1.50302976304987e-40,1.41777547248065e-12
0.02,0.5,10000,376,2.00371655806119e-12,7.73935233148114e-41,2.00371655806119e-12
0.02,0.5,10000,377,2.82466635695639e-12,3.97517195383554e-41,2.82466635695639e-12
0.02,0.5,10000,378,3.97190651943206e-12,2.03667383876392e-41,3.97190651943206e-12
0.02,0.5,10000,379,5.5709701946653e-12,1.04088155797382e-41,5.5709701946653e-12
0.02,0.5,10000,380,7.79402124400756e-12,5.30634406957608e-42,7.79402124400756e-12
0.02,0.5,10000,381,1.08765275310239e-11,2.69838406390638e-42,1.08765275310239e-11
0.02,0.5,10000,382,1.51396515275252e-11,1.36875709617763e-42,1.51396515275252e-11
0.02,0.5,10000,383,2.10202296473614e-11,6.92569350361304e-43,2.10202296473614e-11
0.02,0.5,10000,384,2.91107929650179e-11,3.49554112485324e-43,2.91107929650179e-11
0.02,0.5,10000,385,4.02128331603814e-11,1.75986691899768e-43,4.02128331603814e-11
0.02,0.5,10000,386,5.54074849012666e-11,8.83811205126763e-44,5.54074849012666e-11
0.02,0.5,10000,387,7.6149037194851e-11,4.42744773059171e-44,7.6149037194851e-11
0.02,0.5,10000,388,1.04388273337897e-10,2.21238979165808e-44,1.04388273337897e-10
0.02,0.5,10000,389,1.42734660893643e-10,1.10276789223792e-44,1.42734660893643e-10
0.02,0.5,10000,390,1.9466897919124e-10,5.48303279694486e-45,1.9466897919124e-10
0.02,0.5,10000,391,2.64821216564116e-10,2.71939214158154e-45,2.64821216564116e-10
0.02,0.5,10000,392,3.59332656935475e-10,1.34535561782121e-45,3.59332656935475e-10
0.02,0.5,10000,393,4.8632620462325e-10,6.63921325627375e-46,4.8632620462325e-10
0.02,0.5,10000,394,6.56515408072196e-10,3.26821338765933e-46,6.56515408072196e-10
0.02,0.5,10000,395,8.83990626944804e-10,1.60479090520998e-46,8.83990626944804e-10
0.02,0.5,10000,396,1.18723068848675e-09,7.86032979302866e-47,1.18723068848675e-09
0.02,0.5,10000,397,1.59040060948745e-09,3.84040781952377e-47,1.59040060948745e-09
0.02,0.5,10000,398,2.12501100540445e-09,1.8716652899425e-47,2.12501100540445e-09
0.02,0.5,10000,399,2.83203323909832e-09,9.09899217105062e-48,2.83203323909832e-09
0.02,0.5,10000,400,3.76458684433577e-09,4.41237748729741e-48,3.76458684433577e-09
0.02,0.5,20000,0,5.05294285306741e-12,1.51050933950084e-14,5.0378377596724e-12
0.02,0.5,20000,1,4.04322744181451e-12,1.9627016262313e-14,4.02360042555219e-12
0.02,0.5,20000,2,3.23381722740492e-12,2.54707821672007e-14,3.20834644523772e-12
0.02,0.5,20000,3,2.58630585653867e-12,3.30131840343001e-14,2.55329267250437e-12
0.02,0.5,20000,4,2.069676647477e-12,4.27355872365272e-14,2.02694106024047e-12
0.02,0.5,20000,5,1.6589599234867e-12,5.52521358667322e-14,1.60370778761997e-12
0.02,0.5,20000,6,1.33414167270485e-12,7.13453377116083e-14,1.26279633499324e-12
0.02,0.5,20000,7,1.07928122744582e-12,9.2010895360823e-14,9.87270332085e-13
0.02,0.5,20000,8,8.81803444404391e-13,1.18514106759277e-13,7.63289337645114e-13
0.02,0.5,20000,9,7.3193749193007e-13,1.52460721337522e-13,5.79476770592548e-13
0.02,0.5,20000,10,6.2228002799652e-13,1.95885831637717e-13,4.26394196358803e-13
0.02,0.5,20000,11,5.47465472750732e-13,2.51365234215457e-13,2.96100238535274e-13
0.02,0.5,20000,12,5.03930411582729e-13,3.22154742819797e-13,1.81775668762932e-13
0.02,0.5,20000,13,4.89763061203122e-13,4.1236422409062e-13,7.73988371125021e-14
0.02,0.5,20000,14,5.04632333152218e-13,5.27174702748226e-13,-2.25423695960079e-14
0.02,0.5,20000,15,5.49794469856211e-13,6.73108811512432e-13,-1.23314341656221e-13
0.02,0.5,20000,16,6.28178637764246e-13,8.58367215373375e-13,-2.30188577609129e-13
0.02,0.5,20000,17,7.44556370928911e-13,1.09324650989133e-12,-3.48690138962422e-13
0.02,0.5,20000,18,9.05803502211155e-13,1.39065758622636e-12,-4.84854084015204e-13
0.02,0.5,20000,19,1.12126734292768e-12,1.7667676999221e-12,-6.45500356994419e-13
0.02,0.5,20000,20,1.40325653392871e-12,2.24179462929267e-12,-8.38538095363954e-13
0.02,0.5,20000,21,1.76767636942403e-12,2.84098754513405e-12,-1.07331117571001e-12
0.02,0.5,20000,22,2.23483869144537e-12,3.59583675350635e-12,-1.36099806206099e-12
0.02,0.5,20000,23,2.83048290035183e-12,4.54556357521731e-12,-1.71508067486549e-12
0.02,0.5,20000,24,3.58705349554611e-12,5.73895259469959e-12,-2.15189909915348e-12
0.02,0.5,20000,25,4.54529016632589e-12,7.23660170823434e-12,-2.69131154190845e-12
0.02,0.5,20000,26,5.7561991657312e-12,9.11368125297744e-12,-3.35748208724624e-12
0.02,0.5,20000,27,7.2834899552055e-12,1.14633125057807e-11,-4.17982255057516e-12
0.02,0.5,20000,28,9.20657941605031e-12,1.44006985941796e-11,-5.19411917812933e-12
0.02,0.5,20000,29,1.16242878859004e-11,1.80681680530121e-11,-6.44388016711172e-12
0.02,0.5,20000,30,1.46593776005909e-11,2.26413236988586e-11,-7.98194609826774e-12
0.02,0.5,20000,31,1.84641156319559e-11,2.83365281270231e-11,-9.87241249506713e-12
0.02,0.5,20000,32,2.32270810804958e-11,3.54200030650778e-11,-1.2192921984582e-11
0.02,0.5,20000,33,2.91814812432198e-11,4.42188743261561e-11,-1.50373930829363e-11
0.02,0.5,20000,34,3.66152950560095e-11,5.51345586835428e-11,-1.85192636275333e-11
0.02,0.5,20000,35,4.5883625849931e-11,6.86589653606683e-11,-2.27753395107373e-11
0.02,0.5,20000,36,5.74237211564031e-11,8.53940749908927e-11,-2.79703538344896e-11
0.02,0.5,20000,37,7.17732070286438e-11,1.06075565148052e-10,-3.43023581194082e-11
0.02,0.5,20000,38,8.95921905257982e-11,1.3160127652602e-10,-4.20090860002214e-11
0.02,0.5,20000,39,1.11690009414075e-10,1.63065460588479e-10,-5.13754511744033e-11
0.02,0.5,20000,40,1.3905755598165e-10,2.01799921493843e-10,-6.27423655121923e-11
0.02,0.5,20000,41,1.72906275825187e-10,2.49423366294133e-10,-7.65170904689461e-11
0.02,0.5,20000,42,2.14715146769244e-10,3.07900512333543e-10,-9.31853655642987e-11
0.02,0.5,20000,43,2.66287182555424e-10,3.79612774572656e-10,-1.13325592017232e-10
0.02,0.5,20000,44,3.29817286094823e-10,4.67442674065354e-10,-1.37625387970531e-10
0.02,0.5,20000,45,4.07973604181788e-10,5.74874478605756e-10,-1.66900874423969e-10
0.02,0.5,20000,46,5.0399491672853e-10,7.06114015071458e-10,-2.02119098342928e-10
0.02,0.5,20000,47,6.21807036841865e-10,8.66231088570633e-10,-2.44424051728767e-10
0.02,0.5,20000,48,7.66161712498213e-10,1.0613285155211e-09,-2.95166803022887e-10
0.02,0.5,20000,49,9.42802116386573e-10,1.29874243672085e-09,-3.55940320334272e-10
0.02,0.5,20000,50,1.15865969912529e-09,1.58727933398332e-09,-4.28619634858025e-10
0.02,0.5,20000,51,1.42208797531024e-09,1.93749604297496e-09,-5.15408067664722e-10
0.02,0.5,20000,52,1.74313972597424e-09,2.36203004986836e-09,-6.18890323894121e-10
0.02,0.5,20000,53,2.13389515086174e-09,2.87598849616386e-09,-7.42093345302115e-10
0.02,0.5,20000,54,2.60884970696756e-09,3.49740561196875e-09,-8.88555905001183e-10
0.02,0.5,20000,55,3.18537174537462e-09,4.24777977226144e-09,-1.06240802688682e-09
0.02,0.5,20000,56,3.88424162777411e-09,5.15270304406116e-09,-1.26846141628705e-09
0.02,0.5,20000,57,4.73028579038433e-09,6.24259798764342e-09,-1.51231219725908e-09
0.02,0.5,20000,58,5.7531212516026e-09,7.55357861652809e-09,-1.80045736492549e-09
0.02,0.5,20000,59,6.98802835807563e-09,9.12845483536408e-09,-2.14042647728845e-09
0.02,0.5,20000,60,8.47697216159274e-09,1.10179023903975e-08,-2.54093022880481e-09
0.02,0.5,20000,61,1.02697957481294e-08,1.32818234141847e-08,-3.01202766605535e-09
0.02,0.5,20000,62,1.24256121345172e-08,1.59909260566751e-08,-3.5653139221579e-09
0.02,0.5,20000,63,1.50144250437265e-08,1.9228555502561e-08,-4.21413045883451e-09
0.02,0.5,20000,64,1.81190130047711e-08,2.30928129152666e-08,-4.97379991049544e-09
0.02,0.5,20000,65,2.18371158377644e-08,2.76990035579139e-08,-5.86188772014951e-09
0.02,0.5,20000,66,2.62839677202633e-08,3.31824605589573e-08,-6.89849283869398e-09
0.02,0.5,20000,67,3.15952267306134e-08,3.97017965535695e-08,-8.10656982295609e-09
0.02,0.5,20000,68,3.79303570713111e-08,4.74426417803098e-08,-9.51228470899865e-09
0.02,0.5,20000,69,4.54765271346009e-08,5.662193418492e-08,-1.1145407050319e-08
0.02,0.5,20000,70,5.44530942275418e-08,6.74928347173098e-08,-1.3039740489768e-08
0.02,0.5,20000,71,6.51167551676207e-08,8.03503493404031e-08,-1.52335941727824e-08
0.02,0.5,20000,72,7.77674511338312e-08,9.55377483346507e-08,-1.77702972008195e-08
0.02,0.5,20000,73,9.27551251503581e-08,1.13453883310424e-07,-2.06987581600661e-08
0.02,0.5,20000,74,1.10487441425036e-07,1.34561512958508e-07,-2.40740715334723e-08
0.02,0.5,20000,75,1.31438587491738e-07,1.59396759997064e-07,-2.79581725053258e-08
0.02,0.5,20000,76,1.56159292737173e-07,1.88579834025204e-07,-3.24205412880301e-08
0.02,0.5,20000,77,1.852882104423e-07,2.22827168073508e-07,-3.75389576312082e-08
0.02,0.5,20000,78,2.19564824940333e-07,2.62965130544754e-07,-4.34003056044206e-08
0.02,0.5,20000,79,2.59844060878838e-07,3.09945488946092e-07,-5.01014280672534e-08
0.02,0.5,20000,80,3.0711278784961e-07,3.64862817294771e-07,-5.77500294451616e-08
0.02,0.5,20000,81,3.62508430777357e-07,4.2897405528488e-07,-6.64656245075221e-08
0.02,0.5,20000,82,4.27339914377754e-07,5.03720444165445e-07,-7.63805297876909e-08
0.02,0.5,20000,83,5.03111188626251e-07,5.90752081712596e-07,-8.76408930863442e-08
0.02,0.5,20000,84,5.9154760141578e-07,6.9195535656887e-07,-1.0040775515309e-07
0.02,0.5,20000,85,6.94625404291066e-07,8.09483540433912e-07,-1.14858136142846e-07
0.02,0.5,20000,86,8.14604697166314e-07,9.45790834956774e-07,-1.3118613779046e-07
0.02,0.5,20000,87,9.54066138064895e-07,1.10367018850423e-06,-1.49604050439332e-07
0.02,0.5,20000,88,1.1159517639315e-06,1.28629521603166e-06,-1.70343452100161e-07
0.02,0.5,20000,89,1.30361028818723e-06,1.49726657279743e-06,-1.93656284610191e-07
0.02,0.5,20000,90,1.52084725961339e-06,1.74066314933435e-06,-2.19815889720958e-07
0.02,0.5,20000,91,1.77198048500263e-06,2.02109847057974e-06,-2.49117985577112e-07
0.02,0.5,20000,92,2.06190113440502e-06,2.34378269598365e-06,-2.81881561578626e-07
0.02,0.5,20000,93,2.39614096227001e-06,2.71459062933617e-06,-3.18449667066163e-07
0.02,0.5,20000,94,2.78094608984558e-06,3.14013615650911e-06,-3.59190066663537e-07
0.02,0.5,20000,95,3.22335780329586e-06,3.62785353578123e-06,-4.04495732485368e-07
0.02,0.5,20000,96,3.7313008275416e-06,4.18608596835382e-06,-4.54785140812211e-07
0.02,0.5,20000,97,4.31367953717181e-06,4.8241818754681e-06,-5.10502338296295e-07
0.02,0.5,20000,98,4.98048256223126e-06,5.55259930257083e-06,-5.72116740339577e-07
0.02,0.5,20000,99,5.74289623752809e-06,6.38301885956978e-06,-6.40122622041683e-07
0.02,0.5,20000,100,6.61342732855965e-06,7.3284655886724e-06,-7.15038260112755e-07
0.02,0.5,20000,101,7.60603544442718e-06,8.40344012688215e-06,-7.97404682454968e-07
0.02,0.5,20000,102,8.73627551737519e-06,9.62405949818929e-06,-8.87783980814095e-07
0.02,0.5,20000,103,1.00214506890132e-05,1.10082078300809e-05,-9.86757141067752e-07
0.02,0.5,20000,104,1.14807758940119e-05,1.25756972394474e-05,-1.09492134543551e-06
0.02,0.5,20000,105,1.31355523722766e-05,1.43484390735334e-05,-1.21288670125683e-06
0.02,0.5,20000,106,1.500935326947e-05,1.6350625621541e-05,-1.34127235207105e-06
0.02,0.5,20000,107,1.71282204025105e-05,1.86089223311563e-05,-1.48070192864572e-06
0.02,0.5,20000,108,1.95208721705751e-05,2.11526704709925e-05,-1.63179830041745e-06
0.02,0.5,20000,109,2.22189224825395e-05,2.40141000741616e-05,-1.79517759162212e-06
0.02,0.5,20000,110,2.525711044813e-05,2.72285528794089e-05,-1.9714424312789e-06
0.02,0.5,20000,111,2.86735404418814e-05,3.08347148541065e-05,-2.16117441222507e-06
0.02,0.5,20000,112,3.25099319959952e-05,3.48748577376359e-05,-2.36492574164075e-06
0.02,0.5,20000,113,3.68118788101977e-05,3.93950888842018e-05,-2.58321007400406e-06
0.02,0.5,20000,114,4.16291159837603e-05,4.44456085109718e-05,-2.81649252721156e-06
0.02,0.5,20000,115,4.70157943771747e-05,5.00809732708777e-05,-3.06517889370308e-06
0.02,0.5,20000,116,5.30307607990688e-05,5.63603648699122e-05,-3.32960407084336e-06
0.02,0.5,20000,117,5.97378424885128e-05,6.33478622370108e-05,-3.61001974849806e-06
0.02,0.5,20000,118,6.72061341249043e-05,7.1112715531567e-05,-3.90658140666274e-06
0.02,0.5,20000,119,7.55102853484542e-05,7.9729620040513e-05,-4.21933469205876e-06
0.02,0.5,20000,120,8.47307865155261e-05,8.92789877752248e-05,-4.54820125969864e-06
0.02,0.5,20000,121,9.49542501466781e-05,9.98472143300806e-05,-4.89296418340255e-06
0.02,0.5,20000,122,0.000106273685253525,0.000111526938311453,-5.25325305792791e-06
0.02,0.5,20000,123,0.000118788761456128,0.000124417290390684,-5.62852893455674e-06
0.02,0.5,20000,124,0.000132606059528574,0.000138624128779977,-6.01806925140246e-06
0.02,0.5,20000,125,0.000147839304740074,0.000154260257679171,-6.42095293909732e-06
0.02,0.5,20000,126,0.000164609579096036,0.000171445624997585,-6.83604590154973e-06
0.02,0.5,20000,127,0.000183045508332264,0.000190307495422067,-7.26198708980288e-06
0.02,0.5,20000,128,0.000203283419279956,0.000210980594684251,-7.69717540429493e-06
0.02,0.5,20000,129,0.000225467463004351,0.000233607220680953,-8.13975767660123e-06
0.02,0.5,20000,130,0.000249749698930511,0.000258337316926151,-8.58761799563931e-06
0.02,0.5,20000,131,0.000276290135010973,0.000285328503665847,-9.03836865487399e-06
0.02,0.5,20000,132,0.000305256718867158,0.000314746061873009,-9.48934300585099e-06
0.02,0.5,20000,133,0.000336825274754832,0.000346762865263779,-9.93759050894703e-06
0.02,0.5,20000,134,0.000371179381168962,0.000381559255443098,-1.03798742741358e-05
0.02,0.5,20000,135,0.000408510183920305,0.000419322855302701,-1.08126713823956e-05
0.02,0.5,20000,136,0.000449016139590262,0.000460248315862012,-1.12321762717497e-05
0.02,0.5,20000,137,0.000492902684406773,0.000504536991867207,-1.1634307460434e-05
0.02,0.5,20000,138,0.000540381823787044,0.000552396541650138,-1.20147178630936e-05
0.02,0.5,20000,139,0.000591671638066819,0.000604040447000668,-1.23688089338495e-05
0.02,0.5,20000,140,0.000646995700284382,0.00065968744912688,-1.26917488424973e-05
0.02,0.5,20000,141,0.000706582402313622,0.000719560897170383,-1.29784948567611e-05
0.02,0.5,20000,142,0.000770664186146343,0.000783888006210855,-1.32238200645114e-05
0.02,0.5,20000,143,0.000839476677711354,0.00085289902223649,-1.34223445251358e-05
0.02,0.5,20000,144,0.000913257721286731,0.000926826292175853,-1.3568570889122e-05
0.02,0.5,20000,145,0.000992246313311855,0.00100590323778139,-1.3656924469534e-05
0.02,0.5,20000,146,0.00107668143523536,0.00109036323292432,-1.36817976889589e-05
0.02,0.5,20000,147,0.00116680078594126,0.00118043838470232,-1.363759876106e-05
0.02,0.5,20000,148,0.001262839415274,0.00127635821967192,-1.35188043979147e-05
0.02,0.5,20000,149,0.00136502826122838,0.00137834827749174,-1.33200162633549e-05
0.02,0.5,20000,150,0.00147359259447562,0.00148662861529537,-1.30360208197464e-05
0.02,0.5,20000,151,0.00158875037505378,0.00160141222719545,-1.26618521416669e-05
0.02,0.5,20000,152,0.00171071052724995,0.00172290338444616,-1.21928571962175e-05
0.02,0.5,20000,153,0.00183967113993189,0.00185129590294898,-1.16247630170866e-05
0.02,0.5,20000,154,0.00197581760083658,0.00198677134596597,-1.09537451293976e-05
0.02,0.5,20000,155,0.00211932067457783,0.00212949717109394,-1.0176496516117e-05
0.02,0.5,20000,156,0.00227033453538226,0.00227962483173779,-9.29029635552596e-06
0.02,0.5,20000,157,0.00242899476678442,0.00243728784448908,-8.29307770466034e-06
0.02,0.5,20000,158,0.00259541634169427,0.00260259983495087,-7.18349325659878e-06
0.02,0.5,20000,159,0.00276969159737456,0.00277565257563626,-5.96097826169447e-06
0.02,0.5,20000,160,0.00295188822091565,0.00295651403059114,-4.62580967548016e-06
0.02,0.5,20000,161,0.00314204726175316,0.00314522642233318,-3.17916058001529e-06
0.02,0.5,20000,162,0.00334018118862212,0.00334180433754424,-1.62314892211864e-06
0.02,0.5,20000,163,0.00354627200906289,0.00354623288868492,3.91203779704676e-08
0.02,0.5,20000,164,0.00376026947017174,0.00375846594930229,1.80352086945074e-06
0.02,0.5,20000,165,0.00398208935970805,0.00397842448125962,3.66487844843423e-06
0.02,0.5,20000,166,0.00421161192691413,0.00420599497241555,5.61695449858082e-06
0.02,0.5,20000,167,0.00444868044246121,0.00444102800340682,7.65243905439042e-06
0.02,0.5,20000,168,0.00469309991679244,0.0046833369621306,9.7629546618478e-06
0.02,0.5,20000,169,0.0049446359957831,0.00493269692427077,1.19390715123298e-05
0.02,0.5,20000,170,0.00520301405207005,0.00518884371775743,1.4170334312614e-05
0.02,0.5,20000,171,0.00546791848961296,0.00545147318838525,1.64453012277133e-05
0.02,0.5,20000,172,0.00573899227803543,0.00572024068293978,1.87515950956455e-05
0.02,0.5,20000,173,0.00601583673205581,0.00599476076509037,2.10759669654432e-05
0.02,0.5,20000,174,0.00629801154985751,0.00627460717800453,2.34043718529732e-05
0.02,0.5,20000,175,0.0065850351225732,0.00655931306612685,2.57220564463491e-05
0.02,0.5,20000,176,0.00687638512517671,0.00684837146685127,2.80136583254448e-05
0.02,0.5,20000,177,0.00717149939700095,0.00714123608091011,3.02633160908479e-05
0.02,0.5,20000,178,0.00746977711784723,0.00743732232821836,3.24547896288678e-05
0.02,0.5,20000,179,0.00777058028323778,0.00773600869366372,3.45715895740525e-05
0.02,0.5,20000,180,0.00807323547981107,0.00803663836494009,3.65971148709766e-05
0.02,0.5,20000,181,0.00837703595919237,0.00833852116200585,3.85147971865216e-05
0.02,0.5,20000,182,0.00868124400591572,0.00864093575513173,4.03082507839832e-05
0.02,0.5,20000,183,0.008985093592158,0.00894313216581269,4.19614263453081e-05
0.02,0.5,20000,184,0.00928779330919983,0.00924433454208137,4.3458767118457e-05
0.02,0.5,20000,185,0.00958852956268384,0.00954374419700756,4.47853656762778e-05
0.02,0.5,20000,186,0.00988647001593267,0.00984054289642859,4.59271195040831e-05
0.02,0.5,20000,187,0.0101807672628491,0.0101338963792628,4.68708835862849e-05
0.02,0.5,20000,188,0.0104705627092824,0.0104229580911432,4.76046181392201e-05
0.02,0.5,20000,189,0.0107549906392447,0.0107068731096041,4.81175296405539e-05
0.02,0.5,20000,190,0.0110331824400265,0.0109847822366931,4.84002033334652e-05
0.02,0.5,20000,191,0.0113042709581322,0.0112558262326925,4.84447254396839e-05
0.02,0.5,20000,192,0.0115673949560486,0.0115191501626528,4.82447933958935e-05
0.02,0.5,20000,193,0.0118217036382235,0.0117739078256877,4.7795812535811e-05
0.02,0.5,20000,194,0.012066361213264,0.0120192662354913,4.70949777726312e-05
0.02,0.5,20000,195,0.0123005514583148,0.0122544101193238,4.61413389909321e-05
0.02,0.5,20000,196,0.0125234822508436,0.0124785464018076,4.49358490359503e-05
0.02,0.5,20000,197,0.012734390032669,0.0126909086392853,4.34813933836396e-05
0.02,0.5,20000,198,0.012932544171026,0.012890761370237,4.17828007889809e-05
0.02,0.5,20000,199,0.0131172511817802,0.0130774043473414,3.98468344387608e-05
0.02,0.5,20000,200,0.0132878587805726,0.0132501766172014,3.7682163371168e-05
0.02,0.5,20000,201,0.013443759728714,0.0134084604145411,3.52993141729332e-05
0.02,0.5,20000,202,0.0135843954420234,0.0135516848388108,3.27106032126587e-05
0.02,0.5,20000,203,0.0137092593325295,0.0136793292826105,2.99300499189883e-05
0.02,0.5,20000,204,0.0138178998549941,0.0137909265831353,2.69732718587642e-05
0.02,0.5,20000,205,0.0139099232325655,0.0138860658699583,2.38573626072467e-05
0.02,0.5,20000,206,0.0139849958384929,0.0139643950848617,2.06007536312364e-05
0.02,0.5,20000,207,0.0140428462137097,0.0140256231520931,1.72230616165246e-05
0.02,0.5,20000,208,0.0140832667031919,0.0140695217803252,1.37449228666854e-05
0.02,0.5,20000,209,0.0141061146972813,0.0140959268807091,1.01878165722578e-05
0.02,0.5,20000,210,0.0141113134675929,0.0141047395886939,6.5738788990171e-06
0.02,0.5,20000,211,0.0140988525906752,0.0140959268807091,2.92570996611105e-06
0.02,0.5,20000,212,0.0140687879562056,0.0140695217803252,-7.33824119593038e-07
0.02,0.5,20000,213,0.0140212413601503,0.0140256231520931,-4.38179194277993e-06
0.02,0.5,20000,214,0.0139563996869538,0.0139643950848617,-7.99539790787875e-06
0.02,0.5,20000,215,0.0138745136884097,0.0138860658699583,-1.15521815485676e-05
0.02,0.5,20000,216,0.0137758963703557,0.0137909265831353,-1.50302127795692e-05
0.02,0.5,20000,217,0.0136609210016999,0.0136793292826105,-1.840828091061e-05
0.02,0.5,20000,218,0.0135300187634791,0.0135516848388108,-2.16660753317305e-05
0.02,0.5,20000,219,0.0133836760586457,0.0134084604145411,-2.4784355895334e-05
0.02,0.5,20000,220,0.0132224315060367,0.0132501766172014,-2.77451111647571e-05
0.02,0.5,20000,221,0.0130468726444761,0.0130774043473414,-3.05317028652819e-05
0.02,0.5,20000,222,0.0128576323751738,0.012890761370237,-3.31289950632249e-05
0.02,0.5,20000,223,0.0126553851724807,0.0126909086392853,-3.55234668045889e-05
0.02,0.5,20000,224,0.0124408430946413,0.0124785464018076,-3.7703307166367e-05
0.02,0.5,20000,225,0.0122147516274164,0.0122544101193238,-3.9658491907426e-05
0.02,0.5,20000,226,0.0119778853943458,0.0120192662354913,-4.13808411455566e-05
0.02,0.5,20000,227,0.011731043767955,0.0117739078256877,-4.28640577327007e-05
0.02,0.5,20000,228,0.0114750464164069,0.0115191501626528,-4.41037462458362e-05
0.02,0.5,20000,229,0.0112107288199407,0.0112558262326925,-4.50974127518041e-05
0.02,0.5,20000,230,0.0109389377909526,0.0109847822366931,-4.58444457404981e-05
0.02,0.5,20000,231,0.0106605270307591,0.0107068731096041,-4.63460788449957e-05
0.02,0.5,20000,232,0.0103763527549645,0.0104229580911432,-4.66053361787011e-05
0.02,0.5,20000,233,0.0100872694179474,0.0101338963792628,-4.66269613153773e-05
0.02,0.5,20000,234,0.00979412556531473,0.00984054289642859,-4.64173311138568e-05
0.02,0.5,20000,235,0.00949775984126166,0.00954374419700756,-4.59843557459056e-05
0.02,0.5,20000,236,0.00919899717566348,0.00924433454208137,-4.5337366417892e-05
0.02,0.5,20000,237,0.00889864517342504,0.00894313216581269,-4.44869923876458e-05
0.02,0.5,20000,238,0.0085974907261709,0.00864093575513173,-4.34450289608316e-05
0.02,0.5,20000,239,0.00829629686379458,0.00833852116200585,-4.22242982112703e-05
0.02,0.5,20000,240,0.00799579986073718,0.00803663836494009,-4.083850420291e-05
0.02,0.5,20000,241,0.00769670660916414,0.00773600869366372,-3.93020844995789e-05
0.02,0.5,20000,242,0.0073996922684856,0.00743732232821836,-3.76300597327633e-05
0.02,0.5,20000,243,0.00710539819795167,0.00714123608091011,-3.5837882958435e-05
0.02,0.5,20000,244,0.00681443017637838,0.00684837146685127,-3.39412904728879e-05
0.02,0.5,20000,245,0.00652735691045115,0.00655931306612685,-3.19561556757029e-05
0.02,0.5,20000,246,0.00624470883053567,0.00627460717800453,-2.98983474688579e-05
0.02,0.5,20000,247,0.00596697717052531,0.00599476076509037,-2.7783594565056e-05
0.02,0.5,20000,248,0.00569461332599085,0.00572024068293978,-2.56273569489325e-05
0.02,0.5,20000,249,0.00542802848279105,0.00545147318838525,-2.34447055941977e-05
0.02,0.5,20000,250,0.00516759350636679,0.00518884371775743,-2.12502113906389e-05
0.02,0.5,20000,251,0.00491363908019162,0.00493269692427077,-1.90578440791463e-05
0.02,0.5,20000,252,0.00466645608029633,0.0046833369621306,-1.68808818342631e-05
0.02,0.5,20000,253,0.00442629617143345,0.00444102800340682,-1.47318319733683e-05
0.02,0.5,20000,254,0.00419337260930236,0.00420599497241555,-1.26223631131952e-05
0.02,0.5,20000,255,0.0039678612323209,0.00397842448125962,-1.05632489387116e-05
0.02,0.5,20000,256,0.0037499016257019,0.00375846594930229,-8.56432360038994e-06
0.02,0.5,20000,257,0.00353959844007151,0.00354623288868492,-6.63444861340569e-06
0.02,0.5,20000,258,0.00333702284654446,0.00334180433754424,-4.78149099977484e-06
0.02,0.5,20000,259,0.00314221411004094,0.00314522642233318,-3.01231229223736e-06
0.02,0.5,20000,260,0.00295518126268285,0.00295651403059114,-1.33276790828486e-06
0.02,0.5,20000,261,0.00277590485933088,0.00277565257563626,2.52283694622546e-07
0.02,0.5,20000,262,0.00260433879770671,0.00260259983495087,1.73896275584406e-06
0.02,0.5,20000,263,0.00244041218607274,0.00243728784448908,3.12434158365391e-06
0.02,0.5,20000,264,0.00228403124209963,0.00227962483173779,4.40641036184583e-06
0.02,0.5,20000,265,0.00213508120732649,0.00212949717109394,5.58403623254636e-06
0.02,0.5,20000,266,0.00199342826249049,0.00198677134596597,6.65691652452019e-06
0.02,0.5,20000,267,0.00185892142996084,0.00185129590294898,7.62552701186366e-06
0.02,0.5,20000,268,0.00173139445053588,0.00172290338444616,8.49106608971357e-06
0.02,0.5,20000,269,0.00161066762293963,0.00160141222719545,9.25539574418602e-06
0.02,0.5,20000,270,0.00149654959546854,0.00148662861529537,9.92098017317425e-06
0.02,0.5,20000,271,0.0013888391003757,0.00137834827749174,1.0490822883958e-05
0.02,0.5,20000,272,0.00128732662272634,0.00127635821967192,1.09684030544235e-05
0.02,0.5,20000,273,0.0011917959966,0.00118043838470232,1.13576118976764e-05
0.02,0.5,20000,274,0.00110202592264082,0.00109036323292432,1.16626897165072e-05
0.02,0.5,20000,275,0.00101779140205705,0.00100590323778139,1.18881642756589e-05
0.02,0.5,20000,276,0.00093886508323333,0.000926826292175853,1.20387910574777e-05
0.02,0.5,20000,277,0.000865018518137676,0.00085289902223649,1.21194959011863e-05
0.02,0.5,20000,278,0.000796023326670192,0.000783888006210855,1.21353204593375e-05
0.02,0.5,20000,279,0.000731652268007938,0.000719560897170383,1.20913708375546e-05
0.02,0.5,20000,280,0.000671680218843736,0.00065968744912688,1.19927697168562e-05
0.02,0.5,20000,281,0.00061588505919299,0.000604040447000668,1.1844612192322e-05
0.02,0.5,20000,282,0.000564048467148784,0.000552396541650138,1.16519254986464e-05
0.02,0.5,20000,283,0.000515956624599989,0.000504536991867207,1.14196327327822e-05
0.02,0.5,20000,284,0.00047140083648911,0.000460248315862012,1.11525206270987e-05
0.02,0.5,20000,285,0.000430178066676527,0.000419322855302701,1.0855211373826e-05
0.02,0.5,20000,286,0.000392091393896431,0.000381559255443098,1.05321384533335e-05
0.02,0.5,20000,287,0.000356950391639148,0.000346762865263779,1.01875263753684e-05
0.02,0.5,20000,288,0.000324571436076934,0.000314746061873009,9.82537420392564e-06
0.02,0.5,20000,289,0.000294777946368939,0.000285328503665847,9.44944270309144e-06
0.02,0.5,20000,290,0.000267400561839108,0.000258337316926151,9.06324491295772e-06
0.02,0.5,20000,291,0.000242277260622455,0.000233607220680953,8.67003994150188e-06
0.02,0.5,20000,292,0.000219253424424329,0.000210980594684251,8.27282974007778e-06
0.02,0.5,20000,293,0.000198181854038657,0.000190307495422067,7.87435861658998e-06
0.02,0.5,20000,294,0.000178922740228956,0.000171445624997585,7.47711523137079e-06
0.02,0.5,20000,295,0.000161343594495029,0.000154260257679171,7.08333681585777e-06
0.02,0.5,20000,296,0.000145319144133093,0.000138624128779977,6.69501535311584e-06
0.02,0.5,20000,297,0.000130731195852366,0.000124417290390684,6.31390546168147e-06
0.02,0.5,20000,298,0.000117468472041185,0.000111526938311453,5.94153372973241e-06
0.02,0.5,20000,299,0.000105426423584942,9.98472143300806e-05,5.57920925486126e-06
0.02,0.5,20000,300,9.45070229305388e-05,8.92789877752248e-05,5.22803515531407e-06
0.02,0.5,20000,301,8.4618540871607e-05,7.9729620040513e-05,4.88892083109398e-06
0.02,0.5,20000,302,7.56753102990207e-05,7.1112715531567e-05,4.56259476745367e-06
0.02,0.5,20000,303,6.75974799256162e-05,6.33478622370108e-05,4.24961768860539e-06
0.02,0.5,20000,304,6.03107607555871e-05,5.63603648699122e-05,3.95039588567492e-06
0.02,0.5,20000,305,5.3746167830531e-05,5.00809732708777e-05,3.66519455965326e-06
0.02,0.5,20000,306,4.78397595480682e-05,4.44456085109718e-05,3.39415103709638e-06
0.02,0.5,20000,307,4.25323766174928e-05,3.93950888842018e-05,3.13728773329097e-06
0.02,0.5,20000,308,3.77693824919751e-05,3.48748577376359e-05,2.89452475433922e-06
0.02,0.5,20000,309,3.35004068999902e-05,3.08347148541065e-05,2.66569204588365e-06
0.02,0.5,20000,310,2.96790938912431e-05,2.72285528794089e-05,2.45054101183426e-06
0.02,0.5,20000,311,2.62628556154774e-05,2.40141000741616e-05,2.24875554131573e-06
0.02,0.5,20000,312,2.32126328670082e-05,2.11526704709925e-05,2.05996239601567e-06
0.02,0.5,20000,313,2.04926632542327e-05,1.86089223311563e-05,1.88374092307642e-06
0.02,0.5,20000,314,1.80702576921242e-05,1.6350625621541e-05,1.71963207058321e-06
0.02,0.5,20000,315,1.59155857670428e-05,1.43484390735334e-05,1.56714669350937e-06
0.02,0.5,20000,316,1.40014703871112e-05,1.25756972394474e-05,1.42577314766373e-06
0.02,0.5,20000,317,1.23031920078272e-05,1.10082078300809e-05,1.29498417774628e-06
0.02,0.5,20000,318,1.07983026112624e-05,9.62405949818929e-06,1.17424311307311e-06
0.02,0.5,20000,319,9.46644951778877e-06,8.40344012688215e-06,1.06300939090663e-06
0.02,0.5,20000,320,8.28920902134085e-06,7.3284655886724e-06,9.60743432668446e-07
0.02,0.5,20000,321,7.24992976224148e-06,6.38301885956978e-06,8.66910902671707e-07
0.02,0.5,20000,322,6.33358568501973e-06,5.55259930257083e-06,7.80986382448895e-07
0.02,0.5,20000,323,5.52663837180607e-06,4.8241818754681e-06,7.02456496337965e-07
0.02,0.5,20000,324,4.81690849414918e-06,4.18608596835382e-06,6.30822525795366e-07
0.02,0.5,20000,325,4.1934560867848e-06,3.62785353578123e-06,5.65602551003573e-07
0.02,0.5,20000,326,3.64646931531912e-06,3.14013615650911e-06,5.0633315881001e-07
0.02,0.5,20000,327,3.16716138528255e-06,2.71459062933617e-06,4.52570755946373e-07
0.02,0.5,20000,328,2.74767522189247e-06,2.34378269598365e-06,4.03892525908818e-07
0.02,0.5,20000,329,2.38099553747907e-06,2.02109847057974e-06,3.59897066899334e-07
0.02,0.5,20000,330,2.06086789624079e-06,1.74066314933435e-06,3.2020474690644e-07
0.02,0.5,20000,331,1.7817243831995e-06,1.49726657279743e-06,2.84457810402069e-07
0.02,0.5,20000,332,1.53861548534312e-06,1.28629521603166e-06,2.52320269311462e-07
0.02,0.5,20000,333,1.32714779743267e-06,1.10367018850423e-06,2.23477608928445e-07
0.02,0.5,20000,334,1.14342717230641e-06,9.45790834956774e-07,1.97636337349635e-07
0.02,0.5,20000,335,9.84006945266223e-07,8.09483540433912e-07,1.74523404832311e-07
0.02,0.5,20000,336,8.45840873850462e-07,6.9195535656887e-07,1.53885517281592e-07
0.02,0.5,20000,337,7.26240447590234e-07,5.90752081712596e-07,1.35488365877639e-07
0.02,0.5,20000,338,6.22836236857404e-07,5.03720444165445e-07,1.19115792691959e-07
0.02,0.5,20000,339,5.33542965323902e-07,4.2897405528488e-07,1.04568910039023e-07
0.02,0.5,20000,340,4.56528006580007e-07,3.64862817294771e-07,9.16651892852354e-08
0.02,0.5,20000,341,3.90183021854432e-07,3.09945488946092e-07,8.02375329083405e-08
0.02,0.5,20000,342,3.33098472323947e-07,2.62965130544754e-07,7.01333417791932e-08
0.02,0.5,20000,343,2.84040756007091e-07,2.22827168073508e-07,6.12135879335824e-08
0.02,0.5,20000,344,2.4193173554564e-07,1.88579834025204e-07,5.33519015204362e-08
0.02,0.5,20000,345,2.05830439154814e-07,1.59396759997064e-07,4.64336791577508e-08
0.02,0.5,20000,346,1.74916732558394e-07,1.34561512958508e-07,4.03552195998853e-08
0.02,0.5,20000,347,1.48476774728792e-07,1.13453883310424e-07,3.50228914183682e-08
0.02,0.5,20000,348,1.25890084655089e-07,9.55377483346507e-08,3.03523363204386e-08
0.02,0.5,20000,349,1.06618060111335e-07,8.03503493404031e-08,2.62677107709324e-08
0.02,0.5,20000,350,9.01938024559425e-08,6.74928347173098e-08,2.27009677386327e-08
0.02,0.5,20000,351,7.62131138365686e-08,5.662193418492e-08,1.95911796516486e-08
0.02,0.5,20000,352,6.4326544791327e-08,4.74426417803098e-08,1.68839030110172e-08
0.02,0.5,20000,353,5.42323811239041e-08,3.97017965535695e-08,1.45305845703347e-08
0.02,0.5,20000,354,4.56704690933125e-08,3.31824605589573e-08,1.24880085343552e-08
0.02,0.5,20000,355,3.84167874115226e-08,2.76990035579139e-08,1.07177838536087e-08
0.02,0.5,20000,356,3.22786833029556e-08,2.30928129152666e-08,9.18587038768902e-09
0.02,0.5,20000,357,2.70906979721519e-08,1.9228555502561e-08,7.86214246959086e-09
0.02,0.5,20000,358,2.27109142769105e-08,1.59909260566751e-08,6.71998822023535e-09
0.02,0.5,20000,359,1.9017766243508e-08,1.32818234141847e-08,5.73594282932326e-09
0.02,0.5,20000,360,1.59072563198854e-08,1.10179023903975e-08,4.88935392948788e-09
0.02,0.5,20000,361,1.32905319747412e-08,9.12845483536408e-09,4.16207713937715e-09
0.02,0.5,20000,362,1.10917784487428e-08,7.55357861652809e-09,3.53819983221469e-09
0.02,0.5,20000,363,9.24638918210873e-09,6.24259798764342e-09,3.00379119446531e-09
0.02,0.5,20000,364,7.69937971386473e-09,5.15270304406116e-09,2.54667666980357e-09
0.02,0.5,20000,365,6.40401470472346e-09,4.24777977226144e-09,2.15623493246202e-09
0.02,0.5,20000,366,5.32062120942792e-09,3.49740561196875e-09,1.82321559745917e-09
0.02,0.5,20000,367,4.41556444601422e-09,2.87598849616386e-09,1.53957594985036e-09
0.02,0.5,20000,368,3.66036510795271e-09,2.36203004986836e-09,1.29833505808435e-09
0.02,0.5,20000,369,3.03093976821911e-09,1.93749604297496e-09,1.09344372524415e-09
0.02,0.5,20000,370,2.50694815820228e-09,1.58727933398332e-09,9.19668824218956e-10
0.02,0.5,20000,371,2.07123309355899e-09,1.29874243672085e-09,7.72490656838148e-10
0.02,0.5,20000,372,1.70934058666266e-09,1.0613285155211e-09,6.48012071141562e-10
0.02,0.5,20000,373,1.40910925254857e-09,8.66231088570633e-10,5.42878163977935e-10
0.02,0.5,20000,374,1.16031950204585e-09,7.06114015071458e-10,4.54205486974394e-10
0.02,0.5,20000,375,9.54394240383542e-10,5.74874478605756e-10,3.79519761777785e-10
0.02,0.5,20000,376,7.84143868766091e-10,4.67442674065354e-10,3.16701194700737e-10
0.02,0.5,20000,377,6.43549335615112e-10,3.79612774572656e-10,2.63936561042456e-10
0.02,0.5,20000,378,5.27577817405958e-10,3.07900512333543e-10,2.19677305072415e-10
0.02,0.5,20000,379,4.32026339056581e-10,2.49423366294133e-10,1.82602972762447e-10
0.02,0.5,20000,380,3.53389282224442e-10,2.01799921493843e-10,1.51589360730599e-10
0.02,0.5,20000,381,2.88746287094476e-10,1.63065460588479e-10,1.25680826505997e-10
0.02,0.5,20000,382,2.35667538721766e-10,1.3160127652602e-10,1.04066262195747e-10
0.02,0.5,20000,383,1.92133851194462e-10,1.06075565148052e-10,8.60582860464097e-11
0.02,0.5,20000,384,1.5646932939324e-10,8.53940749908927e-11,7.10752544023473e-11
0.02,0.5,20000,385,1.27284705723512e-10,6.86589653606683e-11,5.8625740362844e-11
0.02,0.5,20000,386,1.03429723928737e-10,5.51345586835428e-11,4.82951652451946e-11
0.02,0.5,20000,387,8.39531793304113e-11,4.42188743261561e-11,3.97343050042552e-11
0.02,0.5,20000,388,6.80694293470683e-11,3.54200030650778e-11,3.26494262819905e-11
0.02,0.5,20000,389,5.51303641363892e-11,2.83365281270231e-11,2.67938360093661e-11
0.02,0.5,20000,390,4.46019784018094e-11,2.26413236988586e-11,2.19606547029508e-11
0.02,0.5,20000,391,3.6044815084271e-11,1.80681680530121e-11,1.79766470312588e-11
0.02,0.5,20000,392,2.90976626997034e-11,1.44006985941796e-11,1.46969641055237e-11
0.02,0.5,20000,393,2.34639830072917e-11,1.14633125057807e-11,1.20006705015111e-11
0.02,0.5,20000,394,1.89006267105318e-11,9.11368125297744e-12,9.7869454575544e-12
0.02,0.5,20000,395,1.52084639300222e-11,7.23660170823434e-12,7.97186222178784e-12
0.02,0.5,20000,396,1.22246149232282e-11,5.73895259469959e-12,6.48566232852862e-12
0.02,0.5,20000,397,9.81601642224298e-12,4.54556357521731e-12,5.27045284702566e-12
0.02,0.5,20000,398,7.87410128305435e-12,3.59583675350635e-12,4.278264529548e-12
0.02,0.5,20000,399,6.31040498669182e-12,2.84098754513405e-12,3.46941744155777e-12
0.02,0.5,20000,400,5.05294285306741e-12,2.24179462929267e-12,2.81114822377475e-12
0.02,0.5,25000,0,8.32244256443796e-07,2.64092809945808e-17,8.32244256417386e-07
0.02,0.5,25000,1,7.26352423641274e-07,3.42338698741981e-17,7.2635242360704e-07
0.02,0.5,25000,2,6.33345570507497e-07,4.43323873429522e-17,6.33345570463164e-07
0.02,0.5,25000,3,5.51735727974286e-07,5.73524464667842e-17,5.51735727916933e-07
0.02,0.5,25000,4,4.80196245315898e-07,7.41222310292643e-17,4.80196245241776e-07
0.02,0.5,25000,5,4.17545639946402e-07,9.56997323024172e-17,4.17545639850703e-07
0.02,0.5,25000,6,3.62732899063219e-07,1.23435098682778e-16,3.62732898939784e-07
0.02,0.5,25000,7,3.14824122357024e-07,1.59049504242229e-16,3.14824122197975e-07
0.02,0.5,25000,8,2.72990401137692e-07,2.04734803704437e-16,2.72990400932958e-07
0.02,0.5,25000,9,2.3649683529854e-07,2.63279314567735e-16,2.36496835035261e-07
0.02,0.5,25000,10,2.04692595515247e-07,3.38226402523105e-16,2.0469259517702e-07
0.02,0.5,25000,11,1.77001943916151e-07,4.34074206063175e-16,1.77001943482077e-07
0.02,0.5,25000,12,1.52916132137992e-07,5.56526896562902e-16,1.52916131581466e-07
0.02,0.5,25000,13,1.31986101171615e-07,7.12810424805086e-16,1.31986100458804e-07
0.02,0.5,25000,14,1.13815912686831e-07,9.12068868744094e-16,1.13815911774762e-07
0.02,0.5,25000,15,9.8056846590022e-08,1.16586141081514e-15,9.80568454241606e-08
0.02,0.5,25000,16,8.44021044016174e-08,1.48878480816734e-15,8.44021029128326e-08
0.02,0.5,25000,17,7.25820626363594e-08,1.89925218568427e-15,7.25820607371072e-08
0.02,0.5,25000,18,6.23600247233387e-08,2.42046633547796e-15,6.23600223028724e-08
0.02,0.5,25000,19,5.35284241139865e-08,3.08163475939067e-15,5.35284210323518e-08
0.02,0.5,25000,20,4.5905435095687e-08,3.91948482203335e-15,4.59054311762022e-08
0.02,0.5,25000,21,3.93319514596125e-08,4.98015105155911e-15,3.93319464794614e-08
0.02,0.5,25000,22,3.36688965685856e-08,6.32152339240717e-15,3.36688902470622e-08
0.02,0.5,25000,23,2.8794831540488e-08,8.01616575553918e-15,2.87948235243222e-08
0.02,0.5,25000,24,2.4603831212325e-08,1.01549393462204e-14,2.46038210573857e-08
0.02,0.5,25000,25,2.10036002877734e-08,1.28514959667989e-14,2.10035874362774e-08
0.02,0.5,25000,26,1.79138046058304e-08,1.62478439864271e-14,1.79137883579864e-08
0.02,0.5,25000,27,1.5264594809493e-08,2.05212353804277e-14,1.52645742882577e-08
0.02,0.5,25000,28,1.29953018509884e-08,2.58926779010925e-14,1.29952759583105e-08
0.02,0.5,25000,29,1.10532857539193e-08,3.26374441308391e-14,1.10532531164752e-08
0.02,0.5,25000,30,9.39292087280297e-09,4.10980313864422e-14,9.39287977477159e-09
0.02,0.5,25000,31,7.9747025568353e-09,5.17001261843729e-14,7.97465085670911e-09
0.02,0.5,25000,32,6.7644616471644e-09,6.49722478269272e-14,6.76439667491658e-09
0.02,0.5,25000,33,5.73267462512155e-09,8.15698919118647e-14,5.73259305522963e-09
0.02,0.5,25000,34,4.85385849210572e-09,1.0230517131973e-13,4.8537561869344e-09
0.02,0.5,25000,35,4.10604060918127e-09,1.28183165590168e-13,4.10591242601568e-09
0.02,0.5,25000,36,3.47029476460616e-09,1.60446446819392e-13,3.47013431815934e-09
0.02,0.5,25000,37,2.93033567874934e-09,2.00629559923159e-13,2.93013504918941e-09
0.02,0.5,25000,38,2.4721650060626e-09,2.5062560755436e-13,2.47191438045504e-09
0.02,0.5,25000,39,2.0837626604009e-09,3.12767537281121e-13,2.08344989286362e-09
0.02,0.5,25000,40,1.75481798007298e-09,3.89927265188935e-13,1.75442805280779e-09
0.02,0.5,25000,41,1.47649586915341e-09,4.85636412852411e-13,1.47601023274056e-09
0.02,0.5,25000,42,1.24123360798297e-09,6.04233203673442e-13,1.24062937477929e-09
0.02,0.5,25000,43,1.04256452419355e-09,7.51040983526793e-13,1.04181348321002e-09
0.02,0.5,25000,44,8.74965161383223e-10,9.32584927292063e-13,8.74032576455931e-10
0.02,0.5,25000,45,7.33722980710514e-10,1.15685479985147e-12,7.32566125910663e-10
0.02,0.5,25000,46,6.14821985780113e-10,1.43362319582745e-12,6.13388362584286e-10
0.02,0.5,25000,47,5.14843977501198e-10,1.77483053163266e-12,5.13069146969565e-10
0.02,0.5,25000,48,4.30883427027401e-10,2.19505025884433e-12,4.28688376768556e-10
0.02,0.5,25000,49,3.60474205029149e-10,2.7120503708632e-12,3.57762154658286e-10
0.02,0.5,25000,50,3.01526627704098e-10,3.34747035684584e-12,2.98179157347252e-10
0.02,0.5,25000,51,2.52273477123079e-10,4.12763640135506e-12,2.48145840721724e-10
0.02,0.5,25000,52,2.11223828505951e-10,5.08454193196178e-12,2.06139286573989e-10
0.02,0.5,25000,53,1.77123672357534e-10,6.2570256926499e-12,1.70866646664884e-10
0.02,0.5,25000,54,1.48922457387756e-10,7.69218549871095e-12,1.41230271889045e-10
0.02,0.5,25000,55,1.25744802916733e-10,9.44707285975653e-12,1.16297730056977e-10
0.02,0.5,25000,56,1.06866738974341e-10,1.15907219158448e-11,9.52760170584962e-11
0.02,0.5,25000,57,9.16959303382133e-11,1.42065758185976e-11,7.74893545196156e-11
0.02,0.5,25000,58,7.97554289702486e-11,1.7395385036131e-11,6.23600439341176e-11
0.02,0.5,25000,59,7.06705792464224e-11,2.12786653338556e-11,4.93919139125668e-11
0.02,0.5,25000,60,6.41587734637529e-11,2.60028186882719e-11,3.81559547754809e-11
0.02,0.5,25000,61,6.00218227036023e-11,3.1744038477889e-11,2.82777842257133e-11
0.02,0.5,25000,62,5.81407715176646e-11,3.8714141364795e-11,1.94266301528696e-11
0.02,0.5,25000,63,5.84730453182351e-11,4.7167492789466e-11,1.13055525287691e-11
0.02,0.5,25000,64,6.10518780015689e-11,5.74092214713266e-11,3.64265653024227e-12
0.02,0.5,25000,65,6.59880254008589e-11,6.98049513314262e-11,-3.81692593056731e-12
0.02,0.5,25000,66,7.34738288438802e-11,8.47923175049042e-11,-1.1318488661024e-11
0.02,0.5,25000,67,8.37897535888631e-11,1.02894577353306e-10,-1.91048237644431e-11
0.02,0.5,25000,68,9.73135904764349e-11,1.24736678484322e-10,-2.74230880078866e-11
0.02,0.5,25000,69,1.14532577065666e-10,1.51064204715051e-10,-3.65316276493851e-11
0.02,0.5,25000,70,1.36058768191411e-10,1.82765688774572e-10,-4.67069205831605e-11
0.02,0.5,25000,71,1.62648066753115e-10,2.20898858569957e-10,-5.82507918168424e-11
0.02,0.5,25000,72,1.95223415198488e-10,2.66721473426781e-10,-7.14980582282932e-11
0.02,0.5,25000,73,2.34902748307301e-10,3.21727509417518e-10,-8.68247611102166e-11
0.02,0.5,25000,74,2.83032420372488e-10,3.87689570450418e-10,-1.0465715007793e-10
0.02,0.5,25000,75,3.41226946754748e-10,4.66708536150357e-10,-1.25481589395609e-10
0.02,0.5,25000,76,4.11416043287818e-10,5.61271610885024e-10,-1.49855567597206e-10
0.02,0.5,25000,77,4.95900109591969e-10,6.74320112977997e-10,-1.78420003386028e-10
0.02,0.5,25000,78,5.97415486717274e-10,8.09328541868806e-10,-2.11913055151531e-10
0.02,0.5,25000,79,7.19211028662477e-10,9.70396686674774e-10,-2.51185658012297e-10
0.02,0.5,25000,80,8.65137764475797e-10,1.1623567955303e-09,-2.97219031054498e-10
0.02,0.5,25000,81,1.03975369644217e-09,1.39089811480285e-09,-3.51144418360681e-10
0.02,0.5,25000,82,1.24844608425228e-09,1.66271143473727e-09,-4.14265350484992e-10
0.02,0.5,25000,83,1.49757390936822e-09,1.9856566475585e-09,-4.88082738190284e-10
0.02,0.5,25000,84,1.79463360279315e-09,2.36895674026134e-09,-5.7432313746819e-10
0.02,0.5,25000,85,2.14845155829779e-09,2.82342211234189e-09,-6.74970554044099e-10
0.02,0.5,25000,86,2.56940744749739e-09,3.36170963412613e-09,-7.92302186628748e-10
0.02,0.5,25000,87,3.06969290913766e-09,3.99862145012768e-09,-9.28928540990027e-10
0.02,0.5,25000,88,3.66361080917541e-09,4.75144919049336e-09,-1.08783838131796e-09
0.02,0.5,25000,89,4.36792096789916e-09,5.64036998903284e-09,-1.27244902113367e-09
0.02,0.5,25000,90,5.20223903314194e-09,6.68890152603208e-09,-1.48666249289014e-09
0.02,0.5,25000,91,6.1894960528695e-09,7.92442422597889e-09,-1.73492817310939e-09
0.02,0.5,25000,92,7.35646727492466e-09,9.37877975293923e-09,-2.02231247801457e-09
0.02,0.5,25000,93,8.73437978588456e-09,1.10889560685694e-08,-2.35457628268485e-09
0.02,0.5,25000,94,1.03596098048137e-08,1.30978705590627e-08,-2.73826075424898e-09
0.02,0.5,25000,95,1.22744817816913e-08,1.54552641075988e-08,-3.18078232590748e-09
0.02,0.5,25000,96,1.45281829254943e-08,1.82187204984003e-08,-3.690537572906e-09
0.02,0.5,25000,97,1.7177808414847e-08,2.1454827197989e-08,-4.27701878314198e-09
0.02,0.5,25000,98,2.02895543367559e-08,2.52404953796814e-08,-4.95094104292544e-09
0.02,0.5,25000,99,2.39400773685426e-08,2.96644590500132e-08,-5.72438168147066e-09
0.02,0.5,25000,100,2.82180423772659e-08,3.48289753120415e-08,-6.61093293477559e-09
0.02,0.5,25000,101,3.32258814724438e-08,4.08517501717803e-08,-7.62586869933653e-09
0.02,0.5,25000,102,3.90817906245628e-08,4.78681168717507e-08,-8.78632624718791e-09
0.02,0.5,25000,103,4.59219927664186e-08,5.60334965308902e-08,-1.01115037644716e-08
0.02,0.5,25000,104,5.39032993391902e-08,6.55261738935898e-08,-1.16228745543996e-08
0.02,0.5,25000,105,6.32060055423009e-08,7.65504242525268e-08,-1.33444187102259e-08
0.02,0.5,25000,106,7.40371581067966e-08,8.93400311195125e-08,-1.53028730127159e-08
0.02,0.5,25000,107,8.66342382464949e-08,1.04162237983972e-07,-1.75279997374767e-08
0.02,0.5,25000,108,1.01269306558536e-07,1.21322181526736e-07,-2.00528749681999e-08
0.02,0.5,25000,109,1.18253661052658e-07,1.41167857952725e-07,-2.29141969000671e-08
0.02,0.5,25000,110,1.37943064191982e-07,1.64095678672873e-07,-2.6152614480891e-08
0.02,0.5,25000,111,1.60743599830513e-07,1.90556676404124e-07,-2.98130765736106e-08
0.02,0.5,25000,112,1.87118226234182e-07,2.21063427864256e-07,-3.39452016300741e-08
0.02,0.5,25000,113,2.17594096970244e-07,2.56197764610447e-07,-3.86036676402024e-08
0.02,0.5,25000,114,2.52770727337447e-07,2.96619349197704e-07,-4.38486218602569e-08
0.02,0.5,25000,115,2.93329090175528e-07,3.43075199702291e-07,-4.9746109526763e-08
0.02,0.5,25000,116,3.40041731321486e-07,3.96410251748037e-07,-5.63685204265509e-08
0.02,0.5,25000,117,3.93784001650105e-07,4.57579053466519e-07,-6.37950518164142e-08
0.02,0.5,25000,118,4.55546509520018e-07,5.27658695286473e-07,-7.21121857664553e-08
0.02,0.5,25000,119,5.26448904509664e-07,6.07863083047618e-07,-8.14141785379536e-08
0.02,0.5,25000,120,6.07755110528174e-07,6.99558669626801e-07,-9.18035590986275e-08
0.02,0.5,25000,121,7.00890133674506e-07,8.0428176699965e-07,-1.03391633325144e-07
0.02,0.5,25000,122,8.07458577535447e-07,9.23757567380149e-07,-1.16298989844702e-07
0.02,0.5,25000,123,9.29265005891097e-07,1.0599210087166e-06,-1.30656002825499e-07
0.02,0.5,25000,124,1.06833629995719e-06,1.21493962629841e-06,-1.4660332634122e-07
0.02,0.5,25000,125,1.2269461642479e-06,1.39123853845796e-06,-1.64292374210065e-07
0.02,0.5,25000,126,1.40764194179063e-06,1.59152772023805e-06,-1.8388577844742e-07
0.02,0.5,25000,127,1.61327390565402e-06,1.81883172433157e-06,-2.05557818677558e-07
0.02,0.5,25000,128,1.8470271994374e-06,2.07652201346667e-06,-2.29494814029265e-07
0.02,0.5,25000,129,2.11245660437905e-06,2.36835207257872e-06,-2.55895468199666e-07
0.02,0.5,25000,130,2.41352431492099e-06,2.69849547243884e-06,-2.84971157517847e-07
0.02,0.5,25000,131,2.75464090776037e-06,3.07158705874458e-06,-3.16946150984209e-07
0.02,0.5,25000,132,3.14070969144509e-06,3.49276744185934e-06,-3.52057750414248e-07
0.02,0.5,25000,133,3.57717462425005e-06,3.9677309622376e-06,-3.90556337987547e-07
0.02,0.5,25000,134,4.07007198720041e-06,4.50277730490965e-06,-4.32705317709232e-07
0.02,0.5,25000,135,4.62608599648129e-06,5.10486693302726e-06,-4.78780936545968e-07
0.02,0.5,25000,136,5.25260853486992e-06,5.78168050518871e-06,-5.29071970318789e-07
0.02,0.5,25000,137,5.95780317501874e-06,6.54168243385662e-06,-5.83879258837875e-07
0.02,0.5,25000,138,6.75067365816977e-06,7.39418873244042e-06,-6.4351507427065e-07
0.02,0.5,25000,139,7.64113697995363e-06,8.34943928631535e-06,-7.08302306361722e-07
0.02,0.5,25000,140,8.64010122007377e-06,9.41867466796955e-06,-7.78573447895787e-07
0.02,0.5,25000,141,9.75954823465533e-06,1.06142175983885e-05,-8.54669363733219e-07
0.02,0.5,25000,142,1.10126213086052e-05,1.19495591354801e-05,-9.36937826874883e-07
0.02,0.5,25000,143,1.24137178402476e-05,1.34394496456008e-05,-1.02573180535312e-06
0.02,0.5,25000,144,1.3978587101538e-05,1.50999945858606e-05,-1.12140748432251e-06
0.02,0.5,25000,145,1.57244330841049e-05,1.6948755092662e-05,-1.22432200855714e-06
0.02,0.5,25000,146,1.76700224040195e-05,1.90048533356991e-05,-1.33483093167964e-06
0.02,0.5,25000,147,1.98357971963751e-05,2.12890825562395e-05,-1.45328535986439e-06
0.02,0.5,25000,148,2.22439928843125e-05,2.38240216638134e-05,-1.58002877950096e-06
0.02,0.5,25000,149,2.49187606559432e-05,2.66341542163291e-05,-1.71539356038589e-06
0.02,0.5,25000,150,2.7886294426607e-05,2.97459915550561e-05,-1.85969712844905e-06
0.02,0.5,25000,151,3.1174962003014e-05,3.31881998078435e-05,-2.01323780482942e-06
0.02,0.5,25000,152,3.4815440100076e-05,3.69917304113736e-05,-2.17629031129754e-06
0.02,0.5,25000,153,3.88408527906756e-05,4.11899537362642e-05,-2.34910094558854e-06
0.02,0.5,25000,154,4.32869128933834e-05,4.58187953275392e-05,-2.5318824341558e-06
0.02,0.5,25000,155,4.81920657233864e-05,5.09168741975643e-05,-2.72480847417795e-06
0.02,0.5,25000,156,5.35976345478971e-05,5.65256425292336e-05,-2.92800798133651e-06
0.02,0.5,25000,157,5.95479669993871e-05,6.26895260643042e-05,-3.14155906491709e-06
0.02,0.5,25000,158,6.60905816085541e-05,6.94560643656895e-05,-3.36548275713542e-06
0.02,0.5,25000,159,7.32763135244648e-05,7.68760500537012e-05,-3.59973652923639e-06
0.02,0.5,25000,160,8.11594583923977e-05,8.50036660252034e-05,-3.84420763280572e-06
0.02,0.5,25000,161,8.97979132612264e-05,9.38966195720499e-05,-4.09870631082352e-06
0.02,0.5,25000,162,9.92533132924612e-05,0.000103616272221697,-4.36295892923621e-06
0.02,0.5,25000,163,0.000109591162943201,0.000114227764029339,-4.63660108613837e-06
0.02,0.5,25000,164,0.000120880960196147,0.000125800130958144,-4.9191707619968e-06
0.02,0.5,25000,165,0.000133196312312569,0.000138406413893174,-5.2101015806053e-06
0.02,0.5,25000,166,0.000146615041489789,0.000152123757746365,-5.50871625657574e-06
0.02,0.5,25000,167,0.000161219278714614,0.000167033499025632,-5.81422031101805e-06
0.02,0.5,25000,168,0.000177095544019433,0.000183221240162016,-6.12569614258333e-06
0.02,0.5,25000,169,0.000194334811269873,0.00020077690881595,-6.44209754607753e-06
0.02,0.5,25000,170,0.00021303255554327,0.000219794800318627,-6.76224477535678e-06
0.02,0.5,25000,171,0.000233288781097384,0.00024037360134838,-7.08482025099625e-06
0.02,0.5,25000,172,0.000255208027880183,0.000262616392896442,-7.40836501625912e-06
0.02,0.5,25000,173,0.000278899354495775,0.000286630630542733,-7.73127604695707e-06
0.02,0.5,25000,174,0.000304476295520186,0.000312528100042078,-8.05180452189238e-06
0.02,0.5,25000,175,0.000332056791055243,0.000340424846215728,-8.36805516048547e-06
0.02,0.5,25000,176,0.000361763086420938,0.000370441073153812,-8.67798673287402e-06
0.02,0.5,25000,177,0.000393721599917598,0.000402701013762736,-8.97941384513741e-06
0.02,0.5,25000,178,0.000428062756640706,0.000437332766738894,-9.27001009818832e-06
0.02,0.5,25000,179,0.000464920786404332,0.000474468099117607,-9.54731271327497e-06
0.02,0.5,25000,180,0.000504433483925303,0.000514242212635177,-9.80872870987384e-06
0.02,0.5,25000,181,0.00054674192954041,0.000556793472253331,-1.00515427129212e-05
0.02,0.5,25000,182,0.000591990168874096,0.000602263095329992,-1.02729264558965e-05
0.02,0.5,25000,183,0.000640324850044955,0.000650794800079085,-1.046995003413e-05
0.02,0.5,25000,184,0.000691894817196511,0.00070253441214541,-1.06395949488998e-05
0.02,0.5,25000,185,0.000746850659361348,0.000757629428328857,-1.07787689675097e-05
0.02,0.5,25000,186,0.000805344213918001,0.000816228536725522,-1.08843228075211e-05
0.02,0.5,25000,187,0.000867528024176529,0.000878481092811418,-1.09530686348886e-05
0.02,0.5,25000,188,0.000933554750931146,0.000944536551277054,-1.09818003459081e-05
0.02,0.5,25000,189,0.00100357653814567,0.00101454385372751,-1.09673155818325e-05
0.02,0.5,25000,190,0.00107774433328868,0.00108865077269161,-1.09064394029235e-05
0.02,0.5,25000,191,0.00115620716320864,0.00116700321273439,-1.07960495257457e-05
0.02,0.5,25000,192,0.00123911136683326,0.00124974446983706,-1.06331030038024e-05
0.02,0.5,25000,193,0.00132659978638901,0.00133701445059682,-1.04146642078123e-05
0.02,0.5,25000,194,0.00141881091926474,0.0014289488532023,-1.01379339375552e-05
0.02,0.5,25000,195,0.00151587803308308,0.00152567831255655,-9.80027947346403e-06
0.02,0.5,25000,196,0.00161792824699337,0.00162732751234595,-9.39926535257932e-06
0.02,0.5,25000,197,0.00172508158265509,0.00173401426728593,-8.9326846308363e-06
0.02,0.5,25000,198,0.00183744998883816,0.00184584857921038,-8.39859037221591e-06
0.02,0.5,25000,199,0.00195513634402148,0.00196293167110667,-7.79532708518977e-06
0.02,0.5,25000,200,0.0020782334418194,0.0020853550036283,-7.12156180890508e-06
0.02,0.5,25000,201,0.00220682296450276,0.00221319927903822,-6.37631453545475e-06
0.02,0.5,25000,202,0.00234097445030191,0.00234653343794317,-5.55898764126013e-06
0.02,0.5,25000,203,0.00248074426057798,0.00248541365456821,-4.66939399023768e-06
0.02,0.5,25000,204,0.0026261745533228,0.00262988233668652,-3.70778336372538e-06
0.02,0.5,25000,205,0.00277729226978859,0.00277996713665735,-2.67486686875628e-06
0.02,0.5,25000,206,0.00293410814135442,0.0029356799803303,-1.57183897587544e-06
0.02,0.5,25000,207,0.00309661572399987,0.00309701612084159,-4.00396841719001e-07
0.02,0.5,25000,208,0.00326479046797397,0.00326395322455349,8.37243420481314e-07
0.02,0.5,25000,209,0.00343858883041353,0.00343645049656672,2.13833384680616e-06
0.02,0.5,25000,210,0.00361794743877638,0.00361444785336363,3.49958541275702e-06
0.02,0.5,25000,211,0.00380278231300619,0.00379786515021216,4.91716279403054e-06
0.02,0.5,25000,212,0.00399298815433445,0.00398660147097541,6.38668335903401e-06
0.02,0.5,25000,213,0.00418843770854696,0.00418053448792289,7.90322062407204e-06
0.02,0.5,25000,214,0.00438898121139605,0.00437951989902778,9.46131236827154e-06
0.02,0.5,25000,215,0.0045944459236215,0.0045833909500543,1.10549735671938e-05
0.02,0.5,25000,216,0.00480463576275363,0.00479195804849144,1.26777142621971e-05
0.02,0.5,25000,217,0.00501933103850835,0.00500500847607083,1.43225624375199e-05
0.02,0.5,25000,218,0.00523828829814781,0.00522230620621866,1.59820919291504e-05
0.02,0.5,25000,219,0.00546124028767096,0.00544359183233272,1.76484553382397e-05
0.02,0.5,25000,220,0.00568789603411904,0.00566858261224896,1.93134218700892e-05
0.02,0.5,25000,221,0.00591794105363173,0.00589697263366707,2.09684199646678e-05
0.02,0.5,25000,222,0.00615103768917575,0.0061284331046456,2.26045845301524e-05
0.02,0.5,25000,223,0.00638682558109218,0.00636261277255647,2.42128085357037e-05
0.02,0.5,25000,224,0.00662492227277537,0.00659913847411071,2.57837986646645e-05
0.02,0.5,25000,225,0.00686492395291265,0.00683761581823649,2.73081346761584e-05
0.02,0.5,25000,226,0.00710640633478408,0.0070776300027132,2.87763320708763e-05
0.02,0.5,25000,227,0.00734892567215405,0.00731874676454605,3.01789076079988e-05
0.02,0.5,25000,228,0.00759201991028781,0.00756051346311386,3.15064471739556e-05
0.02,0.5,25000,229,0.00783520996960494,0.00780246029414291,3.27496754620373e-05
0.02,0.5,25000,230,0.00807800115844672,0.00804410163156249,3.38995268842346e-05
0.02,0.5,25000,231,0.00831988471039467,0.00828493749328999,3.49472171046732e-05
0.02,0.5,25000,232,0.00856033944054205,0.00852445512598436,3.5884314557694e-05
0.02,0.5,25000,233,0.00879883351409925,0.0087621307028061,3.67028112931468e-05
0.02,0.5,25000,234,0.00903482631971744,0.00899743112723844,3.73951924790058e-05
0.02,0.5,25000,235,0.00926777043895179,0.00922981593506753,3.79545038842587e-05
0.02,0.5,25000,236,0.00949711370236668,0.00945873928569971,3.8374416666969e-05
0.02,0.5,25000,237,0.0097223013219198,0.00968365203311904,3.86492888007611e-05
0.02,0.5,25000,238,0.0099427780884592,0.00990400386596927,3.87742224899328e-05
0.02,0.5,25000,239,0.0101579906224361,0.010119245505489,3.87451169470907e-05
0.02,0.5,25000,240,0.0103673896652852,0.0103288309493456,3.85587159396315e-05
0.02,0.5,25000,241,0.010570432398361,0.0105322197488109,3.82126495501109e-05
0.02,0.5,25000,242,0.0107665847758494,0.0107288793062073,3.77054696420551e-05
0.02,0.5,25000,243,0.0109553238577079,0.0109182871791319,3.70366785760121e-05
0.02,0.5,25000,244,0.0111361401284252,0.0110999333776459,3.62067507792534e-05
0.02,0.5,25000,245,0.0113085397872403,0.0112733226404022,3.52171468381429e-05
0.02,0.5,25000,246,0.0114720469954279,0.0114379766755772,3.40703198507056e-05
0.02,0.5,25000,247,0.0116262060663321,0.0115934363524799,3.27697138522084e-05
0.02,0.5,25000,248,0.0117705835840314,0.011739263829829,3.13197542023448e-05
0.02,0.5,25000,249,0.0119047704368295,0.0118750446069264,2.97258299031579e-05
0.02,0.5,25000,250,0.0120283837521988,0.0120003894843014,2.79942678974368e-05
0.02,0.5,25000,251,0.0121410687203428,0.0121149364208638,2.61322994790578e-05
0.02,0.5,25000,252,0.0122425002942013,0.0122183522751731,2.41480190282806e-05
0.02,0.5,25000,253,0.0123323847544749,0.0123103344191107,2.20503353641852e-05
0.02,0.5,25000,254,0.012410461129105,0.0123906122130206,1.98489160844022e-05
0.02,0.5,25000,255,0.0124765024575922,0.0124589483322562,1.7554125335972e-05
0.02,0.5,25000,256,0.0125303168915675,0.0125151399360366,1.51769555308875e-05
0.02,0.5,25000,257,0.0125717486241391,0.0125590196705543,1.27289535848101e-05
0.02,0.5,25000,258,0.0126006786417086,0.0125904564993933,1.02221423152801e-05
0.02,0.5,25000,259,0.0126170252931795,0.0126093563554908,7.66893768875017e-06
0.02,0.5,25000,260,0.0126207446727494,0.0126156626101008,5.08206264864669e-06
0.02,0.5,25000,261,0.0126118308137858,0.0126093563554908,2.47445829497199e-06
0.02,0.5,25000,262,0.0125903156926059,0.0125904564993933,-1.40806787403414e-07
0.02,0.5,25000,263,0.0125562690423199,0.0125590196705543,-2.75062823439261e-06
0.02,0.5,25000,264,0.0125097979782218,0.0125151399360366,-5.34195781481429e-06
0.02,0.5,25000,265,0.0124510464375357,0.0124589483322562,-7.90189472051062e-06
0.02,0.5,25000,266,0.0123801944376072,0.0123906122130206,-1.04177754134196e-05
0.02,0.5,25000,267,0.0122974571578848,0.0123103344191107,-1.28772612259537e-05
0.02,0.5,25000,268,0.0122030838522365,0.0122183522751731,-1.52684229365492e-05
0.02,0.5,25000,269,0.0120973565992878,0.0121149364208638,-1.75798215759325e-05
0.02,0.5,25000,270,0.0119805888995382,0.0120003894843014,-1.9800584763174e-05
0.02,0.5,25000,271,0.0118531241290085,0.0118750446069264,-2.19204779178389e-05
0.02,0.5,25000,272,0.0117153338600755,0.011739263829829,-2.3929969753575e-05
0.02,0.5,25000,273,0.0115676160609614,0.0115934363524799,-2.58202915184962e-05
0.02,0.5,25000,274,0.0114103931860601,0.0114379766755772,-2.75834895171329e-05
0.02,0.5,25000,275,0.0112441101698827,0.0112733226404022,-2.92124705194817e-05
0.02,0.5,25000,276,0.0110692323379071,0.0110999333776459,-3.07010397388487e-05
0.02,0.5,25000,277,0.0108862432479936,0.0109182871791319,-3.20439311383789e-05
0.02,0.5,25000,278,0.0106956424763022,0.0107288793062073,-3.32368299050777e-05
0.02,0.5,25000,279,0.0104979433617997,0.0105322197488109,-3.42763870111729e-05
0.02,0.5,25000,280,0.0102936707234839,0.0103288309493456,-3.51602258617141e-05
0.02,0.5,25000,281,0.0100833585643825,0.010119245505489,-3.58869411064573e-05
0.02,0.5,25000,282,0.0098675477761989,0.00990400386596927,-3.64560897703706e-05
0.02,0.5,25000,283,0.00964678385818935,0.00968365203311904,-3.6868174929686e-05
0.02,0.5,25000,284,0.00942161466346929,0.00945873928569971,-3.71246222304281e-05
0.02,0.5,25000,285,0.00919258818545658,0.00922981593506753,-3.7227749610947e-05
0.02,0.5,25000,286,0.00896025039658952,0.00899743112723844,-3.71807306489159e-05
0.02,0.5,25000,287,0.00872514315079909,0.0087621307028061,-3.69875520070066e-05
0.02,0.5,25000,288,0.00848780216048577,0.00852445512598436,-3.66529654985872e-05
0.02,0.5,25000,289,0.00824875505795535,0.00828493749328999,-3.61824353346443e-05
0.02,0.5,25000,290,0.00800851955041559,0.00804410163156249,-3.55820811468992e-05
0.02,0.5,25000,291,0.00776760167673598,0.00780246029414291,-3.48586174069203e-05
0.02,0.5,25000,292,0.00752649417323353,0.00756051346311386,-3.40192898803321e-05
0.02,0.5,25000,293,0.00728567495478035,0.00731874676454605,-3.30718097657006e-05
0.02,0.5,25000,294,0.00704560571654203,0.0070776300027132,-3.20242861711739e-05
0.02,0.5,25000,295,0.00680673066065792,0.00683761581823649,-3.08851575785696e-05
0.02,0.5,25000,296,0.00656947535117686,0.00659913847411071,-2.9663122933842e-05
0.02,0.5,25000,297,0.00633424569957053,0.00636261277255647,-2.83670729859398e-05
0.02,0.5,25000,298,0.00610142708217285,0.0061284331046456,-2.70060224727489e-05
0.02,0.5,25000,299,0.00587138358994329,0.00589697263366707,-2.55890437237801e-05
0.02,0.5,25000,300,0.00564445741003367,0.00566858261224896,-2.41252022152869e-05
0.02,0.5,25000,301,0.00542096833775783,0.00544359183233272,-2.26234945748891e-05
0.02,0.5,25000,302,0.0052012134167285,0.00522230620621866,-2.10927894901611e-05
0.02,0.5,25000,303,0.00498546670414102,0.00500500847607083,-1.95417719298088e-05
0.02,0.5,25000,304,0.00477397915745391,0.00479195804849144,-1.79788910375225e-05
0.02,0.5,25000,305,0.0045669786380459,0.0045833909500543,-1.64123120083995e-05
0.02,0.5,25000,306,0.00436467002682192,0.00437951989902778,-1.48498722058578e-05
0.02,0.5,25000,307,0.00416723544619792,0.00418053448792289,-1.32990417249712e-05
0.02,0.5,25000,308,0.00397483458241997,0.00398660147097541,-1.17668885554383e-05
0.02,0.5,25000,309,0.003787605101766,0.00379786515021216,-1.02600484461631e-05
0.02,0.5,25000,310,0.00360566315384071,0.00361444785336363,-8.78469952291482e-06
0.02,0.5,25000,311,0.00342910395490526,0.00343645049656672,-7.34654166146013e-06
0.02,0.5,25000,312,0.00325800244398088,0.00326395322455349,-5.95078057260374e-06
0.02,0.5,25000,313,0.00309241400433019,0.00309701612084159,-4.60211651140364e-06
0.02,0.5,25000,314,0.00293237524284793,0.0029356799803303,-3.30473748237333e-06
0.02,0.5,25000,315,0.00277790481988251,0.00277996713665735,-2.06231677483916e-06
0.02,0.5,25000,316,0.00262900432205733,0.00262988233668652,-8.78014629194721e-07
0.02,0.5,25000,317,0.0024856591707635,0.00248541365456821,2.45516195281244e-07
0.02,0.5,25000,318,0.00234783955914921,0.00234653343794317,1.30612120603953e-06
0.02,0.5,25000,319,0.00221550141063145,0.00221319927903822,2.30213159323417e-06
0.02,0.5,25000,320,0.00208858735219874,0.0020853550036283,3.23234857043525e-06
0.02,0.5,25000,321,0.00196702769605476,0.00196293167110667,4.0960249480847e-06
0.02,0.5,25000,322,0.00185074142346751,0.00184584857921038,4.89284425713257e-06
0.02,0.5,25000,323,0.0017396371650318,0.00173401426728593,5.62289774587682e-06
0.02,0.5,25000,324,0.00163361417192075,0.00162732751234595,6.28665957480914e-06
0.02,0.5,25000,325,0.00153256327308903,0.00152567831255655,6.88496053248338e-06
0.02,0.5,25000,326,0.00143636781379273,0.0014289488532023,7.4189605904296e-06
0.02,0.5,25000,327,0.00134490457120363,0.00133701445059682,7.89012060680534e-06
0.02,0.5,25000,328,0.00125804464331483,0.00124974446983706,8.30017347777049e-06
0.02,0.5,25000,329,0.00117565430775628,0.00116700321273439,8.65109502188829e-06
0.02,0.5,25000,330,0.00109759584755897,0.00108865077269161,8.94507486736687e-06
0.02,0.5,25000,331,0.00102372834132207,0.00101454385372751,9.18448759456778e-06
0.02,0.5,25000,332,0.000953908415644064,0.000944536551277054,9.37186436701036e-06
0.02,0.5,25000,333,0.000887990958075447,0.000878481092811418,9.50986526402915e-06
0.02,0.5,25000,334,0.000825829789232621,0.000816228536725522,9.60125250709827e-06
0.02,0.5,25000,335,0.000767278293078952,0.000757629428328857,9.64886475009457e-06
0.02,0.5,25000,336,0.000712190004727197,0.00070253441214541,9.65559258178639e-06
0.02,0.5,25000,337,0.000660419155445861,0.000650794800079085,9.62435536677557e-06
0.02,0.5,25000,338,0.000611821174859301,0.000602263095329992,9.55807952930849e-06
0.02,0.5,25000,339,0.000566253150616339,0.000556793472253331,9.4596783630082e-06
0.02,0.5,25000,340,0.000523574246064084,0.000514242212635177,9.33203342890789e-06
0.02,0.5,25000,341,0.000483646076701948,0.000474468099117607,9.17797758434136e-06
0.02,0.5,25000,342,0.000446333046405331,0.000437332766738894,9.00027966643704e-06
0.02,0.5,25000,343,0.000411502644599099,0.000402701013762736,8.80163083636281e-06
0.02,0.5,25000,344,0.000379025705727902,0.000370441073153812,8.5846325740904e-06
0.02,0.5,25000,345,0.000348776632514209,0.000340424846215728,8.35178629848078e-06
0.02,0.5,25000,346,0.000320633584616005,0.000312528100042078,8.10548457392667e-06
0.02,0.5,25000,347,0.000294478634395482,0.000286630630542733,7.84800385274904e-06
0.02,0.5,25000,348,0.000270197891588374,0.000262616392896442,7.58149869193166e-06
0.02,0.5,25000,349,0.000247681598722102,0.00024037360134838,7.30799737372174e-06
0.02,0.5,25000,350,0.000226824199170644,0.000219794800318627,7.0293988520175e-06
0.02,0.5,25000,351,0.000207524379756273,0.00020077690881595,6.74747094032274e-06
0.02,0.5,25000,352,0.000189685089814288,0.000183221240162016,6.46384965227186e-06
0.02,0.5,25000,353,0.000173213538627957,0.000167033499025632,6.18003960232508e-06
0.02,0.5,25000,354,0.000158021173118408,0.000152123757746365,5.89741537204325e-06
0.02,0.5,25000,355,0.000144023637639555,0.000138406413893174,5.61722374638104e-06
0.02,0.5,25000,356,0.000131140717682658,0.000125800130958144,5.34058672451411e-06
0.02,0.5,25000,357,0.000119296269240145,0.000114227764029339,5.06850521080602e-06
0.02,0.5,25000,358,0.000108418135515178,0.000103616272221697,4.80186329348092e-06
0.02,0.5,25000,359,9.84380525933846e-05,9.38966195720499e-05,4.5414330213347e-06
0.02,0.5,25000,360,8.9291545617452e-05,8.50036660252034e-05,4.28787959224856e-06
0.02,0.5,25000,361,8.09178169250011e-05,7.68760500537012e-05,4.04176687129997e-06
0.02,0.5,25000,362,7.32596275264549e-05,6.94560643656895e-05,3.80356316076539e-06
0.02,0.5,25000,363,6.62631732135188e-05,6.26895260643042e-05,3.57364714921464e-06
0.02,0.5,25000,364,5.98779565013074e-05,5.65256425292336e-05,3.3523139720738e-06
0.02,0.5,25000,365,5.4056655519012e-05,5.09168741975643e-05,3.13978132144762e-06
0.02,0.5,25000,366,4.87549908760465e-05,4.58187953275392e-05,2.93619554850728e-06
0.02,0.5,25000,367,4.39315914436008e-05,4.11899537362642e-05,2.74163770733667e-06
0.02,0.5,25000,368,3.95478599060675e-05,3.69917304113736e-05,2.55612949469389e-06
0.02,0.5,25000,369,3.55678388534743e-05,3.31881998078435e-05,2.37963904563084e-06
0.02,0.5,25000,370,3.19580781053272e-05,2.97459915550561e-05,2.21208655027117e-06
0.02,0.5,25000,371,2.86875038785558e-05,2.66341542163291e-05,2.0533496622267e-06
0.02,0.5,25000,372,2.57272903379036e-05,2.38240216638134e-05,1.90326867409015e-06
0.02,0.5,25000,373,2.30507339963895e-05,2.12890825562395e-05,1.76165144014999e-06
0.02,0.5,25000,374,2.06331313665975e-05,1.90048533356991e-05,1.62827803089831e-06
0.02,0.5,25000,375,1.84516602006942e-05,1.6948755092662e-05,1.50290510803213e-06
0.02,0.5,25000,376,1.64852645983169e-05,1.50999945858606e-05,1.38527001245638e-06
0.02,0.5,25000,377,1.47145442068851e-05,1.34394496456008e-05,1.27509456128429e-06
0.02,0.5,25000,378,1.3121647688466e-05,1.19495591354801e-05,1.17208855298591e-06
0.02,0.5,25000,379,1.16901705810491e-05,1.06142175983885e-05,1.07595298266055e-06
0.02,0.5,25000,380,1.04050576398781e-05,9.41867466796955e-06,9.86382971908543e-07
0.02,0.5,25000,381,9.25250970627383e-06,8.34943928631535e-06,9.03070419958487e-07
0.02,0.5,25000,382,8.21989511701826e-06,7.39418873244042e-06,8.25706384577836e-07
0.02,0.5,25000,383,7.29566563672882e-06,6.54168243385662e-06,7.539832028722e-07
0.02,0.5,25000,384,6.46927686856386e-06,5.78168050518871e-06,6.8759636337515e-07
0.02,0.5,25000,385,5.73111307489242e-06,5.10486693302726e-06,6.26246141865157e-07
0.02,0.5,25000,386,5.07241631904424e-06,4.50277730490965e-06,5.69639014134597e-07
0.02,0.5,25000,387,4.48521982173705e-06,3.9677309622376e-06,5.1748885949945e-07
0.02,0.5,25000,388,3.96228541105471e-06,3.49276744185934e-06,4.69517969195375e-07
0.02,0.5,25000,389,3.4970449327212e-06,3.07158705874458e-06,4.25457873976623e-07
0.02,0.5,25000,390,3.08354547767743e-06,2.69849547243884e-06,3.85050005238595e-07
0.02,0.5,25000,391,2.71639827642085e-06,2.36835207257872e-06,3.48046203842135e-07
0.02,0.5,25000,392,2.39073110401388e-06,2.07652201346667e-06,3.14209090547208e-07
0.02,0.5,25000,393,2.10214403591442e-06,1.81883172433157e-06,2.83312311582842e-07
0.02,0.5,25000,394,1.84666839264578e-06,1.59152772023805e-06,2.55140672407728e-07
0.02,0.5,25000,395,1.62072871062506e-06,1.39123853845796e-06,2.29490172167099e-07
0.02,0.5,25000,396,1.42110757704063e-06,1.21493962629841e-06,2.06167950742216e-07
0.02,0.5,25000,397,1.24491316834985e-06,1.0599210087166e-06,1.8499215963325e-07
0.02,0.5,25000,398,1.08954933460737e-06,9.23757567380149e-07,1.65791767227223e-07
0.02,0.5,25000,399,9.52688075291807e-07,8.0428176699965e-07,1.48406308292156e-07
0.02,0.5,25000,400,8.32244256443796e-07,6.99558669626801e-07,1.32685586816994e-07
